prefecture_a,prefecture_b,lat_a,lon_a,lat_b,lon_b,distance_km,national_rank,method,ellipsoid,source_dataset
Shiga,Kyoto,35.004394,135.868292,35.021279,135.755635,10.451879573416393,1,"geodesic distance, pyproj.Geod",GRS80,"MLIT National Land Numerical Information, public facilities (P02, 2006, feature subclass 12001 prefectural government office)"
Saitama,Tokyo,35.856907,139.648854,35.689568,139.691717,18.96726409313584,2,"geodesic distance, pyproj.Geod",GRS80,"MLIT National Land Numerical Information, public facilities (P02, 2006, feature subclass 12001 prefectural government office)"
Tokyo,Kanagawa,35.689568,139.691717,35.44771,139.642536,27.20223474916412,3,"geodesic distance, pyproj.Geod",GRS80,"MLIT National Land Numerical Information, public facilities (P02, 2006, feature subclass 12001 prefectural government office)"
Osaka,Nara,34.686394,135.519994,34.685231,135.832883,28.67209076799155,4,"geodesic distance, pyproj.Geod",GRS80,"MLIT National Land Numerical Information, public facilities (P02, 2006, feature subclass 12001 prefectural government office)"
Gifu,Aichi,35.391199,136.722168,35.180198,136.906739,28.808485674863547,5,"geodesic distance, pyproj.Geod",GRS80,"MLIT National Land Numerical Information, public facilities (P02, 2006, feature subclass 12001 prefectural government office)"
Osaka,Hyogo,34.686394,135.519994,34.691304,135.182995,30.88481100906957,6,"geodesic distance, pyproj.Geod",GRS80,"MLIT National Land Numerical Information, public facilities (P02, 2006, feature subclass 12001 prefectural government office)"
Shiga,Nara,35.004394,135.868292,34.685231,135.832883,35.55501644823651,7,"geodesic distance, pyproj.Geod",GRS80,"MLIT National Land Numerical Information, public facilities (P02, 2006, feature subclass 12001 prefectural government office)"
Okayama,Kagawa,34.661759,133.934894,34.34016,134.04339,37.04080777490293,8,"geodesic distance, pyproj.Geod",GRS80,"MLIT National Land Numerical Information, public facilities (P02, 2006, feature subclass 12001 prefectural government office)"
Kyoto,Nara,35.021279,135.755635,34.685231,135.832883,37.94387636832764,9,"geodesic distance, pyproj.Geod",GRS80,"MLIT National Land Numerical Information, public facilities (P02, 2006, feature subclass 12001 prefectural government office)"
Chiba,Tokyo,35.604588,140.123184,35.689568,139.691717,40.196680358861464,10,"geodesic distance, pyproj.Geod",GRS80,"MLIT National Land Numerical Information, public facilities (P02, 2006, feature subclass 12001 prefectural government office)"
Fukuoka,Saga,33.606261,130.418114,33.249322,130.298799,41.11451148566501,11,"geodesic distance, pyproj.Geod",GRS80,"MLIT National Land Numerical Information, public facilities (P02, 2006, feature subclass 12001 prefectural government office)"
Kyoto,Osaka,35.021279,135.755635,34.686394,135.519994,42.948845685692895,12,"geodesic distance, pyproj.Geod",GRS80,"MLIT National Land Numerical Information, public facilities (P02, 2006, feature subclass 12001 prefectural government office)"
Miyagi,Yamagata,38.268803,140.871846,38.240457,140.363278,44.62489385965991,13,"geodesic distance, pyproj.Geod",GRS80,"MLIT National Land Numerical Information, public facilities (P02, 2006, feature subclass 12001 prefectural government office)"
Saitama,Kanagawa,35.856907,139.648854,35.44771,139.642536,45.405063670291,14,"geodesic distance, pyproj.Geod",GRS80,"MLIT National Land Numerical Information, public facilities (P02, 2006, feature subclass 12001 prefectural government office)"
Chiba,Kanagawa,35.604588,140.123184,35.44771,139.642536,46.940955403932065,15,"geodesic distance, pyproj.Geod",GRS80,"MLIT National Land Numerical Information, public facilities (P02, 2006, feature subclass 12001 prefectural government office)"
Shiga,Osaka,35.004394,135.868292,34.686394,135.519994,47.53205712493173,16,"geodesic distance, pyproj.Geod",GRS80,"MLIT National Land Numerical Information, public facilities (P02, 2006, feature subclass 12001 prefectural government office)"
Saitama,Chiba,35.856907,139.648854,35.604588,140.123184,51.23685081926791,17,"geodesic distance, pyproj.Geod",GRS80,"MLIT National Land Numerical Information, public facilities (P02, 2006, feature subclass 12001 prefectural government office)"
Hyogo,Wakayama,34.691304,135.182995,34.225994,135.16745,51.6369225709455,18,"geodesic distance, pyproj.Geod",GRS80,"MLIT National Land Numerical Information, public facilities (P02, 2006, feature subclass 12001 prefectural government office)"
Toyama,Ishikawa,36.69519,137.211341,36.594652,136.625725,53.54321437994564,19,"geodesic distance, pyproj.Geod",GRS80,"MLIT National Land Numerical Information, public facilities (P02, 2006, feature subclass 12001 prefectural government office)"
Yamagata,Fukushima,38.240457,140.363278,37.749957,140.467734,55.2114373581755,20,"geodesic distance, pyproj.Geod",GRS80,"MLIT National Land Numerical Information, public facilities (P02, 2006, feature subclass 12001 prefectural government office)"
Ibaraki,Tochigi,36.34145,140.446735,36.565689,139.883528,56.28713935960912,21,"geodesic distance, pyproj.Geod",GRS80,"MLIT National Land Numerical Information, public facilities (P02, 2006, feature subclass 12001 prefectural government office)"
Tokushima,Kagawa,34.065728,134.559484,34.34016,134.04339,56.47265532129963,22,"geodesic distance, pyproj.Geod",GRS80,"MLIT National Land Numerical Information, public facilities (P02, 2006, feature subclass 12001 prefectural government office)"
Wakayama,Tokushima,34.225994,135.16745,34.065728,134.559484,58.82126077244141,23,"geodesic distance, pyproj.Geod",GRS80,"MLIT National Land Numerical Information, public facilities (P02, 2006, feature subclass 12001 prefectural government office)"
Hyogo,Nara,34.691304,135.182995,34.685231,135.832883,59.55491079666208,24,"geodesic distance, pyproj.Geod",GRS80,"MLIT National Land Numerical Information, public facilities (P02, 2006, feature subclass 12001 prefectural government office)"
Osaka,Wakayama,34.686394,135.519994,34.225994,135.16745,60.47966948926121,25,"geodesic distance, pyproj.Geod",GRS80,"MLIT National Land Numerical Information, public facilities (P02, 2006, feature subclass 12001 prefectural government office)"
Aichi,Mie,35.180198,136.906739,34.730268,136.508594,61.75731701029092,26,"geodesic distance, pyproj.Geod",GRS80,"MLIT National Land Numerical Information, public facilities (P02, 2006, feature subclass 12001 prefectural government office)"
Mie,Nara,34.730268,136.508594,34.685231,135.832883,62.104108239823596,27,"geodesic distance, pyproj.Geod",GRS80,"MLIT National Land Numerical Information, public facilities (P02, 2006, feature subclass 12001 prefectural government office)"
Kyoto,Hyogo,35.021279,135.755635,34.691304,135.182995,63.892699326536075,28,"geodesic distance, pyproj.Geod",GRS80,"MLIT National Land Numerical Information, public facilities (P02, 2006, feature subclass 12001 prefectural government office)"
Saga,Kumamoto,33.249322,130.298799,32.790374,130.741134,65.5650385619687,29,"geodesic distance, pyproj.Geod",GRS80,"MLIT National Land Numerical Information, public facilities (P02, 2006, feature subclass 12001 prefectural government office)"
Mie,Shiga,34.730268,136.508594,35.004394,135.868292,65.97316693892,30,"geodesic distance, pyproj.Geod",GRS80,"MLIT National Land Numerical Information, public facilities (P02, 2006, feature subclass 12001 prefectural government office)"
Miyagi,Fukushima,38.268803,140.871846,37.749957,140.467734,67.64698993748716,31,"geodesic distance, pyproj.Geod",GRS80,"MLIT National Land Numerical Information, public facilities (P02, 2006, feature subclass 12001 prefectural government office)"
Hiroshima,Ehime,34.396271,132.459369,33.841646,132.766103,67.71749153685982,32,"geodesic distance, pyproj.Geod",GRS80,"MLIT National Land Numerical Information, public facilities (P02, 2006, feature subclass 12001 prefectural government office)"
Saga,Nagasaki,33.249322,130.298799,32.744836,129.873514,68.6298445747966,33,"geodesic distance, pyproj.Geod",GRS80,"MLIT National Land Numerical Information, public facilities (P02, 2006, feature subclass 12001 prefectural government office)"
Ishikawa,Fukui,36.594652,136.625725,36.065244,136.221791,69.03914710113261,34,"geodesic distance, pyproj.Geod",GRS80,"MLIT National Land Numerical Information, public facilities (P02, 2006, feature subclass 12001 prefectural government office)"
Shiga,Hyogo,35.004394,135.868292,34.691304,135.182995,71.6557352789915,35,"geodesic distance, pyproj.Geod",GRS80,"MLIT National Land Numerical Information, public facilities (P02, 2006, feature subclass 12001 prefectural government office)"
Gifu,Mie,35.391199,136.722168,34.730268,136.508594,75.8688250474512,36,"geodesic distance, pyproj.Geod",GRS80,"MLIT National Land Numerical Information, public facilities (P02, 2006, feature subclass 12001 prefectural government office)"
Mie,Kyoto,34.730268,136.508594,35.021279,135.755635,76.03399218495869,37,"geodesic distance, pyproj.Geod",GRS80,"MLIT National Land Numerical Information, public facilities (P02, 2006, feature subclass 12001 prefectural government office)"
Tochigi,Gunma,36.565689,139.883528,36.391192,139.060947,76.21683302147252,38,"geodesic distance, pyproj.Geod",GRS80,"MLIT National Land Numerical Information, public facilities (P02, 2006, feature subclass 12001 prefectural government office)"
Ehime,Kochi,33.841646,132.766103,33.559753,133.531115,77.50835508698815,39,"geodesic distance, pyproj.Geod",GRS80,"MLIT National Land Numerical Information, public facilities (P02, 2006, feature subclass 12001 prefectural government office)"
Yamanashi,Shizuoka,35.663935,138.568379,34.976906,138.383023,78.06459077930194,40,"geodesic distance, pyproj.Geod",GRS80,"MLIT National Land Numerical Information, public facilities (P02, 2006, feature subclass 12001 prefectural government office)"
Gunma,Saitama,36.391192,139.060947,35.856907,139.648854,79.47119909571131,41,"geodesic distance, pyproj.Geod",GRS80,"MLIT National Land Numerical Information, public facilities (P02, 2006, feature subclass 12001 prefectural government office)"
Nara,Wakayama,34.685231,135.832883,34.225994,135.16745,79.58626699126704,42,"geodesic distance, pyproj.Geod",GRS80,"MLIT National Land Numerical Information, public facilities (P02, 2006, feature subclass 12001 prefectural government office)"
Tochigi,Saitama,36.565689,139.883528,35.856907,139.648854,81.4302790342861,43,"geodesic distance, pyproj.Geod",GRS80,"MLIT National Land Numerical Information, public facilities (P02, 2006, feature subclass 12001 prefectural government office)"
Nagasaki,Kumamoto,32.744836,129.873514,32.790374,130.741134,81.45025684940012,44,"geodesic distance, pyproj.Geod",GRS80,"MLIT National Land Numerical Information, public facilities (P02, 2006, feature subclass 12001 prefectural government office)"
Gunma,Nagano,36.391192,139.060947,36.65131,138.180991,83.93370946928692,45,"geodesic distance, pyproj.Geod",GRS80,"MLIT National Land Numerical Information, public facilities (P02, 2006, feature subclass 12001 prefectural government office)"
Ibaraki,Chiba,36.34145,140.446735,35.604588,140.123184,86.81281495583828,46,"geodesic distance, pyproj.Geod",GRS80,"MLIT National Land Numerical Information, public facilities (P02, 2006, feature subclass 12001 prefectural government office)"
Toyama,Nagano,36.69519,137.211341,36.65131,138.180991,86.81437744463551,47,"geodesic distance, pyproj.Geod",GRS80,"MLIT National Land Numerical Information, public facilities (P02, 2006, feature subclass 12001 prefectural government office)"
Fukui,Gifu,36.065244,136.221791,35.391199,136.722168,87.42173786590095,48,"geodesic distance, pyproj.Geod",GRS80,"MLIT National Land Numerical Information, public facilities (P02, 2006, feature subclass 12001 prefectural government office)"
Okayama,Tokushima,34.661759,133.934894,34.065728,134.559484,87.59294788998653,49,"geodesic distance, pyproj.Geod",GRS80,"MLIT National Land Numerical Information, public facilities (P02, 2006, feature subclass 12001 prefectural government office)"
Gifu,Shiga,35.391199,136.722168,35.004394,135.868292,88.81570673058663,50,"geodesic distance, pyproj.Geod",GRS80,"MLIT National Land Numerical Information, public facilities (P02, 2006, feature subclass 12001 prefectural government office)"
Ibaraki,Saitama,36.34145,140.446735,35.856907,139.648854,89.73839270094766,51,"geodesic distance, pyproj.Geod",GRS80,"MLIT National Land Numerical Information, public facilities (P02, 2006, feature subclass 12001 prefectural government office)"
Iwate,Akita,39.703647,141.152592,39.718058,140.10325,89.99787812336545,52,"geodesic distance, pyproj.Geod",GRS80,"MLIT National Land Numerical Information, public facilities (P02, 2006, feature subclass 12001 prefectural government office)"
Hyogo,Tokushima,34.691304,135.182995,34.065728,134.559484,90.02286171412217,53,"geodesic distance, pyproj.Geod",GRS80,"MLIT National Land Numerical Information, public facilities (P02, 2006, feature subclass 12001 prefectural government office)"
Mie,Osaka,34.730268,136.508594,34.686394,135.519994,90.6968681825736,54,"geodesic distance, pyproj.Geod",GRS80,"MLIT National Land Numerical Information, public facilities (P02, 2006, feature subclass 12001 prefectural government office)"
Miyazaki,Kagoshima,31.910975,131.423863,31.560185,130.558141,90.79203084984994,55,"geodesic distance, pyproj.Geod",GRS80,"MLIT National Land Numerical Information, public facilities (P02, 2006, feature subclass 12001 prefectural government office)"
Gunma,Yamanashi,36.391192,139.060947,35.663935,138.568379,92.10220286361833,56,"geodesic distance, pyproj.Geod",GRS80,"MLIT National Land Numerical Information, public facilities (P02, 2006, feature subclass 12001 prefectural government office)"
Hiroshima,Yamaguchi,34.396271,132.459369,34.185859,131.471401,93.90711152660413,57,"geodesic distance, pyproj.Geod",GRS80,"MLIT National Land Numerical Information, public facilities (P02, 2006, feature subclass 12001 prefectural government office)"
Fukuoka,Kumamoto,33.606261,130.418114,32.790374,130.741134,95.36928520864666,58,"geodesic distance, pyproj.Geod",GRS80,"MLIT National Land Numerical Information, public facilities (P02, 2006, feature subclass 12001 prefectural government office)"
Kumamoto,Oita,32.790374,130.741134,33.238128,131.612605,95.37522657289522,59,"geodesic distance, pyproj.Geod",GRS80,"MLIT National Land Numerical Information, public facilities (P02, 2006, feature subclass 12001 prefectural government office)"
Gunma,Tokyo,36.391192,139.060947,35.689568,139.691717,96.39507434953619,60,"geodesic distance, pyproj.Geod",GRS80,"MLIT National Land Numerical Information, public facilities (P02, 2006, feature subclass 12001 prefectural government office)"
Aichi,Shiga,35.180198,136.906739,35.004394,135.868292,96.67866501839349,61,"geodesic distance, pyproj.Geod",GRS80,"MLIT National Land Numerical Information, public facilities (P02, 2006, feature subclass 12001 prefectural government office)"
Gifu,Kyoto,35.391199,136.722168,35.021279,135.755635,97.10894001399454,62,"geodesic distance, pyproj.Geod",GRS80,"MLIT National Land Numerical Information, public facilities (P02, 2006, feature subclass 12001 prefectural government office)"
Tottori,Okayama,35.503704,134.238174,34.661759,133.934894,97.41572625602679,63,"geodesic distance, pyproj.Geod",GRS80,"MLIT National Land Numerical Information, public facilities (P02, 2006, feature subclass 12001 prefectural government office)"
Kagawa,Kochi,34.34016,134.04339,33.559753,133.531115,98.66934181606486,64,"geodesic distance, pyproj.Geod",GRS80,"MLIT National Land Numerical Information, public facilities (P02, 2006, feature subclass 12001 prefectural government office)"
Tochigi,Tokyo,36.565689,139.883528,35.689568,139.691717,98.73695950913681,65,"geodesic distance, pyproj.Geod",GRS80,"MLIT National Land Numerical Information, public facilities (P02, 2006, feature subclass 12001 prefectural government office)"
Ibaraki,Tokyo,36.34145,140.446735,35.689568,139.691717,99.31886768042922,66,"geodesic distance, pyproj.Geod",GRS80,"MLIT National Land Numerical Information, public facilities (P02, 2006, feature subclass 12001 prefectural government office)"
Saitama,Yamanashi,35.856907,139.648854,35.663935,138.568379,100.03113665135486,67,"geodesic distance, pyproj.Geod",GRS80,"MLIT National Land Numerical Information, public facilities (P02, 2006, feature subclass 12001 prefectural government office)"
Kanagawa,Yamanashi,35.44771,139.642536,35.663935,138.568379,100.30081019751154,68,"geodesic distance, pyproj.Geod",GRS80,"MLIT National Land Numerical Information, public facilities (P02, 2006, feature subclass 12001 prefectural government office)"
Tokyo,Yamanashi,35.689568,139.691717,35.663935,138.568379,101.73522197913961,69,"geodesic distance, pyproj.Geod",GRS80,"MLIT National Land Numerical Information, public facilities (P02, 2006, feature subclass 12001 prefectural government office)"
Kyoto,Wakayama,35.021279,135.755635,34.225994,135.16745,103.40578015992274,70,"geodesic distance, pyproj.Geod",GRS80,"MLIT National Land Numerical Information, public facilities (P02, 2006, feature subclass 12001 prefectural government office)"
Wakayama,Kagawa,34.225994,135.16745,34.34016,134.04339,104.27164557617031,71,"geodesic distance, pyproj.Geod",GRS80,"MLIT National Land Numerical Information, public facilities (P02, 2006, feature subclass 12001 prefectural government office)"
Yamaguchi,Oita,34.185859,131.471401,33.238128,131.612605,105.93138105612069,72,"geodesic distance, pyproj.Geod",GRS80,"MLIT National Land Numerical Information, public facilities (P02, 2006, feature subclass 12001 prefectural government office)"
Aichi,Kyoto,35.180198,136.906739,35.021279,135.755635,106.42315196471823,73,"geodesic distance, pyproj.Geod",GRS80,"MLIT National Land Numerical Information, public facilities (P02, 2006, feature subclass 12001 prefectural government office)"
Shiga,Wakayama,35.004394,135.868292,34.225994,135.16745,107.64644124885567,74,"geodesic distance, pyproj.Geod",GRS80,"MLIT National Land Numerical Information, public facilities (P02, 2006, feature subclass 12001 prefectural government office)"
Tottori,Shimane,35.503704,134.238174,35.472212,133.05053,107.82626872795127,75,"geodesic distance, pyproj.Geod",GRS80,"MLIT National Land Numerical Information, public facilities (P02, 2006, feature subclass 12001 prefectural government office)"
Fukuoka,Nagasaki,33.606261,130.418114,32.744836,129.873514,108.20116165272954,76,"geodesic distance, pyproj.Geod",GRS80,"MLIT National Land Numerical Information, public facilities (P02, 2006, feature subclass 12001 prefectural government office)"
Tochigi,Chiba,36.565689,139.883528,35.604588,140.123184,108.80670014971892,77,"geodesic distance, pyproj.Geod",GRS80,"MLIT National Land Numerical Information, public facilities (P02, 2006, feature subclass 12001 prefectural government office)"
Tokushima,Kochi,34.065728,134.559484,33.559753,133.531115,110.52205844492276,78,"geodesic distance, pyproj.Geod",GRS80,"MLIT National Land Numerical Information, public facilities (P02, 2006, feature subclass 12001 prefectural government office)"
Hyogo,Kagawa,34.691304,135.182995,34.34016,134.04339,111.655768706866,79,"geodesic distance, pyproj.Geod",GRS80,"MLIT National Land Numerical Information, public facilities (P02, 2006, feature subclass 12001 prefectural government office)"
Osaka,Tokushima,34.686394,135.519994,34.065728,134.559484,112.00296064868107,80,"geodesic distance, pyproj.Geod",GRS80,"MLIT National Land Numerical Information, public facilities (P02, 2006, feature subclass 12001 prefectural government office)"
Aichi,Nara,35.180198,136.906739,34.685231,135.832883,112.43081490427309,81,"geodesic distance, pyproj.Geod",GRS80,"MLIT National Land Numerical Information, public facilities (P02, 2006, feature subclass 12001 prefectural government office)"
Gifu,Nara,35.391199,136.722168,34.685231,135.832883,112.77493403094759,82,"geodesic distance, pyproj.Geod",GRS80,"MLIT National Land Numerical Information, public facilities (P02, 2006, feature subclass 12001 prefectural government office)"
Toyama,Fukui,36.69519,137.211341,36.065244,136.221791,113.00434734323147,83,"geodesic distance, pyproj.Geod",GRS80,"MLIT National Land Numerical Information, public facilities (P02, 2006, feature subclass 12001 prefectural government office)"
Hyogo,Okayama,34.691304,135.182995,34.661759,133.934894,114.4296218847455,84,"geodesic distance, pyproj.Geod",GRS80,"MLIT National Land Numerical Information, public facilities (P02, 2006, feature subclass 12001 prefectural government office)"
Yamanashi,Nagano,35.663935,138.568379,36.65131,138.180991,114.9724743228268,85,"geodesic distance, pyproj.Geod",GRS80,"MLIT National Land Numerical Information, public facilities (P02, 2006, feature subclass 12001 prefectural government office)"
Fukui,Aichi,36.065244,136.221791,35.180198,136.906739,116.15852011786191,86,"geodesic distance, pyproj.Geod",GRS80,"MLIT National Land Numerical Information, public facilities (P02, 2006, feature subclass 12001 prefectural government office)"
Yamaguchi,Fukuoka,34.185859,131.471401,33.606261,130.418114,116.7247917910394,87,"geodesic distance, pyproj.Geod",GRS80,"MLIT National Land Numerical Information, public facilities (P02, 2006, feature subclass 12001 prefectural government office)"
Kumamoto,Miyazaki,32.790374,130.741134,31.910975,131.423863,116.79029935495774,88,"geodesic distance, pyproj.Geod",GRS80,"MLIT National Land Numerical Information, public facilities (P02, 2006, feature subclass 12001 prefectural government office)"
Gunma,Kanagawa,36.391192,139.060947,35.44771,139.642536,117.1086399976418,89,"geodesic distance, pyproj.Geod",GRS80,"MLIT National Land Numerical Information, public facilities (P02, 2006, feature subclass 12001 prefectural government office)"
Fukuoka,Oita,33.606261,130.418114,33.238128,131.612605,118.35893361913294,90,"geodesic distance, pyproj.Geod",GRS80,"MLIT National Land Numerical Information, public facilities (P02, 2006, feature subclass 12001 prefectural government office)"
Shimane,Okayama,35.472212,133.05053,34.661759,133.934894,120.7935476706006,91,"geodesic distance, pyproj.Geod",GRS80,"MLIT National Land Numerical Information, public facilities (P02, 2006, feature subclass 12001 prefectural government office)"
Mie,Hyogo,34.730268,136.508594,34.691304,135.182995,121.51176618996382,92,"geodesic distance, pyproj.Geod",GRS80,"MLIT National Land Numerical Information, public facilities (P02, 2006, feature subclass 12001 prefectural government office)"
Fukui,Shiga,36.065244,136.221791,35.004394,135.868292,121.98933696756605,93,"geodesic distance, pyproj.Geod",GRS80,"MLIT National Land Numerical Information, public facilities (P02, 2006, feature subclass 12001 prefectural government office)"
Saga,Oita,33.249322,130.298799,33.238128,131.612605,122.44619856500547,94,"geodesic distance, pyproj.Geod",GRS80,"MLIT National Land Numerical Information, public facilities (P02, 2006, feature subclass 12001 prefectural government office)"
Ibaraki,Kanagawa,36.34145,140.446735,35.44771,139.642536,122.9038726459481,95,"geodesic distance, pyproj.Geod",GRS80,"MLIT National Land Numerical Information, public facilities (P02, 2006, feature subclass 12001 prefectural government office)"
Wakayama,Okayama,34.225994,135.16745,34.661759,133.934894,123.15578015448715,96,"geodesic distance, pyproj.Geod",GRS80,"MLIT National Land Numerical Information, public facilities (P02, 2006, feature subclass 12001 prefectural government office)"
Fukui,Kyoto,36.065244,136.221791,35.021279,135.755635,123.30037618546245,97,"geodesic distance, pyproj.Geod",GRS80,"MLIT National Land Numerical Information, public facilities (P02, 2006, feature subclass 12001 prefectural government office)"
Yamagata,Niigata,38.240457,140.363278,37.902238,139.023531,123.40654991474192,98,"geodesic distance, pyproj.Geod",GRS80,"MLIT National Land Numerical Information, public facilities (P02, 2006, feature subclass 12001 prefectural government office)"
Ibaraki,Gunma,36.34145,140.446735,36.391192,139.060947,124.48869872070358,99,"geodesic distance, pyproj.Geod",GRS80,"MLIT National Land Numerical Information, public facilities (P02, 2006, feature subclass 12001 prefectural government office)"
Hyogo,Tottori,34.691304,135.182995,35.503704,134.238174,124.67777617053036,100,"geodesic distance, pyproj.Geod",GRS80,"MLIT National Land Numerical Information, public facilities (P02, 2006, feature subclass 12001 prefectural government office)"
Yamaguchi,Ehime,34.185859,131.471401,33.841646,132.766103,125.53733118747179,101,"geodesic distance, pyproj.Geod",GRS80,"MLIT National Land Numerical Information, public facilities (P02, 2006, feature subclass 12001 prefectural government office)"
Tochigi,Kanagawa,36.565689,139.883528,35.44771,139.642536,125.93814858944671,102,"geodesic distance, pyproj.Geod",GRS80,"MLIT National Land Numerical Information, public facilities (P02, 2006, feature subclass 12001 prefectural government office)"
Kanagawa,Shizuoka,35.44771,139.642536,34.976906,138.383023,126.01443098768871,103,"geodesic distance, pyproj.Geod",GRS80,"MLIT National Land Numerical Information, public facilities (P02, 2006, feature subclass 12001 prefectural government office)"
Ehime,Oita,33.841646,132.766103,33.238128,131.612605,126.32778838597682,104,"geodesic distance, pyproj.Geod",GRS80,"MLIT National Land Numerical Information, public facilities (P02, 2006, feature subclass 12001 prefectural government office)"
Okayama,Kochi,34.661759,133.934894,33.559753,133.531115,127.78989870935874,105,"geodesic distance, pyproj.Geod",GRS80,"MLIT National Land Numerical Information, public facilities (P02, 2006, feature subclass 12001 prefectural government office)"
Fukushima,Niigata,37.749957,140.467734,37.902238,139.023531,128.26401961355,106,"geodesic distance, pyproj.Geod",GRS80,"MLIT National Land Numerical Information, public facilities (P02, 2006, feature subclass 12001 prefectural government office)"
Aomori,Iwate,40.824338,140.740087,39.703647,141.152592,129.2932805638773,107,"geodesic distance, pyproj.Geod",GRS80,"MLIT National Land Numerical Information, public facilities (P02, 2006, feature subclass 12001 prefectural government office)"
Gunma,Chiba,36.391192,139.060947,35.604588,140.123184,129.5795031546648,108,"geodesic distance, pyproj.Geod",GRS80,"MLIT National Land Numerical Information, public facilities (P02, 2006, feature subclass 12001 prefectural government office)"
Kagawa,Ehime,34.34016,134.04339,33.841646,132.766103,130.20042358744553,109,"geodesic distance, pyproj.Geod",GRS80,"MLIT National Land Numerical Information, public facilities (P02, 2006, feature subclass 12001 prefectural government office)"
Tottori,Kagawa,35.503704,134.238174,34.34016,134.04339,130.3037606845417,110,"geodesic distance, pyproj.Geod",GRS80,"MLIT National Land Numerical Information, public facilities (P02, 2006, feature subclass 12001 prefectural government office)"
Shimane,Hiroshima,35.472212,133.05053,34.396271,132.459369,131.01369069855903,111,"geodesic distance, pyproj.Geod",GRS80,"MLIT National Land Numerical Information, public facilities (P02, 2006, feature subclass 12001 prefectural government office)"
Ishikawa,Gifu,36.594652,136.625725,35.391199,136.722168,133.81665261247747,112,"geodesic distance, pyproj.Geod",GRS80,"MLIT National Land Numerical Information, public facilities (P02, 2006, feature subclass 12001 prefectural government office)"
Aomori,Akita,40.824338,140.740087,39.718058,140.10325,134.2521206665045,113,"geodesic distance, pyproj.Geod",GRS80,"MLIT National Land Numerical Information, public facilities (P02, 2006, feature subclass 12001 prefectural government office)"
Gifu,Osaka,35.391199,136.722168,34.686394,135.519994,134.7067004368386,114,"geodesic distance, pyproj.Geod",GRS80,"MLIT National Land Numerical Information, public facilities (P02, 2006, feature subclass 12001 prefectural government office)"
Mie,Wakayama,34.730268,136.508594,34.225994,135.16745,135.30600041610833,115,"geodesic distance, pyproj.Geod",GRS80,"MLIT National Land Numerical Information, public facilities (P02, 2006, feature subclass 12001 prefectural government office)"
Hiroshima,Kochi,34.396271,132.459369,33.559753,133.531115,135.71215017508706,116,"geodesic distance, pyproj.Geod",GRS80,"MLIT National Land Numerical Information, public facilities (P02, 2006, feature subclass 12001 prefectural government office)"
Nara,Tokushima,34.685231,135.832883,34.065728,134.559484,135.793082944081,117,"geodesic distance, pyproj.Geod",GRS80,"MLIT National Land Numerical Information, public facilities (P02, 2006, feature subclass 12001 prefectural government office)"
Shizuoka,Aichi,34.976906,138.383023,35.180198,136.906739,136.51289963337052,118,"geodesic distance, pyproj.Geod",GRS80,"MLIT National Land Numerical Information, public facilities (P02, 2006, feature subclass 12001 prefectural government office)"
Kumamoto,Kagoshima,32.790374,130.741134,31.560185,130.558141,137.50284632021427,119,"geodesic distance, pyproj.Geod",GRS80,"MLIT National Land Numerical Information, public facilities (P02, 2006, feature subclass 12001 prefectural government office)"
Aichi,Osaka,35.180198,136.906739,34.686394,135.519994,138.03075616307595,120,"geodesic distance, pyproj.Geod",GRS80,"MLIT National Land Numerical Information, public facilities (P02, 2006, feature subclass 12001 prefectural government office)"
Okayama,Hiroshima,34.661759,133.934894,34.396271,132.459369,138.6282393984201,121,"geodesic distance, pyproj.Geod",GRS80,"MLIT National Land Numerical Information, public facilities (P02, 2006, feature subclass 12001 prefectural government office)"
Ishikawa,Nagano,36.594652,136.625725,36.65131,138.180991,139.25779623378568,122,"geodesic distance, pyproj.Geod",GRS80,"MLIT National Land Numerical Information, public facilities (P02, 2006, feature subclass 12001 prefectural government office)"
Osaka,Kagawa,34.686394,135.519994,34.34016,134.04339,140.92312061380878,123,"geodesic distance, pyproj.Geod",GRS80,"MLIT National Land Numerical Information, public facilities (P02, 2006, feature subclass 12001 prefectural government office)"
Okayama,Ehime,34.661759,133.934894,33.841646,132.766103,140.946357368485,124,"geodesic distance, pyproj.Geod",GRS80,"MLIT National Land Numerical Information, public facilities (P02, 2006, feature subclass 12001 prefectural government office)"
Chiba,Yamanashi,35.604588,140.123184,35.663935,138.568379,140.98375523135817,125,"geodesic distance, pyproj.Geod",GRS80,"MLIT National Land Numerical Information, public facilities (P02, 2006, feature subclass 12001 prefectural government office)"
Fukushima,Tochigi,37.749957,140.467734,36.565689,139.883528,141.30362917940803,126,"geodesic distance, pyproj.Geod",GRS80,"MLIT National Land Numerical Information, public facilities (P02, 2006, feature subclass 12001 prefectural government office)"
Tokyo,Shizuoka,35.689568,139.691717,34.976906,138.383023,142.85552569101222,127,"geodesic distance, pyproj.Geod",GRS80,"MLIT National Land Numerical Information, public facilities (P02, 2006, feature subclass 12001 prefectural government office)"
Osaka,Okayama,34.686394,135.519994,34.661759,133.934894,145.29649151681463,128,"geodesic distance, pyproj.Geod",GRS80,"MLIT National Land Numerical Information, public facilities (P02, 2006, feature subclass 12001 prefectural government office)"
Hiroshima,Kagawa,34.396271,132.459369,34.34016,134.04339,145.83639040871876,129,"geodesic distance, pyproj.Geod",GRS80,"MLIT National Land Numerical Information, public facilities (P02, 2006, feature subclass 12001 prefectural government office)"
Nagasaki,Kagoshima,32.744836,129.873514,31.560185,130.558141,146.38227910164537,130,"geodesic distance, pyproj.Geod",GRS80,"MLIT National Land Numerical Information, public facilities (P02, 2006, feature subclass 12001 prefectural government office)"
Osaka,Tottori,34.686394,135.519994,35.503704,134.238174,147.92526455053329,131,"geodesic distance, pyproj.Geod",GRS80,"MLIT National Land Numerical Information, public facilities (P02, 2006, feature subclass 12001 prefectural government office)"
Kyoto,Tottori,35.021279,135.755635,35.503704,134.238174,148.09048178561548,132,"geodesic distance, pyproj.Geod",GRS80,"MLIT National Land Numerical Information, public facilities (P02, 2006, feature subclass 12001 prefectural government office)"
Oita,Miyazaki,33.238128,131.612605,31.910975,131.423863,148.240315964572,133,"geodesic distance, pyproj.Geod",GRS80,"MLIT National Land Numerical Information, public facilities (P02, 2006, feature subclass 12001 prefectural government office)"
Yamaguchi,Saga,34.185859,131.471401,33.249322,130.298799,150.34280976786937,134,"geodesic distance, pyproj.Geod",GRS80,"MLIT National Land Numerical Information, public facilities (P02, 2006, feature subclass 12001 prefectural government office)"
Fukui,Mie,36.065244,136.221791,34.730268,136.508594,150.3866609742923,135,"geodesic distance, pyproj.Geod",GRS80,"MLIT National Land Numerical Information, public facilities (P02, 2006, feature subclass 12001 prefectural government office)"
Hiroshima,Oita,34.396271,132.459369,33.238128,131.612605,150.4902422621719,136,"geodesic distance, pyproj.Geod",GRS80,"MLIT National Land Numerical Information, public facilities (P02, 2006, feature subclass 12001 prefectural government office)"
Saitama,Shizuoka,35.856907,139.648854,34.976906,138.383023,150.82740632431603,137,"geodesic distance, pyproj.Geod",GRS80,"MLIT National Land Numerical Information, public facilities (P02, 2006, feature subclass 12001 prefectural government office)"
Toyama,Gifu,36.69519,137.211341,35.391199,136.722168,151.25585760253085,138,"geodesic distance, pyproj.Geod",GRS80,"MLIT National Land Numerical Information, public facilities (P02, 2006, feature subclass 12001 prefectural government office)"
Tochigi,Nagano,36.565689,139.883528,36.65131,138.180991,152.61310662531,139,"geodesic distance, pyproj.Geod",GRS80,"MLIT National Land Numerical Information, public facilities (P02, 2006, feature subclass 12001 prefectural government office)"
Kyoto,Tokushima,35.021279,135.755635,34.065728,134.559484,152.6137286544631,140,"geodesic distance, pyproj.Geod",GRS80,"MLIT National Land Numerical Information, public facilities (P02, 2006, feature subclass 12001 prefectural government office)"
Shimane,Kagawa,35.472212,133.05053,34.34016,134.04339,154.93693680740103,141,"geodesic distance, pyproj.Geod",GRS80,"MLIT National Land Numerical Information, public facilities (P02, 2006, feature subclass 12001 prefectural government office)"
Tochigi,Yamanashi,36.565689,139.883528,35.663935,138.568379,155.01961957672702,142,"geodesic distance, pyproj.Geod",GRS80,"MLIT National Land Numerical Information, public facilities (P02, 2006, feature subclass 12001 prefectural government office)"
Fukushima,Ibaraki,37.749957,140.467734,36.34145,140.446735,156.32517512025686,143,"geodesic distance, pyproj.Geod",GRS80,"MLIT National Land Numerical Information, public facilities (P02, 2006, feature subclass 12001 prefectural government office)"
Fukui,Nara,36.065244,136.221791,34.685231,135.832883,157.13404382973485,144,"geodesic distance, pyproj.Geod",GRS80,"MLIT National Land Numerical Information, public facilities (P02, 2006, feature subclass 12001 prefectural government office)"
Niigata,Nagano,37.902238,139.023531,36.65131,138.180991,157.6613793395618,145,"geodesic distance, pyproj.Geod",GRS80,"MLIT National Land Numerical Information, public facilities (P02, 2006, feature subclass 12001 prefectural government office)"
Gifu,Shizuoka,35.391199,136.722168,34.976906,138.383023,158.1022251838752,146,"geodesic distance, pyproj.Geod",GRS80,"MLIT National Land Numerical Information, public facilities (P02, 2006, feature subclass 12001 prefectural government office)"
Shiga,Tottori,35.004394,135.868292,35.503704,134.238174,158.35192983993355,147,"geodesic distance, pyproj.Geod",GRS80,"MLIT National Land Numerical Information, public facilities (P02, 2006, feature subclass 12001 prefectural government office)"
Saitama,Nagano,35.856907,139.648854,36.65131,138.180991,158.65930042707384,148,"geodesic distance, pyproj.Geod",GRS80,"MLIT National Land Numerical Information, public facilities (P02, 2006, feature subclass 12001 prefectural government office)"
Ishikawa,Aichi,36.594652,136.625725,35.180198,136.906739,158.98103994779032,149,"geodesic distance, pyproj.Geod",GRS80,"MLIT National Land Numerical Information, public facilities (P02, 2006, feature subclass 12001 prefectural government office)"
Shiga,Tokushima,35.004394,135.868292,34.065728,134.559484,158.99009969108934,150,"geodesic distance, pyproj.Geod",GRS80,"MLIT National Land Numerical Information, public facilities (P02, 2006, feature subclass 12001 prefectural government office)"
Yamanashi,Aichi,35.663935,138.568379,35.180198,136.906739,160.16213739529206,151,"geodesic distance, pyproj.Geod",GRS80,"MLIT National Land Numerical Information, public facilities (P02, 2006, feature subclass 12001 prefectural government office)"
Gifu,Hyogo,35.391199,136.722168,34.691304,135.182995,160.47074302481784,152,"geodesic distance, pyproj.Geod",GRS80,"MLIT National Land Numerical Information, public facilities (P02, 2006, feature subclass 12001 prefectural government office)"
Iwate,Miyagi,39.703647,141.152592,38.268803,140.871846,161.13583452405913,153,"geodesic distance, pyproj.Geod",GRS80,"MLIT National Land Numerical Information, public facilities (P02, 2006, feature subclass 12001 prefectural government office)"
Tottori,Tokushima,35.503704,134.238174,34.065728,134.559484,162.21199210735995,154,"geodesic distance, pyproj.Geod",GRS80,"MLIT National Land Numerical Information, public facilities (P02, 2006, feature subclass 12001 prefectural government office)"
Wakayama,Tottori,34.225994,135.16745,35.503704,134.238174,165.26175787658642,155,"geodesic distance, pyproj.Geod",GRS80,"MLIT National Land Numerical Information, public facilities (P02, 2006, feature subclass 12001 prefectural government office)"
Akita,Yamagata,39.718058,140.10325,38.240457,140.363278,165.57601659147826,156,"geodesic distance, pyproj.Geod",GRS80,"MLIT National Land Numerical Information, public facilities (P02, 2006, feature subclass 12001 prefectural government office)"
Fukui,Osaka,36.065244,136.221791,34.686394,135.519994,165.73820768204763,157,"geodesic distance, pyproj.Geod",GRS80,"MLIT National Land Numerical Information, public facilities (P02, 2006, feature subclass 12001 prefectural government office)"
Aichi,Hyogo,35.180198,136.906739,34.691304,135.182995,166.55566342539117,158,"geodesic distance, pyproj.Geod",GRS80,"MLIT National Land Numerical Information, public facilities (P02, 2006, feature subclass 12001 prefectural government office)"
Tochigi,Niigata,36.565689,139.883528,37.902238,139.023531,166.8107188649376,159,"geodesic distance, pyproj.Geod",GRS80,"MLIT National Land Numerical Information, public facilities (P02, 2006, feature subclass 12001 prefectural government office)"
Miyagi,Niigata,38.268803,140.871846,37.902238,139.023531,167.17685119906687,160,"geodesic distance, pyproj.Geod",GRS80,"MLIT National Land Numerical Information, public facilities (P02, 2006, feature subclass 12001 prefectural government office)"
Toyama,Yamanashi,36.69519,137.211341,35.663935,138.568379,167.31997764702393,161,"geodesic distance, pyproj.Geod",GRS80,"MLIT National Land Numerical Information, public facilities (P02, 2006, feature subclass 12001 prefectural government office)"
Tokushima,Ehime,34.065728,134.559484,33.841646,132.766103,167.62169484734088,162,"geodesic distance, pyproj.Geod",GRS80,"MLIT National Land Numerical Information, public facilities (P02, 2006, feature subclass 12001 prefectural government office)"
Gunma,Niigata,36.391192,139.060947,37.902238,139.023531,167.72944360557685,163,"geodesic distance, pyproj.Geod",GRS80,"MLIT National Land Numerical Information, public facilities (P02, 2006, feature subclass 12001 prefectural government office)"
Wakayama,Kochi,34.225994,135.16745,33.559753,133.531115,168.43552427555468,164,"geodesic distance, pyproj.Geod",GRS80,"MLIT National Land Numerical Information, public facilities (P02, 2006, feature subclass 12001 prefectural government office)"
Gunma,Shizuoka,36.391192,139.060947,34.976906,138.383023,168.4907799449401,165,"geodesic distance, pyproj.Geod",GRS80,"MLIT National Land Numerical Information, public facilities (P02, 2006, feature subclass 12001 prefectural government office)"
Nara,Kagawa,34.685231,135.832883,34.34016,134.04339,168.71914836596196,166,"geodesic distance, pyproj.Geod",GRS80,"MLIT National Land Numerical Information, public facilities (P02, 2006, feature subclass 12001 prefectural government office)"
Yamaguchi,Kumamoto,34.185859,131.471401,32.790374,130.741134,169.00175680110905,167,"geodesic distance, pyproj.Geod",GRS80,"MLIT National Land Numerical Information, public facilities (P02, 2006, feature subclass 12001 prefectural government office)"
Gunma,Toyama,36.391192,139.060947,36.69519,137.211341,169.01392123079538,168,"geodesic distance, pyproj.Geod",GRS80,"MLIT National Land Numerical Information, public facilities (P02, 2006, feature subclass 12001 prefectural government office)"
Yamanashi,Gifu,35.663935,138.568379,35.391199,136.722168,170.1577866490149,169,"geodesic distance, pyproj.Geod",GRS80,"MLIT National Land Numerical Information, public facilities (P02, 2006, feature subclass 12001 prefectural government office)"
Toyama,Aichi,36.69519,137.211341,35.180198,136.906739,170.33217511000078,170,"geodesic distance, pyproj.Geod",GRS80,"MLIT National Land Numerical Information, public facilities (P02, 2006, feature subclass 12001 prefectural government office)"
Kyoto,Okayama,35.021279,135.755635,34.661759,133.934894,171.23860974467271,171,"geodesic distance, pyproj.Geod",GRS80,"MLIT National Land Numerical Information, public facilities (P02, 2006, feature subclass 12001 prefectural government office)"
Nara,Tottori,34.685231,135.832883,35.503704,134.238174,171.42964415980336,172,"geodesic distance, pyproj.Geod",GRS80,"MLIT National Land Numerical Information, public facilities (P02, 2006, feature subclass 12001 prefectural government office)"
Nagasaki,Oita,32.744836,129.873514,33.238128,131.612605,171.4964368796776,173,"geodesic distance, pyproj.Geod",GRS80,"MLIT National Land Numerical Information, public facilities (P02, 2006, feature subclass 12001 prefectural government office)"
Nagasaki,Miyazaki,32.744836,129.873514,31.910975,131.423863,172.7935197108122,174,"geodesic distance, pyproj.Geod",GRS80,"MLIT National Land Numerical Information, public facilities (P02, 2006, feature subclass 12001 prefectural government office)"
Tokyo,Nagano,35.689568,139.691717,36.65131,138.180991,172.80325512857948,175,"geodesic distance, pyproj.Geod",GRS80,"MLIT National Land Numerical Information, public facilities (P02, 2006, feature subclass 12001 prefectural government office)"
Chiba,Shizuoka,35.604588,140.123184,34.976906,138.383023,172.92973366124576,176,"geodesic distance, pyproj.Geod",GRS80,"MLIT National Land Numerical Information, public facilities (P02, 2006, feature subclass 12001 prefectural government office)"
Shizuoka,Mie,34.976906,138.383023,34.730268,136.508594,173.58461531049167,177,"geodesic distance, pyproj.Geod",GRS80,"MLIT National Land Numerical Information, public facilities (P02, 2006, feature subclass 12001 prefectural government office)"
Nara,Okayama,34.685231,135.832883,34.661759,133.934894,173.96627394103953,178,"geodesic distance, pyproj.Geod",GRS80,"MLIT National Land Numerical Information, public facilities (P02, 2006, feature subclass 12001 prefectural government office)"
Miyagi,Akita,38.268803,140.871846,39.718058,140.10325,174.12219356281804,179,"geodesic distance, pyproj.Geod",GRS80,"MLIT National Land Numerical Information, public facilities (P02, 2006, feature subclass 12001 prefectural government office)"
Kyoto,Kagawa,35.021279,135.755635,34.34016,134.04339,174.15363276740487,180,"geodesic distance, pyproj.Geod",GRS80,"MLIT National Land Numerical Information, public facilities (P02, 2006, feature subclass 12001 prefectural government office)"
Iwate,Yamagata,39.703647,141.152592,38.240457,140.363278,176.2485233869068,181,"geodesic distance, pyproj.Geod",GRS80,"MLIT National Land Numerical Information, public facilities (P02, 2006, feature subclass 12001 prefectural government office)"
Fukui,Hyogo,36.065244,136.221791,34.691304,135.182995,179.2904650595952,182,"geodesic distance, pyproj.Geod",GRS80,"MLIT National Land Numerical Information, public facilities (P02, 2006, feature subclass 12001 prefectural government office)"
Shiga,Okayama,35.004394,135.868292,34.661759,133.934894,180.88945714436989,183,"geodesic distance, pyproj.Geod",GRS80,"MLIT National Land Numerical Information, public facilities (P02, 2006, feature subclass 12001 prefectural government office)"
Kochi,Oita,33.559753,133.531115,33.238128,131.612605,182.00658596589506,184,"geodesic distance, pyproj.Geod",GRS80,"MLIT National Land Numerical Information, public facilities (P02, 2006, feature subclass 12001 prefectural government office)"
Saga,Miyazaki,33.249322,130.298799,31.910975,131.423863,182.16982097662964,185,"geodesic distance, pyproj.Geod",GRS80,"MLIT National Land Numerical Information, public facilities (P02, 2006, feature subclass 12001 prefectural government office)"
Shimane,Ehime,35.472212,133.05053,33.841646,132.766103,182.75483680894067,186,"geodesic distance, pyproj.Geod",GRS80,"MLIT National Land Numerical Information, public facilities (P02, 2006, feature subclass 12001 prefectural government office)"
Shiga,Kagawa,35.004394,135.868292,34.34016,134.04339,182.76183462587585,187,"geodesic distance, pyproj.Geod",GRS80,"MLIT National Land Numerical Information, public facilities (P02, 2006, feature subclass 12001 prefectural government office)"
Ibaraki,Yamanashi,36.34145,140.446735,35.663935,138.568379,185.28473836846382,188,"geodesic distance, pyproj.Geod",GRS80,"MLIT National Land Numerical Information, public facilities (P02, 2006, feature subclass 12001 prefectural government office)"
Nagano,Shizuoka,36.65131,138.180991,34.976906,138.383023,186.67936781785383,189,"geodesic distance, pyproj.Geod",GRS80,"MLIT National Land Numerical Information, public facilities (P02, 2006, feature subclass 12001 prefectural government office)"
Fukui,Nagano,36.065244,136.221791,36.65131,138.180991,187.4818481454354,190,"geodesic distance, pyproj.Geod",GRS80,"MLIT National Land Numerical Information, public facilities (P02, 2006, feature subclass 12001 prefectural government office)"
Kanagawa,Nagano,35.44771,139.642536,36.65131,138.180991,187.55743772478885,191,"geodesic distance, pyproj.Geod",GRS80,"MLIT National Land Numerical Information, public facilities (P02, 2006, feature subclass 12001 prefectural government office)"
Saga,Kagoshima,33.249322,130.298799,31.560185,130.558141,188.89704640355006,192,"geodesic distance, pyproj.Geod",GRS80,"MLIT National Land Numerical Information, public facilities (P02, 2006, feature subclass 12001 prefectural government office)"
Ishikawa,Shiga,36.594652,136.625725,35.004394,135.868292,189.26293810100822,193,"geodesic distance, pyproj.Geod",GRS80,"MLIT National Land Numerical Information, public facilities (P02, 2006, feature subclass 12001 prefectural government office)"
Fukui,Tottori,36.065244,136.221791,35.503704,134.238174,189.84598617713056,194,"geodesic distance, pyproj.Geod",GRS80,"MLIT National Land Numerical Information, public facilities (P02, 2006, feature subclass 12001 prefectural government office)"
Yamagata,Tochigi,38.240457,140.363278,36.565689,139.883528,190.66531804739233,195,"geodesic distance, pyproj.Geod",GRS80,"MLIT National Land Numerical Information, public facilities (P02, 2006, feature subclass 12001 prefectural government office)"
Aichi,Wakayama,35.180198,136.906739,34.225994,135.16745,191.29798133476646,196,"geodesic distance, pyproj.Geod",GRS80,"MLIT National Land Numerical Information, public facilities (P02, 2006, feature subclass 12001 prefectural government office)"
Ishikawa,Kyoto,36.594652,136.625725,35.021279,135.755635,191.46659023927393,197,"geodesic distance, pyproj.Geod",GRS80,"MLIT National Land Numerical Information, public facilities (P02, 2006, feature subclass 12001 prefectural government office)"
Nagano,Gifu,36.65131,138.180991,35.391199,136.722168,191.93603197982057,198,"geodesic distance, pyproj.Geod",GRS80,"MLIT National Land Numerical Information, public facilities (P02, 2006, feature subclass 12001 prefectural government office)"
Gifu,Wakayama,35.391199,136.722168,34.225994,135.16745,192.20887989776546,199,"geodesic distance, pyproj.Geod",GRS80,"MLIT National Land Numerical Information, public facilities (P02, 2006, feature subclass 12001 prefectural government office)"
Mie,Tokushima,34.730268,136.508594,34.065728,134.559484,193.7874953302257,200,"geodesic distance, pyproj.Geod",GRS80,"MLIT National Land Numerical Information, public facilities (P02, 2006, feature subclass 12001 prefectural government office)"
Fukushima,Gunma,37.749957,140.467734,36.391192,139.060947,195.9281235194321,201,"geodesic distance, pyproj.Geod",GRS80,"MLIT National Land Numerical Information, public facilities (P02, 2006, feature subclass 12001 prefectural government office)"
Hiroshima,Tokushima,34.396271,132.459369,34.065728,134.559484,196.93130987535042,202,"geodesic distance, pyproj.Geod",GRS80,"MLIT National Land Numerical Information, public facilities (P02, 2006, feature subclass 12001 prefectural government office)"
Hyogo,Kochi,34.691304,135.182995,33.559753,133.531115,197.41579756891275,203,"geodesic distance, pyproj.Geod",GRS80,"MLIT National Land Numerical Information, public facilities (P02, 2006, feature subclass 12001 prefectural government office)"
Nagano,Aichi,36.65131,138.180991,35.180198,136.906739,199.675529672164,204,"geodesic distance, pyproj.Geod",GRS80,"MLIT National Land Numerical Information, public facilities (P02, 2006, feature subclass 12001 prefectural government office)"
Yamaguchi,Kochi,34.185859,131.471401,33.559753,133.531115,202.8240932159761,205,"geodesic distance, pyproj.Geod",GRS80,"MLIT National Land Numerical Information, public facilities (P02, 2006, feature subclass 12001 prefectural government office)"
Shimane,Yamaguchi,35.472212,133.05053,34.185859,131.471401,203.05000384888947,206,"geodesic distance, pyproj.Geod",GRS80,"MLIT National Land Numerical Information, public facilities (P02, 2006, feature subclass 12001 prefectural government office)"
Ishikawa,Yamanashi,36.594652,136.625725,35.663935,138.568379,203.08217899937148,207,"geodesic distance, pyproj.Geod",GRS80,"MLIT National Land Numerical Information, public facilities (P02, 2006, feature subclass 12001 prefectural government office)"
Tottori,Hiroshima,35.503704,134.238174,34.396271,132.459369,203.69589887832507,208,"geodesic distance, pyproj.Geod",GRS80,"MLIT National Land Numerical Information, public facilities (P02, 2006, feature subclass 12001 prefectural government office)"
Ibaraki,Nagano,36.34145,140.446735,36.65131,138.180991,205.88616939743173,209,"geodesic distance, pyproj.Geod",GRS80,"MLIT National Land Numerical Information, public facilities (P02, 2006, feature subclass 12001 prefectural government office)"
Ishikawa,Mie,36.594652,136.625725,34.730268,136.508594,207.13024648843555,210,"geodesic distance, pyproj.Geod",GRS80,"MLIT National Land Numerical Information, public facilities (P02, 2006, feature subclass 12001 prefectural government office)"
Hiroshima,Fukuoka,34.396271,132.459369,33.606261,130.418114,207.93791939039133,211,"geodesic distance, pyproj.Geod",GRS80,"MLIT National Land Numerical Information, public facilities (P02, 2006, feature subclass 12001 prefectural government office)"
Miyagi,Tochigi,38.268803,140.871846,36.565689,139.883528,208.2824778807596,212,"geodesic distance, pyproj.Geod",GRS80,"MLIT National Land Numerical Information, public facilities (P02, 2006, feature subclass 12001 prefectural government office)"
Shimane,Tokushima,35.472212,133.05053,34.065728,134.559484,208.38473867861052,213,"geodesic distance, pyproj.Geod",GRS80,"MLIT National Land Numerical Information, public facilities (P02, 2006, feature subclass 12001 prefectural government office)"
Niigata,Toyama,37.902238,139.023531,36.69519,137.211341,209.1846241565388,214,"geodesic distance, pyproj.Geod",GRS80,"MLIT National Land Numerical Information, public facilities (P02, 2006, feature subclass 12001 prefectural government office)"
Chiba,Nagano,35.604588,140.123184,36.65131,138.180991,209.88763533200125,215,"geodesic distance, pyproj.Geod",GRS80,"MLIT National Land Numerical Information, public facilities (P02, 2006, feature subclass 12001 prefectural government office)"
Fukuoka,Miyazaki,33.606261,130.418114,31.910975,131.423863,210.30347767406687,216,"geodesic distance, pyproj.Geod",GRS80,"MLIT National Land Numerical Information, public facilities (P02, 2006, feature subclass 12001 prefectural government office)"
Oita,Kagoshima,33.238128,131.612605,31.560185,130.558141,210.86364498077359,217,"geodesic distance, pyproj.Geod",GRS80,"MLIT National Land Numerical Information, public facilities (P02, 2006, feature subclass 12001 prefectural government office)"
Yamagata,Ibaraki,38.240457,140.363278,36.34145,140.446735,210.88759136089948,218,"geodesic distance, pyproj.Geod",GRS80,"MLIT National Land Numerical Information, public facilities (P02, 2006, feature subclass 12001 prefectural government office)"
Hyogo,Shimane,34.691304,135.182995,35.472212,133.05053,212.89281201519384,219,"geodesic distance, pyproj.Geod",GRS80,"MLIT National Land Numerical Information, public facilities (P02, 2006, feature subclass 12001 prefectural government office)"
Yamanashi,Mie,35.663935,138.568379,34.730268,136.508594,214.2746909881656,220,"geodesic distance, pyproj.Geod",GRS80,"MLIT National Land Numerical Information, public facilities (P02, 2006, feature subclass 12001 prefectural government office)"
Ibaraki,Niigata,36.34145,140.446735,37.902238,139.023531,214.47114746400334,221,"geodesic distance, pyproj.Geod",GRS80,"MLIT National Land Numerical Information, public facilities (P02, 2006, feature subclass 12001 prefectural government office)"
Fukui,Yamanashi,36.065244,136.221791,35.663935,138.568379,216.55916989372068,222,"geodesic distance, pyproj.Geod",GRS80,"MLIT National Land Numerical Information, public facilities (P02, 2006, feature subclass 12001 prefectural government office)"
Shimane,Kochi,35.472212,133.05053,33.559753,133.531115,216.69230698807505,223,"geodesic distance, pyproj.Geod",GRS80,"MLIT National Land Numerical Information, public facilities (P02, 2006, feature subclass 12001 prefectural government office)"
Miyagi,Ibaraki,38.268803,140.871846,36.34145,140.446735,217.19812089206377,224,"geodesic distance, pyproj.Geod",GRS80,"MLIT National Land Numerical Information, public facilities (P02, 2006, feature subclass 12001 prefectural government office)"
Toyama,Shizuoka,36.69519,137.211341,34.976906,138.383023,218.06709530280716,225,"geodesic distance, pyproj.Geod",GRS80,"MLIT National Land Numerical Information, public facilities (P02, 2006, feature subclass 12001 prefectural government office)"
Yamaguchi,Nagasaki,34.185859,131.471401,32.744836,129.873514,218.1871210476256,226,"geodesic distance, pyproj.Geod",GRS80,"MLIT National Land Numerical Information, public facilities (P02, 2006, feature subclass 12001 prefectural government office)"
Ehime,Fukuoka,33.841646,132.766103,33.606261,130.418114,219.17315010401165,227,"geodesic distance, pyproj.Geod",GRS80,"MLIT National Land Numerical Information, public facilities (P02, 2006, feature subclass 12001 prefectural government office)"
Gunma,Ishikawa,36.391192,139.060947,36.594652,136.625725,219.3529891015418,228,"geodesic distance, pyproj.Geod",GRS80,"MLIT National Land Numerical Information, public facilities (P02, 2006, feature subclass 12001 prefectural government office)"
Akita,Fukushima,39.718058,140.10325,37.749957,140.467734,220.76566918233704,229,"geodesic distance, pyproj.Geod",GRS80,"MLIT National Land Numerical Information, public facilities (P02, 2006, feature subclass 12001 prefectural government office)"
Ehime,Kumamoto,33.841646,132.766103,32.790374,130.741134,221.69155969897025,230,"geodesic distance, pyproj.Geod",GRS80,"MLIT National Land Numerical Information, public facilities (P02, 2006, feature subclass 12001 prefectural government office)"
Osaka,Kochi,34.686394,135.519994,33.559753,133.531115,221.98677832589496,231,"geodesic distance, pyproj.Geod",GRS80,"MLIT National Land Numerical Information, public facilities (P02, 2006, feature subclass 12001 prefectural government office)"
Akita,Niigata,39.718058,140.10325,37.902238,139.023531,222.32014674200153,232,"geodesic distance, pyproj.Geod",GRS80,"MLIT National Land Numerical Information, public facilities (P02, 2006, feature subclass 12001 prefectural government office)"
Fukushima,Saitama,37.749957,140.467734,35.856907,139.648854,222.42356495762456,233,"geodesic distance, pyproj.Geod",GRS80,"MLIT National Land Numerical Information, public facilities (P02, 2006, feature subclass 12001 prefectural government office)"
Tochigi,Shizuoka,36.565689,139.883528,34.976906,138.383023,222.44454532633236,234,"geodesic distance, pyproj.Geod",GRS80,"MLIT National Land Numerical Information, public facilities (P02, 2006, feature subclass 12001 prefectural government office)"
Toyama,Shiga,36.69519,137.211341,35.004394,135.868292,223.40951399282548,235,"geodesic distance, pyproj.Geod",GRS80,"MLIT National Land Numerical Information, public facilities (P02, 2006, feature subclass 12001 prefectural government office)"
Ishikawa,Nara,36.594652,136.625725,34.685231,135.832883,223.69120863082128,236,"geodesic distance, pyproj.Geod",GRS80,"MLIT National Land Numerical Information, public facilities (P02, 2006, feature subclass 12001 prefectural government office)"
Mie,Tottori,34.730268,136.508594,35.503704,134.238174,224.0418566247803,237,"geodesic distance, pyproj.Geod",GRS80,"MLIT National Land Numerical Information, public facilities (P02, 2006, feature subclass 12001 prefectural government office)"
Iwate,Fukushima,39.703647,141.152592,37.749957,140.467734,224.9055194608732,238,"geodesic distance, pyproj.Geod",GRS80,"MLIT National Land Numerical Information, public facilities (P02, 2006, feature subclass 12001 prefectural government office)"
Tottori,Kochi,35.503704,134.238174,33.559753,133.531115,225.20200230729316,239,"geodesic distance, pyproj.Geod",GRS80,"MLIT National Land Numerical Information, public facilities (P02, 2006, feature subclass 12001 prefectural government office)"
Fukui,Wakayama,36.065244,136.221791,34.225994,135.16745,225.53562933287364,240,"geodesic distance, pyproj.Geod",GRS80,"MLIT National Land Numerical Information, public facilities (P02, 2006, feature subclass 12001 prefectural government office)"
Wakayama,Ehime,34.225994,135.16745,33.841646,132.766103,225.81489706935477,241,"geodesic distance, pyproj.Geod",GRS80,"MLIT National Land Numerical Information, public facilities (P02, 2006, feature subclass 12001 prefectural government office)"
Gifu,Tottori,35.391199,136.722168,35.503704,134.238174,225.85710604000536,242,"geodesic distance, pyproj.Geod",GRS80,"MLIT National Land Numerical Information, public facilities (P02, 2006, feature subclass 12001 prefectural government office)"
Toyama,Mie,36.69519,137.211341,34.730268,136.508594,227.0980766471103,243,"geodesic distance, pyproj.Geod",GRS80,"MLIT National Land Numerical Information, public facilities (P02, 2006, feature subclass 12001 prefectural government office)"
Fukuoka,Kagoshima,33.606261,130.418114,31.560185,130.558141,227.284403421529,244,"geodesic distance, pyproj.Geod",GRS80,"MLIT National Land Numerical Information, public facilities (P02, 2006, feature subclass 12001 prefectural government office)"
Toyama,Kyoto,36.69519,137.211341,35.021279,135.755635,227.55489796174655,245,"geodesic distance, pyproj.Geod",GRS80,"MLIT National Land Numerical Information, public facilities (P02, 2006, feature subclass 12001 prefectural government office)"
Tottori,Ehime,35.503704,134.238174,33.841646,132.766103,228.4615662219057,246,"geodesic distance, pyproj.Geod",GRS80,"MLIT National Land Numerical Information, public facilities (P02, 2006, feature subclass 12001 prefectural government office)"
Shizuoka,Shiga,34.976906,138.383023,35.004394,135.868292,229.60548659417188,247,"geodesic distance, pyproj.Geod",GRS80,"MLIT National Land Numerical Information, public facilities (P02, 2006, feature subclass 12001 prefectural government office)"
Fukui,Shizuoka,36.065244,136.221791,34.976906,138.383023,230.23147722069928,248,"geodesic distance, pyproj.Geod",GRS80,"MLIT National Land Numerical Information, public facilities (P02, 2006, feature subclass 12001 prefectural government office)"
Mie,Kagawa,34.730268,136.508594,34.34016,134.04339,230.40298419261137,249,"geodesic distance, pyproj.Geod",GRS80,"MLIT National Land Numerical Information, public facilities (P02, 2006, feature subclass 12001 prefectural government office)"
Okayama,Yamaguchi,34.661759,133.934894,34.185859,131.471401,232.51791887597713,250,"geodesic distance, pyproj.Geod",GRS80,"MLIT National Land Numerical Information, public facilities (P02, 2006, feature subclass 12001 prefectural government office)"
Saitama,Niigata,35.856907,139.648854,37.902238,139.023531,233.72549160630433,251,"geodesic distance, pyproj.Geod",GRS80,"MLIT National Land Numerical Information, public facilities (P02, 2006, feature subclass 12001 prefectural government office)"
Ishikawa,Osaka,36.594652,136.625725,34.686394,135.519994,234.21104939872214,252,"geodesic distance, pyproj.Geod",GRS80,"MLIT National Land Numerical Information, public facilities (P02, 2006, feature subclass 12001 prefectural government office)"
Yamagata,Gunma,38.240457,140.363278,36.391192,139.060947,235.4697638910749,253,"geodesic distance, pyproj.Geod",GRS80,"MLIT National Land Numerical Information, public facilities (P02, 2006, feature subclass 12001 prefectural government office)"
Shizuoka,Nara,34.976906,138.383023,34.685231,135.832883,235.50169325002003,254,"geodesic distance, pyproj.Geod",GRS80,"MLIT National Land Numerical Information, public facilities (P02, 2006, feature subclass 12001 prefectural government office)"
Mie,Okayama,34.730268,136.508594,34.661759,133.934894,235.92993120487333,255,"geodesic distance, pyproj.Geod",GRS80,"MLIT National Land Numerical Information, public facilities (P02, 2006, feature subclass 12001 prefectural government office)"
Gunma,Aichi,36.391192,139.060947,35.180198,136.906739,236.5982814608244,256,"geodesic distance, pyproj.Geod",GRS80,"MLIT National Land Numerical Information, public facilities (P02, 2006, feature subclass 12001 prefectural government office)"
Fukushima,Nagano,37.749957,140.467734,36.65131,138.180991,236.8009664800703,257,"geodesic distance, pyproj.Geod",GRS80,"MLIT National Land Numerical Information, public facilities (P02, 2006, feature subclass 12001 prefectural government office)"
Hiroshima,Saga,34.396271,132.459369,33.249322,130.298799,237.0377824035976,258,"geodesic distance, pyproj.Geod",GRS80,"MLIT National Land Numerical Information, public facilities (P02, 2006, feature subclass 12001 prefectural government office)"
Yamaguchi,Kagawa,34.185859,131.471401,34.34016,134.04339,237.488952494737,259,"geodesic distance, pyproj.Geod",GRS80,"MLIT National Land Numerical Information, public facilities (P02, 2006, feature subclass 12001 prefectural government office)"
Wakayama,Shimane,34.225994,135.16745,35.472212,133.05053,237.88913832981103,260,"geodesic distance, pyproj.Geod",GRS80,"MLIT National Land Numerical Information, public facilities (P02, 2006, feature subclass 12001 prefectural government office)"
Saitama,Toyama,35.856907,139.648854,36.69519,137.211341,237.93223502825086,261,"geodesic distance, pyproj.Geod",GRS80,"MLIT National Land Numerical Information, public facilities (P02, 2006, feature subclass 12001 prefectural government office)"
Ehime,Saga,33.841646,132.766103,33.249322,130.298799,238.37248988012138,262,"geodesic distance, pyproj.Geod",GRS80,"MLIT National Land Numerical Information, public facilities (P02, 2006, feature subclass 12001 prefectural government office)"
Gunma,Gifu,36.391192,139.060947,35.391199,136.722168,238.52824849950866,263,"geodesic distance, pyproj.Geod",GRS80,"MLIT National Land Numerical Information, public facilities (P02, 2006, feature subclass 12001 prefectural government office)"
Fukushima,Tokyo,37.749957,140.467734,35.689568,139.691717,238.92262937755058,264,"geodesic distance, pyproj.Geod",GRS80,"MLIT National Land Numerical Information, public facilities (P02, 2006, feature subclass 12001 prefectural government office)"
Hiroshima,Kumamoto,34.396271,132.459369,32.790374,130.741134,239.07968182485948,265,"geodesic distance, pyproj.Geod",GRS80,"MLIT National Land Numerical Information, public facilities (P02, 2006, feature subclass 12001 prefectural government office)"
Tochigi,Toyama,36.565689,139.883528,36.69519,137.211341,239.42582654280892,266,"geodesic distance, pyproj.Geod",GRS80,"MLIT National Land Numerical Information, public facilities (P02, 2006, feature subclass 12001 prefectural government office)"
Ishikawa,Shizuoka,36.594652,136.625725,34.976906,138.383023,239.69670372573833,267,"geodesic distance, pyproj.Geod",GRS80,"MLIT National Land Numerical Information, public facilities (P02, 2006, feature subclass 12001 prefectural government office)"
Shizuoka,Kyoto,34.976906,138.383023,35.021279,135.755635,239.895674244385,268,"geodesic distance, pyproj.Geod",GRS80,"MLIT National Land Numerical Information, public facilities (P02, 2006, feature subclass 12001 prefectural government office)"
Fukushima,Chiba,37.749957,140.467734,35.604588,140.123184,240.05830496714987,269,"geodesic distance, pyproj.Geod",GRS80,"MLIT National Land Numerical Information, public facilities (P02, 2006, feature subclass 12001 prefectural government office)"
Ibaraki,Shizuoka,36.34145,140.446735,34.976906,138.383023,240.49227472170048,270,"geodesic distance, pyproj.Geod",GRS80,"MLIT National Land Numerical Information, public facilities (P02, 2006, feature subclass 12001 prefectural government office)"
Osaka,Shimane,34.686394,135.519994,35.472212,133.05053,241.49055084146318,271,"geodesic distance, pyproj.Geod",GRS80,"MLIT National Land Numerical Information, public facilities (P02, 2006, feature subclass 12001 prefectural government office)"
Hyogo,Ehime,34.691304,135.182995,33.841646,132.766103,241.70729475443594,272,"geodesic distance, pyproj.Geod",GRS80,"MLIT National Land Numerical Information, public facilities (P02, 2006, feature subclass 12001 prefectural government office)"
Aichi,Tottori,35.180198,136.906739,35.503704,134.238174,245.22335310544685,273,"geodesic distance, pyproj.Geod",GRS80,"MLIT National Land Numerical Information, public facilities (P02, 2006, feature subclass 12001 prefectural government office)"
Nara,Kochi,34.685231,135.832883,33.559753,133.531115,246.31252747331413,274,"geodesic distance, pyproj.Geod",GRS80,"MLIT National Land Numerical Information, public facilities (P02, 2006, feature subclass 12001 prefectural government office)"
Gifu,Tokushima,35.391199,136.722168,34.065728,134.559484,246.67837787277742,275,"geodesic distance, pyproj.Geod",GRS80,"MLIT National Land Numerical Information, public facilities (P02, 2006, feature subclass 12001 prefectural government office)"
Ishikawa,Tottori,36.594652,136.625725,35.503704,134.238174,246.8426822131647,276,"geodesic distance, pyproj.Geod",GRS80,"MLIT National Land Numerical Information, public facilities (P02, 2006, feature subclass 12001 prefectural government office)"
Aichi,Tokushima,35.180198,136.906739,34.065728,134.559484,248.22156051215808,277,"geodesic distance, pyproj.Geod",GRS80,"MLIT National Land Numerical Information, public facilities (P02, 2006, feature subclass 12001 prefectural government office)"
Ehime,Miyazaki,33.841646,132.766103,31.910975,131.423863,248.23424439018908,278,"geodesic distance, pyproj.Geod",GRS80,"MLIT National Land Numerical Information, public facilities (P02, 2006, feature subclass 12001 prefectural government office)"
Ishikawa,Hyogo,36.594652,136.625725,34.691304,135.182995,248.32772676385463,279,"geodesic distance, pyproj.Geod",GRS80,"MLIT National Land Numerical Information, public facilities (P02, 2006, feature subclass 12001 prefectural government office)"
Tokyo,Toyama,35.689568,139.691717,36.69519,137.211341,249.43345501387728,280,"geodesic distance, pyproj.Geod",GRS80,"MLIT National Land Numerical Information, public facilities (P02, 2006, feature subclass 12001 prefectural government office)"
Wakayama,Hiroshima,34.225994,135.16745,34.396271,132.459369,249.97669015799931,281,"geodesic distance, pyproj.Geod",GRS80,"MLIT National Land Numerical Information, public facilities (P02, 2006, feature subclass 12001 prefectural government office)"
Kanagawa,Aichi,35.44771,139.642536,35.180198,136.906739,250.54389834249315,282,"geodesic distance, pyproj.Geod",GRS80,"MLIT National Land Numerical Information, public facilities (P02, 2006, feature subclass 12001 prefectural government office)"
Kyoto,Shimane,35.021279,135.755635,35.472212,133.05053,251.2230728543922,283,"geodesic distance, pyproj.Geod",GRS80,"MLIT National Land Numerical Information, public facilities (P02, 2006, feature subclass 12001 prefectural government office)"
Niigata,Yamanashi,37.902238,139.023531,35.663935,138.568379,251.6922730233288,284,"geodesic distance, pyproj.Geod",GRS80,"MLIT National Land Numerical Information, public facilities (P02, 2006, feature subclass 12001 prefectural government office)"
Hyogo,Hiroshima,34.691304,135.182995,34.396271,132.459369,252.1319061143866,285,"geodesic distance, pyproj.Geod",GRS80,"MLIT National Land Numerical Information, public facilities (P02, 2006, feature subclass 12001 prefectural government office)"
Yamaguchi,Miyazaki,34.185859,131.471401,31.910975,131.423863,252.33592902475598,286,"geodesic distance, pyproj.Geod",GRS80,"MLIT National Land Numerical Information, public facilities (P02, 2006, feature subclass 12001 prefectural government office)"
Tokyo,Niigata,35.689568,139.691717,37.902238,139.023531,252.6840105680211,287,"geodesic distance, pyproj.Geod",GRS80,"MLIT National Land Numerical Information, public facilities (P02, 2006, feature subclass 12001 prefectural government office)"
Hokkaido,Aomori,43.064278,141.346785,40.824338,140.740087,253.82849335528704,288,"geodesic distance, pyproj.Geod",GRS80,"MLIT National Land Numerical Information, public facilities (P02, 2006, feature subclass 12001 prefectural government office)"
Toyama,Nara,36.69519,137.211341,34.685231,135.832883,255.53410346590871,289,"geodesic distance, pyproj.Geod",GRS80,"MLIT National Land Numerical Information, public facilities (P02, 2006, feature subclass 12001 prefectural government office)"
Yamanashi,Shiga,35.663935,138.568379,35.004394,135.868292,256.1431642788389,290,"geodesic distance, pyproj.Geod",GRS80,"MLIT National Land Numerical Information, public facilities (P02, 2006, feature subclass 12001 prefectural government office)"
Kagawa,Oita,34.34016,134.04339,33.238128,131.612605,256.1542592183866,291,"geodesic distance, pyproj.Geod",GRS80,"MLIT National Land Numerical Information, public facilities (P02, 2006, feature subclass 12001 prefectural government office)"
Niigata,Ishikawa,37.902238,139.023531,36.594652,136.625725,257.5042433387596,292,"geodesic distance, pyproj.Geod",GRS80,"MLIT National Land Numerical Information, public facilities (P02, 2006, feature subclass 12001 prefectural government office)"
Gunma,Fukui,36.391192,139.060947,36.065244,136.221791,257.78900278219623,293,"geodesic distance, pyproj.Geod",GRS80,"MLIT National Land Numerical Information, public facilities (P02, 2006, feature subclass 12001 prefectural government office)"
Kanagawa,Toyama,35.44771,139.642536,36.69519,137.211341,259.0699476361883,294,"geodesic distance, pyproj.Geod",GRS80,"MLIT National Land Numerical Information, public facilities (P02, 2006, feature subclass 12001 prefectural government office)"
Tokyo,Aichi,35.689568,139.691717,35.180198,136.906739,259.1107793433319,295,"geodesic distance, pyproj.Geod",GRS80,"MLIT National Land Numerical Information, public facilities (P02, 2006, feature subclass 12001 prefectural government office)"
Fukui,Okayama,36.065244,136.221791,34.661759,133.934894,259.68493851514864,296,"geodesic distance, pyproj.Geod",GRS80,"MLIT National Land Numerical Information, public facilities (P02, 2006, feature subclass 12001 prefectural government office)"
Saitama,Aichi,35.856907,139.648854,35.180198,136.906739,259.80675100401,297,"geodesic distance, pyproj.Geod",GRS80,"MLIT National Land Numerical Information, public facilities (P02, 2006, feature subclass 12001 prefectural government office)"
Kyoto,Kochi,35.021279,135.755635,33.559753,133.531115,261.19706408640826,298,"geodesic distance, pyproj.Geod",GRS80,"MLIT National Land Numerical Information, public facilities (P02, 2006, feature subclass 12001 prefectural government office)"
Nagano,Mie,36.65131,138.180991,34.730268,136.508594,261.41891124588346,299,"geodesic distance, pyproj.Geod",GRS80,"MLIT National Land Numerical Information, public facilities (P02, 2006, feature subclass 12001 prefectural government office)"
Yamagata,Nagano,38.240457,140.363278,36.65131,138.180991,261.5152887508523,300,"geodesic distance, pyproj.Geod",GRS80,"MLIT National Land Numerical Information, public facilities (P02, 2006, feature subclass 12001 prefectural government office)"
Shiga,Shimane,35.004394,135.868292,35.472212,133.05053,261.669006010961,301,"geodesic distance, pyproj.Geod",GRS80,"MLIT National Land Numerical Information, public facilities (P02, 2006, feature subclass 12001 prefectural government office)"
Miyagi,Gunma,38.268803,140.871846,36.391192,139.060947,263.0107007010514,302,"geodesic distance, pyproj.Geod",GRS80,"MLIT National Land Numerical Information, public facilities (P02, 2006, feature subclass 12001 prefectural government office)"
Shizuoka,Osaka,34.976906,138.383023,34.686394,135.519994,263.860911894359,303,"geodesic distance, pyproj.Geod",GRS80,"MLIT National Land Numerical Information, public facilities (P02, 2006, feature subclass 12001 prefectural government office)"
Kanagawa,Gifu,35.44771,139.642536,35.391199,136.722168,265.29188269108363,304,"geodesic distance, pyproj.Geod",GRS80,"MLIT National Land Numerical Information, public facilities (P02, 2006, feature subclass 12001 prefectural government office)"
Yamanashi,Kyoto,35.663935,138.568379,35.021279,135.755635,265.43890252749196,305,"geodesic distance, pyproj.Geod",GRS80,"MLIT National Land Numerical Information, public facilities (P02, 2006, feature subclass 12001 prefectural government office)"
Fukushima,Kanagawa,37.749957,140.467734,35.44771,139.642536,265.93278530993797,306,"geodesic distance, pyproj.Geod",GRS80,"MLIT National Land Numerical Information, public facilities (P02, 2006, feature subclass 12001 prefectural government office)"
Okayama,Oita,34.661759,133.934894,33.238128,131.612605,266.48000033927667,307,"geodesic distance, pyproj.Geod",GRS80,"MLIT National Land Numerical Information, public facilities (P02, 2006, feature subclass 12001 prefectural government office)"
Gifu,Okayama,35.391199,136.722168,34.661759,133.934894,266.91398325824025,308,"geodesic distance, pyproj.Geod",GRS80,"MLIT National Land Numerical Information, public facilities (P02, 2006, feature subclass 12001 prefectural government office)"
Shiga,Kochi,35.004394,135.868292,33.559753,133.531115,268.299718642245,309,"geodesic distance, pyproj.Geod",GRS80,"MLIT National Land Numerical Information, public facilities (P02, 2006, feature subclass 12001 prefectural government office)"
Nara,Shimane,34.685231,135.832883,35.472212,133.05053,268.3402765805033,310,"geodesic distance, pyproj.Geod",GRS80,"MLIT National Land Numerical Information, public facilities (P02, 2006, feature subclass 12001 prefectural government office)"
Fukui,Tokushima,36.065244,136.221791,34.065728,134.559484,268.6879950212541,311,"geodesic distance, pyproj.Geod",GRS80,"MLIT National Land Numerical Information, public facilities (P02, 2006, feature subclass 12001 prefectural government office)"
Kochi,Miyazaki,33.559753,133.531115,31.910975,131.423863,269.1445094827362,312,"geodesic distance, pyproj.Geod",GRS80,"MLIT National Land Numerical Information, public facilities (P02, 2006, feature subclass 12001 prefectural government office)"
Saitama,Gifu,35.856907,139.648854,35.391199,136.722168,270.1043641262282,313,"geodesic distance, pyproj.Geod",GRS80,"MLIT National Land Numerical Information, public facilities (P02, 2006, feature subclass 12001 prefectural government office)"
Osaka,Ehime,34.686394,135.519994,33.841646,132.766103,270.37209630597215,314,"geodesic distance, pyproj.Geod",GRS80,"MLIT National Land Numerical Information, public facilities (P02, 2006, feature subclass 12001 prefectural government office)"
Toyama,Osaka,36.69519,137.211341,34.686394,135.519994,270.382775239455,315,"geodesic distance, pyproj.Geod",GRS80,"MLIT National Land Numerical Information, public facilities (P02, 2006, feature subclass 12001 prefectural government office)"
Gifu,Kagawa,35.391199,136.722168,34.34016,134.04339,271.2625446039083,316,"geodesic distance, pyproj.Geod",GRS80,"MLIT National Land Numerical Information, public facilities (P02, 2006, feature subclass 12001 prefectural government office)"
Tokyo,Gifu,35.689568,139.691717,35.391199,136.722168,271.30672018895945,317,"geodesic distance, pyproj.Geod",GRS80,"MLIT National Land Numerical Information, public facilities (P02, 2006, feature subclass 12001 prefectural government office)"
Yamanashi,Nara,35.663935,138.568379,34.685231,135.832883,271.8019117853582,318,"geodesic distance, pyproj.Geod",GRS80,"MLIT National Land Numerical Information, public facilities (P02, 2006, feature subclass 12001 prefectural government office)"
Yamagata,Saitama,38.240457,140.363278,35.856907,139.648854,272.04711973700637,319,"geodesic distance, pyproj.Geod",GRS80,"MLIT National Land Numerical Information, public facilities (P02, 2006, feature subclass 12001 prefectural government office)"
Iwate,Niigata,39.703647,141.152592,37.902238,139.023531,272.36967072590375,320,"geodesic distance, pyproj.Geod",GRS80,"MLIT National Land Numerical Information, public facilities (P02, 2006, feature subclass 12001 prefectural government office)"
Chiba,Niigata,35.604588,140.123184,37.902238,139.023531,273.22613661511474,321,"geodesic distance, pyproj.Geod",GRS80,"MLIT National Land Numerical Information, public facilities (P02, 2006, feature subclass 12001 prefectural government office)"
Kochi,Kumamoto,33.559753,133.531115,32.790374,130.741134,273.838516958692,322,"geodesic distance, pyproj.Geod",GRS80,"MLIT National Land Numerical Information, public facilities (P02, 2006, feature subclass 12001 prefectural government office)"
Fukui,Kagawa,36.065244,136.221791,34.34016,134.04339,275.62903917169996,323,"geodesic distance, pyproj.Geod",GRS80,"MLIT National Land Numerical Information, public facilities (P02, 2006, feature subclass 12001 prefectural government office)"
Aichi,Okayama,35.180198,136.906739,34.661759,133.934894,277.56687634677087,324,"geodesic distance, pyproj.Geod",GRS80,"MLIT National Land Numerical Information, public facilities (P02, 2006, feature subclass 12001 prefectural government office)"
Nagano,Shiga,36.65131,138.180991,35.004394,135.868292,277.58300689104124,325,"geodesic distance, pyproj.Geod",GRS80,"MLIT National Land Numerical Information, public facilities (P02, 2006, feature subclass 12001 prefectural government office)"
Kanagawa,Niigata,35.44771,139.642536,37.902238,139.023531,277.9439933756765,326,"geodesic distance, pyproj.Geod",GRS80,"MLIT National Land Numerical Information, public facilities (P02, 2006, feature subclass 12001 prefectural government office)"
Aichi,Kagawa,35.180198,136.906739,34.34016,134.04339,278.20779107398556,327,"geodesic distance, pyproj.Geod",GRS80,"MLIT National Land Numerical Information, public facilities (P02, 2006, feature subclass 12001 prefectural government office)"
Shimane,Oita,35.472212,133.05053,33.238128,131.612605,280.9112982454777,328,"geodesic distance, pyproj.Geod",GRS80,"MLIT National Land Numerical Information, public facilities (P02, 2006, feature subclass 12001 prefectural government office)"
Osaka,Hiroshima,34.686394,135.519994,34.396271,132.459369,282.77495159278095,329,"geodesic distance, pyproj.Geod",GRS80,"MLIT National Land Numerical Information, public facilities (P02, 2006, feature subclass 12001 prefectural government office)"
Saitama,Ishikawa,35.856907,139.648854,36.594652,136.625725,283.84262780134304,330,"geodesic distance, pyproj.Geod",GRS80,"MLIT National Land Numerical Information, public facilities (P02, 2006, feature subclass 12001 prefectural government office)"
Aomori,Miyagi,40.824338,140.740087,38.268803,140.871846,283.956579740765,331,"geodesic distance, pyproj.Geod",GRS80,"MLIT National Land Numerical Information, public facilities (P02, 2006, feature subclass 12001 prefectural government office)"
Nagano,Kyoto,36.65131,138.180991,35.021279,135.755635,284.10946324044687,332,"geodesic distance, pyproj.Geod",GRS80,"MLIT National Land Numerical Information, public facilities (P02, 2006, feature subclass 12001 prefectural government office)"
Yamaguchi,Tokushima,34.185859,131.471401,34.065728,134.559484,285.1711897443721,333,"geodesic distance, pyproj.Geod",GRS80,"MLIT National Land Numerical Information, public facilities (P02, 2006, feature subclass 12001 prefectural government office)"
Fukushima,Yamanashi,37.749957,140.467734,35.663935,138.568379,287.0197445123474,334,"geodesic distance, pyproj.Geod",GRS80,"MLIT National Land Numerical Information, public facilities (P02, 2006, feature subclass 12001 prefectural government office)"
Toyama,Hyogo,36.69519,137.211341,34.691304,135.182995,288.3210261445982,335,"geodesic distance, pyproj.Geod",GRS80,"MLIT National Land Numerical Information, public facilities (P02, 2006, feature subclass 12001 prefectural government office)"
Tokushima,Oita,34.065728,134.559484,33.238128,131.612605,288.3392020069825,336,"geodesic distance, pyproj.Geod",GRS80,"MLIT National Land Numerical Information, public facilities (P02, 2006, feature subclass 12001 prefectural government office)"
Chiba,Toyama,35.604588,140.123184,36.69519,137.211341,288.6201570829987,337,"geodesic distance, pyproj.Geod",GRS80,"MLIT National Land Numerical Information, public facilities (P02, 2006, feature subclass 12001 prefectural government office)"
Aomori,Yamagata,40.824338,140.740087,38.240457,140.363278,288.69958924120624,338,"geodesic distance, pyproj.Geod",GRS80,"MLIT National Land Numerical Information, public facilities (P02, 2006, feature subclass 12001 prefectural government office)"
Miyagi,Saitama,38.268803,140.871846,35.856907,139.648854,288.9172099464133,339,"geodesic distance, pyproj.Geod",GRS80,"MLIT National Land Numerical Information, public facilities (P02, 2006, feature subclass 12001 prefectural government office)"
Kochi,Fukuoka,33.559753,133.531115,33.606261,130.418114,289.02672131478926,340,"geodesic distance, pyproj.Geod",GRS80,"MLIT National Land Numerical Information, public facilities (P02, 2006, feature subclass 12001 prefectural government office)"
Yamagata,Tokyo,38.240457,140.363278,35.689568,139.691717,289.3353311712691,341,"geodesic distance, pyproj.Geod",GRS80,"MLIT National Land Numerical Information, public facilities (P02, 2006, feature subclass 12001 prefectural government office)"
Tochigi,Ishikawa,36.565689,139.883528,36.594652,136.625725,291.5727372418389,342,"geodesic distance, pyproj.Geod",GRS80,"MLIT National Land Numerical Information, public facilities (P02, 2006, feature subclass 12001 prefectural government office)"
Hiroshima,Miyazaki,34.396271,132.459369,31.910975,131.423863,292.06977256590136,343,"geodesic distance, pyproj.Geod",GRS80,"MLIT National Land Numerical Information, public facilities (P02, 2006, feature subclass 12001 prefectural government office)"
Tottori,Yamaguchi,35.503704,134.238174,34.185859,131.471401,292.2280205965411,344,"geodesic distance, pyproj.Geod",GRS80,"MLIT National Land Numerical Information, public facilities (P02, 2006, feature subclass 12001 prefectural government office)"
Ibaraki,Toyama,36.34145,140.446735,36.69519,137.211341,292.4259815113681,345,"geodesic distance, pyproj.Geod",GRS80,"MLIT National Land Numerical Information, public facilities (P02, 2006, feature subclass 12001 prefectural government office)"
Yamagata,Chiba,38.240457,140.363278,35.604588,140.123184,293.29969756988044,346,"geodesic distance, pyproj.Geod",GRS80,"MLIT National Land Numerical Information, public facilities (P02, 2006, feature subclass 12001 prefectural government office)"
Tokyo,Ishikawa,35.689568,139.691717,36.594652,136.625725,293.6340135654994,347,"geodesic distance, pyproj.Geod",GRS80,"MLIT National Land Numerical Information, public facilities (P02, 2006, feature subclass 12001 prefectural government office)"
Fukui,Shimane,36.065244,136.221791,35.472212,133.05053,294.20193020051164,348,"geodesic distance, pyproj.Geod",GRS80,"MLIT National Land Numerical Information, public facilities (P02, 2006, feature subclass 12001 prefectural government office)"
Ishikawa,Wakayama,36.594652,136.625725,34.225994,135.16745,294.2799915654586,349,"geodesic distance, pyproj.Geod",GRS80,"MLIT National Land Numerical Information, public facilities (P02, 2006, feature subclass 12001 prefectural government office)"
Shizuoka,Hyogo,34.976906,138.383023,34.691304,135.182995,294.40975553306225,350,"geodesic distance, pyproj.Geod",GRS80,"MLIT National Land Numerical Information, public facilities (P02, 2006, feature subclass 12001 prefectural government office)"
Ehime,Nagasaki,33.841646,132.766103,32.744836,129.873514,295.59686217159395,351,"geodesic distance, pyproj.Geod",GRS80,"MLIT National Land Numerical Information, public facilities (P02, 2006, feature subclass 12001 prefectural government office)"
Gunma,Mie,36.391192,139.060947,34.730268,136.508594,295.79129371398835,352,"geodesic distance, pyproj.Geod",GRS80,"MLIT National Land Numerical Information, public facilities (P02, 2006, feature subclass 12001 prefectural government office)"
Chiba,Aichi,35.604588,140.123184,35.180198,136.906739,295.9695634678717,353,"geodesic distance, pyproj.Geod",GRS80,"MLIT National Land Numerical Information, public facilities (P02, 2006, feature subclass 12001 prefectural government office)"
Kanagawa,Mie,35.44771,139.642536,34.730268,136.508594,296.64310283359396,354,"geodesic distance, pyproj.Geod",GRS80,"MLIT National Land Numerical Information, public facilities (P02, 2006, feature subclass 12001 prefectural government office)"
Nara,Ehime,34.685231,135.832883,33.841646,132.766103,297.5280236640057,355,"geodesic distance, pyproj.Geod",GRS80,"MLIT National Land Numerical Information, public facilities (P02, 2006, feature subclass 12001 prefectural government office)"
Yamanashi,Osaka,35.663935,138.568379,34.686394,135.519994,298.09615480755315,356,"geodesic distance, pyproj.Geod",GRS80,"MLIT National Land Numerical Information, public facilities (P02, 2006, feature subclass 12001 prefectural government office)"
Miyagi,Nagano,38.268803,140.871846,36.65131,138.180991,298.14222613065147,357,"geodesic distance, pyproj.Geod",GRS80,"MLIT National Land Numerical Information, public facilities (P02, 2006, feature subclass 12001 prefectural government office)"
Toyama,Tottori,36.69519,137.211341,35.503704,134.238174,298.5776744237694,358,"geodesic distance, pyproj.Geod",GRS80,"MLIT National Land Numerical Information, public facilities (P02, 2006, feature subclass 12001 prefectural government office)"
Kanagawa,Ishikawa,35.44771,139.642536,36.594652,136.625725,300.21983941831115,359,"geodesic distance, pyproj.Geod",GRS80,"MLIT National Land Numerical Information, public facilities (P02, 2006, feature subclass 12001 prefectural government office)"
Hiroshima,Nagasaki,34.396271,132.459369,32.744836,129.873514,301.9622165682719,360,"geodesic distance, pyproj.Geod",GRS80,"MLIT National Land Numerical Information, public facilities (P02, 2006, feature subclass 12001 prefectural government office)"
Kochi,Saga,33.559753,133.531115,33.249322,130.298799,302.63627908508124,361,"geodesic distance, pyproj.Geod",GRS80,"MLIT National Land Numerical Information, public facilities (P02, 2006, feature subclass 12001 prefectural government office)"
Miyagi,Chiba,38.268803,140.871846,35.604588,140.123184,303.09071820904177,362,"geodesic distance, pyproj.Geod",GRS80,"MLIT National Land Numerical Information, public facilities (P02, 2006, feature subclass 12001 prefectural government office)"
Yamaguchi,Kagoshima,34.185859,131.471401,31.560185,130.558141,303.47247903281885,363,"geodesic distance, pyproj.Geod",GRS80,"MLIT National Land Numerical Information, public facilities (P02, 2006, feature subclass 12001 prefectural government office)"
Mie,Kochi,34.730268,136.508594,33.559753,133.531115,303.73481083230797,364,"geodesic distance, pyproj.Geod",GRS80,"MLIT National Land Numerical Information, public facilities (P02, 2006, feature subclass 12001 prefectural government office)"
Kyoto,Ehime,35.021279,135.755635,33.841646,132.766103,304.33100499007475,365,"geodesic distance, pyproj.Geod",GRS80,"MLIT National Land Numerical Information, public facilities (P02, 2006, feature subclass 12001 prefectural government office)"
Nagano,Nara,36.65131,138.180991,34.685231,135.832883,304.58186844196064,366,"geodesic distance, pyproj.Geod",GRS80,"MLIT National Land Numerical Information, public facilities (P02, 2006, feature subclass 12001 prefectural government office)"
Miyagi,Tokyo,38.268803,140.871846,35.689568,139.691717,304.90441250108375,367,"geodesic distance, pyproj.Geod",GRS80,"MLIT National Land Numerical Information, public facilities (P02, 2006, feature subclass 12001 prefectural government office)"
Shizuoka,Wakayama,34.976906,138.383023,34.225994,135.16745,306.4801251568805,368,"geodesic distance, pyproj.Geod",GRS80,"MLIT National Land Numerical Information, public facilities (P02, 2006, feature subclass 12001 prefectural government office)"
Tokyo,Mie,35.689568,139.691717,34.730268,136.508594,308.7406324273923,369,"geodesic distance, pyproj.Geod",GRS80,"MLIT National Land Numerical Information, public facilities (P02, 2006, feature subclass 12001 prefectural government office)"
Chiba,Gifu,35.604588,140.123184,35.391199,136.722168,309.47138704480636,370,"geodesic distance, pyproj.Geod",GRS80,"MLIT National Land Numerical Information, public facilities (P02, 2006, feature subclass 12001 prefectural government office)"
Tochigi,Aichi,36.565689,139.883528,35.180198,136.906739,309.65574197985205,371,"geodesic distance, pyproj.Geod",GRS80,"MLIT National Land Numerical Information, public facilities (P02, 2006, feature subclass 12001 prefectural government office)"
Kyoto,Hiroshima,35.021279,135.755635,34.396271,132.459369,309.813361816975,372,"geodesic distance, pyproj.Geod",GRS80,"MLIT National Land Numerical Information, public facilities (P02, 2006, feature subclass 12001 prefectural government office)"
Saitama,Fukui,35.856907,139.648854,36.065244,136.221791,309.99520010952034,373,"geodesic distance, pyproj.Geod",GRS80,"MLIT National Land Numerical Information, public facilities (P02, 2006, feature subclass 12001 prefectural government office)"
Nara,Hiroshima,34.685231,135.832883,34.396271,132.459369,311.3121515330473,374,"geodesic distance, pyproj.Geod",GRS80,"MLIT National Land Numerical Information, public facilities (P02, 2006, feature subclass 12001 prefectural government office)"
Saitama,Mie,35.856907,139.648854,34.730268,136.508594,311.7712914011908,375,"geodesic distance, pyproj.Geod",GRS80,"MLIT National Land Numerical Information, public facilities (P02, 2006, feature subclass 12001 prefectural government office)"
Fukushima,Toyama,37.749957,140.467734,36.69519,137.211341,311.7933566801966,376,"geodesic distance, pyproj.Geod",GRS80,"MLIT National Land Numerical Information, public facilities (P02, 2006, feature subclass 12001 prefectural government office)"
Shiga,Ehime,35.004394,135.868292,33.841646,132.766103,312.9596011059457,377,"geodesic distance, pyproj.Geod",GRS80,"MLIT National Land Numerical Information, public facilities (P02, 2006, feature subclass 12001 prefectural government office)"
Tochigi,Gifu,36.565689,139.883528,35.391199,136.722168,313.4656584240617,378,"geodesic distance, pyproj.Geod",GRS80,"MLIT National Land Numerical Information, public facilities (P02, 2006, feature subclass 12001 prefectural government office)"
Tokyo,Fukui,35.689568,139.691717,36.065244,136.221791,316.08750003797127,379,"geodesic distance, pyproj.Geod",GRS80,"MLIT National Land Numerical Information, public facilities (P02, 2006, feature subclass 12001 prefectural government office)"
Yamagata,Kanagawa,38.240457,140.363278,35.44771,139.642536,316.51787555564516,380,"geodesic distance, pyproj.Geod",GRS80,"MLIT National Land Numerical Information, public facilities (P02, 2006, feature subclass 12001 prefectural government office)"
Kanagawa,Fukui,35.44771,139.642536,36.065244,136.221791,316.850061668713,381,"geodesic distance, pyproj.Geod",GRS80,"MLIT National Land Numerical Information, public facilities (P02, 2006, feature subclass 12001 prefectural government office)"
Shimane,Fukuoka,35.472212,133.05053,33.606261,130.418114,318.157733750664,382,"geodesic distance, pyproj.Geod",GRS80,"MLIT National Land Numerical Information, public facilities (P02, 2006, feature subclass 12001 prefectural government office)"
Shiga,Hiroshima,35.004394,135.868292,34.396271,132.459369,319.50937475091587,383,"geodesic distance, pyproj.Geod",GRS80,"MLIT National Land Numerical Information, public facilities (P02, 2006, feature subclass 12001 prefectural government office)"
Niigata,Fukui,37.902238,139.023531,36.065244,136.221791,322.1219842617641,384,"geodesic distance, pyproj.Geod",GRS80,"MLIT National Land Numerical Information, public facilities (P02, 2006, feature subclass 12001 prefectural government office)"
Ishikawa,Okayama,36.594652,136.625725,34.661759,133.934894,324.6351961921658,385,"geodesic distance, pyproj.Geod",GRS80,"MLIT National Land Numerical Information, public facilities (P02, 2006, feature subclass 12001 prefectural government office)"
Nagano,Osaka,36.65131,138.180991,34.686394,135.519994,324.8941748153596,386,"geodesic distance, pyproj.Geod",GRS80,"MLIT National Land Numerical Information, public facilities (P02, 2006, feature subclass 12001 prefectural government office)"
Mie,Shimane,34.730268,136.508594,35.472212,133.05053,325.8380593169869,387,"geodesic distance, pyproj.Geod",GRS80,"MLIT National Land Numerical Information, public facilities (P02, 2006, feature subclass 12001 prefectural government office)"
Yamanashi,Hyogo,35.663935,138.568379,34.691304,135.182995,326.687951368063,388,"geodesic distance, pyproj.Geod",GRS80,"MLIT National Land Numerical Information, public facilities (P02, 2006, feature subclass 12001 prefectural government office)"
Ehime,Kagoshima,33.841646,132.766103,31.560185,130.558141,326.90098008726915,389,"geodesic distance, pyproj.Geod",GRS80,"MLIT National Land Numerical Information, public facilities (P02, 2006, feature subclass 12001 prefectural government office)"
Yamagata,Toyama,38.240457,140.363278,36.69519,137.211341,327.32238486286974,390,"geodesic distance, pyproj.Geod",GRS80,"MLIT National Land Numerical Information, public facilities (P02, 2006, feature subclass 12001 prefectural government office)"
Gunma,Shiga,36.391192,139.060947,35.004394,135.868292,327.3433662902341,391,"geodesic distance, pyproj.Geod",GRS80,"MLIT National Land Numerical Information, public facilities (P02, 2006, feature subclass 12001 prefectural government office)"
Yamagata,Yamanashi,38.240457,140.363278,35.663935,138.568379,327.57196674980037,392,"geodesic distance, pyproj.Geod",GRS80,"MLIT National Land Numerical Information, public facilities (P02, 2006, feature subclass 12001 prefectural government office)"
Niigata,Shizuoka,37.902238,139.023531,34.976906,138.383023,329.65388011543064,393,"geodesic distance, pyproj.Geod",GRS80,"MLIT National Land Numerical Information, public facilities (P02, 2006, feature subclass 12001 prefectural government office)"
Toyama,Wakayama,36.69519,137.211341,34.225994,135.16745,330.84533552514955,394,"geodesic distance, pyproj.Geod",GRS80,"MLIT National Land Numerical Information, public facilities (P02, 2006, feature subclass 12001 prefectural government office)"
Miyagi,Kanagawa,38.268803,140.871846,35.44771,139.642536,331.6994399367423,395,"geodesic distance, pyproj.Geod",GRS80,"MLIT National Land Numerical Information, public facilities (P02, 2006, feature subclass 12001 prefectural government office)"
Tochigi,Fukui,36.565689,139.883528,36.065244,136.221791,333.46969645174187,396,"geodesic distance, pyproj.Geod",GRS80,"MLIT National Land Numerical Information, public facilities (P02, 2006, feature subclass 12001 prefectural government office)"
Gifu,Shimane,35.391199,136.722168,35.472212,133.05053,333.5091078459066,397,"geodesic distance, pyproj.Geod",GRS80,"MLIT National Land Numerical Information, public facilities (P02, 2006, feature subclass 12001 prefectural government office)"
Chiba,Ishikawa,35.604588,140.123184,36.594652,136.625725,333.5313878574538,398,"geodesic distance, pyproj.Geod",GRS80,"MLIT National Land Numerical Information, public facilities (P02, 2006, feature subclass 12001 prefectural government office)"
Gunma,Kyoto,36.391192,139.060947,35.021279,135.755635,335.49475694059356,399,"geodesic distance, pyproj.Geod",GRS80,"MLIT National Land Numerical Information, public facilities (P02, 2006, feature subclass 12001 prefectural government office)"
Ishikawa,Tokushima,36.594652,136.625725,34.065728,134.559484,337.63800249996643,400,"geodesic distance, pyproj.Geod",GRS80,"MLIT National Land Numerical Information, public facilities (P02, 2006, feature subclass 12001 prefectural government office)"
Wakayama,Yamaguchi,34.225994,135.16745,34.185859,131.471401,340.6429319430551,401,"geodesic distance, pyproj.Geod",GRS80,"MLIT National Land Numerical Information, public facilities (P02, 2006, feature subclass 12001 prefectural government office)"
Aomori,Fukushima,40.824338,140.740087,37.749957,140.467734,342.1281834128101,402,"geodesic distance, pyproj.Geod",GRS80,"MLIT National Land Numerical Information, public facilities (P02, 2006, feature subclass 12001 prefectural government office)"
Ishikawa,Kagawa,36.594652,136.625725,34.34016,134.04339,342.7592569475042,403,"geodesic distance, pyproj.Geod",GRS80,"MLIT National Land Numerical Information, public facilities (P02, 2006, feature subclass 12001 prefectural government office)"
Chiba,Mie,35.604588,140.123184,34.730268,136.508594,343.26022312954376,404,"geodesic distance, pyproj.Geod",GRS80,"MLIT National Land Numerical Information, public facilities (P02, 2006, feature subclass 12001 prefectural government office)"
Ibaraki,Ishikawa,36.34145,140.446735,36.594652,136.625725,343.5966498342312,405,"geodesic distance, pyproj.Geod",GRS80,"MLIT National Land Numerical Information, public facilities (P02, 2006, feature subclass 12001 prefectural government office)"
Kagawa,Fukuoka,34.34016,134.04339,33.606261,130.418114,344.7514763308311,406,"geodesic distance, pyproj.Geod",GRS80,"MLIT National Land Numerical Information, public facilities (P02, 2006, feature subclass 12001 prefectural government office)"
Okayama,Fukuoka,34.661759,133.934894,33.606261,130.418114,344.84293943771064,407,"geodesic distance, pyproj.Geod",GRS80,"MLIT National Land Numerical Information, public facilities (P02, 2006, feature subclass 12001 prefectural government office)"
Ibaraki,Aichi,36.34145,140.446735,35.180198,136.906739,345.06653442973555,408,"geodesic distance, pyproj.Geod",GRS80,"MLIT National Land Numerical Information, public facilities (P02, 2006, feature subclass 12001 prefectural government office)"
Ishikawa,Shimane,36.594652,136.625725,35.472212,133.05053,345.41989023539827,409,"geodesic distance, pyproj.Geod",GRS80,"MLIT National Land Numerical Information, public facilities (P02, 2006, feature subclass 12001 prefectural government office)"
Hyogo,Yamaguchi,34.691304,135.182995,34.185859,131.471401,345.67829897645674,410,"geodesic distance, pyproj.Geod",GRS80,"MLIT National Land Numerical Information, public facilities (P02, 2006, feature subclass 12001 prefectural government office)"
Niigata,Gifu,37.902238,139.023531,35.391199,136.722168,346.3778248789498,411,"geodesic distance, pyproj.Geod",GRS80,"MLIT National Land Numerical Information, public facilities (P02, 2006, feature subclass 12001 prefectural government office)"
Kanagawa,Shiga,35.44771,139.642536,35.004394,135.868292,347.0733485805407,412,"geodesic distance, pyproj.Geod",GRS80,"MLIT National Land Numerical Information, public facilities (P02, 2006, feature subclass 12001 prefectural government office)"
Wakayama,Oita,34.225994,135.16745,33.238128,131.612605,347.16045978098106,413,"geodesic distance, pyproj.Geod",GRS80,"MLIT National Land Numerical Information, public facilities (P02, 2006, feature subclass 12001 prefectural government office)"
Nagano,Hyogo,36.65131,138.180991,34.691304,135.182995,347.7663825552696,414,"geodesic distance, pyproj.Geod",GRS80,"MLIT National Land Numerical Information, public facilities (P02, 2006, feature subclass 12001 prefectural government office)"
Tottori,Oita,35.503704,134.238174,33.238128,131.612605,348.5157801204531,415,"geodesic distance, pyproj.Geod",GRS80,"MLIT National Land Numerical Information, public facilities (P02, 2006, feature subclass 12001 prefectural government office)"
Gunma,Nara,36.391192,139.060947,34.685231,135.832883,348.5681527574672,416,"geodesic distance, pyproj.Geod",GRS80,"MLIT National Land Numerical Information, public facilities (P02, 2006, feature subclass 12001 prefectural government office)"
Yamanashi,Wakayama,35.663935,138.568379,34.225994,135.16745,349.204211334053,417,"geodesic distance, pyproj.Geod",GRS80,"MLIT National Land Numerical Information, public facilities (P02, 2006, feature subclass 12001 prefectural government office)"
Akita,Tochigi,39.718058,140.10325,36.565689,139.883528,350.4398983495861,418,"geodesic distance, pyproj.Geod",GRS80,"MLIT National Land Numerical Information, public facilities (P02, 2006, feature subclass 12001 prefectural government office)"
Kagawa,Kumamoto,34.34016,134.04339,32.790374,130.741134,351.4885968406382,419,"geodesic distance, pyproj.Geod",GRS80,"MLIT National Land Numerical Information, public facilities (P02, 2006, feature subclass 12001 prefectural government office)"
Aichi,Shimane,35.180198,136.906739,35.472212,133.05053,352.0941394826103,420,"geodesic distance, pyproj.Geod",GRS80,"MLIT National Land Numerical Information, public facilities (P02, 2006, feature subclass 12001 prefectural government office)"
Ibaraki,Gifu,36.34145,140.446735,35.391199,136.722168,352.4945536735409,421,"geodesic distance, pyproj.Geod",GRS80,"MLIT National Land Numerical Information, public facilities (P02, 2006, feature subclass 12001 prefectural government office)"
Kochi,Nagasaki,33.559753,133.531115,32.744836,129.873514,352.96959008346806,422,"geodesic distance, pyproj.Geod",GRS80,"MLIT National Land Numerical Information, public facilities (P02, 2006, feature subclass 12001 prefectural government office)"
Shimane,Saga,35.472212,133.05053,33.249322,130.298799,353.3537755803769,423,"geodesic distance, pyproj.Geod",GRS80,"MLIT National Land Numerical Information, public facilities (P02, 2006, feature subclass 12001 prefectural government office)"
Miyagi,Yamanashi,38.268803,140.871846,35.663935,138.568379,354.4326748878415,424,"geodesic distance, pyproj.Geod",GRS80,"MLIT National Land Numerical Information, public facilities (P02, 2006, feature subclass 12001 prefectural government office)"
Tokyo,Shiga,35.689568,139.691717,35.004394,135.868292,355.7438218754359,425,"geodesic distance, pyproj.Geod",GRS80,"MLIT National Land Numerical Information, public facilities (P02, 2006, feature subclass 12001 prefectural government office)"
Saitama,Shiga,35.856907,139.648854,35.004394,135.868292,356.06626799937044,426,"geodesic distance, pyproj.Geod",GRS80,"MLIT National Land Numerical Information, public facilities (P02, 2006, feature subclass 12001 prefectural government office)"
Chiba,Fukui,35.604588,140.123184,36.065244,136.221791,356.156560162568,427,"geodesic distance, pyproj.Geod",GRS80,"MLIT National Land Numerical Information, public facilities (P02, 2006, feature subclass 12001 prefectural government office)"
Kochi,Kagoshima,33.559753,133.531115,31.560185,130.558141,356.5161694290839,428,"geodesic distance, pyproj.Geod",GRS80,"MLIT National Land Numerical Information, public facilities (P02, 2006, feature subclass 12001 prefectural government office)"
Aomori,Niigata,40.824338,140.740087,37.902238,139.023531,356.5354124261066,429,"geodesic distance, pyproj.Geod",GRS80,"MLIT National Land Numerical Information, public facilities (P02, 2006, feature subclass 12001 prefectural government office)"
Niigata,Aichi,37.902238,139.023531,35.180198,136.906739,356.58056950130634,430,"geodesic distance, pyproj.Geod",GRS80,"MLIT National Land Numerical Information, public facilities (P02, 2006, feature subclass 12001 prefectural government office)"
Gifu,Kochi,35.391199,136.722168,33.559753,133.531115,356.63568549673954,431,"geodesic distance, pyproj.Geod",GRS80,"MLIT National Land Numerical Information, public facilities (P02, 2006, feature subclass 12001 prefectural government office)"
Kanagawa,Kyoto,35.44771,139.642536,35.021279,135.755635,356.9374770320859,432,"geodesic distance, pyproj.Geod",GRS80,"MLIT National Land Numerical Information, public facilities (P02, 2006, feature subclass 12001 prefectural government office)"
Kanagawa,Nara,35.44771,139.642536,34.685231,135.832883,357.615874549088,433,"geodesic distance, pyproj.Geod",GRS80,"MLIT National Land Numerical Information, public facilities (P02, 2006, feature subclass 12001 prefectural government office)"
Mie,Ehime,34.730268,136.508594,33.841646,132.766103,358.3813995460585,434,"geodesic distance, pyproj.Geod",GRS80,"MLIT National Land Numerical Information, public facilities (P02, 2006, feature subclass 12001 prefectural government office)"
Aichi,Kochi,35.180198,136.906739,33.559753,133.531115,358.74253939599123,435,"geodesic distance, pyproj.Geod",GRS80,"MLIT National Land Numerical Information, public facilities (P02, 2006, feature subclass 12001 prefectural government office)"
Fukushima,Shizuoka,37.749957,140.467734,34.976906,138.383023,360.103516209691,436,"geodesic distance, pyproj.Geod",GRS80,"MLIT National Land Numerical Information, public facilities (P02, 2006, feature subclass 12001 prefectural government office)"
Hiroshima,Kagoshima,34.396271,132.459369,31.560185,130.558141,361.2481612192089,437,"geodesic distance, pyproj.Geod",GRS80,"MLIT National Land Numerical Information, public facilities (P02, 2006, feature subclass 12001 prefectural government office)"
Okayama,Kumamoto,34.661759,133.934894,32.790374,130.741134,361.48992838376546,438,"geodesic distance, pyproj.Geod",GRS80,"MLIT National Land Numerical Information, public facilities (P02, 2006, feature subclass 12001 prefectural government office)"
Kagawa,Miyazaki,34.34016,134.04339,31.910975,131.423863,363.7561671143005,439,"geodesic distance, pyproj.Geod",GRS80,"MLIT National Land Numerical Information, public facilities (P02, 2006, feature subclass 12001 prefectural government office)"
Fukushima,Ishikawa,37.749957,140.467734,36.594652,136.625725,364.4686585416876,440,"geodesic distance, pyproj.Geod",GRS80,"MLIT National Land Numerical Information, public facilities (P02, 2006, feature subclass 12001 prefectural government office)"
Shizuoka,Tokushima,34.976906,138.383023,34.065728,134.559484,365.2972570448238,441,"geodesic distance, pyproj.Geod",GRS80,"MLIT National Land Numerical Information, public facilities (P02, 2006, feature subclass 12001 prefectural government office)"
Tokyo,Kyoto,35.689568,139.691717,35.021279,135.755635,365.33145992393327,442,"geodesic distance, pyproj.Geod",GRS80,"MLIT National Land Numerical Information, public facilities (P02, 2006, feature subclass 12001 prefectural government office)"
Saitama,Kyoto,35.856907,139.648854,35.021279,135.755635,365.4217118797429,443,"geodesic distance, pyproj.Geod",GRS80,"MLIT National Land Numerical Information, public facilities (P02, 2006, feature subclass 12001 prefectural government office)"
Iwate,Tochigi,39.703647,141.152592,36.565689,139.883528,365.6366554866985,444,"geodesic distance, pyproj.Geod",GRS80,"MLIT National Land Numerical Information, public facilities (P02, 2006, feature subclass 12001 prefectural government office)"
Shimane,Kumamoto,35.472212,133.05053,32.790374,130.741134,365.85991535023675,445,"geodesic distance, pyproj.Geod",GRS80,"MLIT National Land Numerical Information, public facilities (P02, 2006, feature subclass 12001 prefectural government office)"
Hyogo,Oita,34.691304,135.182995,33.238128,131.612605,367.2163338054499,446,"geodesic distance, pyproj.Geod",GRS80,"MLIT National Land Numerical Information, public facilities (P02, 2006, feature subclass 12001 prefectural government office)"
Tochigi,Mie,36.565689,139.883528,34.730268,136.508594,367.23194819852023,447,"geodesic distance, pyproj.Geod",GRS80,"MLIT National Land Numerical Information, public facilities (P02, 2006, feature subclass 12001 prefectural government office)"
Kagawa,Saga,34.34016,134.04339,33.249322,130.298799,367.245748692996,448,"geodesic distance, pyproj.Geod",GRS80,"MLIT National Land Numerical Information, public facilities (P02, 2006, feature subclass 12001 prefectural government office)"
Miyagi,Toyama,38.268803,140.871846,36.69519,137.211341,367.8198356574264,449,"geodesic distance, pyproj.Geod",GRS80,"MLIT National Land Numerical Information, public facilities (P02, 2006, feature subclass 12001 prefectural government office)"
Tokyo,Nara,35.689568,139.691717,34.685231,135.832883,368.66912767512054,450,"geodesic distance, pyproj.Geod",GRS80,"MLIT National Land Numerical Information, public facilities (P02, 2006, feature subclass 12001 prefectural government office)"
Saitama,Nara,35.856907,139.648854,34.685231,135.832883,370.7029277864216,451,"geodesic distance, pyproj.Geod",GRS80,"MLIT National Land Numerical Information, public facilities (P02, 2006, feature subclass 12001 prefectural government office)"
Okayama,Saga,34.661759,133.934894,33.249322,130.298799,370.78264286047397,452,"geodesic distance, pyproj.Geod",GRS80,"MLIT National Land Numerical Information, public facilities (P02, 2006, feature subclass 12001 prefectural government office)"
Fukui,Kochi,36.065244,136.221791,33.559753,133.531115,371.2648354126538,453,"geodesic distance, pyproj.Geod",GRS80,"MLIT National Land Numerical Information, public facilities (P02, 2006, feature subclass 12001 prefectural government office)"
Toyama,Okayama,36.69519,137.211341,34.661759,133.934894,372.62412906689144,454,"geodesic distance, pyproj.Geod",GRS80,"MLIT National Land Numerical Information, public facilities (P02, 2006, feature subclass 12001 prefectural government office)"
Gunma,Osaka,36.391192,139.060947,34.686394,135.519994,372.64038898627257,455,"geodesic distance, pyproj.Geod",GRS80,"MLIT National Land Numerical Information, public facilities (P02, 2006, feature subclass 12001 prefectural government office)"
Mie,Hiroshima,34.730268,136.508594,34.396271,132.459369,373.4160943178111,456,"geodesic distance, pyproj.Geod",GRS80,"MLIT National Land Numerical Information, public facilities (P02, 2006, feature subclass 12001 prefectural government office)"
Hokkaido,Iwate,43.064278,141.346785,39.703647,141.152592,373.58926561025277,457,"geodesic distance, pyproj.Geod",GRS80,"MLIT National Land Numerical Information, public facilities (P02, 2006, feature subclass 12001 prefectural government office)"
Akita,Ibaraki,39.718058,140.10325,36.34145,140.446735,376.00406678928,458,"geodesic distance, pyproj.Geod",GRS80,"MLIT National Land Numerical Information, public facilities (P02, 2006, feature subclass 12001 prefectural government office)"
Osaka,Yamaguchi,34.686394,135.519994,34.185859,131.471401,376.1985339317433,459,"geodesic distance, pyproj.Geod",GRS80,"MLIT National Land Numerical Information, public facilities (P02, 2006, feature subclass 12001 prefectural government office)"
Nagano,Tottori,36.65131,138.180991,35.503704,134.238174,377.2519373040238,460,"geodesic distance, pyproj.Geod",GRS80,"MLIT National Land Numerical Information, public facilities (P02, 2006, feature subclass 12001 prefectural government office)"
Yamagata,Ishikawa,38.240457,140.363278,36.594652,136.625725,377.8844361230575,461,"geodesic distance, pyproj.Geod",GRS80,"MLIT National Land Numerical Information, public facilities (P02, 2006, feature subclass 12001 prefectural government office)"
Tokushima,Miyazaki,34.065728,134.559484,31.910975,131.423863,378.1130001485128,462,"geodesic distance, pyproj.Geod",GRS80,"MLIT National Land Numerical Information, public facilities (P02, 2006, feature subclass 12001 prefectural government office)"
Iwate,Ibaraki,39.703647,141.152592,36.34145,140.446735,378.30107346668575,463,"geodesic distance, pyproj.Geod",GRS80,"MLIT National Land Numerical Information, public facilities (P02, 2006, feature subclass 12001 prefectural government office)"
Toyama,Tokushima,36.69519,137.211341,34.065728,134.559484,378.3374255918215,464,"geodesic distance, pyproj.Geod",GRS80,"MLIT National Land Numerical Information, public facilities (P02, 2006, feature subclass 12001 prefectural government office)"
Akita,Nagano,39.718058,140.10325,36.65131,138.180991,379.76408179172904,465,"geodesic distance, pyproj.Geod",GRS80,"MLIT National Land Numerical Information, public facilities (P02, 2006, feature subclass 12001 prefectural government office)"
Akita,Gunma,39.718058,140.10325,36.391192,139.060947,380.4276525942453,466,"geodesic distance, pyproj.Geod",GRS80,"MLIT National Land Numerical Information, public facilities (P02, 2006, feature subclass 12001 prefectural government office)"
Ibaraki,Fukui,36.34145,140.446735,36.065244,136.221791,381.1593816761963,467,"geodesic distance, pyproj.Geod",GRS80,"MLIT National Land Numerical Information, public facilities (P02, 2006, feature subclass 12001 prefectural government office)"
Shizuoka,Tottori,34.976906,138.383023,35.503704,134.238174,381.73611456759824,468,"geodesic distance, pyproj.Geod",GRS80,"MLIT National Land Numerical Information, public facilities (P02, 2006, feature subclass 12001 prefectural government office)"
Tokushima,Kumamoto,34.065728,134.559484,32.790374,130.741134,382.205995307616,469,"geodesic distance, pyproj.Geod",GRS80,"MLIT National Land Numerical Information, public facilities (P02, 2006, feature subclass 12001 prefectural government office)"
Nagano,Wakayama,36.65131,138.180991,34.225994,135.16745,383.72311096661065,470,"geodesic distance, pyproj.Geod",GRS80,"MLIT National Land Numerical Information, public facilities (P02, 2006, feature subclass 12001 prefectural government office)"
Okayama,Miyazaki,34.661759,133.934894,31.910975,131.423863,384.39928222446036,471,"geodesic distance, pyproj.Geod",GRS80,"MLIT National Land Numerical Information, public facilities (P02, 2006, feature subclass 12001 prefectural government office)"
Kanagawa,Osaka,35.44771,139.642536,34.686394,135.519994,385.3681308630424,472,"geodesic distance, pyproj.Geod",GRS80,"MLIT National Land Numerical Information, public facilities (P02, 2006, feature subclass 12001 prefectural government office)"
Hokkaido,Akita,43.064278,141.346785,39.718058,140.10325,385.901440650695,473,"geodesic distance, pyproj.Geod",GRS80,"MLIT National Land Numerical Information, public facilities (P02, 2006, feature subclass 12001 prefectural government office)"
Tokushima,Fukuoka,34.065728,134.559484,33.606261,130.418114,386.67821347520464,474,"geodesic distance, pyproj.Geod",GRS80,"MLIT National Land Numerical Information, public facilities (P02, 2006, feature subclass 12001 prefectural government office)"
Toyama,Kagawa,36.69519,137.211341,34.34016,134.04339,388.3478702345378,475,"geodesic distance, pyproj.Geod",GRS80,"MLIT National Land Numerical Information, public facilities (P02, 2006, feature subclass 12001 prefectural government office)"
Fukui,Hiroshima,36.065244,136.221791,34.396271,132.459369,389.3013332331325,476,"geodesic distance, pyproj.Geod",GRS80,"MLIT National Land Numerical Information, public facilities (P02, 2006, feature subclass 12001 prefectural government office)"
Chiba,Shiga,35.604588,140.123184,35.004394,135.868292,392.63068121402523,477,"geodesic distance, pyproj.Geod",GRS80,"MLIT National Land Numerical Information, public facilities (P02, 2006, feature subclass 12001 prefectural government office)"
Yamanashi,Tottori,35.663935,138.568379,35.503704,134.238174,392.8388110272648,478,"geodesic distance, pyproj.Geod",GRS80,"MLIT National Land Numerical Information, public facilities (P02, 2006, feature subclass 12001 prefectural government office)"
Osaka,Oita,34.686394,135.519994,33.238128,131.612605,395.21958811801966,479,"geodesic distance, pyproj.Geod",GRS80,"MLIT National Land Numerical Information, public facilities (P02, 2006, feature subclass 12001 prefectural government office)"
Tokyo,Osaka,35.689568,139.691717,34.686394,135.519994,395.8825438123049,480,"geodesic distance, pyproj.Geod",GRS80,"MLIT National Land Numerical Information, public facilities (P02, 2006, feature subclass 12001 prefectural government office)"
Saitama,Osaka,35.856907,139.648854,34.686394,135.519994,397.4378875205137,481,"geodesic distance, pyproj.Geod",GRS80,"MLIT National Land Numerical Information, public facilities (P02, 2006, feature subclass 12001 prefectural government office)"
Toyama,Shimane,36.69519,137.211341,35.472212,133.05053,398.525842527234,482,"geodesic distance, pyproj.Geod",GRS80,"MLIT National Land Numerical Information, public facilities (P02, 2006, feature subclass 12001 prefectural government office)"
Gunma,Hyogo,36.391192,139.060947,34.691304,135.182995,398.99886645397817,483,"geodesic distance, pyproj.Geod",GRS80,"MLIT National Land Numerical Information, public facilities (P02, 2006, feature subclass 12001 prefectural government office)"
Ibaraki,Mie,36.34145,140.446735,34.730268,136.508594,399.33797920582015,484,"geodesic distance, pyproj.Geod",GRS80,"MLIT National Land Numerical Information, public facilities (P02, 2006, feature subclass 12001 prefectural government office)"
Fukui,Ehime,36.065244,136.221791,33.841646,132.766103,400.55312723091515,485,"geodesic distance, pyproj.Geod",GRS80,"MLIT National Land Numerical Information, public facilities (P02, 2006, feature subclass 12001 prefectural government office)"
Gifu,Ehime,35.391199,136.722168,33.841646,132.766103,401.43499528460126,486,"geodesic distance, pyproj.Geod",GRS80,"MLIT National Land Numerical Information, public facilities (P02, 2006, feature subclass 12001 prefectural government office)"
Tochigi,Shiga,36.565689,139.883528,35.004394,135.868292,402.1761293246658,487,"geodesic distance, pyproj.Geod",GRS80,"MLIT National Land Numerical Information, public facilities (P02, 2006, feature subclass 12001 prefectural government office)"
Chiba,Kyoto,35.604588,140.123184,35.021279,135.755635,402.383521563075,488,"geodesic distance, pyproj.Geod",GRS80,"MLIT National Land Numerical Information, public facilities (P02, 2006, feature subclass 12001 prefectural government office)"
Yamagata,Shizuoka,38.240457,140.363278,34.976906,138.383023,403.1400232968471,489,"geodesic distance, pyproj.Geod",GRS80,"MLIT National Land Numerical Information, public facilities (P02, 2006, feature subclass 12001 prefectural government office)"
Kyoto,Yamaguchi,35.021279,135.755635,34.185859,131.471401,403.71980715405044,490,"geodesic distance, pyproj.Geod",GRS80,"MLIT National Land Numerical Information, public facilities (P02, 2006, feature subclass 12001 prefectural government office)"
Shizuoka,Kagawa,34.976906,138.383023,34.34016,134.04339,403.983501414234,491,"geodesic distance, pyproj.Geod",GRS80,"MLIT National Land Numerical Information, public facilities (P02, 2006, feature subclass 12001 prefectural government office)"
Chiba,Nara,35.604588,140.123184,34.685231,135.832883,404.0083232961583,492,"geodesic distance, pyproj.Geod",GRS80,"MLIT National Land Numerical Information, public facilities (P02, 2006, feature subclass 12001 prefectural government office)"
Nara,Yamaguchi,34.685231,135.832883,34.185859,131.471401,404.64218662704815,493,"geodesic distance, pyproj.Geod",GRS80,"MLIT National Land Numerical Information, public facilities (P02, 2006, feature subclass 12001 prefectural government office)"
Gifu,Hiroshima,35.391199,136.722168,34.396271,132.459369,404.93725406844266,494,"geodesic distance, pyproj.Geod",GRS80,"MLIT National Land Numerical Information, public facilities (P02, 2006, feature subclass 12001 prefectural government office)"
Tokushima,Saga,34.065728,134.559484,33.249322,130.298799,405.4018620693923,495,"geodesic distance, pyproj.Geod",GRS80,"MLIT National Land Numerical Information, public facilities (P02, 2006, feature subclass 12001 prefectural government office)"
Yamanashi,Tokushima,35.663935,138.568379,34.065728,134.559484,407.1448667259949,496,"geodesic distance, pyproj.Geod",GRS80,"MLIT National Land Numerical Information, public facilities (P02, 2006, feature subclass 12001 prefectural government office)"
Aichi,Ehime,35.180198,136.906739,33.841646,132.766103,408.1477354440693,497,"geodesic distance, pyproj.Geod",GRS80,"MLIT National Land Numerical Information, public facilities (P02, 2006, feature subclass 12001 prefectural government office)"
Shizuoka,Okayama,34.976906,138.383023,34.661759,133.934894,408.4166085391934,498,"geodesic distance, pyproj.Geod",GRS80,"MLIT National Land Numerical Information, public facilities (P02, 2006, feature subclass 12001 prefectural government office)"
Tottori,Fukuoka,35.503704,134.238174,33.606261,130.418114,408.88423497438293,499,"geodesic distance, pyproj.Geod",GRS80,"MLIT National Land Numerical Information, public facilities (P02, 2006, feature subclass 12001 prefectural government office)"
Tochigi,Kyoto,36.565689,139.883528,35.021279,135.755635,410.56797325056897,500,"geodesic distance, pyproj.Geod",GRS80,"MLIT National Land Numerical Information, public facilities (P02, 2006, feature subclass 12001 prefectural government office)"
Iwate,Gunma,39.703647,141.152592,36.391192,139.060947,410.9301599812097,501,"geodesic distance, pyproj.Geod",GRS80,"MLIT National Land Numerical Information, public facilities (P02, 2006, feature subclass 12001 prefectural government office)"
Shiga,Yamaguchi,35.004394,135.868292,34.185859,131.471401,413.40635378683004,502,"geodesic distance, pyproj.Geod",GRS80,"MLIT National Land Numerical Information, public facilities (P02, 2006, feature subclass 12001 prefectural government office)"
Kanagawa,Hyogo,35.44771,139.642536,34.691304,135.182995,415.2845268750436,503,"geodesic distance, pyproj.Geod",GRS80,"MLIT National Land Numerical Information, public facilities (P02, 2006, feature subclass 12001 prefectural government office)"
Aichi,Hiroshima,35.180198,136.906739,34.396271,132.459369,416.18213929578206,504,"geodesic distance, pyproj.Geod",GRS80,"MLIT National Land Numerical Information, public facilities (P02, 2006, feature subclass 12001 prefectural government office)"
Niigata,Mie,37.902238,139.023531,34.730268,136.508594,418.16034345245544,505,"geodesic distance, pyproj.Geod",GRS80,"MLIT National Land Numerical Information, public facilities (P02, 2006, feature subclass 12001 prefectural government office)"
Miyagi,Ishikawa,38.268803,140.871846,36.594652,136.625725,419.1697486065836,506,"geodesic distance, pyproj.Geod",GRS80,"MLIT National Land Numerical Information, public facilities (P02, 2006, feature subclass 12001 prefectural government office)"
Akita,Toyama,39.718058,140.10325,36.69519,137.211341,420.3504308035771,507,"geodesic distance, pyproj.Geod",GRS80,"MLIT National Land Numerical Information, public facilities (P02, 2006, feature subclass 12001 prefectural government office)"
Shimane,Nagasaki,35.472212,133.05053,32.744836,129.873514,421.1984259652884,508,"geodesic distance, pyproj.Geod",GRS80,"MLIT National Land Numerical Information, public facilities (P02, 2006, feature subclass 12001 prefectural government office)"
Nara,Oita,34.685231,135.832883,33.238128,131.612605,421.75208240742336,509,"geodesic distance, pyproj.Geod",GRS80,"MLIT National Land Numerical Information, public facilities (P02, 2006, feature subclass 12001 prefectural government office)"
Fukushima,Fukui,37.749957,140.467734,36.065244,136.221791,422.00305965380255,510,"geodesic distance, pyproj.Geod",GRS80,"MLIT National Land Numerical Information, public facilities (P02, 2006, feature subclass 12001 prefectural government office)"
Tochigi,Nara,36.565689,139.883528,34.685231,135.832883,422.0501410525906,511,"geodesic distance, pyproj.Geod",GRS80,"MLIT National Land Numerical Information, public facilities (P02, 2006, feature subclass 12001 prefectural government office)"
Shimane,Miyazaki,35.472212,133.05053,31.910975,131.423863,422.79478893767845,512,"geodesic distance, pyproj.Geod",GRS80,"MLIT National Land Numerical Information, public facilities (P02, 2006, feature subclass 12001 prefectural government office)"
Tokyo,Hyogo,35.689568,139.691717,34.691304,135.182995,425.26365860464807,513,"geodesic distance, pyproj.Geod",GRS80,"MLIT National Land Numerical Information, public facilities (P02, 2006, feature subclass 12001 prefectural government office)"
Fukushima,Gifu,37.749957,140.467734,35.391199,136.722168,425.275617700981,514,"geodesic distance, pyproj.Geod",GRS80,"MLIT National Land Numerical Information, public facilities (P02, 2006, feature subclass 12001 prefectural government office)"
Kagawa,Nagasaki,34.34016,134.04339,32.744836,129.873514,425.7428444635902,515,"geodesic distance, pyproj.Geod",GRS80,"MLIT National Land Numerical Information, public facilities (P02, 2006, feature subclass 12001 prefectural government office)"
Saitama,Hyogo,35.856907,139.648854,34.691304,135.182995,426.34935339760904,516,"geodesic distance, pyproj.Geod",GRS80,"MLIT National Land Numerical Information, public facilities (P02, 2006, feature subclass 12001 prefectural government office)"
Iwate,Nagano,39.703647,141.152592,36.65131,138.180991,427.2399093467805,517,"geodesic distance, pyproj.Geod",GRS80,"MLIT National Land Numerical Information, public facilities (P02, 2006, feature subclass 12001 prefectural government office)"
Miyagi,Shizuoka,38.268803,140.871846,34.976906,138.383023,427.7490809867963,518,"geodesic distance, pyproj.Geod",GRS80,"MLIT National Land Numerical Information, public facilities (P02, 2006, feature subclass 12001 prefectural government office)"
Gunma,Wakayama,36.391192,139.060947,34.225994,135.16745,427.82312635204306,519,"geodesic distance, pyproj.Geod",GRS80,"MLIT National Land Numerical Information, public facilities (P02, 2006, feature subclass 12001 prefectural government office)"
Fukushima,Aichi,37.749957,140.467734,35.180198,136.906739,427.94090246874094,520,"geodesic distance, pyproj.Geod",GRS80,"MLIT National Land Numerical Information, public facilities (P02, 2006, feature subclass 12001 prefectural government office)"
Niigata,Shiga,37.902238,139.023531,35.004394,135.868292,428.20263473948285,521,"geodesic distance, pyproj.Geod",GRS80,"MLIT National Land Numerical Information, public facilities (P02, 2006, feature subclass 12001 prefectural government office)"
Kyoto,Oita,35.021279,135.755635,33.238128,131.612605,430.2662888836029,522,"geodesic distance, pyproj.Geod",GRS80,"MLIT National Land Numerical Information, public facilities (P02, 2006, feature subclass 12001 prefectural government office)"
Akita,Saitama,39.718058,140.10325,35.856907,139.648854,430.422136639123,523,"geodesic distance, pyproj.Geod",GRS80,"MLIT National Land Numerical Information, public facilities (P02, 2006, feature subclass 12001 prefectural government office)"
Kanagawa,Wakayama,35.44771,139.642536,34.225994,135.16745,431.13629030575265,524,"geodesic distance, pyproj.Geod",GRS80,"MLIT National Land Numerical Information, public facilities (P02, 2006, feature subclass 12001 prefectural government office)"
Chiba,Osaka,35.604588,140.123184,34.686394,135.519994,431.61635518524304,525,"geodesic distance, pyproj.Geod",GRS80,"MLIT National Land Numerical Information, public facilities (P02, 2006, feature subclass 12001 prefectural government office)"
Okayama,Nagasaki,34.661759,133.934894,32.744836,129.873514,432.33905220898447,526,"geodesic distance, pyproj.Geod",GRS80,"MLIT National Land Numerical Information, public facilities (P02, 2006, feature subclass 12001 prefectural government office)"
Niigata,Kyoto,37.902238,139.023531,35.021279,135.755635,433.5307950702654,527,"geodesic distance, pyproj.Geod",GRS80,"MLIT National Land Numerical Information, public facilities (P02, 2006, feature subclass 12001 prefectural government office)"
Wakayama,Miyazaki,34.225994,135.16745,31.910975,131.423863,433.67640400422727,528,"geodesic distance, pyproj.Geod",GRS80,"MLIT National Land Numerical Information, public facilities (P02, 2006, feature subclass 12001 prefectural government office)"
Yamanashi,Okayama,35.663935,138.568379,34.661759,133.934894,436.4893759999403,529,"geodesic distance, pyproj.Geod",GRS80,"MLIT National Land Numerical Information, public facilities (P02, 2006, feature subclass 12001 prefectural government office)"
Nagano,Tokushima,36.65131,138.180991,34.065728,134.559484,436.5471278722779,530,"geodesic distance, pyproj.Geod",GRS80,"MLIT National Land Numerical Information, public facilities (P02, 2006, feature subclass 12001 prefectural government office)"
Yamanashi,Kagawa,35.663935,138.568379,34.34016,134.04339,438.3433886589001,531,"geodesic distance, pyproj.Geod",GRS80,"MLIT National Land Numerical Information, public facilities (P02, 2006, feature subclass 12001 prefectural government office)"
Shiga,Oita,35.004394,135.868292,33.238128,131.612605,438.7139398934154,532,"geodesic distance, pyproj.Geod",GRS80,"MLIT National Land Numerical Information, public facilities (P02, 2006, feature subclass 12001 prefectural government office)"
Ishikawa,Kochi,36.594652,136.625725,33.559753,133.531115,439.2834064846544,533,"geodesic distance, pyproj.Geod",GRS80,"MLIT National Land Numerical Information, public facilities (P02, 2006, feature subclass 12001 prefectural government office)"
Yamagata,Fukui,38.240457,140.363278,36.065244,136.221791,439.9575961446159,534,"geodesic distance, pyproj.Geod",GRS80,"MLIT National Land Numerical Information, public facilities (P02, 2006, feature subclass 12001 prefectural government office)"
Tottori,Saga,35.503704,134.238174,33.249322,130.298799,440.18229189156256,535,"geodesic distance, pyproj.Geod",GRS80,"MLIT National Land Numerical Information, public facilities (P02, 2006, feature subclass 12001 prefectural government office)"
Ibaraki,Shiga,36.34145,140.446735,35.004394,135.868292,440.1965957882947,536,"geodesic distance, pyproj.Geod",GRS80,"MLIT National Land Numerical Information, public facilities (P02, 2006, feature subclass 12001 prefectural government office)"
Wakayama,Kumamoto,34.225994,135.16745,32.790374,130.741134,440.96206484038083,537,"geodesic distance, pyproj.Geod",GRS80,"MLIT National Land Numerical Information, public facilities (P02, 2006, feature subclass 12001 prefectural government office)"
Tottori,Kumamoto,35.503704,134.238174,32.790374,130.741134,441.0744141663333,538,"geodesic distance, pyproj.Geod",GRS80,"MLIT National Land Numerical Information, public facilities (P02, 2006, feature subclass 12001 prefectural government office)"
Nagano,Okayama,36.65131,138.180991,34.661759,133.934894,443.28983714457826,539,"geodesic distance, pyproj.Geod",GRS80,"MLIT National Land Numerical Information, public facilities (P02, 2006, feature subclass 12001 prefectural government office)"
Tokyo,Wakayama,35.689568,139.691717,34.225994,135.16745,443.92077589328676,540,"geodesic distance, pyproj.Geod",GRS80,"MLIT National Land Numerical Information, public facilities (P02, 2006, feature subclass 12001 prefectural government office)"
Wakayama,Fukuoka,34.225994,135.16745,33.606261,130.418114,444.50047490393285,541,"geodesic distance, pyproj.Geod",GRS80,"MLIT National Land Numerical Information, public facilities (P02, 2006, feature subclass 12001 prefectural government office)"
Gunma,Tottori,36.391192,139.060947,35.503704,134.238174,446.0768845395751,542,"geodesic distance, pyproj.Geod",GRS80,"MLIT National Land Numerical Information, public facilities (P02, 2006, feature subclass 12001 prefectural government office)"
Tochigi,Osaka,36.565689,139.883528,34.686394,135.519994,446.83694410845817,543,"geodesic distance, pyproj.Geod",GRS80,"MLIT National Land Numerical Information, public facilities (P02, 2006, feature subclass 12001 prefectural government office)"
Iwate,Saitama,39.703647,141.152592,35.856907,139.648854,447.0161730496994,544,"geodesic distance, pyproj.Geod",GRS80,"MLIT National Land Numerical Information, public facilities (P02, 2006, feature subclass 12001 prefectural government office)"
Saitama,Wakayama,35.856907,139.648854,34.225994,135.16745,447.07375010096325,545,"geodesic distance, pyproj.Geod",GRS80,"MLIT National Land Numerical Information, public facilities (P02, 2006, feature subclass 12001 prefectural government office)"
Kagawa,Kagoshima,34.34016,134.04339,31.560185,130.558141,448.55613513644425,546,"geodesic distance, pyproj.Geod",GRS80,"MLIT National Land Numerical Information, public facilities (P02, 2006, feature subclass 12001 prefectural government office)"
Akita,Tokyo,39.718058,140.10325,35.689568,139.691717,448.5947856520857,547,"geodesic distance, pyproj.Geod",GRS80,"MLIT National Land Numerical Information, public facilities (P02, 2006, feature subclass 12001 prefectural government office)"
Ibaraki,Kyoto,36.34145,140.446735,35.021279,135.755635,449.1531469432383,548,"geodesic distance, pyproj.Geod",GRS80,"MLIT National Land Numerical Information, public facilities (P02, 2006, feature subclass 12001 prefectural government office)"
Ishikawa,Hiroshima,36.594652,136.625725,34.396271,132.459369,449.816355165098,549,"geodesic distance, pyproj.Geod",GRS80,"MLIT National Land Numerical Information, public facilities (P02, 2006, feature subclass 12001 prefectural government office)"
Yamagata,Gifu,38.240457,140.363278,35.391199,136.722168,453.27204564843333,550,"geodesic distance, pyproj.Geod",GRS80,"MLIT National Land Numerical Information, public facilities (P02, 2006, feature subclass 12001 prefectural government office)"
Nagano,Kagawa,36.65131,138.180991,34.34016,134.04339,454.5597530599575,551,"geodesic distance, pyproj.Geod",GRS80,"MLIT National Land Numerical Information, public facilities (P02, 2006, feature subclass 12001 prefectural government office)"
Hyogo,Fukuoka,34.691304,135.182995,33.606261,130.418114,455.5646879899554,552,"geodesic distance, pyproj.Geod",GRS80,"MLIT National Land Numerical Information, public facilities (P02, 2006, feature subclass 12001 prefectural government office)"
Akita,Chiba,39.718058,140.10325,35.604588,140.123184,456.558254279029,553,"geodesic distance, pyproj.Geod",GRS80,"MLIT National Land Numerical Information, public facilities (P02, 2006, feature subclass 12001 prefectural government office)"
Ibaraki,Nara,36.34145,140.446735,34.685231,135.832883,457.0361664342418,554,"geodesic distance, pyproj.Geod",GRS80,"MLIT National Land Numerical Information, public facilities (P02, 2006, feature subclass 12001 prefectural government office)"
Niigata,Nara,37.902238,139.023531,34.685231,135.832883,457.72427353914185,555,"geodesic distance, pyproj.Geod",GRS80,"MLIT National Land Numerical Information, public facilities (P02, 2006, feature subclass 12001 prefectural government office)"
Yamagata,Aichi,38.240457,140.363278,35.180198,136.906739,458.95459799498576,556,"geodesic distance, pyproj.Geod",GRS80,"MLIT National Land Numerical Information, public facilities (P02, 2006, feature subclass 12001 prefectural government office)"
Tokushima,Nagasaki,34.065728,134.559484,32.744836,129.873514,459.81013272378476,557,"geodesic distance, pyproj.Geod",GRS80,"MLIT National Land Numerical Information, public facilities (P02, 2006, feature subclass 12001 prefectural government office)"
Chiba,Hyogo,35.604588,140.123184,34.691304,135.182995,461.3727828580189,558,"geodesic distance, pyproj.Geod",GRS80,"MLIT National Land Numerical Information, public facilities (P02, 2006, feature subclass 12001 prefectural government office)"
Akita,Ishikawa,39.718058,140.10325,36.594652,136.625725,461.539590550434,559,"geodesic distance, pyproj.Geod",GRS80,"MLIT National Land Numerical Information, public facilities (P02, 2006, feature subclass 12001 prefectural government office)"
Hyogo,Kumamoto,34.691304,135.182995,32.790374,130.741134,462.39634064938673,560,"geodesic distance, pyproj.Geod",GRS80,"MLIT National Land Numerical Information, public facilities (P02, 2006, feature subclass 12001 prefectural government office)"
Iwate,Tokyo,39.703647,141.152592,35.689568,139.691717,463.76037161201225,561,"geodesic distance, pyproj.Geod",GRS80,"MLIT National Land Numerical Information, public facilities (P02, 2006, feature subclass 12001 prefectural government office)"
Iwate,Chiba,39.703647,141.152592,35.604588,140.123184,463.92415078014704,562,"geodesic distance, pyproj.Geod",GRS80,"MLIT National Land Numerical Information, public facilities (P02, 2006, feature subclass 12001 prefectural government office)"
Wakayama,Saga,34.225994,135.16745,33.249322,130.298799,463.9375053416974,563,"geodesic distance, pyproj.Geod",GRS80,"MLIT National Land Numerical Information, public facilities (P02, 2006, feature subclass 12001 prefectural government office)"
Ishikawa,Ehime,36.594652,136.625725,33.841646,132.766103,465.50562187456745,564,"geodesic distance, pyproj.Geod",GRS80,"MLIT National Land Numerical Information, public facilities (P02, 2006, feature subclass 12001 prefectural government office)"
Tokushima,Kagoshima,34.065728,134.559484,31.560185,130.558141,466.4359695438597,565,"geodesic distance, pyproj.Geod",GRS80,"MLIT National Land Numerical Information, public facilities (P02, 2006, feature subclass 12001 prefectural government office)"
Hyogo,Miyazaki,34.691304,135.182995,31.910975,131.423863,466.4701909240095,566,"geodesic distance, pyproj.Geod",GRS80,"MLIT National Land Numerical Information, public facilities (P02, 2006, feature subclass 12001 prefectural government office)"
Okayama,Kagoshima,34.661759,133.934894,31.560185,130.558141,466.4714729066309,567,"geodesic distance, pyproj.Geod",GRS80,"MLIT National Land Numerical Information, public facilities (P02, 2006, feature subclass 12001 prefectural government office)"
Mie,Yamaguchi,34.730268,136.508594,34.185859,131.471401,466.71901406163425,568,"geodesic distance, pyproj.Geod",GRS80,"MLIT National Land Numerical Information, public facilities (P02, 2006, feature subclass 12001 prefectural government office)"
Akita,Yamanashi,39.718058,140.10325,35.663935,138.568379,469.8700177032485,569,"geodesic distance, pyproj.Geod",GRS80,"MLIT National Land Numerical Information, public facilities (P02, 2006, feature subclass 12001 prefectural government office)"
Shizuoka,Kochi,34.976906,138.383023,33.559753,133.531115,473.6088051915767,570,"geodesic distance, pyproj.Geod",GRS80,"MLIT National Land Numerical Information, public facilities (P02, 2006, feature subclass 12001 prefectural government office)"
Tochigi,Hyogo,36.565689,139.883528,34.691304,135.182995,473.79012249200395,571,"geodesic distance, pyproj.Geod",GRS80,"MLIT National Land Numerical Information, public facilities (P02, 2006, feature subclass 12001 prefectural government office)"
Akita,Kanagawa,39.718058,140.10325,35.44771,139.642536,475.7020329745283,572,"geodesic distance, pyproj.Geod",GRS80,"MLIT National Land Numerical Information, public facilities (P02, 2006, feature subclass 12001 prefectural government office)"
Niigata,Osaka,37.902238,139.023531,34.686394,135.519994,475.7141955577517,573,"geodesic distance, pyproj.Geod",GRS80,"MLIT National Land Numerical Information, public facilities (P02, 2006, feature subclass 12001 prefectural government office)"
Tottori,Miyazaki,35.503704,134.238174,31.910975,131.423863,476.240341515405,574,"geodesic distance, pyproj.Geod",GRS80,"MLIT National Land Numerical Information, public facilities (P02, 2006, feature subclass 12001 prefectural government office)"
Chiba,Wakayama,35.604588,140.123184,34.225994,135.16745,477.92425797478955,575,"geodesic distance, pyproj.Geod",GRS80,"MLIT National Land Numerical Information, public facilities (P02, 2006, feature subclass 12001 prefectural government office)"
Aomori,Tochigi,40.824338,140.740087,36.565689,139.883528,478.5808163575455,576,"geodesic distance, pyproj.Geod",GRS80,"MLIT National Land Numerical Information, public facilities (P02, 2006, feature subclass 12001 prefectural government office)"
Hyogo,Saga,34.691304,135.182995,33.249322,130.298799,478.81644317895405,577,"geodesic distance, pyproj.Geod",GRS80,"MLIT National Land Numerical Information, public facilities (P02, 2006, feature subclass 12001 prefectural government office)"
Miyagi,Fukui,38.268803,140.871846,36.065244,136.221791,479.8804356453766,578,"geodesic distance, pyproj.Geod",GRS80,"MLIT National Land Numerical Information, public facilities (P02, 2006, feature subclass 12001 prefectural government office)"
Iwate,Toyama,39.703647,141.152592,36.69519,137.211341,480.2117316478071,579,"geodesic distance, pyproj.Geod",GRS80,"MLIT National Land Numerical Information, public facilities (P02, 2006, feature subclass 12001 prefectural government office)"
Nagano,Shimane,36.65131,138.180991,35.472212,133.05053,480.3080646405924,580,"geodesic distance, pyproj.Geod",GRS80,"MLIT National Land Numerical Information, public facilities (P02, 2006, feature subclass 12001 prefectural government office)"
Fukui,Yamaguchi,36.065244,136.221791,34.185859,131.471401,480.4975716701222,581,"geodesic distance, pyproj.Geod",GRS80,"MLIT National Land Numerical Information, public facilities (P02, 2006, feature subclass 12001 prefectural government office)"
Mie,Oita,34.730268,136.508594,33.238128,131.612605,481.6557295547031,582,"geodesic distance, pyproj.Geod",GRS80,"MLIT National Land Numerical Information, public facilities (P02, 2006, feature subclass 12001 prefectural government office)"
Ibaraki,Osaka,36.34145,140.446735,34.686394,135.519994,483.09727334870945,583,"geodesic distance, pyproj.Geod",GRS80,"MLIT National Land Numerical Information, public facilities (P02, 2006, feature subclass 12001 prefectural government office)"
Toyama,Kochi,36.69519,137.211341,33.559753,133.531115,483.15608162809184,584,"geodesic distance, pyproj.Geod",GRS80,"MLIT National Land Numerical Information, public facilities (P02, 2006, feature subclass 12001 prefectural government office)"
Gunma,Tokushima,36.391192,139.060947,34.065728,134.559484,484.1491241772933,585,"geodesic distance, pyproj.Geod",GRS80,"MLIT National Land Numerical Information, public facilities (P02, 2006, feature subclass 12001 prefectural government office)"
Osaka,Fukuoka,34.686394,135.519994,33.606261,130.418114,485.4777800840284,586,"geodesic distance, pyproj.Geod",GRS80,"MLIT National Land Numerical Information, public facilities (P02, 2006, feature subclass 12001 prefectural government office)"
Shizuoka,Shimane,34.976906,138.383023,35.472212,133.05053,488.498396378245,587,"geodesic distance, pyproj.Geod",GRS80,"MLIT National Land Numerical Information, public facilities (P02, 2006, feature subclass 12001 prefectural government office)"
Fukushima,Mie,37.749957,140.467734,34.730268,136.508594,488.7081467421141,588,"geodesic distance, pyproj.Geod",GRS80,"MLIT National Land Numerical Information, public facilities (P02, 2006, feature subclass 12001 prefectural government office)"
Miyagi,Gifu,38.268803,140.871846,35.391199,136.722168,488.79502786286196,589,"geodesic distance, pyproj.Geod",GRS80,"MLIT National Land Numerical Information, public facilities (P02, 2006, feature subclass 12001 prefectural government office)"
Kanagawa,Tokushima,35.44771,139.642536,34.065728,134.559484,489.9204510763925,590,"geodesic distance, pyproj.Geod",GRS80,"MLIT National Land Numerical Information, public facilities (P02, 2006, feature subclass 12001 prefectural government office)"
Osaka,Miyazaki,34.686394,135.519994,31.910975,131.423863,490.11573820392175,591,"geodesic distance, pyproj.Geod",GRS80,"MLIT National Land Numerical Information, public facilities (P02, 2006, feature subclass 12001 prefectural government office)"
Osaka,Kumamoto,34.686394,135.519994,32.790374,130.741134,490.1630383103547,592,"geodesic distance, pyproj.Geod",GRS80,"MLIT National Land Numerical Information, public facilities (P02, 2006, feature subclass 12001 prefectural government office)"
Kanagawa,Tottori,35.44771,139.642536,35.503704,134.238174,490.46008641892195,593,"geodesic distance, pyproj.Geod",GRS80,"MLIT National Land Numerical Information, public facilities (P02, 2006, feature subclass 12001 prefectural government office)"
Iwate,Kanagawa,39.703647,141.152592,35.44771,139.642536,490.81040552621283,594,"geodesic distance, pyproj.Geod",GRS80,"MLIT National Land Numerical Information, public facilities (P02, 2006, feature subclass 12001 prefectural government office)"
Saitama,Tottori,35.856907,139.648854,35.503704,134.238174,491.3097447121337,595,"geodesic distance, pyproj.Geod",GRS80,"MLIT National Land Numerical Information, public facilities (P02, 2006, feature subclass 12001 prefectural government office)"
Shimane,Kagoshima,35.472212,133.05053,31.560185,130.558141,491.7669831860467,596,"geodesic distance, pyproj.Geod",GRS80,"MLIT National Land Numerical Information, public facilities (P02, 2006, feature subclass 12001 prefectural government office)"
Miyagi,Aichi,38.268803,140.871846,35.180198,136.906739,492.79153595737114,597,"geodesic distance, pyproj.Geod",GRS80,"MLIT National Land Numerical Information, public facilities (P02, 2006, feature subclass 12001 prefectural government office)"
Tokyo,Tottori,35.689568,139.691717,35.503704,134.238174,494.5696395222713,598,"geodesic distance, pyproj.Geod",GRS80,"MLIT National Land Numerical Information, public facilities (P02, 2006, feature subclass 12001 prefectural government office)"
Niigata,Hyogo,37.902238,139.023531,34.691304,135.182995,495.84278505068477,599,"geodesic distance, pyproj.Geod",GRS80,"MLIT National Land Numerical Information, public facilities (P02, 2006, feature subclass 12001 prefectural government office)"
Aomori,Ibaraki,40.824338,140.740087,36.34145,140.446735,498.2899738451307,600,"geodesic distance, pyproj.Geod",GRS80,"MLIT National Land Numerical Information, public facilities (P02, 2006, feature subclass 12001 prefectural government office)"
Gifu,Yamaguchi,35.391199,136.722168,34.185859,131.471401,498.7456479539801,601,"geodesic distance, pyproj.Geod",GRS80,"MLIT National Land Numerical Information, public facilities (P02, 2006, feature subclass 12001 prefectural government office)"
Yamanashi,Shimane,35.663935,138.568379,35.472212,133.05053,500.59447309589257,602,"geodesic distance, pyproj.Geod",GRS80,"MLIT National Land Numerical Information, public facilities (P02, 2006, feature subclass 12001 prefectural government office)"
Toyama,Hiroshima,36.69519,137.211341,34.396271,132.459369,500.633408202033,603,"geodesic distance, pyproj.Geod",GRS80,"MLIT National Land Numerical Information, public facilities (P02, 2006, feature subclass 12001 prefectural government office)"
Tochigi,Wakayama,36.565689,139.883528,34.225994,135.16745,500.843860842891,604,"geodesic distance, pyproj.Geod",GRS80,"MLIT National Land Numerical Information, public facilities (P02, 2006, feature subclass 12001 prefectural government office)"
Tokyo,Tokushima,35.689568,139.691717,34.065728,134.559484,502.51848264977184,605,"geodesic distance, pyproj.Geod",GRS80,"MLIT National Land Numerical Information, public facilities (P02, 2006, feature subclass 12001 prefectural government office)"
Gunma,Okayama,36.391192,139.060947,34.661759,133.934894,502.88062883244316,606,"geodesic distance, pyproj.Geod",GRS80,"MLIT National Land Numerical Information, public facilities (P02, 2006, feature subclass 12001 prefectural government office)"
Iwate,Yamanashi,39.703647,141.152592,35.663935,138.568379,502.92451345260696,607,"geodesic distance, pyproj.Geod",GRS80,"MLIT National Land Numerical Information, public facilities (P02, 2006, feature subclass 12001 prefectural government office)"
Niigata,Tottori,37.902238,139.023531,35.503704,134.238174,503.5696386181242,608,"geodesic distance, pyproj.Geod",GRS80,"MLIT National Land Numerical Information, public facilities (P02, 2006, feature subclass 12001 prefectural government office)"
Saitama,Tokushima,35.856907,139.648854,34.065728,134.559484,505.423017521693,609,"geodesic distance, pyproj.Geod",GRS80,"MLIT National Land Numerical Information, public facilities (P02, 2006, feature subclass 12001 prefectural government office)"
Tottori,Nagasaki,35.503704,134.238174,32.744836,129.873514,505.6402745510667,610,"geodesic distance, pyproj.Geod",GRS80,"MLIT National Land Numerical Information, public facilities (P02, 2006, feature subclass 12001 prefectural government office)"
Osaka,Saga,34.686394,135.519994,33.249322,130.298799,508.10967805640286,611,"geodesic distance, pyproj.Geod",GRS80,"MLIT National Land Numerical Information, public facilities (P02, 2006, feature subclass 12001 prefectural government office)"
Gunma,Kagawa,36.391192,139.060947,34.34016,134.04339,509.52374091092145,612,"geodesic distance, pyproj.Geod",GRS80,"MLIT National Land Numerical Information, public facilities (P02, 2006, feature subclass 12001 prefectural government office)"
Aichi,Yamaguchi,35.180198,136.906739,34.185859,131.471401,510.08197686570077,613,"geodesic distance, pyproj.Geod",GRS80,"MLIT National Land Numerical Information, public facilities (P02, 2006, feature subclass 12001 prefectural government office)"
Ibaraki,Hyogo,36.34145,140.446735,34.691304,135.182995,511.2844964429308,614,"geodesic distance, pyproj.Geod",GRS80,"MLIT National Land Numerical Information, public facilities (P02, 2006, feature subclass 12001 prefectural government office)"
Fukushima,Shiga,37.749957,140.467734,35.004394,135.868292,512.873599990947,615,"geodesic distance, pyproj.Geod",GRS80,"MLIT National Land Numerical Information, public facilities (P02, 2006, feature subclass 12001 prefectural government office)"
Nara,Miyazaki,34.685231,135.832883,31.910975,131.423863,513.0340135388794,616,"geodesic distance, pyproj.Geod",GRS80,"MLIT National Land Numerical Information, public facilities (P02, 2006, feature subclass 12001 prefectural government office)"
Aomori,Gunma,40.824338,140.740087,36.391192,139.060947,513.3585239738037,617,"geodesic distance, pyproj.Geod",GRS80,"MLIT National Land Numerical Information, public facilities (P02, 2006, feature subclass 12001 prefectural government office)"
Nara,Fukuoka,34.685231,135.832883,33.606261,130.418114,513.4540564115199,618,"geodesic distance, pyproj.Geod",GRS80,"MLIT National Land Numerical Information, public facilities (P02, 2006, feature subclass 12001 prefectural government office)"
Toyama,Ehime,36.69519,137.211341,33.841646,132.766103,513.5274010077987,619,"geodesic distance, pyproj.Geod",GRS80,"MLIT National Land Numerical Information, public facilities (P02, 2006, feature subclass 12001 prefectural government office)"
Aomori,Nagano,40.824338,140.740087,36.65131,138.180991,513.848339838584,620,"geodesic distance, pyproj.Geod",GRS80,"MLIT National Land Numerical Information, public facilities (P02, 2006, feature subclass 12001 prefectural government office)"
Kyoto,Fukuoka,35.021279,135.755635,33.606261,130.418114,515.6688755098465,621,"geodesic distance, pyproj.Geod",GRS80,"MLIT National Land Numerical Information, public facilities (P02, 2006, feature subclass 12001 prefectural government office)"
Nara,Kumamoto,34.685231,135.832883,32.790374,130.741134,516.4431355692512,622,"geodesic distance, pyproj.Geod",GRS80,"MLIT National Land Numerical Information, public facilities (P02, 2006, feature subclass 12001 prefectural government office)"
Yamanashi,Kochi,35.663935,138.568379,33.559753,133.531115,517.5243689367747,623,"geodesic distance, pyproj.Geod",GRS80,"MLIT National Land Numerical Information, public facilities (P02, 2006, feature subclass 12001 prefectural government office)"
Wakayama,Nagasaki,34.225994,135.16745,32.744836,129.873514,518.6295190780427,624,"geodesic distance, pyproj.Geod",GRS80,"MLIT National Land Numerical Information, public facilities (P02, 2006, feature subclass 12001 prefectural government office)"
Fukushima,Kyoto,37.749957,140.467734,35.021279,135.755635,519.9065907603261,625,"geodesic distance, pyproj.Geod",GRS80,"MLIT National Land Numerical Information, public facilities (P02, 2006, feature subclass 12001 prefectural government office)"
Yamagata,Mie,38.240457,140.363278,34.730268,136.508594,520.4986698389212,626,"geodesic distance, pyproj.Geod",GRS80,"MLIT National Land Numerical Information, public facilities (P02, 2006, feature subclass 12001 prefectural government office)"
Tochigi,Tottori,36.565689,139.883528,35.503704,134.238174,522.1627914702406,627,"geodesic distance, pyproj.Geod",GRS80,"MLIT National Land Numerical Information, public facilities (P02, 2006, feature subclass 12001 prefectural government office)"
Wakayama,Kagoshima,34.225994,135.16745,31.560185,130.558141,522.7787676738302,628,"geodesic distance, pyproj.Geod",GRS80,"MLIT National Land Numerical Information, public facilities (P02, 2006, feature subclass 12001 prefectural government office)"
Shiga,Fukuoka,35.004394,135.868292,33.606261,130.418114,525.043836189261,629,"geodesic distance, pyproj.Geod",GRS80,"MLIT National Land Numerical Information, public facilities (P02, 2006, feature subclass 12001 prefectural government office)"
Kyoto,Kumamoto,35.021279,135.755635,32.790374,130.741134,525.5597182444792,630,"geodesic distance, pyproj.Geod",GRS80,"MLIT National Land Numerical Information, public facilities (P02, 2006, feature subclass 12001 prefectural government office)"
Iwate,Ishikawa,39.703647,141.152592,36.594652,136.625725,525.7372490700637,631,"geodesic distance, pyproj.Geod",GRS80,"MLIT National Land Numerical Information, public facilities (P02, 2006, feature subclass 12001 prefectural government office)"
Fukui,Oita,36.065244,136.221791,33.238128,131.612605,526.0990699284488,632,"geodesic distance, pyproj.Geod",GRS80,"MLIT National Land Numerical Information, public facilities (P02, 2006, feature subclass 12001 prefectural government office)"
Kanagawa,Kagawa,35.44771,139.642536,34.34016,134.04339,526.2530845089387,633,"geodesic distance, pyproj.Geod",GRS80,"MLIT National Land Numerical Information, public facilities (P02, 2006, feature subclass 12001 prefectural government office)"
Gifu,Oita,35.391199,136.722168,33.238128,131.612605,527.3651864536567,634,"geodesic distance, pyproj.Geod",GRS80,"MLIT National Land Numerical Information, public facilities (P02, 2006, feature subclass 12001 prefectural government office)"
Kanagawa,Okayama,35.44771,139.642536,34.661759,133.934894,527.8631989588591,635,"geodesic distance, pyproj.Geod",GRS80,"MLIT National Land Numerical Information, public facilities (P02, 2006, feature subclass 12001 prefectural government office)"
Akita,Fukui,39.718058,140.10325,36.065244,136.221791,529.9266724728008,636,"geodesic distance, pyproj.Geod",GRS80,"MLIT National Land Numerical Information, public facilities (P02, 2006, feature subclass 12001 prefectural government office)"
Kyoto,Miyazaki,35.021279,135.755635,31.910975,131.423863,530.13072689853,637,"geodesic distance, pyproj.Geod",GRS80,"MLIT National Land Numerical Information, public facilities (P02, 2006, feature subclass 12001 prefectural government office)"
Shizuoka,Ehime,34.976906,138.383023,33.841646,132.766103,531.4655653231212,638,"geodesic distance, pyproj.Geod",GRS80,"MLIT National Land Numerical Information, public facilities (P02, 2006, feature subclass 12001 prefectural government office)"
Aichi,Oita,35.180198,136.906739,33.238128,131.612605,533.2377369965568,639,"geodesic distance, pyproj.Geod",GRS80,"MLIT National Land Numerical Information, public facilities (P02, 2006, feature subclass 12001 prefectural government office)"
Chiba,Tottori,35.604588,140.123184,35.503704,134.238174,533.622690535921,640,"geodesic distance, pyproj.Geod",GRS80,"MLIT National Land Numerical Information, public facilities (P02, 2006, feature subclass 12001 prefectural government office)"
Shiga,Kumamoto,35.004394,135.868292,32.790374,130.741134,533.948368259716,641,"geodesic distance, pyproj.Geod",GRS80,"MLIT National Land Numerical Information, public facilities (P02, 2006, feature subclass 12001 prefectural government office)"
Hokkaido,Miyagi,43.064278,141.346785,38.268803,140.871846,534.0351653857839,642,"geodesic distance, pyproj.Geod",GRS80,"MLIT National Land Numerical Information, public facilities (P02, 2006, feature subclass 12001 prefectural government office)"
Ibaraki,Wakayama,36.34145,140.446735,34.225994,135.16745,534.4349242664854,643,"geodesic distance, pyproj.Geod",GRS80,"MLIT National Land Numerical Information, public facilities (P02, 2006, feature subclass 12001 prefectural government office)"
Nara,Saga,34.685231,135.832883,33.249322,130.298799,535.5975166657513,644,"geodesic distance, pyproj.Geod",GRS80,"MLIT National Land Numerical Information, public facilities (P02, 2006, feature subclass 12001 prefectural government office)"
Niigata,Wakayama,37.902238,139.023531,34.225994,135.16745,535.6844021867252,645,"geodesic distance, pyproj.Geod",GRS80,"MLIT National Land Numerical Information, public facilities (P02, 2006, feature subclass 12001 prefectural government office)"
Saitama,Okayama,35.856907,139.648854,34.661759,133.934894,536.5137560293384,646,"geodesic distance, pyproj.Geod",GRS80,"MLIT National Land Numerical Information, public facilities (P02, 2006, feature subclass 12001 prefectural government office)"
Tokyo,Okayama,35.689568,139.691717,34.661759,133.934894,536.569877218196,647,"geodesic distance, pyproj.Geod",GRS80,"MLIT National Land Numerical Information, public facilities (P02, 2006, feature subclass 12001 prefectural government office)"
Chiba,Tokushima,35.604588,140.123184,34.065728,134.559484,536.6895950308459,648,"geodesic distance, pyproj.Geod",GRS80,"MLIT National Land Numerical Information, public facilities (P02, 2006, feature subclass 12001 prefectural government office)"
Tokyo,Kagawa,35.689568,139.691717,34.34016,134.04339,536.7341511191942,649,"geodesic distance, pyproj.Geod",GRS80,"MLIT National Land Numerical Information, public facilities (P02, 2006, feature subclass 12001 prefectural government office)"
Shiga,Miyazaki,35.004394,135.868292,31.910975,131.423863,536.9544853759678,650,"geodesic distance, pyproj.Geod",GRS80,"MLIT National Land Numerical Information, public facilities (P02, 2006, feature subclass 12001 prefectural government office)"
Hyogo,Nagasaki,34.691304,135.182995,32.744836,129.873514,537.3038340313099,651,"geodesic distance, pyproj.Geod",GRS80,"MLIT National Land Numerical Information, public facilities (P02, 2006, feature subclass 12001 prefectural government office)"
Fukushima,Nara,37.749957,140.467734,34.685231,135.832883,537.7575538920469,652,"geodesic distance, pyproj.Geod",GRS80,"MLIT National Land Numerical Information, public facilities (P02, 2006, feature subclass 12001 prefectural government office)"
Saitama,Kagawa,35.856907,139.648854,34.34016,134.04339,537.9870351436731,653,"geodesic distance, pyproj.Geod",GRS80,"MLIT National Land Numerical Information, public facilities (P02, 2006, feature subclass 12001 prefectural government office)"
Yamagata,Shiga,38.240457,140.363278,35.004394,135.868292,538.9617218795945,654,"geodesic distance, pyproj.Geod",GRS80,"MLIT National Land Numerical Information, public facilities (P02, 2006, feature subclass 12001 prefectural government office)"
Ishikawa,Yamaguchi,36.594652,136.625725,34.185859,131.471401,539.0562163268195,655,"geodesic distance, pyproj.Geod",GRS80,"MLIT National Land Numerical Information, public facilities (P02, 2006, feature subclass 12001 prefectural government office)"
Kyoto,Saga,35.021279,135.755635,33.249322,130.298799,540.2444998020285,656,"geodesic distance, pyproj.Geod",GRS80,"MLIT National Land Numerical Information, public facilities (P02, 2006, feature subclass 12001 prefectural government office)"
Hokkaido,Yamagata,43.064278,141.346785,38.240457,140.363278,542.0799075693702,657,"geodesic distance, pyproj.Geod",GRS80,"MLIT National Land Numerical Information, public facilities (P02, 2006, feature subclass 12001 prefectural government office)"
Nagano,Kochi,36.65131,138.180991,33.559753,133.531115,545.1762408744105,658,"geodesic distance, pyproj.Geod",GRS80,"MLIT National Land Numerical Information, public facilities (P02, 2006, feature subclass 12001 prefectural government office)"
Yamagata,Kyoto,38.240457,140.363278,35.021279,135.755635,545.2506453603052,659,"geodesic distance, pyproj.Geod",GRS80,"MLIT National Land Numerical Information, public facilities (P02, 2006, feature subclass 12001 prefectural government office)"
Shizuoka,Hiroshima,34.976906,138.383023,34.396271,132.459369,546.5382541897054,660,"geodesic distance, pyproj.Geod",GRS80,"MLIT National Land Numerical Information, public facilities (P02, 2006, feature subclass 12001 prefectural government office)"
Akita,Shizuoka,39.718058,140.10325,34.976906,138.383023,547.7907256117192,661,"geodesic distance, pyproj.Geod",GRS80,"MLIT National Land Numerical Information, public facilities (P02, 2006, feature subclass 12001 prefectural government office)"
Shiga,Saga,35.004394,135.868292,33.249322,130.298799,549.3140786891619,662,"geodesic distance, pyproj.Geod",GRS80,"MLIT National Land Numerical Information, public facilities (P02, 2006, feature subclass 12001 prefectural government office)"
Aomori,Toyama,40.824338,140.740087,36.69519,137.211341,551.4117810290379,663,"geodesic distance, pyproj.Geod",GRS80,"MLIT National Land Numerical Information, public facilities (P02, 2006, feature subclass 12001 prefectural government office)"
Gunma,Shimane,36.391192,139.060947,35.472212,133.05053,551.790955458103,664,"geodesic distance, pyproj.Geod",GRS80,"MLIT National Land Numerical Information, public facilities (P02, 2006, feature subclass 12001 prefectural government office)"
Hyogo,Kagoshima,34.691304,135.182995,31.560185,130.558141,553.8304161859605,665,"geodesic distance, pyproj.Geod",GRS80,"MLIT National Land Numerical Information, public facilities (P02, 2006, feature subclass 12001 prefectural government office)"
Miyagi,Mie,38.268803,140.871846,34.730268,136.508594,553.9340156781892,666,"geodesic distance, pyproj.Geod",GRS80,"MLIT National Land Numerical Information, public facilities (P02, 2006, feature subclass 12001 prefectural government office)"
Tottori,Kagoshima,35.503704,134.238174,31.560185,130.558141,555.0151994754235,667,"geodesic distance, pyproj.Geod",GRS80,"MLIT National Land Numerical Information, public facilities (P02, 2006, feature subclass 12001 prefectural government office)"
Tochigi,Tokushima,36.565689,139.883528,34.065728,134.559484,557.8344212861291,668,"geodesic distance, pyproj.Geod",GRS80,"MLIT National Land Numerical Information, public facilities (P02, 2006, feature subclass 12001 prefectural government office)"
Aomori,Saitama,40.824338,140.740087,35.856907,139.648854,559.5774937883418,669,"geodesic distance, pyproj.Geod",GRS80,"MLIT National Land Numerical Information, public facilities (P02, 2006, feature subclass 12001 prefectural government office)"
Fukushima,Osaka,37.749957,140.467734,34.686394,135.519994,559.7393149037682,670,"geodesic distance, pyproj.Geod",GRS80,"MLIT National Land Numerical Information, public facilities (P02, 2006, feature subclass 12001 prefectural government office)"
Akita,Gifu,39.718058,140.10325,35.391199,136.722168,565.4632670382763,671,"geodesic distance, pyproj.Geod",GRS80,"MLIT National Land Numerical Information, public facilities (P02, 2006, feature subclass 12001 prefectural government office)"
Osaka,Nagasaki,34.686394,135.519994,32.744836,129.873514,565.8396018535777,672,"geodesic distance, pyproj.Geod",GRS80,"MLIT National Land Numerical Information, public facilities (P02, 2006, feature subclass 12001 prefectural government office)"
Yamagata,Nara,38.240457,140.363278,34.685231,135.832883,566.0129469610672,673,"geodesic distance, pyproj.Geod",GRS80,"MLIT National Land Numerical Information, public facilities (P02, 2006, feature subclass 12001 prefectural government office)"
Mie,Miyazaki,34.730268,136.508594,31.910975,131.423863,567.2640906960394,674,"geodesic distance, pyproj.Geod",GRS80,"MLIT National Land Numerical Information, public facilities (P02, 2006, feature subclass 12001 prefectural government office)"
Ibaraki,Tottori,36.34145,140.446735,35.503704,134.238174,567.8853701761246,675,"geodesic distance, pyproj.Geod",GRS80,"MLIT National Land Numerical Information, public facilities (P02, 2006, feature subclass 12001 prefectural government office)"
Yamanashi,Ehime,35.663935,138.568379,33.841646,132.766103,568.3097268539251,676,"geodesic distance, pyproj.Geod",GRS80,"MLIT National Land Numerical Information, public facilities (P02, 2006, feature subclass 12001 prefectural government office)"
Chiba,Kagawa,35.604588,140.123184,34.34016,134.04339,572.5365036582153,677,"geodesic distance, pyproj.Geod",GRS80,"MLIT National Land Numerical Information, public facilities (P02, 2006, feature subclass 12001 prefectural government office)"
Chiba,Okayama,35.604588,140.123184,34.661759,133.934894,573.5136213171671,678,"geodesic distance, pyproj.Geod",GRS80,"MLIT National Land Numerical Information, public facilities (P02, 2006, feature subclass 12001 prefectural government office)"
Yamanashi,Hiroshima,35.663935,138.568379,34.396271,132.459369,574.8300290299294,679,"geodesic distance, pyproj.Geod",GRS80,"MLIT National Land Numerical Information, public facilities (P02, 2006, feature subclass 12001 prefectural government office)"
Mie,Fukuoka,34.730268,136.508594,33.606261,130.418114,575.1282088506105,680,"geodesic distance, pyproj.Geod",GRS80,"MLIT National Land Numerical Information, public facilities (P02, 2006, feature subclass 12001 prefectural government office)"
Miyagi,Shiga,38.268803,140.871846,35.004394,135.868292,575.5708649865961,681,"geodesic distance, pyproj.Geod",GRS80,"MLIT National Land Numerical Information, public facilities (P02, 2006, feature subclass 12001 prefectural government office)"
Mie,Kumamoto,34.730268,136.508594,32.790374,130.741134,575.8945510214808,682,"geodesic distance, pyproj.Geod",GRS80,"MLIT National Land Numerical Information, public facilities (P02, 2006, feature subclass 12001 prefectural government office)"
Nagano,Hiroshima,36.65131,138.180991,34.396271,132.459369,575.9868618856125,683,"geodesic distance, pyproj.Geod",GRS80,"MLIT National Land Numerical Information, public facilities (P02, 2006, feature subclass 12001 prefectural government office)"
Aomori,Tokyo,40.824338,140.740087,35.689568,139.691717,577.2920553184975,684,"geodesic distance, pyproj.Geod",GRS80,"MLIT National Land Numerical Information, public facilities (P02, 2006, feature subclass 12001 prefectural government office)"
Akita,Aichi,39.718058,140.10325,35.180198,136.906739,577.5214475342203,685,"geodesic distance, pyproj.Geod",GRS80,"MLIT National Land Numerical Information, public facilities (P02, 2006, feature subclass 12001 prefectural government office)"
Osaka,Kagoshima,34.686394,135.519994,31.560185,130.558141,578.3355122385549,686,"geodesic distance, pyproj.Geod",GRS80,"MLIT National Land Numerical Information, public facilities (P02, 2006, feature subclass 12001 prefectural government office)"
Tochigi,Okayama,36.565689,139.883528,34.661759,133.934894,578.7394926792338,687,"geodesic distance, pyproj.Geod",GRS80,"MLIT National Land Numerical Information, public facilities (P02, 2006, feature subclass 12001 prefectural government office)"
Iwate,Shizuoka,39.703647,141.152592,34.976906,138.383023,579.078282266637,688,"geodesic distance, pyproj.Geod",GRS80,"MLIT National Land Numerical Information, public facilities (P02, 2006, feature subclass 12001 prefectural government office)"
Niigata,Okayama,37.902238,139.023531,34.661759,133.934894,581.4701202377739,689,"geodesic distance, pyproj.Geod",GRS80,"MLIT National Land Numerical Information, public facilities (P02, 2006, feature subclass 12001 prefectural government office)"
Aomori,Chiba,40.824338,140.740087,35.604588,140.123184,581.9044421341442,690,"geodesic distance, pyproj.Geod",GRS80,"MLIT National Land Numerical Information, public facilities (P02, 2006, feature subclass 12001 prefectural government office)"
Miyagi,Kyoto,38.268803,140.871846,35.021279,135.755635,582.2300340430071,691,"geodesic distance, pyproj.Geod",GRS80,"MLIT National Land Numerical Information, public facilities (P02, 2006, feature subclass 12001 prefectural government office)"
Nagano,Ehime,36.65131,138.180991,33.841646,132.766103,582.9805898332844,692,"geodesic distance, pyproj.Geod",GRS80,"MLIT National Land Numerical Information, public facilities (P02, 2006, feature subclass 12001 prefectural government office)"
Fukushima,Hyogo,37.749957,140.467734,34.691304,135.182995,583.7573777948105,693,"geodesic distance, pyproj.Geod",GRS80,"MLIT National Land Numerical Information, public facilities (P02, 2006, feature subclass 12001 prefectural government office)"
Tochigi,Kagawa,36.565689,139.883528,34.34016,134.04339,584.713987881712,694,"geodesic distance, pyproj.Geod",GRS80,"MLIT National Land Numerical Information, public facilities (P02, 2006, feature subclass 12001 prefectural government office)"
Niigata,Tokushima,37.902238,139.023531,34.065728,134.559484,585.746367024927,695,"geodesic distance, pyproj.Geod",GRS80,"MLIT National Land Numerical Information, public facilities (P02, 2006, feature subclass 12001 prefectural government office)"
Yamagata,Osaka,38.240457,140.363278,34.686394,135.519994,586.3451753268694,696,"geodesic distance, pyproj.Geod",GRS80,"MLIT National Land Numerical Information, public facilities (P02, 2006, feature subclass 12001 prefectural government office)"
Ishikawa,Oita,36.594652,136.625725,33.238128,131.612605,590.1918835382694,697,"geodesic distance, pyproj.Geod",GRS80,"MLIT National Land Numerical Information, public facilities (P02, 2006, feature subclass 12001 prefectural government office)"
Aomori,Ishikawa,40.824338,140.740087,36.594652,136.625725,590.2043060092433,698,"geodesic distance, pyproj.Geod",GRS80,"MLIT National Land Numerical Information, public facilities (P02, 2006, feature subclass 12001 prefectural government office)"
Toyama,Yamaguchi,36.69519,137.211341,34.185859,131.471401,590.7092200218259,699,"geodesic distance, pyproj.Geod",GRS80,"MLIT National Land Numerical Information, public facilities (P02, 2006, feature subclass 12001 prefectural government office)"
Ibaraki,Tokushima,36.34145,140.446735,34.065728,134.559484,592.4290470051112,700,"geodesic distance, pyproj.Geod",GRS80,"MLIT National Land Numerical Information, public facilities (P02, 2006, feature subclass 12001 prefectural government office)"
Iwate,Fukui,39.703647,141.152592,36.065244,136.221791,592.4667886970503,701,"geodesic distance, pyproj.Geod",GRS80,"MLIT National Land Numerical Information, public facilities (P02, 2006, feature subclass 12001 prefectural government office)"
Nara,Nagasaki,34.685231,135.832883,32.744836,129.873514,592.7049225807351,702,"geodesic distance, pyproj.Geod",GRS80,"MLIT National Land Numerical Information, public facilities (P02, 2006, feature subclass 12001 prefectural government office)"
Gunma,Kochi,36.391192,139.060947,33.559753,133.531115,594.5265115042035,703,"geodesic distance, pyproj.Geod",GRS80,"MLIT National Land Numerical Information, public facilities (P02, 2006, feature subclass 12001 prefectural government office)"
Hokkaido,Fukushima,43.064278,141.346785,37.749957,140.467734,594.8041756441279,704,"geodesic distance, pyproj.Geod",GRS80,"MLIT National Land Numerical Information, public facilities (P02, 2006, feature subclass 12001 prefectural government office)"
Mie,Saga,34.730268,136.508594,33.249322,130.298799,596.690897174403,705,"geodesic distance, pyproj.Geod",GRS80,"MLIT National Land Numerical Information, public facilities (P02, 2006, feature subclass 12001 prefectural government office)"
Fukui,Fukuoka,36.065244,136.221791,33.606261,130.418114,596.6972749434216,706,"geodesic distance, pyproj.Geod",GRS80,"MLIT National Land Numerical Information, public facilities (P02, 2006, feature subclass 12001 prefectural government office)"
Niigata,Kagawa,37.902238,139.023531,34.34016,134.04339,597.5124583864372,707,"geodesic distance, pyproj.Geod",GRS80,"MLIT National Land Numerical Information, public facilities (P02, 2006, feature subclass 12001 prefectural government office)"
Niigata,Shimane,37.902238,139.023531,35.472212,133.05053,597.9082036758965,708,"geodesic distance, pyproj.Geod",GRS80,"MLIT National Land Numerical Information, public facilities (P02, 2006, feature subclass 12001 prefectural government office)"
Kanagawa,Shimane,35.44771,139.642536,35.472212,133.05053,598.2803403768206,709,"geodesic distance, pyproj.Geod",GRS80,"MLIT National Land Numerical Information, public facilities (P02, 2006, feature subclass 12001 prefectural government office)"
Saitama,Shimane,35.856907,139.648854,35.472212,133.05053,598.8463312536392,710,"geodesic distance, pyproj.Geod",GRS80,"MLIT National Land Numerical Information, public facilities (P02, 2006, feature subclass 12001 prefectural government office)"
Kanagawa,Kochi,35.44771,139.642536,33.559753,133.531115,598.9130268783823,711,"geodesic distance, pyproj.Geod",GRS80,"MLIT National Land Numerical Information, public facilities (P02, 2006, feature subclass 12001 prefectural government office)"
Kyoto,Nagasaki,35.021279,135.755635,32.744836,129.873514,599.7481726253459,712,"geodesic distance, pyproj.Geod",GRS80,"MLIT National Land Numerical Information, public facilities (P02, 2006, feature subclass 12001 prefectural government office)"
Miyagi,Nara,38.268803,140.871846,34.685231,135.832883,601.5287300553592,713,"geodesic distance, pyproj.Geod",GRS80,"MLIT National Land Numerical Information, public facilities (P02, 2006, feature subclass 12001 prefectural government office)"
Nara,Kagoshima,34.685231,135.832883,31.560185,130.558141,601.875198966399,714,"geodesic distance, pyproj.Geod",GRS80,"MLIT National Land Numerical Information, public facilities (P02, 2006, feature subclass 12001 prefectural government office)"
Tokyo,Shimane,35.689568,139.691717,35.472212,133.05053,602.3140536284159,715,"geodesic distance, pyproj.Geod",GRS80,"MLIT National Land Numerical Information, public facilities (P02, 2006, feature subclass 12001 prefectural government office)"
Aomori,Yamanashi,40.824338,140.740087,35.663935,138.568379,603.4764456667185,716,"geodesic distance, pyproj.Geod",GRS80,"MLIT National Land Numerical Information, public facilities (P02, 2006, feature subclass 12001 prefectural government office)"
Aomori,Kanagawa,40.824338,140.740087,35.44771,139.642536,604.4927509542848,717,"geodesic distance, pyproj.Geod",GRS80,"MLIT National Land Numerical Information, public facilities (P02, 2006, feature subclass 12001 prefectural government office)"
Hokkaido,Niigata,43.064278,141.346785,37.902238,139.023531,606.0458756050821,718,"geodesic distance, pyproj.Geod",GRS80,"MLIT National Land Numerical Information, public facilities (P02, 2006, feature subclass 12001 prefectural government office)"
Shiga,Nagasaki,35.004394,135.868292,32.744836,129.873514,608.4888256764256,719,"geodesic distance, pyproj.Geod",GRS80,"MLIT National Land Numerical Information, public facilities (P02, 2006, feature subclass 12001 prefectural government office)"
Yamagata,Hyogo,38.240457,140.363278,34.691304,135.182995,608.6556324487865,720,"geodesic distance, pyproj.Geod",GRS80,"MLIT National Land Numerical Information, public facilities (P02, 2006, feature subclass 12001 prefectural government office)"
Fukushima,Tottori,37.749957,140.467734,35.503704,134.238174,610.2405134263295,721,"geodesic distance, pyproj.Geod",GRS80,"MLIT National Land Numerical Information, public facilities (P02, 2006, feature subclass 12001 prefectural government office)"
Gifu,Fukuoka,35.391199,136.722168,33.606261,130.418114,611.7531014400357,722,"geodesic distance, pyproj.Geod",GRS80,"MLIT National Land Numerical Information, public facilities (P02, 2006, feature subclass 12001 prefectural government office)"
Tokyo,Kochi,35.689568,139.691717,33.559753,133.531115,612.2075112472838,723,"geodesic distance, pyproj.Geod",GRS80,"MLIT National Land Numerical Information, public facilities (P02, 2006, feature subclass 12001 prefectural government office)"
Saitama,Kochi,35.856907,139.648854,33.559753,133.531115,615.5059832413385,724,"geodesic distance, pyproj.Geod",GRS80,"MLIT National Land Numerical Information, public facilities (P02, 2006, feature subclass 12001 prefectural government office)"
Fukushima,Wakayama,37.749957,140.467734,34.225994,135.16745,617.334165915318,725,"geodesic distance, pyproj.Geod",GRS80,"MLIT National Land Numerical Information, public facilities (P02, 2006, feature subclass 12001 prefectural government office)"
Kyoto,Kagoshima,35.021279,135.755635,31.560185,130.558141,617.6720844998615,726,"geodesic distance, pyproj.Geod",GRS80,"MLIT National Land Numerical Information, public facilities (P02, 2006, feature subclass 12001 prefectural government office)"
Iwate,Gifu,39.703647,141.152592,35.391199,136.722168,618.1756241531722,727,"geodesic distance, pyproj.Geod",GRS80,"MLIT National Land Numerical Information, public facilities (P02, 2006, feature subclass 12001 prefectural government office)"
Ibaraki,Okayama,36.34145,140.446735,34.661759,133.934894,619.3459973871899,728,"geodesic distance, pyproj.Geod",GRS80,"MLIT National Land Numerical Information, public facilities (P02, 2006, feature subclass 12001 prefectural government office)"
Fukui,Kumamoto,36.065244,136.221791,32.790374,130.741134,620.9159090395681,729,"geodesic distance, pyproj.Geod",GRS80,"MLIT National Land Numerical Information, public facilities (P02, 2006, feature subclass 12001 prefectural government office)"
Aichi,Fukuoka,35.180198,136.906739,33.606261,130.418114,621.5529991786647,730,"geodesic distance, pyproj.Geod",GRS80,"MLIT National Land Numerical Information, public facilities (P02, 2006, feature subclass 12001 prefectural government office)"
Gifu,Kumamoto,35.391199,136.722168,32.790374,130.741134,622.6445848905986,731,"geodesic distance, pyproj.Geod",GRS80,"MLIT National Land Numerical Information, public facilities (P02, 2006, feature subclass 12001 prefectural government office)"
Miyagi,Osaka,38.268803,140.871846,34.686394,135.519994,622.7414422640751,732,"geodesic distance, pyproj.Geod",GRS80,"MLIT National Land Numerical Information, public facilities (P02, 2006, feature subclass 12001 prefectural government office)"
Ibaraki,Kagawa,36.34145,140.446735,34.34016,134.04339,622.8598310686216,733,"geodesic distance, pyproj.Geod",GRS80,"MLIT National Land Numerical Information, public facilities (P02, 2006, feature subclass 12001 prefectural government office)"
Yamagata,Tottori,38.240457,140.363278,35.503704,134.238174,624.6844041686159,734,"geodesic distance, pyproj.Geod",GRS80,"MLIT National Land Numerical Information, public facilities (P02, 2006, feature subclass 12001 prefectural government office)"
Gifu,Miyazaki,35.391199,136.722168,31.910975,131.423863,624.7622810534483,735,"geodesic distance, pyproj.Geod",GRS80,"MLIT National Land Numerical Information, public facilities (P02, 2006, feature subclass 12001 prefectural government office)"
Shiga,Kagoshima,35.004394,135.868292,31.560185,130.558141,624.8134701270137,736,"geodesic distance, pyproj.Geod",GRS80,"MLIT National Land Numerical Information, public facilities (P02, 2006, feature subclass 12001 prefectural government office)"
Aichi,Miyazaki,35.180198,136.906739,31.910975,131.423863,624.9465405860121,737,"geodesic distance, pyproj.Geod",GRS80,"MLIT National Land Numerical Information, public facilities (P02, 2006, feature subclass 12001 prefectural government office)"
Fukui,Saga,36.065244,136.221791,33.249322,130.298799,626.211919004322,738,"geodesic distance, pyproj.Geod",GRS80,"MLIT National Land Numerical Information, public facilities (P02, 2006, feature subclass 12001 prefectural government office)"
Iwate,Aichi,39.703647,141.152592,35.180198,136.906739,626.8908745707131,739,"geodesic distance, pyproj.Geod",GRS80,"MLIT National Land Numerical Information, public facilities (P02, 2006, feature subclass 12001 prefectural government office)"
Tochigi,Shimane,36.565689,139.883528,35.472212,133.05053,627.6297210267998,740,"geodesic distance, pyproj.Geod",GRS80,"MLIT National Land Numerical Information, public facilities (P02, 2006, feature subclass 12001 prefectural government office)"
Aichi,Kumamoto,35.180198,136.906739,32.790374,130.741134,628.192491982304,741,"geodesic distance, pyproj.Geod",GRS80,"MLIT National Land Numerical Information, public facilities (P02, 2006, feature subclass 12001 prefectural government office)"
Gifu,Saga,35.391199,136.722168,33.249322,130.298799,636.9749493440127,742,"geodesic distance, pyproj.Geod",GRS80,"MLIT National Land Numerical Information, public facilities (P02, 2006, feature subclass 12001 prefectural government office)"
Akita,Mie,39.718058,140.10325,34.730268,136.508594,638.7580994004633,743,"geodesic distance, pyproj.Geod",GRS80,"MLIT National Land Numerical Information, public facilities (P02, 2006, feature subclass 12001 prefectural government office)"
Toyama,Oita,36.69519,137.211341,33.238128,131.612605,638.9537540894406,744,"geodesic distance, pyproj.Geod",GRS80,"MLIT National Land Numerical Information, public facilities (P02, 2006, feature subclass 12001 prefectural government office)"
Gunma,Hiroshima,36.391192,139.060947,34.396271,132.459369,639.1063611584199,745,"geodesic distance, pyproj.Geod",GRS80,"MLIT National Land Numerical Information, public facilities (P02, 2006, feature subclass 12001 prefectural government office)"
Fukui,Miyazaki,36.065244,136.221791,31.910975,131.423863,639.2405304608295,746,"geodesic distance, pyproj.Geod",GRS80,"MLIT National Land Numerical Information, public facilities (P02, 2006, feature subclass 12001 prefectural government office)"
Gunma,Ehime,36.391192,139.060947,33.841646,132.766103,639.5638990434902,747,"geodesic distance, pyproj.Geod",GRS80,"MLIT National Land Numerical Information, public facilities (P02, 2006, feature subclass 12001 prefectural government office)"
Shizuoka,Yamaguchi,34.976906,138.383023,34.185859,131.471401,640.0536882400976,748,"geodesic distance, pyproj.Geod",GRS80,"MLIT National Land Numerical Information, public facilities (P02, 2006, feature subclass 12001 prefectural government office)"
Chiba,Shimane,35.604588,140.123184,35.472212,133.05053,641.4221491407429,749,"geodesic distance, pyproj.Geod",GRS80,"MLIT National Land Numerical Information, public facilities (P02, 2006, feature subclass 12001 prefectural government office)"
Akita,Shiga,39.718058,140.10325,35.004394,135.868292,643.576017883428,750,"geodesic distance, pyproj.Geod",GRS80,"MLIT National Land Numerical Information, public facilities (P02, 2006, feature subclass 12001 prefectural government office)"
Yamagata,Wakayama,38.240457,140.363278,34.225994,135.16745,645.230633095443,751,"geodesic distance, pyproj.Geod",GRS80,"MLIT National Land Numerical Information, public facilities (P02, 2006, feature subclass 12001 prefectural government office)"
Aichi,Saga,35.180198,136.906739,33.249322,130.298799,645.3372099888359,752,"geodesic distance, pyproj.Geod",GRS80,"MLIT National Land Numerical Information, public facilities (P02, 2006, feature subclass 12001 prefectural government office)"
Chiba,Kochi,35.604588,140.123184,33.559753,133.531115,645.7864336696465,753,"geodesic distance, pyproj.Geod",GRS80,"MLIT National Land Numerical Information, public facilities (P02, 2006, feature subclass 12001 prefectural government office)"
Miyagi,Hyogo,38.268803,140.871846,34.691304,135.182995,645.9086052988508,754,"geodesic distance, pyproj.Geod",GRS80,"MLIT National Land Numerical Information, public facilities (P02, 2006, feature subclass 12001 prefectural government office)"
Akita,Kyoto,39.718058,140.10325,35.021279,135.755635,647.9010248521495,755,"geodesic distance, pyproj.Geod",GRS80,"MLIT National Land Numerical Information, public facilities (P02, 2006, feature subclass 12001 prefectural government office)"
Mie,Nagasaki,34.730268,136.508594,32.744836,129.873514,652.9391078791015,756,"geodesic distance, pyproj.Geod",GRS80,"MLIT National Land Numerical Information, public facilities (P02, 2006, feature subclass 12001 prefectural government office)"
Shizuoka,Oita,34.976906,138.383023,33.238128,131.612605,653.627562475181,757,"geodesic distance, pyproj.Geod",GRS80,"MLIT National Land Numerical Information, public facilities (P02, 2006, feature subclass 12001 prefectural government office)"
Kanagawa,Ehime,35.44771,139.642536,33.841646,132.766103,654.9645483734433,758,"geodesic distance, pyproj.Geod",GRS80,"MLIT National Land Numerical Information, public facilities (P02, 2006, feature subclass 12001 prefectural government office)"
Kagoshima,Okinawa,31.560185,130.558141,26.212365,127.680975,655.7231975292934,759,"geodesic distance, pyproj.Geod",GRS80,"MLIT National Land Numerical Information, public facilities (P02, 2006, feature subclass 12001 prefectural government office)"
Ishikawa,Fukuoka,36.594652,136.625725,33.606261,130.418114,655.7261620624661,760,"geodesic distance, pyproj.Geod",GRS80,"MLIT National Land Numerical Information, public facilities (P02, 2006, feature subclass 12001 prefectural government office)"
Mie,Kagoshima,34.730268,136.508594,31.560185,130.558141,656.9400702916851,761,"geodesic distance, pyproj.Geod",GRS80,"MLIT National Land Numerical Information, public facilities (P02, 2006, feature subclass 12001 prefectural government office)"
Aomori,Fukui,40.824338,140.740087,36.065244,136.221791,659.0746953674432,762,"geodesic distance, pyproj.Geod",GRS80,"MLIT National Land Numerical Information, public facilities (P02, 2006, feature subclass 12001 prefectural government office)"
Miyagi,Tottori,38.268803,140.871846,35.503704,134.238174,665.9853046471891,763,"geodesic distance, pyproj.Geod",GRS80,"MLIT National Land Numerical Information, public facilities (P02, 2006, feature subclass 12001 prefectural government office)"
Tokyo,Ehime,35.689568,139.691717,33.841646,132.766103,666.1589675981995,764,"geodesic distance, pyproj.Geod",GRS80,"MLIT National Land Numerical Information, public facilities (P02, 2006, feature subclass 12001 prefectural government office)"
Kanagawa,Hiroshima,35.44771,139.642536,34.396271,132.459369,666.4830499801932,765,"geodesic distance, pyproj.Geod",GRS80,"MLIT National Land Numerical Information, public facilities (P02, 2006, feature subclass 12001 prefectural government office)"
Nagano,Yamaguchi,36.65131,138.180991,34.185859,131.471401,667.7338014474842,766,"geodesic distance, pyproj.Geod",GRS80,"MLIT National Land Numerical Information, public facilities (P02, 2006, feature subclass 12001 prefectural government office)"
Saitama,Ehime,35.856907,139.648854,33.841646,132.766103,667.7959640030034,767,"geodesic distance, pyproj.Geod",GRS80,"MLIT National Land Numerical Information, public facilities (P02, 2006, feature subclass 12001 prefectural government office)"
Tochigi,Kochi,36.565689,139.883528,33.559753,133.531115,668.3395228789236,768,"geodesic distance, pyproj.Geod",GRS80,"MLIT National Land Numerical Information, public facilities (P02, 2006, feature subclass 12001 prefectural government office)"
Yamanashi,Yamaguchi,35.663935,138.568379,34.185859,131.471401,668.697857192035,769,"geodesic distance, pyproj.Geod",GRS80,"MLIT National Land Numerical Information, public facilities (P02, 2006, feature subclass 12001 prefectural government office)"
Fukushima,Tokushima,37.749957,140.467734,34.065728,134.559484,671.722870923731,770,"geodesic distance, pyproj.Geod",GRS80,"MLIT National Land Numerical Information, public facilities (P02, 2006, feature subclass 12001 prefectural government office)"
Ibaraki,Shimane,36.34145,140.446735,35.472212,133.05053,674.4087762005631,771,"geodesic distance, pyproj.Geod",GRS80,"MLIT National Land Numerical Information, public facilities (P02, 2006, feature subclass 12001 prefectural government office)"
Akita,Nara,39.718058,140.10325,34.685231,135.832883,674.8513455622063,772,"geodesic distance, pyproj.Geod",GRS80,"MLIT National Land Numerical Information, public facilities (P02, 2006, feature subclass 12001 prefectural government office)"
Saitama,Hiroshima,35.856907,139.648854,34.396271,132.459369,674.8601204024833,773,"geodesic distance, pyproj.Geod",GRS80,"MLIT National Land Numerical Information, public facilities (P02, 2006, feature subclass 12001 prefectural government office)"
Tokyo,Hiroshima,35.689568,139.691717,34.396271,132.459369,675.1261827500801,774,"geodesic distance, pyproj.Geod",GRS80,"MLIT National Land Numerical Information, public facilities (P02, 2006, feature subclass 12001 prefectural government office)"
Fukushima,Okayama,37.749957,140.467734,34.661759,133.934894,679.8695283941676,775,"geodesic distance, pyproj.Geod",GRS80,"MLIT National Land Numerical Information, public facilities (P02, 2006, feature subclass 12001 prefectural government office)"
Miyagi,Wakayama,38.268803,140.871846,34.225994,135.16745,681.003090820051,776,"geodesic distance, pyproj.Geod",GRS80,"MLIT National Land Numerical Information, public facilities (P02, 2006, feature subclass 12001 prefectural government office)"
Aomori,Shizuoka,40.824338,140.740087,34.976906,138.383023,681.259315190602,777,"geodesic distance, pyproj.Geod",GRS80,"MLIT National Land Numerical Information, public facilities (P02, 2006, feature subclass 12001 prefectural government office)"
Ishikawa,Kumamoto,36.594652,136.625725,32.790374,130.741134,684.4674790185028,778,"geodesic distance, pyproj.Geod",GRS80,"MLIT National Land Numerical Information, public facilities (P02, 2006, feature subclass 12001 prefectural government office)"
Ishikawa,Saga,36.594652,136.625725,33.249322,130.298799,686.7422462601306,779,"geodesic distance, pyproj.Geod",GRS80,"MLIT National Land Numerical Information, public facilities (P02, 2006, feature subclass 12001 prefectural government office)"
Iwate,Mie,39.703647,141.152592,34.730268,136.508594,688.6445685818163,780,"geodesic distance, pyproj.Geod",GRS80,"MLIT National Land Numerical Information, public facilities (P02, 2006, feature subclass 12001 prefectural government office)"
Fukui,Nagasaki,36.065244,136.221791,32.744836,129.873514,689.9397418691555,781,"geodesic distance, pyproj.Geod",GRS80,"MLIT National Land Numerical Information, public facilities (P02, 2006, feature subclass 12001 prefectural government office)"
Akita,Osaka,39.718058,140.10325,34.686394,135.519994,690.6981844643441,782,"geodesic distance, pyproj.Geod",GRS80,"MLIT National Land Numerical Information, public facilities (P02, 2006, feature subclass 12001 prefectural government office)"
Fukushima,Kagawa,37.749957,140.467734,34.34016,134.04339,691.3113803206792,783,"geodesic distance, pyproj.Geod",GRS80,"MLIT National Land Numerical Information, public facilities (P02, 2006, feature subclass 12001 prefectural government office)"
Niigata,Kochi,37.902238,139.023531,33.559753,133.531115,691.8695224272158,784,"geodesic distance, pyproj.Geod",GRS80,"MLIT National Land Numerical Information, public facilities (P02, 2006, feature subclass 12001 prefectural government office)"
Yamanashi,Oita,35.663935,138.568379,33.238128,131.612605,693.3040048809656,785,"geodesic distance, pyproj.Geod",GRS80,"MLIT National Land Numerical Information, public facilities (P02, 2006, feature subclass 12001 prefectural government office)"
Gifu,Nagasaki,35.391199,136.722168,32.744836,129.873514,696.803727002034,786,"geodesic distance, pyproj.Geod",GRS80,"MLIT National Land Numerical Information, public facilities (P02, 2006, feature subclass 12001 prefectural government office)"
Akita,Tottori,39.718058,140.10325,35.503704,134.238174,697.5221177581267,787,"geodesic distance, pyproj.Geod",GRS80,"MLIT National Land Numerical Information, public facilities (P02, 2006, feature subclass 12001 prefectural government office)"
Yamagata,Tokushima,38.240457,140.363278,34.065728,134.559484,697.8300259367044,788,"geodesic distance, pyproj.Geod",GRS80,"MLIT National Land Numerical Information, public facilities (P02, 2006, feature subclass 12001 prefectural government office)"
Aomori,Gifu,40.824338,140.740087,35.391199,136.722168,698.2742621040869,789,"geodesic distance, pyproj.Geod",GRS80,"MLIT National Land Numerical Information, public facilities (P02, 2006, feature subclass 12001 prefectural government office)"
Yamagata,Okayama,38.240457,140.363278,34.661759,133.934894,699.5735736031482,790,"geodesic distance, pyproj.Geod",GRS80,"MLIT National Land Numerical Information, public facilities (P02, 2006, feature subclass 12001 prefectural government office)"
Iwate,Shiga,39.703647,141.152592,35.004394,135.868292,700.5714608342311,791,"geodesic distance, pyproj.Geod",GRS80,"MLIT National Land Numerical Information, public facilities (P02, 2006, feature subclass 12001 prefectural government office)"
Chiba,Ehime,35.604588,140.123184,33.841646,132.766103,701.468434067894,792,"geodesic distance, pyproj.Geod",GRS80,"MLIT National Land Numerical Information, public facilities (P02, 2006, feature subclass 12001 prefectural government office)"
Ibaraki,Kochi,36.34145,140.446735,33.559753,133.531115,702.7933430566133,793,"geodesic distance, pyproj.Geod",GRS80,"MLIT National Land Numerical Information, public facilities (P02, 2006, feature subclass 12001 prefectural government office)"
Aichi,Nagasaki,35.180198,136.906739,32.744836,129.873514,703.7182409737524,794,"geodesic distance, pyproj.Geod",GRS80,"MLIT National Land Numerical Information, public facilities (P02, 2006, feature subclass 12001 prefectural government office)"
Iwate,Kyoto,39.703647,141.152592,35.021279,135.755635,705.8519634950261,795,"geodesic distance, pyproj.Geod",GRS80,"MLIT National Land Numerical Information, public facilities (P02, 2006, feature subclass 12001 prefectural government office)"
Ishikawa,Miyazaki,36.594652,136.625725,31.910975,131.423863,706.5073839942429,796,"geodesic distance, pyproj.Geod",GRS80,"MLIT National Land Numerical Information, public facilities (P02, 2006, feature subclass 12001 prefectural government office)"
Niigata,Hiroshima,37.902238,139.023531,34.396271,132.459369,707.0296237953171,797,"geodesic distance, pyproj.Geod",GRS80,"MLIT National Land Numerical Information, public facilities (P02, 2006, feature subclass 12001 prefectural government office)"
Toyama,Fukuoka,36.69519,137.211341,33.606261,130.418114,707.2653025347988,798,"geodesic distance, pyproj.Geod",GRS80,"MLIT National Land Numerical Information, public facilities (P02, 2006, feature subclass 12001 prefectural government office)"
Akita,Hyogo,39.718058,140.10325,34.691304,135.182995,708.2582725909696,799,"geodesic distance, pyproj.Geod",GRS80,"MLIT National Land Numerical Information, public facilities (P02, 2006, feature subclass 12001 prefectural government office)"
Nagano,Oita,36.65131,138.180991,33.238128,131.612605,709.2333028690598,800,"geodesic distance, pyproj.Geod",GRS80,"MLIT National Land Numerical Information, public facilities (P02, 2006, feature subclass 12001 prefectural government office)"
Fukushima,Shimane,37.749957,140.467734,35.472212,133.05053,709.8127881224433,801,"geodesic distance, pyproj.Geod",GRS80,"MLIT National Land Numerical Information, public facilities (P02, 2006, feature subclass 12001 prefectural government office)"
Aomori,Aichi,40.824338,140.740087,35.180198,136.906739,711.0255843377709,802,"geodesic distance, pyproj.Geod",GRS80,"MLIT National Land Numerical Information, public facilities (P02, 2006, feature subclass 12001 prefectural government office)"
Chiba,Hiroshima,35.604588,140.123184,34.396271,132.459369,712.1386896451269,803,"geodesic distance, pyproj.Geod",GRS80,"MLIT National Land Numerical Information, public facilities (P02, 2006, feature subclass 12001 prefectural government office)"
Gifu,Kagoshima,35.391199,136.722168,31.560185,130.558141,713.0398176460891,804,"geodesic distance, pyproj.Geod",GRS80,"MLIT National Land Numerical Information, public facilities (P02, 2006, feature subclass 12001 prefectural government office)"
Yamagata,Kagawa,38.240457,140.363278,34.34016,134.04339,713.5727954590806,805,"geodesic distance, pyproj.Geod",GRS80,"MLIT National Land Numerical Information, public facilities (P02, 2006, feature subclass 12001 prefectural government office)"
Aichi,Kagoshima,35.180198,136.906739,31.560185,130.558141,714.0584102587626,806,"geodesic distance, pyproj.Geod",GRS80,"MLIT National Land Numerical Information, public facilities (P02, 2006, feature subclass 12001 prefectural government office)"
Tochigi,Ehime,36.565689,139.883528,33.841646,132.766103,714.8573932851169,807,"geodesic distance, pyproj.Geod",GRS80,"MLIT National Land Numerical Information, public facilities (P02, 2006, feature subclass 12001 prefectural government office)"
Tochigi,Hiroshima,36.565689,139.883528,34.396271,132.459369,715.2061386647986,808,"geodesic distance, pyproj.Geod",GRS80,"MLIT National Land Numerical Information, public facilities (P02, 2006, feature subclass 12001 prefectural government office)"
Yamagata,Shimane,38.240457,140.363278,35.472212,133.05053,720.5796415493377,809,"geodesic distance, pyproj.Geod",GRS80,"MLIT National Land Numerical Information, public facilities (P02, 2006, feature subclass 12001 prefectural government office)"
Niigata,Ehime,37.902238,139.023531,33.841646,132.766103,722.4158065971152,810,"geodesic distance, pyproj.Geod",GRS80,"MLIT National Land Numerical Information, public facilities (P02, 2006, feature subclass 12001 prefectural government office)"
Fukui,Kagoshima,36.065244,136.221791,31.560185,130.558141,724.065413383929,811,"geodesic distance, pyproj.Geod",GRS80,"MLIT National Land Numerical Information, public facilities (P02, 2006, feature subclass 12001 prefectural government office)"
Miyazaki,Okinawa,31.910975,131.423863,26.212365,127.680975,729.0883426835647,812,"geodesic distance, pyproj.Geod",GRS80,"MLIT National Land Numerical Information, public facilities (P02, 2006, feature subclass 12001 prefectural government office)"
Iwate,Nara,39.703647,141.152592,34.685231,135.832883,729.945949702918,813,"geodesic distance, pyproj.Geod",GRS80,"MLIT National Land Numerical Information, public facilities (P02, 2006, feature subclass 12001 prefectural government office)"
Shizuoka,Miyazaki,34.976906,138.383023,31.910975,131.423863,730.7245495993125,814,"geodesic distance, pyproj.Geod",GRS80,"MLIT National Land Numerical Information, public facilities (P02, 2006, feature subclass 12001 prefectural government office)"
Gunma,Yamaguchi,36.391192,139.060947,34.185859,131.471401,732.208789589798,815,"geodesic distance, pyproj.Geod",GRS80,"MLIT National Land Numerical Information, public facilities (P02, 2006, feature subclass 12001 prefectural government office)"
Hokkaido,Tochigi,43.064278,141.346785,36.565689,139.883528,732.3079618054918,816,"geodesic distance, pyproj.Geod",GRS80,"MLIT National Land Numerical Information, public facilities (P02, 2006, feature subclass 12001 prefectural government office)"
Toyama,Kumamoto,36.69519,137.211341,32.790374,130.741134,733.6529301648955,817,"geodesic distance, pyproj.Geod",GRS80,"MLIT National Land Numerical Information, public facilities (P02, 2006, feature subclass 12001 prefectural government office)"
Miyagi,Tokushima,38.268803,140.871846,34.065728,134.559484,734.5608512650033,818,"geodesic distance, pyproj.Geod",GRS80,"MLIT National Land Numerical Information, public facilities (P02, 2006, feature subclass 12001 prefectural government office)"
Toyama,Saga,36.69519,137.211341,33.249322,130.298799,737.6707370314139,819,"geodesic distance, pyproj.Geod",GRS80,"MLIT National Land Numerical Information, public facilities (P02, 2006, feature subclass 12001 prefectural government office)"
Miyagi,Okayama,38.268803,140.871846,34.661759,133.934894,739.1223469492512,820,"geodesic distance, pyproj.Geod",GRS80,"MLIT National Land Numerical Information, public facilities (P02, 2006, feature subclass 12001 prefectural government office)"
Shizuoka,Kumamoto,34.976906,138.383023,32.790374,130.741134,747.1504944258915,821,"geodesic distance, pyproj.Geod",GRS80,"MLIT National Land Numerical Information, public facilities (P02, 2006, feature subclass 12001 prefectural government office)"
Iwate,Osaka,39.703647,141.152592,34.686394,135.519994,748.0804483673016,822,"geodesic distance, pyproj.Geod",GRS80,"MLIT National Land Numerical Information, public facilities (P02, 2006, feature subclass 12001 prefectural government office)"
Shizuoka,Fukuoka,34.976906,138.383023,33.606261,130.418114,748.6839815254335,823,"geodesic distance, pyproj.Geod",GRS80,"MLIT National Land Numerical Information, public facilities (P02, 2006, feature subclass 12001 prefectural government office)"
Hokkaido,Ibaraki,43.064278,141.346785,36.34145,140.446735,750.3966680970847,824,"geodesic distance, pyproj.Geod",GRS80,"MLIT National Land Numerical Information, public facilities (P02, 2006, feature subclass 12001 prefectural government office)"
Akita,Wakayama,39.718058,140.10325,34.225994,135.16745,751.1358193611569,825,"geodesic distance, pyproj.Geod",GRS80,"MLIT National Land Numerical Information, public facilities (P02, 2006, feature subclass 12001 prefectural government office)"
Ishikawa,Nagasaki,36.594652,136.625725,32.744836,129.873514,751.5934340444983,826,"geodesic distance, pyproj.Geod",GRS80,"MLIT National Land Numerical Information, public facilities (P02, 2006, feature subclass 12001 prefectural government office)"
Toyama,Miyazaki,36.69519,137.211341,31.910975,131.423863,751.6758401029731,827,"geodesic distance, pyproj.Geod",GRS80,"MLIT National Land Numerical Information, public facilities (P02, 2006, feature subclass 12001 prefectural government office)"
Miyagi,Kagawa,38.268803,140.871846,34.34016,134.04339,752.0923367568657,828,"geodesic distance, pyproj.Geod",GRS80,"MLIT National Land Numerical Information, public facilities (P02, 2006, feature subclass 12001 prefectural government office)"
Ibaraki,Ehime,36.34145,140.446735,33.841646,132.766103,752.9904834160503,829,"geodesic distance, pyproj.Geod",GRS80,"MLIT National Land Numerical Information, public facilities (P02, 2006, feature subclass 12001 prefectural government office)"
Nagasaki,Okinawa,32.744836,129.873514,26.212365,127.680975,754.6018689133747,830,"geodesic distance, pyproj.Geod",GRS80,"MLIT National Land Numerical Information, public facilities (P02, 2006, feature subclass 12001 prefectural government office)"
Ibaraki,Hiroshima,36.34145,140.446735,34.396271,132.459369,756.9949262837264,831,"geodesic distance, pyproj.Geod",GRS80,"MLIT National Land Numerical Information, public facilities (P02, 2006, feature subclass 12001 prefectural government office)"
Kanagawa,Yamaguchi,35.44771,139.642536,34.185859,131.471401,760.3404483077898,832,"geodesic distance, pyproj.Geod",GRS80,"MLIT National Land Numerical Information, public facilities (P02, 2006, feature subclass 12001 prefectural government office)"
Hokkaido,Nagano,43.064278,141.346785,36.65131,138.180991,761.6758683205837,833,"geodesic distance, pyproj.Geod",GRS80,"MLIT National Land Numerical Information, public facilities (P02, 2006, feature subclass 12001 prefectural government office)"
Miyagi,Shimane,38.268803,140.871846,35.472212,133.05053,762.9598405512572,834,"geodesic distance, pyproj.Geod",GRS80,"MLIT National Land Numerical Information, public facilities (P02, 2006, feature subclass 12001 prefectural government office)"
Gunma,Oita,36.391192,139.060947,33.238128,131.612605,765.6775146893739,835,"geodesic distance, pyproj.Geod",GRS80,"MLIT National Land Numerical Information, public facilities (P02, 2006, feature subclass 12001 prefectural government office)"
Hokkaido,Gunma,43.064278,141.346785,36.391192,139.060947,766.3005465732106,836,"geodesic distance, pyproj.Geod",GRS80,"MLIT National Land Numerical Information, public facilities (P02, 2006, feature subclass 12001 prefectural government office)"
Iwate,Tottori,39.703647,141.152592,35.503704,134.238174,767.7559618264116,837,"geodesic distance, pyproj.Geod",GRS80,"MLIT National Land Numerical Information, public facilities (P02, 2006, feature subclass 12001 prefectural government office)"
Iwate,Hyogo,39.703647,141.152592,34.691304,135.182995,767.9505104204965,838,"geodesic distance, pyproj.Geod",GRS80,"MLIT National Land Numerical Information, public facilities (P02, 2006, feature subclass 12001 prefectural government office)"
Saitama,Yamaguchi,35.856907,139.648854,34.185859,131.471401,768.7251965699091,839,"geodesic distance, pyproj.Geod",GRS80,"MLIT National Land Numerical Information, public facilities (P02, 2006, feature subclass 12001 prefectural government office)"
Tokyo,Yamaguchi,35.689568,139.691717,34.185859,131.471401,769.0327060490082,840,"geodesic distance, pyproj.Geod",GRS80,"MLIT National Land Numerical Information, public facilities (P02, 2006, feature subclass 12001 prefectural government office)"
Shizuoka,Saga,34.976906,138.383023,33.249322,130.298799,769.8380303168587,841,"geodesic distance, pyproj.Geod",GRS80,"MLIT National Land Numerical Information, public facilities (P02, 2006, feature subclass 12001 prefectural government office)"
Aomori,Mie,40.824338,140.740087,34.730268,136.508594,772.0673666218839,842,"geodesic distance, pyproj.Geod",GRS80,"MLIT National Land Numerical Information, public facilities (P02, 2006, feature subclass 12001 prefectural government office)"
Aomori,Shiga,40.824338,140.740087,35.004394,135.868292,774.8128485406111,843,"geodesic distance, pyproj.Geod",GRS80,"MLIT National Land Numerical Information, public facilities (P02, 2006, feature subclass 12001 prefectural government office)"
Kanagawa,Oita,35.44771,139.642536,33.238128,131.612605,778.1566302133378,844,"geodesic distance, pyproj.Geod",GRS80,"MLIT National Land Numerical Information, public facilities (P02, 2006, feature subclass 12001 prefectural government office)"
Aomori,Kyoto,40.824338,140.740087,35.021279,135.755635,778.74135271681,845,"geodesic distance, pyproj.Geod",GRS80,"MLIT National Land Numerical Information, public facilities (P02, 2006, feature subclass 12001 prefectural government office)"
Akita,Shimane,39.718058,140.10325,35.472212,133.05053,780.597191942182,846,"geodesic distance, pyproj.Geod",GRS80,"MLIT National Land Numerical Information, public facilities (P02, 2006, feature subclass 12001 prefectural government office)"
Fukushima,Kochi,37.749957,140.467734,33.559753,133.531115,781.089018169728,847,"geodesic distance, pyproj.Geod",GRS80,"MLIT National Land Numerical Information, public facilities (P02, 2006, feature subclass 12001 prefectural government office)"
Yamanashi,Fukuoka,35.663935,138.568379,33.606261,130.418114,781.1068046973683,848,"geodesic distance, pyproj.Geod",GRS80,"MLIT National Land Numerical Information, public facilities (P02, 2006, feature subclass 12001 prefectural government office)"
Yamanashi,Miyazaki,35.663935,138.568379,31.910975,131.423863,781.3875196847406,849,"geodesic distance, pyproj.Geod",GRS80,"MLIT National Land Numerical Information, public facilities (P02, 2006, feature subclass 12001 prefectural government office)"
Nagano,Fukuoka,36.65131,138.180991,33.606261,130.418114,783.7106646649765,850,"geodesic distance, pyproj.Geod",GRS80,"MLIT National Land Numerical Information, public facilities (P02, 2006, feature subclass 12001 prefectural government office)"
Akita,Okayama,39.718058,140.10325,34.661759,133.934894,783.7210312839794,851,"geodesic distance, pyproj.Geod",GRS80,"MLIT National Land Numerical Information, public facilities (P02, 2006, feature subclass 12001 prefectural government office)"
Kumamoto,Okinawa,32.790374,130.741134,26.212365,127.680975,787.0797089325669,852,"geodesic distance, pyproj.Geod",GRS80,"MLIT National Land Numerical Information, public facilities (P02, 2006, feature subclass 12001 prefectural government office)"
Yamanashi,Kumamoto,35.663935,138.568379,32.790374,130.741134,788.1620195145989,853,"geodesic distance, pyproj.Geod",GRS80,"MLIT National Land Numerical Information, public facilities (P02, 2006, feature subclass 12001 prefectural government office)"
Tokyo,Oita,35.689568,139.691717,33.238128,131.612605,790.2363229814632,854,"geodesic distance, pyproj.Geod",GRS80,"MLIT National Land Numerical Information, public facilities (P02, 2006, feature subclass 12001 prefectural government office)"
Hokkaido,Toyama,43.064278,141.346785,36.69519,137.211341,790.4569920821766,855,"geodesic distance, pyproj.Geod",GRS80,"MLIT National Land Numerical Information, public facilities (P02, 2006, feature subclass 12001 prefectural government office)"
Ishikawa,Kagoshima,36.594652,136.625725,31.560185,130.558141,790.5290826232973,856,"geodesic distance, pyproj.Geod",GRS80,"MLIT National Land Numerical Information, public facilities (P02, 2006, feature subclass 12001 prefectural government office)"
Saitama,Oita,35.856907,139.648854,33.238128,131.612605,792.4491301278354,857,"geodesic distance, pyproj.Geod",GRS80,"MLIT National Land Numerical Information, public facilities (P02, 2006, feature subclass 12001 prefectural government office)"
Niigata,Yamaguchi,37.902238,139.023531,34.185859,131.471401,795.3250984378471,858,"geodesic distance, pyproj.Geod",GRS80,"MLIT National Land Numerical Information, public facilities (P02, 2006, feature subclass 12001 prefectural government office)"
Akita,Tokushima,39.718058,140.10325,34.065728,134.559484,798.1603072977794,859,"geodesic distance, pyproj.Geod",GRS80,"MLIT National Land Numerical Information, public facilities (P02, 2006, feature subclass 12001 prefectural government office)"
Toyama,Nagasaki,36.69519,137.211341,32.744836,129.873514,801.9797328568241,860,"geodesic distance, pyproj.Geod",GRS80,"MLIT National Land Numerical Information, public facilities (P02, 2006, feature subclass 12001 prefectural government office)"
Akita,Kagawa,39.718058,140.10325,34.34016,134.04339,803.9019083024984,861,"geodesic distance, pyproj.Geod",GRS80,"MLIT National Land Numerical Information, public facilities (P02, 2006, feature subclass 12001 prefectural government office)"
Nagano,Kumamoto,36.65131,138.180991,32.790374,130.741134,804.4956941382279,862,"geodesic distance, pyproj.Geod",GRS80,"MLIT National Land Numerical Information, public facilities (P02, 2006, feature subclass 12001 prefectural government office)"
Yamanashi,Saga,35.663935,138.568379,33.249322,130.298799,805.3711832883638,863,"geodesic distance, pyproj.Geod",GRS80,"MLIT National Land Numerical Information, public facilities (P02, 2006, feature subclass 12001 prefectural government office)"
Yamagata,Kochi,38.240457,140.363278,33.559753,133.531115,805.8919230126852,864,"geodesic distance, pyproj.Geod",GRS80,"MLIT National Land Numerical Information, public facilities (P02, 2006, feature subclass 12001 prefectural government office)"
Chiba,Yamaguchi,35.604588,140.123184,34.185859,131.471401,806.0310040237157,865,"geodesic distance, pyproj.Geod",GRS80,"MLIT National Land Numerical Information, public facilities (P02, 2006, feature subclass 12001 prefectural government office)"
Aomori,Nara,40.824338,140.740087,34.685231,135.832883,806.6957690723783,866,"geodesic distance, pyproj.Geod",GRS80,"MLIT National Land Numerical Information, public facilities (P02, 2006, feature subclass 12001 prefectural government office)"
Iwate,Wakayama,39.703647,141.152592,34.225994,135.16745,808.04633010394,867,"geodesic distance, pyproj.Geod",GRS80,"MLIT National Land Numerical Information, public facilities (P02, 2006, feature subclass 12001 prefectural government office)"
Tochigi,Yamaguchi,36.565689,139.883528,34.185859,131.471401,808.3685366573352,868,"geodesic distance, pyproj.Geod",GRS80,"MLIT National Land Numerical Information, public facilities (P02, 2006, feature subclass 12001 prefectural government office)"
Fukushima,Hiroshima,37.749957,140.467734,34.396271,132.459369,811.3023691242913,869,"geodesic distance, pyproj.Geod",GRS80,"MLIT National Land Numerical Information, public facilities (P02, 2006, feature subclass 12001 prefectural government office)"
Nagano,Saga,36.65131,138.180991,33.249322,130.298799,812.5129807014338,870,"geodesic distance, pyproj.Geod",GRS80,"MLIT National Land Numerical Information, public facilities (P02, 2006, feature subclass 12001 prefectural government office)"
Hokkaido,Saitama,43.064278,141.346785,35.856907,139.648854,813.3753986322915,871,"geodesic distance, pyproj.Geod",GRS80,"MLIT National Land Numerical Information, public facilities (P02, 2006, feature subclass 12001 prefectural government office)"
Nagano,Miyazaki,36.65131,138.180991,31.910975,131.423863,814.2190638169259,872,"geodesic distance, pyproj.Geod",GRS80,"MLIT National Land Numerical Information, public facilities (P02, 2006, feature subclass 12001 prefectural government office)"
Fukushima,Ehime,37.749957,140.467734,33.841646,132.766103,819.7584447509573,873,"geodesic distance, pyproj.Geod",GRS80,"MLIT National Land Numerical Information, public facilities (P02, 2006, feature subclass 12001 prefectural government office)"
Saga,Okinawa,33.249322,130.298799,26.212365,127.680975,820.0229377063638,874,"geodesic distance, pyproj.Geod",GRS80,"MLIT National Land Numerical Information, public facilities (P02, 2006, feature subclass 12001 prefectural government office)"
Aomori,Tottori,40.824338,140.740087,35.503704,134.238174,820.1664811392516,875,"geodesic distance, pyproj.Geod",GRS80,"MLIT National Land Numerical Information, public facilities (P02, 2006, feature subclass 12001 prefectural government office)"
Shizuoka,Kagoshima,34.976906,138.383023,31.560185,130.558141,821.270521508821,876,"geodesic distance, pyproj.Geod",GRS80,"MLIT National Land Numerical Information, public facilities (P02, 2006, feature subclass 12001 prefectural government office)"
Aomori,Osaka,40.824338,140.740087,34.686394,135.519994,821.6501283240741,877,"geodesic distance, pyproj.Geod",GRS80,"MLIT National Land Numerical Information, public facilities (P02, 2006, feature subclass 12001 prefectural government office)"
Hokkaido,Ishikawa,43.064278,141.346785,36.594652,136.625725,823.8719112434123,878,"geodesic distance, pyproj.Geod",GRS80,"MLIT National Land Numerical Information, public facilities (P02, 2006, feature subclass 12001 prefectural government office)"
Chiba,Oita,35.604588,140.123184,33.238128,131.612605,824.867026760011,879,"geodesic distance, pyproj.Geod",GRS80,"MLIT National Land Numerical Information, public facilities (P02, 2006, feature subclass 12001 prefectural government office)"
Shizuoka,Nagasaki,34.976906,138.383023,32.744836,129.873514,825.1068142789129,880,"geodesic distance, pyproj.Geod",GRS80,"MLIT National Land Numerical Information, public facilities (P02, 2006, feature subclass 12001 prefectural government office)"
Yamagata,Hiroshima,38.240457,140.363278,34.396271,132.459369,827.6227487628595,881,"geodesic distance, pyproj.Geod",GRS80,"MLIT National Land Numerical Information, public facilities (P02, 2006, feature subclass 12001 prefectural government office)"
Hokkaido,Tokyo,43.064278,141.346785,35.689568,139.691717,831.0376412849209,882,"geodesic distance, pyproj.Geod",GRS80,"MLIT National Land Numerical Information, public facilities (P02, 2006, feature subclass 12001 prefectural government office)"
Hokkaido,Chiba,43.064278,141.346785,35.604588,140.123184,834.8545803245659,883,"geodesic distance, pyproj.Geod",GRS80,"MLIT National Land Numerical Information, public facilities (P02, 2006, feature subclass 12001 prefectural government office)"
Toyama,Kagoshima,36.69519,137.211341,31.560185,130.558141,836.886691255198,884,"geodesic distance, pyproj.Geod",GRS80,"MLIT National Land Numerical Information, public facilities (P02, 2006, feature subclass 12001 prefectural government office)"
Aomori,Hyogo,40.824338,140.740087,34.691304,135.182995,838.1320576679863,885,"geodesic distance, pyproj.Geod",GRS80,"MLIT National Land Numerical Information, public facilities (P02, 2006, feature subclass 12001 prefectural government office)"
Yamagata,Ehime,38.240457,140.363278,33.841646,132.766103,840.3110879603577,886,"geodesic distance, pyproj.Geod",GRS80,"MLIT National Land Numerical Information, public facilities (P02, 2006, feature subclass 12001 prefectural government office)"
Tochigi,Oita,36.565689,139.883528,33.238128,131.612605,840.830831112743,887,"geodesic distance, pyproj.Geod",GRS80,"MLIT National Land Numerical Information, public facilities (P02, 2006, feature subclass 12001 prefectural government office)"
Miyagi,Kochi,38.268803,140.871846,33.559753,133.531115,843.3171280694805,888,"geodesic distance, pyproj.Geod",GRS80,"MLIT National Land Numerical Information, public facilities (P02, 2006, feature subclass 12001 prefectural government office)"
Gunma,Fukuoka,36.391192,139.060947,33.606261,130.418114,846.9282720306883,889,"geodesic distance, pyproj.Geod",GRS80,"MLIT National Land Numerical Information, public facilities (P02, 2006, feature subclass 12001 prefectural government office)"
Niigata,Oita,37.902238,139.023531,33.238128,131.612605,847.5074822266587,890,"geodesic distance, pyproj.Geod",GRS80,"MLIT National Land Numerical Information, public facilities (P02, 2006, feature subclass 12001 prefectural government office)"
Iwate,Okayama,39.703647,141.152592,34.661759,133.934894,850.2685270380455,891,"geodesic distance, pyproj.Geod",GRS80,"MLIT National Land Numerical Information, public facilities (P02, 2006, feature subclass 12001 prefectural government office)"
Ibaraki,Yamaguchi,36.34145,140.446735,34.185859,131.471401,850.616871904552,892,"geodesic distance, pyproj.Geod",GRS80,"MLIT National Land Numerical Information, public facilities (P02, 2006, feature subclass 12001 prefectural government office)"
Iwate,Shimane,39.703647,141.152592,35.472212,133.05053,855.373464680479,893,"geodesic distance, pyproj.Geod",GRS80,"MLIT National Land Numerical Information, public facilities (P02, 2006, feature subclass 12001 prefectural government office)"
Hokkaido,Yamanashi,43.064278,141.346785,35.663935,138.568379,855.6432226186249,894,"geodesic distance, pyproj.Geod",GRS80,"MLIT National Land Numerical Information, public facilities (P02, 2006, feature subclass 12001 prefectural government office)"
Kanagawa,Miyazaki,35.44771,139.642536,31.910975,131.423863,856.7250863995007,895,"geodesic distance, pyproj.Geod",GRS80,"MLIT National Land Numerical Information, public facilities (P02, 2006, feature subclass 12001 prefectural government office)"
Iwate,Tokushima,39.703647,141.152592,34.065728,134.559484,857.9194754833429,896,"geodesic distance, pyproj.Geod",GRS80,"MLIT National Land Numerical Information, public facilities (P02, 2006, feature subclass 12001 prefectural government office)"
Hokkaido,Kanagawa,43.064278,141.346785,35.44771,139.642536,858.2398463707008,897,"geodesic distance, pyproj.Geod",GRS80,"MLIT National Land Numerical Information, public facilities (P02, 2006, feature subclass 12001 prefectural government office)"
Gunma,Kumamoto,36.391192,139.060947,32.790374,130.741134,861.0073435409977,898,"geodesic distance, pyproj.Geod",GRS80,"MLIT National Land Numerical Information, public facilities (P02, 2006, feature subclass 12001 prefectural government office)"
Fukuoka,Okinawa,33.606261,130.418114,26.212365,127.680975,861.0828177741354,899,"geodesic distance, pyproj.Geod",GRS80,"MLIT National Land Numerical Information, public facilities (P02, 2006, feature subclass 12001 prefectural government office)"
Gunma,Miyazaki,36.391192,139.060947,31.910975,131.423863,861.4995294063766,900,"geodesic distance, pyproj.Geod",GRS80,"MLIT National Land Numerical Information, public facilities (P02, 2006, feature subclass 12001 prefectural government office)"
Yamanashi,Nagasaki,35.663935,138.568379,32.744836,129.873514,863.8751284381674,901,"geodesic distance, pyproj.Geod",GRS80,"MLIT National Land Numerical Information, public facilities (P02, 2006, feature subclass 12001 prefectural government office)"
Oita,Okinawa,33.238128,131.612605,26.212365,127.680975,866.5134044554392,902,"geodesic distance, pyproj.Geod",GRS80,"MLIT National Land Numerical Information, public facilities (P02, 2006, feature subclass 12001 prefectural government office)"
Iwate,Kagawa,39.703647,141.152592,34.34016,134.04339,868.0607385824989,903,"geodesic distance, pyproj.Geod",GRS80,"MLIT National Land Numerical Information, public facilities (P02, 2006, feature subclass 12001 prefectural government office)"
Miyagi,Hiroshima,38.268803,140.871846,34.396271,132.459369,868.4516104078003,904,"geodesic distance, pyproj.Geod",GRS80,"MLIT National Land Numerical Information, public facilities (P02, 2006, feature subclass 12001 prefectural government office)"
Kanagawa,Fukuoka,35.44771,139.642536,33.606261,130.418114,870.8135098082574,905,"geodesic distance, pyproj.Geod",GRS80,"MLIT National Land Numerical Information, public facilities (P02, 2006, feature subclass 12001 prefectural government office)"
Yamanashi,Kagoshima,35.663935,138.568379,31.560185,130.558141,871.1797726408839,906,"geodesic distance, pyproj.Geod",GRS80,"MLIT National Land Numerical Information, public facilities (P02, 2006, feature subclass 12001 prefectural government office)"
Kanagawa,Kumamoto,35.44771,139.642536,32.790374,130.741134,872.0944533627761,907,"geodesic distance, pyproj.Geod",GRS80,"MLIT National Land Numerical Information, public facilities (P02, 2006, feature subclass 12001 prefectural government office)"
Tokyo,Miyazaki,35.689568,139.691717,31.910975,131.423863,872.3529783395722,908,"geodesic distance, pyproj.Geod",GRS80,"MLIT National Land Numerical Information, public facilities (P02, 2006, feature subclass 12001 prefectural government office)"
Gunma,Saga,36.391192,139.060947,33.249322,130.298799,873.6631276979102,909,"geodesic distance, pyproj.Geod",GRS80,"MLIT National Land Numerical Information, public facilities (P02, 2006, feature subclass 12001 prefectural government office)"
Nagano,Nagasaki,36.65131,138.180991,32.744836,129.873514,875.3724958938851,910,"geodesic distance, pyproj.Geod",GRS80,"MLIT National Land Numerical Information, public facilities (P02, 2006, feature subclass 12001 prefectural government office)"
Saitama,Miyazaki,35.856907,139.648854,31.910975,131.423863,877.3151415630784,911,"geodesic distance, pyproj.Geod",GRS80,"MLIT National Land Numerical Information, public facilities (P02, 2006, feature subclass 12001 prefectural government office)"
Ibaraki,Oita,36.34145,140.446735,33.238128,131.612605,878.2914667151246,912,"geodesic distance, pyproj.Geod",GRS80,"MLIT National Land Numerical Information, public facilities (P02, 2006, feature subclass 12001 prefectural government office)"
Miyagi,Ehime,38.268803,140.871846,33.841646,132.766103,879.6053523661183,913,"geodesic distance, pyproj.Geod",GRS80,"MLIT National Land Numerical Information, public facilities (P02, 2006, feature subclass 12001 prefectural government office)"
Tokyo,Fukuoka,35.689568,139.691717,33.606261,130.418114,880.63263192891,914,"geodesic distance, pyproj.Geod",GRS80,"MLIT National Land Numerical Information, public facilities (P02, 2006, feature subclass 12001 prefectural government office)"
Saitama,Fukuoka,35.856907,139.648854,33.606261,130.418114,881.085843247744,915,"geodesic distance, pyproj.Geod",GRS80,"MLIT National Land Numerical Information, public facilities (P02, 2006, feature subclass 12001 prefectural government office)"
Aomori,Wakayama,40.824338,140.740087,34.225994,135.16745,882.129791089218,916,"geodesic distance, pyproj.Geod",GRS80,"MLIT National Land Numerical Information, public facilities (P02, 2006, feature subclass 12001 prefectural government office)"
Tokyo,Kumamoto,35.689568,139.691717,32.790374,130.741134,884.6173337214227,917,"geodesic distance, pyproj.Geod",GRS80,"MLIT National Land Numerical Information, public facilities (P02, 2006, feature subclass 12001 prefectural government office)"
Saitama,Kumamoto,35.856907,139.648854,32.790374,130.741134,887.1157759994154,918,"geodesic distance, pyproj.Geod",GRS80,"MLIT National Land Numerical Information, public facilities (P02, 2006, feature subclass 12001 prefectural government office)"
Hokkaido,Fukui,43.064278,141.346785,36.065244,136.221791,892.760805941554,919,"geodesic distance, pyproj.Geod",GRS80,"MLIT National Land Numerical Information, public facilities (P02, 2006, feature subclass 12001 prefectural government office)"
Kanagawa,Saga,35.44771,139.642536,33.249322,130.298799,893.1828742589887,920,"geodesic distance, pyproj.Geod",GRS80,"MLIT National Land Numerical Information, public facilities (P02, 2006, feature subclass 12001 prefectural government office)"
Aomori,Shimane,40.824338,140.740087,35.472212,133.05053,897.8018375017384,921,"geodesic distance, pyproj.Geod",GRS80,"MLIT National Land Numerical Information, public facilities (P02, 2006, feature subclass 12001 prefectural government office)"
Akita,Hiroshima,39.718058,140.10325,34.396271,132.459369,899.9487465773583,922,"geodesic distance, pyproj.Geod",GRS80,"MLIT National Land Numerical Information, public facilities (P02, 2006, feature subclass 12001 prefectural government office)"
Akita,Kochi,39.718058,140.10325,33.559753,133.531115,900.8100455943658,923,"geodesic distance, pyproj.Geod",GRS80,"MLIT National Land Numerical Information, public facilities (P02, 2006, feature subclass 12001 prefectural government office)"
Nagano,Kagoshima,36.65131,138.180991,31.560185,130.558141,901.4623246735675,924,"geodesic distance, pyproj.Geod",GRS80,"MLIT National Land Numerical Information, public facilities (P02, 2006, feature subclass 12001 prefectural government office)"
Fukushima,Yamaguchi,37.749957,140.467734,34.185859,131.471401,902.1438987715801,925,"geodesic distance, pyproj.Geod",GRS80,"MLIT National Land Numerical Information, public facilities (P02, 2006, feature subclass 12001 prefectural government office)"
Chiba,Miyazaki,35.604588,140.123184,31.910975,131.423863,903.6048155735332,926,"geodesic distance, pyproj.Geod",GRS80,"MLIT National Land Numerical Information, public facilities (P02, 2006, feature subclass 12001 prefectural government office)"
Tokyo,Saga,35.689568,139.691717,33.249322,130.298799,903.974969867444,927,"geodesic distance, pyproj.Geod",GRS80,"MLIT National Land Numerical Information, public facilities (P02, 2006, feature subclass 12001 prefectural government office)"
Saitama,Saga,35.856907,139.648854,33.249322,130.298799,905.1437235463028,928,"geodesic distance, pyproj.Geod",GRS80,"MLIT National Land Numerical Information, public facilities (P02, 2006, feature subclass 12001 prefectural government office)"
Aomori,Okayama,40.824338,140.740087,34.661759,133.934894,909.1072085817052,929,"geodesic distance, pyproj.Geod",GRS80,"MLIT National Land Numerical Information, public facilities (P02, 2006, feature subclass 12001 prefectural government office)"
Niigata,Fukuoka,37.902238,139.023531,33.606261,130.418114,912.0487447045556,930,"geodesic distance, pyproj.Geod",GRS80,"MLIT National Land Numerical Information, public facilities (P02, 2006, feature subclass 12001 prefectural government office)"
Yamagata,Yamaguchi,38.240457,140.363278,34.185859,131.471401,916.8274910266535,931,"geodesic distance, pyproj.Geod",GRS80,"MLIT National Land Numerical Information, public facilities (P02, 2006, feature subclass 12001 prefectural government office)"
Chiba,Fukuoka,35.604588,140.123184,33.606261,130.418114,916.9368908783539,932,"geodesic distance, pyproj.Geod",GRS80,"MLIT National Land Numerical Information, public facilities (P02, 2006, feature subclass 12001 prefectural government office)"
Chiba,Kumamoto,35.604588,140.123184,32.790374,130.741134,918.8856770996251,933,"geodesic distance, pyproj.Geod",GRS80,"MLIT National Land Numerical Information, public facilities (P02, 2006, feature subclass 12001 prefectural government office)"
Tochigi,Fukuoka,36.565689,139.883528,33.606261,130.418114,922.9829790078601,934,"geodesic distance, pyproj.Geod",GRS80,"MLIT National Land Numerical Information, public facilities (P02, 2006, feature subclass 12001 prefectural government office)"
Akita,Ehime,39.718058,140.10325,33.841646,132.766103,923.6002349990757,935,"geodesic distance, pyproj.Geod",GRS80,"MLIT National Land Numerical Information, public facilities (P02, 2006, feature subclass 12001 prefectural government office)"
Aomori,Tokushima,40.824338,140.740087,34.065728,134.559484,927.7545765888077,936,"geodesic distance, pyproj.Geod",GRS80,"MLIT National Land Numerical Information, public facilities (P02, 2006, feature subclass 12001 prefectural government office)"
Aomori,Kagawa,40.824338,140.740087,34.34016,134.04339,930.9254671375381,937,"geodesic distance, pyproj.Geod",GRS80,"MLIT National Land Numerical Information, public facilities (P02, 2006, feature subclass 12001 prefectural government office)"
Hokkaido,Shizuoka,43.064278,141.346785,34.976906,138.383023,933.6189022093052,938,"geodesic distance, pyproj.Geod",GRS80,"MLIT National Land Numerical Information, public facilities (P02, 2006, feature subclass 12001 prefectural government office)"
Tochigi,Miyazaki,36.565689,139.883528,31.910975,131.423863,934.2616502285143,939,"geodesic distance, pyproj.Geod",GRS80,"MLIT National Land Numerical Information, public facilities (P02, 2006, feature subclass 12001 prefectural government office)"
Gunma,Nagasaki,36.391192,139.060947,32.744836,129.873514,934.5289840986657,940,"geodesic distance, pyproj.Geod",GRS80,"MLIT National Land Numerical Information, public facilities (P02, 2006, feature subclass 12001 prefectural government office)"
Tochigi,Kumamoto,36.565689,139.883528,32.790374,130.741134,936.1049865288171,941,"geodesic distance, pyproj.Geod",GRS80,"MLIT National Land Numerical Information, public facilities (P02, 2006, feature subclass 12001 prefectural government office)"
Chiba,Saga,35.604588,140.123184,33.249322,130.298799,939.6053888211105,942,"geodesic distance, pyproj.Geod",GRS80,"MLIT National Land Numerical Information, public facilities (P02, 2006, feature subclass 12001 prefectural government office)"
Hokkaido,Gifu,43.064278,141.346785,35.391199,136.722168,940.4186054491386,943,"geodesic distance, pyproj.Geod",GRS80,"MLIT National Land Numerical Information, public facilities (P02, 2006, feature subclass 12001 prefectural government office)"
Niigata,Kumamoto,37.902238,139.023531,32.790374,130.741134,941.9217815279977,944,"geodesic distance, pyproj.Geod",GRS80,"MLIT National Land Numerical Information, public facilities (P02, 2006, feature subclass 12001 prefectural government office)"
Niigata,Saga,37.902238,139.023531,33.249322,130.298799,943.7508520600228,945,"geodesic distance, pyproj.Geod",GRS80,"MLIT National Land Numerical Information, public facilities (P02, 2006, feature subclass 12001 prefectural government office)"
Fukushima,Oita,37.749957,140.467734,33.238128,131.612605,945.9858407635061,946,"geodesic distance, pyproj.Geod",GRS80,"MLIT National Land Numerical Information, public facilities (P02, 2006, feature subclass 12001 prefectural government office)"
Kanagawa,Kagoshima,35.44771,139.642536,31.560185,130.558141,947.2819348671703,947,"geodesic distance, pyproj.Geod",GRS80,"MLIT National Land Numerical Information, public facilities (P02, 2006, feature subclass 12001 prefectural government office)"
Tochigi,Saga,36.565689,139.883528,33.249322,130.298799,949.4971603954987,948,"geodesic distance, pyproj.Geod",GRS80,"MLIT National Land Numerical Information, public facilities (P02, 2006, feature subclass 12001 prefectural government office)"
Kanagawa,Nagasaki,35.44771,139.642536,32.744836,129.873514,949.5229856583662,949,"geodesic distance, pyproj.Geod",GRS80,"MLIT National Land Numerical Information, public facilities (P02, 2006, feature subclass 12001 prefectural government office)"
Gunma,Kagoshima,36.391192,139.060947,31.560185,130.558141,950.442763503354,950,"geodesic distance, pyproj.Geod",GRS80,"MLIT National Land Numerical Information, public facilities (P02, 2006, feature subclass 12001 prefectural government office)"
Hokkaido,Aichi,43.064278,141.346785,35.180198,136.906739,955.411126912123,951,"geodesic distance, pyproj.Geod",GRS80,"MLIT National Land Numerical Information, public facilities (P02, 2006, feature subclass 12001 prefectural government office)"
Yamaguchi,Okinawa,34.185859,131.471401,26.212365,127.680975,956.0747816405493,952,"geodesic distance, pyproj.Geod",GRS80,"MLIT National Land Numerical Information, public facilities (P02, 2006, feature subclass 12001 prefectural government office)"
Miyagi,Yamaguchi,38.268803,140.871846,34.185859,131.471401,958.2124454691052,953,"geodesic distance, pyproj.Geod",GRS80,"MLIT National Land Numerical Information, public facilities (P02, 2006, feature subclass 12001 prefectural government office)"
Niigata,Miyazaki,37.902238,139.023531,31.910975,131.423863,960.6568014641538,954,"geodesic distance, pyproj.Geod",GRS80,"MLIT National Land Numerical Information, public facilities (P02, 2006, feature subclass 12001 prefectural government office)"
Tokyo,Nagasaki,35.689568,139.691717,32.744836,129.873514,961.3448634249858,955,"geodesic distance, pyproj.Geod",GRS80,"MLIT National Land Numerical Information, public facilities (P02, 2006, feature subclass 12001 prefectural government office)"
Tokyo,Kagoshima,35.689568,139.691717,31.560185,130.558141,962.7212543302406,956,"geodesic distance, pyproj.Geod",GRS80,"MLIT National Land Numerical Information, public facilities (P02, 2006, feature subclass 12001 prefectural government office)"
Saitama,Nagasaki,35.856907,139.648854,32.744836,129.873514,963.2676446080975,957,"geodesic distance, pyproj.Geod",GRS80,"MLIT National Land Numerical Information, public facilities (P02, 2006, feature subclass 12001 prefectural government office)"
Iwate,Kochi,39.703647,141.152592,33.559753,133.531115,963.3648433538859,958,"geodesic distance, pyproj.Geod",GRS80,"MLIT National Land Numerical Information, public facilities (P02, 2006, feature subclass 12001 prefectural government office)"
Ibaraki,Fukuoka,36.34145,140.446735,33.606261,130.418114,964.1795107339502,959,"geodesic distance, pyproj.Geod",GRS80,"MLIT National Land Numerical Information, public facilities (P02, 2006, feature subclass 12001 prefectural government office)"
Ibaraki,Miyazaki,36.34145,140.446735,31.910975,131.423863,965.940837709321,960,"geodesic distance, pyproj.Geod",GRS80,"MLIT National Land Numerical Information, public facilities (P02, 2006, feature subclass 12001 prefectural government office)"
Yamagata,Oita,38.240457,140.363278,33.238128,131.612605,966.0363486239011,961,"geodesic distance, pyproj.Geod",GRS80,"MLIT National Land Numerical Information, public facilities (P02, 2006, feature subclass 12001 prefectural government office)"
Saitama,Kagoshima,35.856907,139.648854,31.560185,130.558141,967.4898981508153,962,"geodesic distance, pyproj.Geod",GRS80,"MLIT National Land Numerical Information, public facilities (P02, 2006, feature subclass 12001 prefectural government office)"
Iwate,Hiroshima,39.703647,141.152592,34.396271,132.459369,971.2522244375012,963,"geodesic distance, pyproj.Geod",GRS80,"MLIT National Land Numerical Information, public facilities (P02, 2006, feature subclass 12001 prefectural government office)"
Ibaraki,Kumamoto,36.34145,140.446735,32.790374,130.741134,973.2568369396366,964,"geodesic distance, pyproj.Geod",GRS80,"MLIT National Land Numerical Information, public facilities (P02, 2006, feature subclass 12001 prefectural government office)"
Ehime,Okinawa,33.841646,132.766103,26.212365,127.680975,977.3006560220281,965,"geodesic distance, pyproj.Geod",GRS80,"MLIT National Land Numerical Information, public facilities (P02, 2006, feature subclass 12001 prefectural government office)"
Akita,Yamaguchi,39.718058,140.10325,34.185859,131.471401,983.0396448016024,966,"geodesic distance, pyproj.Geod",GRS80,"MLIT National Land Numerical Information, public facilities (P02, 2006, feature subclass 12001 prefectural government office)"
Ibaraki,Saga,36.34145,140.446735,33.249322,130.298799,989.3839237331221,967,"geodesic distance, pyproj.Geod",GRS80,"MLIT National Land Numerical Information, public facilities (P02, 2006, feature subclass 12001 prefectural government office)"
Kochi,Okinawa,33.559753,133.531115,26.212365,127.680975,990.8363072696731,968,"geodesic distance, pyproj.Geod",GRS80,"MLIT National Land Numerical Information, public facilities (P02, 2006, feature subclass 12001 prefectural government office)"
Iwate,Ehime,39.703647,141.152592,33.841646,132.766103,991.0026990095778,969,"geodesic distance, pyproj.Geod",GRS80,"MLIT National Land Numerical Information, public facilities (P02, 2006, feature subclass 12001 prefectural government office)"
Chiba,Kagoshima,35.604588,140.123184,31.560185,130.558141,994.1772368570016,970,"geodesic distance, pyproj.Geod",GRS80,"MLIT National Land Numerical Information, public facilities (P02, 2006, feature subclass 12001 prefectural government office)"
Chiba,Nagasaki,35.604588,140.123184,32.744836,129.873514,996.19408575774,971,"geodesic distance, pyproj.Geod",GRS80,"MLIT National Land Numerical Information, public facilities (P02, 2006, feature subclass 12001 prefectural government office)"
Miyagi,Oita,38.268803,140.871846,33.238128,131.612605,1005.5789115593707,972,"geodesic distance, pyproj.Geod",GRS80,"MLIT National Land Numerical Information, public facilities (P02, 2006, feature subclass 12001 prefectural government office)"
Niigata,Nagasaki,37.902238,139.023531,32.744836,129.873514,1008.9332299536125,973,"geodesic distance, pyproj.Geod",GRS80,"MLIT National Land Numerical Information, public facilities (P02, 2006, feature subclass 12001 prefectural government office)"
Tochigi,Nagasaki,36.565689,139.883528,32.744836,129.873514,1010.0584103158369,974,"geodesic distance, pyproj.Geod",GRS80,"MLIT National Land Numerical Information, public facilities (P02, 2006, feature subclass 12001 prefectural government office)"
Hokkaido,Shiga,43.064278,141.346785,35.004394,135.868292,1012.1604420870768,975,"geodesic distance, pyproj.Geod",GRS80,"MLIT National Land Numerical Information, public facilities (P02, 2006, feature subclass 12001 prefectural government office)"
Hokkaido,Kyoto,43.064278,141.346785,35.021279,135.755635,1015.0696045830638,976,"geodesic distance, pyproj.Geod",GRS80,"MLIT National Land Numerical Information, public facilities (P02, 2006, feature subclass 12001 prefectural government office)"
Hokkaido,Mie,43.064278,141.346785,34.730268,136.508594,1015.4720786760945,977,"geodesic distance, pyproj.Geod",GRS80,"MLIT National Land Numerical Information, public facilities (P02, 2006, feature subclass 12001 prefectural government office)"
Hiroshima,Okinawa,34.396271,132.459369,26.212365,127.680975,1016.6706513022185,978,"geodesic distance, pyproj.Geod",GRS80,"MLIT National Land Numerical Information, public facilities (P02, 2006, feature subclass 12001 prefectural government office)"
Fukushima,Fukuoka,37.749957,140.467734,33.606261,130.418114,1018.5431303634259,979,"geodesic distance, pyproj.Geod",GRS80,"MLIT National Land Numerical Information, public facilities (P02, 2006, feature subclass 12001 prefectural government office)"
Aomori,Hiroshima,40.824338,140.740087,34.396271,132.459369,1020.6248266431892,980,"geodesic distance, pyproj.Geod",GRS80,"MLIT National Land Numerical Information, public facilities (P02, 2006, feature subclass 12001 prefectural government office)"
Tochigi,Kagoshima,36.565689,139.883528,31.560185,130.558141,1023.6085488363166,981,"geodesic distance, pyproj.Geod",GRS80,"MLIT National Land Numerical Information, public facilities (P02, 2006, feature subclass 12001 prefectural government office)"
Aomori,Kochi,40.824338,140.740087,33.559753,133.531115,1028.5920822073117,982,"geodesic distance, pyproj.Geod",GRS80,"MLIT National Land Numerical Information, public facilities (P02, 2006, feature subclass 12001 prefectural government office)"
Yamagata,Fukuoka,38.240457,140.363278,33.606261,130.418114,1033.5302444446997,983,"geodesic distance, pyproj.Geod",GRS80,"MLIT National Land Numerical Information, public facilities (P02, 2006, feature subclass 12001 prefectural government office)"
Hokkaido,Tottori,43.064278,141.346785,35.503704,134.238174,1038.6979306886676,984,"geodesic distance, pyproj.Geod",GRS80,"MLIT National Land Numerical Information, public facilities (P02, 2006, feature subclass 12001 prefectural government office)"
Fukushima,Kumamoto,37.749957,140.467734,32.790374,130.741134,1041.2169517278633,985,"geodesic distance, pyproj.Geod",GRS80,"MLIT National Land Numerical Information, public facilities (P02, 2006, feature subclass 12001 prefectural government office)"
Hokkaido,Nara,43.064278,141.346785,34.685231,135.832883,1045.4308345544011,986,"geodesic distance, pyproj.Geod",GRS80,"MLIT National Land Numerical Information, public facilities (P02, 2006, feature subclass 12001 prefectural government office)"
Akita,Oita,39.718058,140.10325,33.238128,131.612605,1045.953527544655,987,"geodesic distance, pyproj.Geod",GRS80,"MLIT National Land Numerical Information, public facilities (P02, 2006, feature subclass 12001 prefectural government office)"
Niigata,Kagoshima,37.902238,139.023531,31.560185,130.558141,1046.0625283288136,988,"geodesic distance, pyproj.Geod",GRS80,"MLIT National Land Numerical Information, public facilities (P02, 2006, feature subclass 12001 prefectural government office)"
Aomori,Ehime,40.824338,140.740087,33.841646,132.766103,1047.8372638731641,989,"geodesic distance, pyproj.Geod",GRS80,"MLIT National Land Numerical Information, public facilities (P02, 2006, feature subclass 12001 prefectural government office)"
Fukushima,Saga,37.749957,140.467734,33.249322,130.298799,1048.1989235542362,990,"geodesic distance, pyproj.Geod",GRS80,"MLIT National Land Numerical Information, public facilities (P02, 2006, feature subclass 12001 prefectural government office)"
Ibaraki,Nagasaki,36.34145,140.446735,32.744836,129.873514,1048.584776173549,991,"geodesic distance, pyproj.Geod",GRS80,"MLIT National Land Numerical Information, public facilities (P02, 2006, feature subclass 12001 prefectural government office)"
Fukushima,Miyazaki,37.749957,140.467734,31.910975,131.423863,1049.8095769010347,992,"geodesic distance, pyproj.Geod",GRS80,"MLIT National Land Numerical Information, public facilities (P02, 2006, feature subclass 12001 prefectural government office)"
Ibaraki,Kagoshima,36.34145,140.446735,31.560185,130.558141,1055.9445254933864,993,"geodesic distance, pyproj.Geod",GRS80,"MLIT National Land Numerical Information, public facilities (P02, 2006, feature subclass 12001 prefectural government office)"
Iwate,Yamaguchi,39.703647,141.152592,34.185859,131.471401,1056.6191060707235,994,"geodesic distance, pyproj.Geod",GRS80,"MLIT National Land Numerical Information, public facilities (P02, 2006, feature subclass 12001 prefectural government office)"
Hokkaido,Osaka,43.064278,141.346785,34.686394,135.519994,1057.9438102984002,995,"geodesic distance, pyproj.Geod",GRS80,"MLIT National Land Numerical Information, public facilities (P02, 2006, feature subclass 12001 prefectural government office)"
Yamagata,Kumamoto,38.240457,140.363278,32.790374,130.741134,1060.870221430988,996,"geodesic distance, pyproj.Geod",GRS80,"MLIT National Land Numerical Information, public facilities (P02, 2006, feature subclass 12001 prefectural government office)"
Yamagata,Saga,38.240457,140.363278,33.249322,130.298799,1064.6012480236734,997,"geodesic distance, pyproj.Geod",GRS80,"MLIT National Land Numerical Information, public facilities (P02, 2006, feature subclass 12001 prefectural government office)"
Hokkaido,Hyogo,43.064278,141.346785,34.691304,135.182995,1071.662789704176,998,"geodesic distance, pyproj.Geod",GRS80,"MLIT National Land Numerical Information, public facilities (P02, 2006, feature subclass 12001 prefectural government office)"
Miyagi,Fukuoka,38.268803,140.871846,33.606261,130.418114,1074.860066389562,999,"geodesic distance, pyproj.Geod",GRS80,"MLIT National Land Numerical Information, public facilities (P02, 2006, feature subclass 12001 prefectural government office)"
Yamagata,Miyazaki,38.240457,140.363278,31.910975,131.423863,1075.035701311636,1000,"geodesic distance, pyproj.Geod",GRS80,"MLIT National Land Numerical Information, public facilities (P02, 2006, feature subclass 12001 prefectural government office)"
Kagawa,Okinawa,34.34016,134.04339,26.212365,127.680975,1088.6915607564224,1001,"geodesic distance, pyproj.Geod",GRS80,"MLIT National Land Numerical Information, public facilities (P02, 2006, feature subclass 12001 prefectural government office)"
Tokushima,Okinawa,34.065728,134.559484,26.212365,127.680975,1093.4588652775317,1002,"geodesic distance, pyproj.Geod",GRS80,"MLIT National Land Numerical Information, public facilities (P02, 2006, feature subclass 12001 prefectural government office)"
Akita,Fukuoka,39.718058,140.10325,33.606261,130.418114,1098.7422509498092,1003,"geodesic distance, pyproj.Geod",GRS80,"MLIT National Land Numerical Information, public facilities (P02, 2006, feature subclass 12001 prefectural government office)"
Miyagi,Kumamoto,38.268803,140.871846,32.790374,130.741134,1100.5963997062524,1004,"geodesic distance, pyproj.Geod",GRS80,"MLIT National Land Numerical Information, public facilities (P02, 2006, feature subclass 12001 prefectural government office)"
Aomori,Yamaguchi,40.824338,140.740087,34.185859,131.471401,1100.8460718780643,1005,"geodesic distance, pyproj.Geod",GRS80,"MLIT National Land Numerical Information, public facilities (P02, 2006, feature subclass 12001 prefectural government office)"
Hokkaido,Shimane,43.064278,141.346785,35.472212,133.05053,1104.723615048286,1006,"geodesic distance, pyproj.Geod",GRS80,"MLIT National Land Numerical Information, public facilities (P02, 2006, feature subclass 12001 prefectural government office)"
Miyagi,Saga,38.268803,140.871846,33.249322,130.298799,1105.487871391508,1007,"geodesic distance, pyproj.Geod",GRS80,"MLIT National Land Numerical Information, public facilities (P02, 2006, feature subclass 12001 prefectural government office)"
Fukushima,Nagasaki,37.749957,140.467734,32.744836,129.873514,1111.6134584231957,1008,"geodesic distance, pyproj.Geod",GRS80,"MLIT National Land Numerical Information, public facilities (P02, 2006, feature subclass 12001 prefectural government office)"
Okayama,Okinawa,34.661759,133.934894,26.212365,127.680975,1112.1608969847573,1009,"geodesic distance, pyproj.Geod",GRS80,"MLIT National Land Numerical Information, public facilities (P02, 2006, feature subclass 12001 prefectural government office)"
Miyagi,Miyazaki,38.268803,140.871846,31.910975,131.423863,1112.3553046567085,1010,"geodesic distance, pyproj.Geod",GRS80,"MLIT National Land Numerical Information, public facilities (P02, 2006, feature subclass 12001 prefectural government office)"
Iwate,Oita,39.703647,141.152592,33.238128,131.612605,1114.9728245810552,1011,"geodesic distance, pyproj.Geod",GRS80,"MLIT National Land Numerical Information, public facilities (P02, 2006, feature subclass 12001 prefectural government office)"
Hokkaido,Wakayama,43.064278,141.346785,34.225994,135.16745,1118.1356704059922,1012,"geodesic distance, pyproj.Geod",GRS80,"MLIT National Land Numerical Information, public facilities (P02, 2006, feature subclass 12001 prefectural government office)"
Yamagata,Nagasaki,38.240457,140.363278,32.744836,129.873514,1129.2140160416343,1013,"geodesic distance, pyproj.Geod",GRS80,"MLIT National Land Numerical Information, public facilities (P02, 2006, feature subclass 12001 prefectural government office)"
Hokkaido,Okayama,43.064278,141.346785,34.661759,133.934894,1132.041115174554,1014,"geodesic distance, pyproj.Geod",GRS80,"MLIT National Land Numerical Information, public facilities (P02, 2006, feature subclass 12001 prefectural government office)"
Akita,Saga,39.718058,140.10325,33.249322,130.298799,1133.283527807756,1015,"geodesic distance, pyproj.Geod",GRS80,"MLIT National Land Numerical Information, public facilities (P02, 2006, feature subclass 12001 prefectural government office)"
Fukushima,Kagoshima,37.749957,140.467734,31.560185,130.558141,1137.578636193243,1016,"geodesic distance, pyproj.Geod",GRS80,"MLIT National Land Numerical Information, public facilities (P02, 2006, feature subclass 12001 prefectural government office)"
Akita,Kumamoto,39.718058,140.10325,32.790374,130.741134,1138.459504282199,1017,"geodesic distance, pyproj.Geod",GRS80,"MLIT National Land Numerical Information, public facilities (P02, 2006, feature subclass 12001 prefectural government office)"
Wakayama,Okinawa,34.225994,135.16745,26.212365,127.680975,1143.1438650993462,1018,"geodesic distance, pyproj.Geod",GRS80,"MLIT National Land Numerical Information, public facilities (P02, 2006, feature subclass 12001 prefectural government office)"
Shimane,Okinawa,35.472212,133.05053,26.212365,127.680975,1147.4106909545296,1019,"geodesic distance, pyproj.Geod",GRS80,"MLIT National Land Numerical Information, public facilities (P02, 2006, feature subclass 12001 prefectural government office)"
Hokkaido,Kagawa,43.064278,141.346785,34.34016,134.04339,1157.1712994994064,1020,"geodesic distance, pyproj.Geod",GRS80,"MLIT National Land Numerical Information, public facilities (P02, 2006, feature subclass 12001 prefectural government office)"
Hokkaido,Tokushima,43.064278,141.346785,34.065728,134.559484,1159.9504083848847,1021,"geodesic distance, pyproj.Geod",GRS80,"MLIT National Land Numerical Information, public facilities (P02, 2006, feature subclass 12001 prefectural government office)"
Yamagata,Kagoshima,38.240457,140.363278,31.560185,130.558141,1161.6727125758587,1022,"geodesic distance, pyproj.Geod",GRS80,"MLIT National Land Numerical Information, public facilities (P02, 2006, feature subclass 12001 prefectural government office)"
Akita,Miyazaki,39.718058,140.10325,31.910975,131.423863,1167.3920069323926,1023,"geodesic distance, pyproj.Geod",GRS80,"MLIT National Land Numerical Information, public facilities (P02, 2006, feature subclass 12001 prefectural government office)"
Aomori,Oita,40.824338,140.740087,33.238128,131.612605,1168.4289109487365,1024,"geodesic distance, pyproj.Geod",GRS80,"MLIT National Land Numerical Information, public facilities (P02, 2006, feature subclass 12001 prefectural government office)"
Miyagi,Nagasaki,38.268803,140.871846,32.744836,129.873514,1169.710473942399,1025,"geodesic distance, pyproj.Geod",GRS80,"MLIT National Land Numerical Information, public facilities (P02, 2006, feature subclass 12001 prefectural government office)"
Iwate,Fukuoka,39.703647,141.152592,33.606261,130.418114,1172.928096169582,1026,"geodesic distance, pyproj.Geod",GRS80,"MLIT National Land Numerical Information, public facilities (P02, 2006, feature subclass 12001 prefectural government office)"
Hyogo,Okinawa,34.691304,135.182995,26.212365,127.680975,1183.4803798825567,1027,"geodesic distance, pyproj.Geod",GRS80,"MLIT National Land Numerical Information, public facilities (P02, 2006, feature subclass 12001 prefectural government office)"
Miyagi,Kagoshima,38.268803,140.871846,31.560185,130.558141,1199.550065013497,1028,"geodesic distance, pyproj.Geod",GRS80,"MLIT National Land Numerical Information, public facilities (P02, 2006, feature subclass 12001 prefectural government office)"
Akita,Nagasaki,39.718058,140.10325,32.744836,129.873514,1200.400928814996,1029,"geodesic distance, pyproj.Geod",GRS80,"MLIT National Land Numerical Information, public facilities (P02, 2006, feature subclass 12001 prefectural government office)"
Osaka,Okinawa,34.686394,135.519994,26.212365,127.680975,1202.9591096410122,1030,"geodesic distance, pyproj.Geod",GRS80,"MLIT National Land Numerical Information, public facilities (P02, 2006, feature subclass 12001 prefectural government office)"
Tottori,Okinawa,35.503704,134.238174,26.212365,127.680975,1205.2266257160995,1031,"geodesic distance, pyproj.Geod",GRS80,"MLIT National Land Numerical Information, public facilities (P02, 2006, feature subclass 12001 prefectural government office)"
Iwate,Saga,39.703647,141.152592,33.249322,130.298799,1206.4283936803713,1032,"geodesic distance, pyproj.Geod",GRS80,"MLIT National Land Numerical Information, public facilities (P02, 2006, feature subclass 12001 prefectural government office)"
Iwate,Kumamoto,39.703647,141.152592,32.790374,130.741134,1208.5424100100292,1033,"geodesic distance, pyproj.Geod",GRS80,"MLIT National Land Numerical Information, public facilities (P02, 2006, feature subclass 12001 prefectural government office)"
Aomori,Fukuoka,40.824338,140.740087,33.606261,130.418114,1215.4172656379005,1034,"geodesic distance, pyproj.Geod",GRS80,"MLIT National Land Numerical Information, public facilities (P02, 2006, feature subclass 12001 prefectural government office)"
Nara,Okinawa,34.685231,135.832883,26.212365,127.680975,1221.811696250925,1035,"geodesic distance, pyproj.Geod",GRS80,"MLIT National Land Numerical Information, public facilities (P02, 2006, feature subclass 12001 prefectural government office)"
Iwate,Miyazaki,39.703647,141.152592,31.910975,131.423863,1231.7032206905656,1036,"geodesic distance, pyproj.Geod",GRS80,"MLIT National Land Numerical Information, public facilities (P02, 2006, feature subclass 12001 prefectural government office)"
Hokkaido,Hiroshima,43.064278,141.346785,34.396271,132.459369,1232.604534605214,1037,"geodesic distance, pyproj.Geod",GRS80,"MLIT National Land Numerical Information, public facilities (P02, 2006, feature subclass 12001 prefectural government office)"
Kyoto,Okinawa,35.021279,135.755635,26.212365,127.680975,1245.182987364214,1038,"geodesic distance, pyproj.Geod",GRS80,"MLIT National Land Numerical Information, public facilities (P02, 2006, feature subclass 12001 prefectural government office)"
Akita,Kagoshima,39.718058,140.10325,31.560185,130.558141,1250.1515063079605,1039,"geodesic distance, pyproj.Geod",GRS80,"MLIT National Land Numerical Information, public facilities (P02, 2006, feature subclass 12001 prefectural government office)"
Shiga,Okinawa,35.004394,135.868292,26.212365,127.680975,1250.481000989073,1040,"geodesic distance, pyproj.Geod",GRS80,"MLIT National Land Numerical Information, public facilities (P02, 2006, feature subclass 12001 prefectural government office)"
Aomori,Saga,40.824338,140.740087,33.249322,130.298799,1251.1530931743234,1041,"geodesic distance, pyproj.Geod",GRS80,"MLIT National Land Numerical Information, public facilities (P02, 2006, feature subclass 12001 prefectural government office)"
Hokkaido,Kochi,43.064278,141.346785,33.559753,133.531115,1255.7729923518482,1042,"geodesic distance, pyproj.Geod",GRS80,"MLIT National Land Numerical Information, public facilities (P02, 2006, feature subclass 12001 prefectural government office)"
Aomori,Kumamoto,40.824338,140.740087,32.790374,130.741134,1259.6798880286813,1043,"geodesic distance, pyproj.Geod",GRS80,"MLIT National Land Numerical Information, public facilities (P02, 2006, feature subclass 12001 prefectural government office)"
Hokkaido,Ehime,43.064278,141.346785,33.841646,132.766103,1266.9568641912483,1044,"geodesic distance, pyproj.Geod",GRS80,"MLIT National Land Numerical Information, public facilities (P02, 2006, feature subclass 12001 prefectural government office)"
Mie,Okinawa,34.730268,136.508594,26.212365,127.680975,1267.7643512647744,1045,"geodesic distance, pyproj.Geod",GRS80,"MLIT National Land Numerical Information, public facilities (P02, 2006, feature subclass 12001 prefectural government office)"
Iwate,Nagasaki,39.703647,141.152592,32.744836,129.873514,1272.8457006927279,1046,"geodesic distance, pyproj.Geod",GRS80,"MLIT National Land Numerical Information, public facilities (P02, 2006, feature subclass 12001 prefectural government office)"
Aomori,Miyazaki,40.824338,140.740087,31.910975,131.423863,1293.4623503134917,1047,"geodesic distance, pyproj.Geod",GRS80,"MLIT National Land Numerical Information, public facilities (P02, 2006, feature subclass 12001 prefectural government office)"
Hokkaido,Yamaguchi,43.064278,141.346785,34.185859,131.471401,1306.0910254962487,1048,"geodesic distance, pyproj.Geod",GRS80,"MLIT National Land Numerical Information, public facilities (P02, 2006, feature subclass 12001 prefectural government office)"
Iwate,Kagoshima,39.703647,141.152592,31.560185,130.558141,1316.236585525609,1049,"geodesic distance, pyproj.Geod",GRS80,"MLIT National Land Numerical Information, public facilities (P02, 2006, feature subclass 12001 prefectural government office)"
Aomori,Nagasaki,40.824338,140.740087,32.744836,129.873514,1318.928129698876,1050,"geodesic distance, pyproj.Geod",GRS80,"MLIT National Land Numerical Information, public facilities (P02, 2006, feature subclass 12001 prefectural government office)"
Aichi,Okinawa,35.180198,136.906739,26.212365,127.680975,1328.9068935315784,1051,"geodesic distance, pyproj.Geod",GRS80,"MLIT National Land Numerical Information, public facilities (P02, 2006, feature subclass 12001 prefectural government office)"
Gifu,Okinawa,35.391199,136.722168,26.212365,127.680975,1334.3594845757802,1052,"geodesic distance, pyproj.Geod",GRS80,"MLIT National Land Numerical Information, public facilities (P02, 2006, feature subclass 12001 prefectural government office)"
Fukui,Okinawa,36.065244,136.221791,26.212365,127.680975,1361.2606684175644,1053,"geodesic distance, pyproj.Geod",GRS80,"MLIT National Land Numerical Information, public facilities (P02, 2006, feature subclass 12001 prefectural government office)"
Aomori,Kagoshima,40.824338,140.740087,31.560185,130.558141,1374.7378273457027,1054,"geodesic distance, pyproj.Geod",GRS80,"MLIT National Land Numerical Information, public facilities (P02, 2006, feature subclass 12001 prefectural government office)"
Hokkaido,Oita,43.064278,141.346785,33.238128,131.612605,1382.6937112920766,1055,"geodesic distance, pyproj.Geod",GRS80,"MLIT National Land Numerical Information, public facilities (P02, 2006, feature subclass 12001 prefectural government office)"
Shizuoka,Okinawa,34.976906,138.383023,26.212365,127.680975,1411.5956822503379,1056,"geodesic distance, pyproj.Geod",GRS80,"MLIT National Land Numerical Information, public facilities (P02, 2006, feature subclass 12001 prefectural government office)"
Hokkaido,Fukuoka,43.064278,141.346785,33.606261,130.418114,1417.1010999549237,1057,"geodesic distance, pyproj.Geod",GRS80,"MLIT National Land Numerical Information, public facilities (P02, 2006, feature subclass 12001 prefectural government office)"
Ishikawa,Okinawa,36.594652,136.625725,26.212365,127.680975,1429.745906851015,1058,"geodesic distance, pyproj.Geod",GRS80,"MLIT National Land Numerical Information, public facilities (P02, 2006, feature subclass 12001 prefectural government office)"
Hokkaido,Saga,43.064278,141.346785,33.249322,130.298799,1454.9446132868388,1059,"geodesic distance, pyproj.Geod",GRS80,"MLIT National Land Numerical Information, public facilities (P02, 2006, feature subclass 12001 prefectural government office)"
Hokkaido,Kumamoto,43.064278,141.346785,32.790374,130.741134,1470.4864541938366,1060,"geodesic distance, pyproj.Geod",GRS80,"MLIT National Land Numerical Information, public facilities (P02, 2006, feature subclass 12001 prefectural government office)"
Toyama,Okinawa,36.69519,137.211341,26.212365,127.680975,1471.7930791363408,1061,"geodesic distance, pyproj.Geod",GRS80,"MLIT National Land Numerical Information, public facilities (P02, 2006, feature subclass 12001 prefectural government office)"
Yamanashi,Okinawa,35.663935,138.568379,26.212365,127.680975,1474.6755418088078,1062,"geodesic distance, pyproj.Geod",GRS80,"MLIT National Land Numerical Information, public facilities (P02, 2006, feature subclass 12001 prefectural government office)"
Hokkaido,Miyazaki,43.064278,141.346785,31.910975,131.423863,1514.9381439735662,1063,"geodesic distance, pyproj.Geod",GRS80,"MLIT National Land Numerical Information, public facilities (P02, 2006, feature subclass 12001 prefectural government office)"
Hokkaido,Nagasaki,43.064278,141.346785,32.744836,129.873514,1523.4952723340882,1064,"geodesic distance, pyproj.Geod",GRS80,"MLIT National Land Numerical Information, public facilities (P02, 2006, feature subclass 12001 prefectural government office)"
Nagano,Okinawa,36.65131,138.180991,26.212365,127.680975,1526.2954962312072,1065,"geodesic distance, pyproj.Geod",GRS80,"MLIT National Land Numerical Information, public facilities (P02, 2006, feature subclass 12001 prefectural government office)"
Kanagawa,Okinawa,35.44771,139.642536,26.212365,127.680975,1533.2635467943799,1066,"geodesic distance, pyproj.Geod",GRS80,"MLIT National Land Numerical Information, public facilities (P02, 2006, feature subclass 12001 prefectural government office)"
Tokyo,Okinawa,35.689568,139.691717,26.212365,127.680975,1553.589710756263,1067,"geodesic distance, pyproj.Geod",GRS80,"MLIT National Land Numerical Information, public facilities (P02, 2006, feature subclass 12001 prefectural government office)"
Gunma,Okinawa,36.391192,139.060947,26.212365,127.680975,1562.0149886675858,1068,"geodesic distance, pyproj.Geod",GRS80,"MLIT National Land Numerical Information, public facilities (P02, 2006, feature subclass 12001 prefectural government office)"
Saitama,Okinawa,35.856907,139.648854,26.212365,127.680975,1562.4227795173788,1069,"geodesic distance, pyproj.Geod",GRS80,"MLIT National Land Numerical Information, public facilities (P02, 2006, feature subclass 12001 prefectural government office)"
Chiba,Okinawa,35.604588,140.123184,26.212365,127.680975,1578.2818227776986,1070,"geodesic distance, pyproj.Geod",GRS80,"MLIT National Land Numerical Information, public facilities (P02, 2006, feature subclass 12001 prefectural government office)"
Hokkaido,Kagoshima,43.064278,141.346785,31.560185,130.558141,1592.2801180639754,1071,"geodesic distance, pyproj.Geod",GRS80,"MLIT National Land Numerical Information, public facilities (P02, 2006, feature subclass 12001 prefectural government office)"
Tochigi,Okinawa,36.565689,139.883528,26.212365,127.680975,1629.634377565081,1072,"geodesic distance, pyproj.Geod",GRS80,"MLIT National Land Numerical Information, public facilities (P02, 2006, feature subclass 12001 prefectural government office)"
Ibaraki,Okinawa,36.34145,140.446735,26.212365,127.680975,1652.0583749885318,1073,"geodesic distance, pyproj.Geod",GRS80,"MLIT National Land Numerical Information, public facilities (P02, 2006, feature subclass 12001 prefectural government office)"
Niigata,Okinawa,37.902238,139.023531,26.212365,127.680975,1678.6654255891367,1074,"geodesic distance, pyproj.Geod",GRS80,"MLIT National Land Numerical Information, public facilities (P02, 2006, feature subclass 12001 prefectural government office)"
Fukushima,Okinawa,37.749957,140.467734,26.212365,127.680975,1756.377732334264,1075,"geodesic distance, pyproj.Geod",GRS80,"MLIT National Land Numerical Information, public facilities (P02, 2006, feature subclass 12001 prefectural government office)"
Yamagata,Okinawa,38.240457,140.363278,26.212365,127.680975,1787.4426811926164,1076,"geodesic distance, pyproj.Geod",GRS80,"MLIT National Land Numerical Information, public facilities (P02, 2006, feature subclass 12001 prefectural government office)"
Miyagi,Okinawa,38.268803,140.871846,26.212365,127.680975,1821.6732102677631,1077,"geodesic distance, pyproj.Geod",GRS80,"MLIT National Land Numerical Information, public facilities (P02, 2006, feature subclass 12001 prefectural government office)"
Akita,Okinawa,39.718058,140.10325,26.212365,127.680975,1891.1868814010354,1078,"geodesic distance, pyproj.Geod",GRS80,"MLIT National Land Numerical Information, public facilities (P02, 2006, feature subclass 12001 prefectural government office)"
Iwate,Okinawa,39.703647,141.152592,26.212365,127.680975,1951.020428501201,1079,"geodesic distance, pyproj.Geod",GRS80,"MLIT National Land Numerical Information, public facilities (P02, 2006, feature subclass 12001 prefectural government office)"
Aomori,Okinawa,40.824338,140.740087,26.212365,127.680975,2019.428120556857,1080,"geodesic distance, pyproj.Geod",GRS80,"MLIT National Land Numerical Information, public facilities (P02, 2006, feature subclass 12001 prefectural government office)"
Hokkaido,Okinawa,43.064278,141.346785,26.212365,127.680975,2243.8589632870858,1081,"geodesic distance, pyproj.Geod",GRS80,"MLIT National Land Numerical Information, public facilities (P02, 2006, feature subclass 12001 prefectural government office)"
