i,j
252010010,252010020
252010010,252010030
252010010,252010040
252010010,252010050
252010010,252010060
252010010,252010070
252010010,252010080
252010010,252010170
252010010,252120710
252010010,26103005001
252010010,26103005002
252010010,26103007010
252010010,26103007011
252010010,26103007013
252010020,252010030
252010020,252010080
252010030,252010040
252010030,252010080
252010040,252010050
252010040,252010080
252010050,252010060
252010050,252010080
252010060,252010070
252010060,252010080
252010070,252010080
252010080,252010170
252010080,252014130
252010080,252014170
252010080,25201419001
252010080,25201419002
252010080,252014210
252010080,252014220
252010080,252014230
252010080,252014240
252010080,252014250
252010080,252120710
252010090,252010100
252010090,252010110
252010090,252010170
252010090,25201029002
252010090,252010310
252010090,252010320
252010090,252010541
252010090,25201054207
252010100,252010110
252010100,252010140
252010100,252010180
252010100,25201029001
252010100,25201029002
252010110,252010120
252010110,252010130
252010110,252010140
252010110,252010170
252010120,252010130
252010120,252010170
252010130,252010140
252010130,252010170
252010140,252010150
252010140,252010160
252010140,252010170
252010140,252010180
252010140,252010280
252010150,252010160
252010150,25201024003
252010150,252010280
252010150,252014080
252010150,252014090
252010150,252014170
252010160,252010170
252010160,252014170
252010170,252010541
252010170,252014170
252010170,26103007004
252010170,26103007005
252010170,26103007010
252010180,252010280
252010180,25201029001
25201023001,25201023002
25201023001,25201023003
25201023001,252010320
25201023001,25201042005
25201023001,25201042006
25201023001,25201051002
25201023002,25201023003
25201023002,25201023004
25201023002,25201023005
25201023002,25201042005
25201023002,25201051002
25201023002,25201051003
25201023003,25201023004
25201023003,25201024001
25201023003,25201024002
25201023003,252010310
25201023003,252010320
25201023004,25201023005
25201023004,25201023006
25201023004,25201024001
25201023004,25201024002
25201023004,252010330
25201023004,252010340
25201023005,25201023006
25201023005,25201051003
25201023005,252011560
25201023005,252014080
25201023006,252010340
25201023006,25201404001
25201023006,252014080
25201024001,25201024002
25201024001,25201024003
25201024001,252010330
25201024001,252010350
25201024001,252010360
25201024002,25201024003
25201024002,25201029001
25201024002,25201029002
25201024002,252010310
25201024003,252010280
25201024003,25201029001
25201024003,25201029002
25201024003,252010360
25201024003,252010370
25201024003,252014080
252010270,252010350
252010270,252010360
252010270,252010390
252010270,252014080
252010280,25201029001
25201029001,25201029002
25201029002,252010310
252010310,252010320
252010320,25201042006
252010320,25201048003
252010320,25201054207
252010330,252010340
252010330,252010350
252010330,25201402001
252010340,25201402001
252010340,25201404001
252010340,25201404002
252010350,252010360
252010350,25201402001
252010350,25201402002
252010350,252014080
252010360,252010370
252010360,252010390
252010370,252010380
252010370,252010390
252010370,252014080
252010380,252010390
252010380,252014080
252010390,252014080
25201040001,25201040002
25201040001,25201048001
25201040001,252011560
25201040002,25201042001
25201040002,25201042003
25201040002,25201042005
25201040002,25201048001
25201040002,252011560
25201042001,25201042002
25201042001,25201042003
25201042001,252011560
25201042002,25201042003
25201042002,25201042004
25201042002,25201051001
25201042002,25201051002
25201042002,252011560
25201042003,25201042004
25201042003,25201042005
25201042003,25201048001
25201042004,25201042005
25201042004,25201051002
25201042005,25201042006
25201042005,25201048001
25201042005,25201048002
25201042005,25201051002
25201042006,25201048001
25201042006,25201048002
25201042006,25201048003
25201048001,25201048002
25201048001,25201055101
25201048001,25201055203
25201048001,25201055204
25201048001,252011560
25201048001,25201400002
25201048001,25201400004
25201048002,25201048003
25201048002,25201054207
25201048002,25201400004
25201048002,25201400008
25201048003,25201054207
25201051001,25201051002
25201051001,25201051003
25201051001,252011560
25201051002,25201051003
25201051003,252011560
252010541,25201054202
252010541,25201054204
252010541,25201054205
252010541,25201054207
252010541,252010710
252010541,26103007002
252010541,26103007003
252010541,26103007004
25201054201,25201054202
25201054201,25201054203
25201054201,25201055102
25201054201,25201055202
25201054201,25201061001
25201054201,252010710
25201054201,25201341001
25201054201,25201341002
25201054201,25201400001
25201054202,25201054203
25201054202,25201054204
25201054202,252010710
25201054203,25201054204
25201054203,25201054206
25201054203,25201341002
25201054203,25201341003
25201054204,25201054205
25201054204,25201054206
25201054205,25201054206
25201054205,25201054207
25201054206,25201054207
25201054206,25201341003
25201054206,25201341005
25201054206,25201341007
25201054207,25201341007
25201054207,25201400008
25201055101,25201055102
25201055101,25201055202
25201055101,25201055203
25201055101,25201400002
25201055102,25201055202
25201055102,25201400001
25201055102,25201400002
25201055201,25201055202
25201055201,25201055206
25201055201,25201061001
25201055201,25201061002
25201055201,25201064002
25201055202,25201055203
25201055202,25201055204
25201055202,25201055205
25201055202,25201055206
25201055202,25201061001
25201055203,25201055204
25201055204,25201055205
25201055204,252011560
25201055205,25201055206
25201055205,252011560
25201055206,25201064002
25201055206,25201064003
25201055206,252011560
25201061001,25201061002
25201061001,25201064002
25201061001,252010710
25201061002,25201061003
25201061002,25201064001
25201061002,25201064002
25201061002,25201067003
25201061002,252010710
25201061003,25201064001
25201061003,25201064002
25201061003,25201067003
25201061003,25201067004
25201061003,252010710
25201064001,25201064002
25201064001,25201064003
25201064001,25201067004
25201064001,252010800
25201064002,25201064003
25201064003,252010800
25201064003,252011560
25201067001,25201067002
25201067001,25201067003
25201067001,25201067004
25201067001,25201072007
25201067001,252010800
25201067002,25201067003
25201067002,252010710
25201067002,25201072007
25201067002,25201072008
25201067003,25201067004
25201067003,252010710
25201067004,252010800
252010710,25201072001
252010710,25201072004
252010710,25201072005
252010710,25201072008
252010710,252011320
252010710,252011330
252010710,252011360
252010710,26103007001
252010710,26103007002
252010710,26103008001
252010710,26103008002
252010710,26103010030
252010710,26103010064
25201072001,25201072002
25201072001,25201072004
25201072001,25201081002
25201072001,25201094001
25201072001,25201094003
25201072001,252011330
25201072002,25201072003
25201072002,25201072004
25201072002,25201081002
25201072002,25201081003
25201072002,25201081004
25201072003,25201072004
25201072003,25201072006
25201072003,25201072007
25201072003,25201081003
25201072003,25201081004
25201072003,25201081005
25201072003,25201081006
25201072004,25201072005
25201072004,25201072006
25201072005,25201072006
25201072005,25201072008
25201072006,25201072007
25201072006,25201072008
25201072007,25201072008
25201072007,252010800
25201072007,25201081006
25201072007,25201087001
25201072007,25201087002
252010800,25201087002
252010800,252011560
25201081001,25201081002
25201081001,25201081003
25201081001,25201089001
25201081001,25201089002
25201081001,25201089004
25201081001,252011560
25201081002,25201081003
25201081002,25201089004
25201081002,25201094001
25201081003,25201081004
25201081003,252011560
25201081004,25201081005
25201081004,252011560
25201081005,25201081006
25201081005,252011560
25201081006,25201087001
25201081006,252011560
25201087001,25201087002
25201087001,252011560
25201087002,252011560
25201089001,25201089002
25201089001,25201103004
25201089001,252011560
25201089002,25201089003
25201089002,25201089004
25201089002,25201103004
25201089002,252011080
25201089003,25201089004
25201089003,252010930
25201089003,25201094002
25201089003,25201097004
25201089003,252011080
25201089004,25201094001
25201089004,25201094002
252010930,25201094002
252010930,25201094003
252010930,25201097003
252010930,25201097004
25201094001,25201094002
25201094001,25201094003
25201094002,25201094003
25201094003,25201097003
25201094003,252011330
25201097001,25201097002
25201097001,25201101001
25201097001,25201101002
25201097001,252011240
25201097001,252011310
25201097001,252011320
25201097002,25201097003
25201097002,25201097004
25201097002,25201101002
25201097002,252011320
25201097002,252011330
25201097003,25201097004
25201097003,252011330
25201097004,25201101002
25201097004,252011080
25201101001,25201101002
25201101001,25201103002
25201101001,252011070
25201101001,25201120002
25201101001,25201120003
25201101001,25201120004
25201101001,252011240
25201101002,252011070
25201101002,252011080
25201101002,252011240
25201103001,25201103002
25201103001,25201103003
25201103001,25201120004
25201103001,25201125002
25201103001,252011290
25201103001,252011560
25201103002,25201103003
25201103002,252011070
25201103002,25201120004
25201103003,25201103004
25201103003,252011070
25201103003,252011080
25201103003,252011560
25201103004,252011070
25201103004,252011080
25201103004,252011560
252011070,252011080
25201109001,25201109002
25201109001,25201112001
25201109001,25201114001
25201109001,252011350
25201109001,252011490
25201109001,252011530
25201109002,25201109003
25201109002,25201112001
25201109002,25201112002
25201109002,252011490
25201109002,252011510
25201109002,252011530
25201109003,25201112002
25201109003,252011340
25201109003,252011510
25201109003,252011520
25201109003,252011530
25201112001,25201112002
25201112001,25201114001
25201112001,25201114002
25201112002,25201114002
25201112002,25201114003
25201112002,252011340
25201114001,25201114002
25201114001,252011190
25201114001,252011300
25201114001,252011490
25201114002,25201114003
25201114002,252011170
25201114002,252011190
25201114002,25201127001
25201114003,252011170
25201114003,252011340
252011170,252011180
252011170,25201127001
252011170,25201127002
252011170,252011290
252011170,252011340
252011180,252011290
252011180,252011340
252011180,252011520
252011180,252011560
252011190,25201120001
252011190,25201125001
252011190,25201127001
252011190,252011300
25201120001,25201120002
25201120001,25201120003
25201120001,25201125001
25201120001,252011300
25201120001,252011310
25201120002,25201120003
25201120002,252011240
25201120002,252011310
25201120003,25201120004
25201120003,252011240
25201120003,25201125001
25201120003,25201125002
25201120004,25201125002
252011240,252011310
25201125001,25201125002
25201125001,25201127001
25201125002,25201127001
25201125002,25201127002
25201125002,252011290
25201127001,25201127002
25201127002,252011290
252011290,252011560
252011300,252011310
252011300,252011490
252011310,252011320
252011310,252011360
252011310,252011490
252011320,252011330
252011320,252011360
252011340,252011520
252011350,252011490
252011360,25201137001
252011360,25201137003
252011360,252011490
252011360,26103010030
252011360,26103012021
252011360,26103012026
252011360,26103012027
25201137001,25201137002
25201137001,25201137003
25201137001,252011490
25201137002,25201137003
25201137002,252011490
25201137002,26103012026
25201137003,26103012026
252011400,252011410
252011400,252011420
252011400,252011430
252011400,252011620
252011400,252011650
252011400,25201171001
252011400,26110008044
252011400,26110008045
252011400,26110008046
252011400,26110008050
252011400,26110008051
252011410,252011430
252011410,252011440
252011410,25201145001
252011410,25201145002
252011410,26110008002
252011410,26110008023
252011410,26110008031
252011410,26110008032
252011410,26110008050
252011420,252011430
252011420,252011440
252011420,252011480
252011420,252011490
252011420,252011620
252011420,26103014025
252011420,26103014028
252011420,26110007005
252011420,26110007007
252011420,26110007008
252011420,26110007009
252011420,26110007016
252011420,26110007017
252011420,26110013016
252011430,252011440
252011430,25201145002
252011440,25201145002
252011440,26110007009
25201145001,25201145002
25201145001,26110007011
25201145001,26110007012
25201145001,26110007015
25201145001,26110008001
25201145001,26110008002
25201145002,26110007009
25201145002,26110007010
25201145002,26110007011
252011470,252011480
252011470,252011500
252011470,252011530
252011470,25201154003
252011470,25201154004
252011470,252011610
252011480,252011490
252011480,252011530
252011480,252011600
252011480,252011610
252011480,252011620
252011490,252011530
252011490,26103014025
252011500,252011510
252011500,252011520
252011500,252011530
252011500,25201154003
252011500,25201154004
252011500,252011560
252011510,252011520
252011510,252011530
252011520,252011560
25201154001,25201154002
25201154001,25201154004
25201154001,25201154005
25201154001,25201157003
25201154001,25201179001
25201154001,25201179002
25201154001,252011880
25201154002,25201154003
25201154002,25201154004
25201154002,25201157003
25201154002,25201179001
25201154003,25201154004
25201154003,25201157003
25201154003,252011610
25201154004,25201154005
25201154004,252011560
25201154005,252011560
25201154005,252011870
25201154005,252011880
252011560,25201179004
252011560,252011870
252011560,252011980
252011560,25201201001
252011560,25201201002
252011560,25201201003
252011560,25201201004
252011560,252012100
252011560,252012110
252011560,25201212001
252011560,252012140
252011560,252012210
252011560,252012320
252011560,252012360
252011560,25201242001
252011560,252012440
252011560,25201251001
252011560,25201251003
252011560,25201256001
252011560,25201263001
252011560,25201267001
252011560,25201267005
252011560,25201267006
252011560,25201285001
252011560,25201286001
252011560,25201286003
252011560,25201286004
252011560,25201307006
252011560,25201307007
252011560,25201310001
252011560,25201310002
252011560,25201310003
252011560,25201310004
252011560,25201310005
252011560,25201310006
252011560,252013190
252011560,252013370
252011560,252014080
252011560,252014100
252011560,252014110
252011560,252014120
252011560,252014130
252011560,252014180
252011560,25201419001
252011560,25201419002
252011560,252014210
252011560,252014220
252011560,252014230
252011560,252014240
252011560,252014250
252011560,252014260
252011560,252014270
252011560,252040820
252011560,252060850
252011560,252070450
252011560,252100520
252011560,252120990
252011560,252121260
25201157001,25201157002
25201157001,252011600
25201157001,252011610
25201157001,252011620
25201157001,25201171002
25201157001,252011730
25201157002,25201157003
25201157002,252011610
25201157002,252011730
25201157002,25201179001
25201157002,25201183001
25201157003,252011610
25201157003,25201179001
252011600,252011610
252011600,252011620
252011620,25201171001
252011620,25201171002
252011650,25201171001
252011650,252011740
252011650,25201175002
252011650,25201177002
252011650,252011940
252011650,252011990
252011650,252012200
252011650,26110008048
252011650,26110008051
25201166001,25201166002
25201166001,252011680
25201166001,252011690
25201166001,25201177001
25201166001,25201183003
25201166001,25201183004
25201166001,25201196001
25201166002,252011690
25201166002,25201171001
25201166002,252011740
25201166002,25201175001
25201166002,25201177001
25201166002,25201177002
25201166002,25201196001
252011680,252011690
252011680,252011700
252011680,25201183002
252011680,25201183003
252011690,252011700
252011690,25201171001
252011690,25201171002
252011700,25201171002
252011700,252011730
252011700,25201183001
252011700,25201183002
25201171001,25201171002
25201171001,252011740
25201171001,25201175001
25201171002,252011730
252011730,25201179001
252011730,25201183001
252011740,25201175001
252011740,25201175002
25201175001,25201175002
25201175001,25201177001
25201175001,25201177002
25201175002,25201177002
25201177001,25201177002
25201177001,25201191002
25201177001,252011950
25201177001,25201196001
25201177001,252011990
25201177002,25201191002
25201177002,252011990
25201179001,25201179002
25201179001,25201183001
25201179001,25201183002
25201179001,252011880
25201179002,25201179003
25201179002,25201183001
25201179002,25201183002
25201179002,25201183003
25201179002,252011870
25201179002,252011880
25201179003,25201179004
25201179003,25201183003
25201179003,25201183004
25201179003,252011870
25201179003,252011880
25201179004,25201183004
25201179004,252011870
25201179004,25201196001
25201179004,25201196002
25201179004,252011980
25201183001,25201183002
25201183002,25201183003
25201183003,25201183004
25201183004,25201196001
25201183004,25201196002
252011870,252011880
252011900,25201191001
252011900,25201191003
252011900,25201201003
252011900,25201201004
252011900,252012050
252011900,252012060
25201191001,25201191002
25201191001,25201191003
25201191001,252011980
25201191001,25201201001
25201191001,25201201002
25201191001,25201201003
25201191002,25201191003
25201191002,252011950
25201191002,252011980
25201191002,252011990
25201191002,252012190
25201191003,252011990
25201191003,252012060
25201191003,252012070
25201191003,252012190
252011940,252011990
252011940,252012190
252011940,252012200
252011940,252014010
252011950,25201196001
252011950,25201196002
252011950,252011980
25201196001,25201196002
25201196002,252011980
252011980,25201201001
252011980,25201201002
252011990,252012190
25201201001,25201201002
25201201002,25201201003
25201201003,25201201004
25201201004,252012050
25201201004,252012210
252012050,252012060
252012050,25201208002
252012050,252012100
252012050,252012210
252012060,252012070
252012060,25201208002
252012070,25201208001
252012070,25201208002
252012070,252012190
252012070,252012220
25201208001,25201208002
25201208001,252012100
25201208001,252012110
25201208001,25201212002
25201208001,252012190
25201208001,252012220
25201208002,252012100
252012100,252012110
252012100,252012210
252012110,25201212001
252012110,25201212002
25201212001,25201212002
25201212001,252012140
25201212001,252012150
25201212002,252012150
25201212002,25201216003
25201212002,252012220
252012140,252012150
252012140,25201216001
252012140,25201242001
252012140,25201242002
252012150,25201216001
252012150,25201216002
252012150,25201216003
252012150,25201242002
25201216001,25201216002
25201216001,25201216003
25201216001,252012330
25201216001,25201242002
25201216002,25201216003
25201216002,252012230
25201216002,25201228001
25201216002,252012300
25201216002,252012330
25201216003,252012220
25201216003,252012230
25201216003,252012300
252012190,252012200
252012190,252012220
252012190,252014010
252012200,252012220
252012200,252012240
252012200,252012260
252012200,252014010
252012200,26110008036
252012200,26110008048
252012220,252012230
252012220,252012240
252012220,252012260
252012230,252012260
252012230,252012270
252012230,25201228002
252012230,252012300
252012240,252012260
252012260,252012270
252012260,25201245002
252012260,26110008036
252012260,26110008041
252012270,25201228002
252012270,25201228003
252012270,25201237003
252012270,25201245002
25201228001,25201228002
25201228001,25201228003
25201228001,252012300
25201228001,252012330
25201228001,25201237001
25201228001,25201237002
25201228002,25201228003
25201228002,252012300
25201228003,25201237002
25201228003,25201237003
25201228003,25201245001
252012320,252012330
252012320,252012340
252012320,252012360
252012320,25201242001
252012330,252012340
252012330,25201237001
252012330,25201242001
252012330,25201242002
252012340,252012350
252012340,252012360
252012340,25201237001
252012350,252012360
252012350,25201237001
252012350,25201237002
252012350,252012390
252012350,252012400
252012350,252012440
252012360,252012390
252012360,252012440
25201237001,25201237002
25201237002,252012400
25201237002,25201245001
25201237003,25201245001
25201237003,25201245002
252012390,252012400
252012390,252012440
252012390,25201245001
252012400,25201245001
25201242001,25201242002
252012440,25201245001
252012440,25201251001
25201245001,25201245002
25201245001,25201251001
25201245002,25201249001
25201245002,25201251001
25201245002,25201251004
25201245002,252012590
25201245002,26109028001
25201245002,26109028021
252012470,25201249001
252012470,252012590
25201249001,25201249002
25201249001,25201251004
25201249001,252012590
25201249002,25201251004
25201249002,25201251005
25201249002,252012590
25201251001,25201251002
25201251001,25201251003
25201251001,25201251004
25201251002,25201251003
25201251002,25201251004
25201251003,25201251004
25201251003,25201251005
25201251003,25201256001
25201251003,25201256002
25201251004,25201251005
25201251004,25201256002
25201251005,25201256002
25201251005,252012590
25201256001,25201256002
25201256001,25201263001
25201256002,252012590
25201256002,25201263001
252012580,252012600
252012580,25201263002
252012580,25201263003
252012580,25201267001
252012580,25201267002
252012580,25201267003
252012590,252012600
252012590,25201263001
252012590,25201263003
252012590,25201263004
252012590,26109028001
252012590,26109028002
252012590,26109028018
252012590,26204018008
252012590,26204018010
252012590,26204020010
252012600,252012610
252012600,252012620
252012600,25201263003
252012600,25201267003
252012600,25201267004
252012600,25201267005
252012600,25201267006
252012600,252012680
252012600,25201276101
252012600,25201277101
252012600,25201278101
252012600,25201278106
252012600,25201288002
252012600,26204018010
252012610,252012620
252012610,252012732
252012610,26204014005
252012610,26204014009
252012610,26204014013
252012610,26204018010
252012610,26204018015
252012610,26204020015
252012620,252012732
252012620,25201276101
252012620,252012762
25201263001,25201263002
25201263001,25201263004
25201263001,25201267001
25201263002,25201263003
25201263002,25201263004
25201263002,25201267001
25201263003,25201263004
25201267001,25201267002
25201267001,25201267003
25201267001,25201267005
25201267002,25201267003
25201267002,25201267005
25201267003,25201267005
25201267003,252012680
25201267004,25201267005
25201267004,252012680
25201267005,25201267006
25201267005,252012680
25201267006,25201278101
25201267006,25201286004
25201267006,25201287001
25201267006,25201287002
25201267006,25201288001
25201267006,25201288002
25201273101,25201273102
25201273101,25201273104
25201273101,252012732
25201273102,25201273103
25201273102,25201273104
25201273102,252012732
25201273103,25201273104
25201273103,25201273105
25201273103,252012732
25201273104,25201273105
25201273104,252012732
25201273104,26204014006
25201273105,252012732
252012732,252012742
252012732,252012762
252012732,26204014005
252012732,26204014006
252012732,26204014008
252012732,26204014011
252012732,26204016007
252012732,26344002008
25201274101,25201274102
25201274101,252012742
25201274102,252012742
252012742,25201275106
252012742,252012752
252012742,252012762
252012742,26344002008
252012742,26344002012
25201275101,25201275102
25201275101,25201275103
25201275101,25201275105
25201275101,25201276102
25201275101,252012762
25201275101,25201277107
25201275102,25201275103
25201275102,25201275105
25201275102,25201277106
25201275102,25201277107
25201275103,25201275104
25201275103,25201275105
25201275103,252012752
25201275103,25201277106
25201275103,25201277107
25201275104,25201275105
25201275104,25201275106
25201275104,252012752
25201275105,25201275106
25201275105,25201276102
25201275105,252012762
25201275106,252012752
25201275106,252012762
252012752,25201277106
252012752,252012772
252012752,252012792
252012752,26344002012
25201276101,25201276102
25201276101,25201276103
25201276101,252012762
25201276101,25201277101
25201276101,25201277102
25201276102,25201276103
25201276102,252012762
25201276102,25201277101
25201276102,25201277102
25201276102,25201277107
25201276103,252012762
25201277101,25201277102
25201277101,25201277103
25201277101,25201278106
25201277101,25201278107
25201277102,25201277103
25201277102,25201277107
25201277103,25201277104
25201277103,25201277105
25201277103,25201277107
25201277103,25201278105
25201277103,25201278107
25201277103,252012782
25201277104,25201277105
25201277105,25201277106
25201277105,25201277107
25201277105,252012772
25201277105,252012782
25201277106,25201277107
25201277106,252012772
252012772,252012782
252012772,252012792
25201278101,25201278102
25201278101,25201278106
25201278101,25201288002
25201278101,25201288003
25201278102,25201278103
25201278102,25201278104
25201278102,25201278106
25201278102,252012782
25201278102,25201288000
25201278102,25201288002
25201278102,25201288003
25201278103,25201278104
25201278103,25201278105
25201278103,252012782
25201278104,25201278105
25201278104,25201278106
25201278105,25201278106
25201278105,25201278107
25201278105,252012782
25201278106,25201278107
252012782,252012792
252012782,25201288000
25201279101,25201279102
25201279101,25201279103
25201279101,252012792
25201279102,25201279103
25201279102,252012792
25201279103,25201279104
25201279103,252012792
25201279104,252012792
25201279104,252091480
252012792,25201288000
252012792,252091350
252012792,252091470
252012792,252091480
252012792,26344002012
25201280001,25201280002
25201280001,25201281001
25201280001,25201284003
25201280001,25201297101
25201280001,25201297102
25201280001,252012972
25201280001,252013080
25201280001,252013200
25201280002,25201280003
25201280002,25201281001
25201280002,25201281002
25201280002,25201281003
25201280002,252012972
25201280002,25201298101
25201280002,252012982
25201280003,25201281003
25201280003,25201288000
25201280003,25201298101
25201280003,25201298102
25201280003,252012982
25201281001,25201281002
25201281001,25201282001
25201281001,25201282002
25201281001,25201284002
25201281001,25201284003
25201281002,25201281003
25201281002,25201282001
25201281002,25201282002
25201281002,25201282003
25201281003,25201282003
25201281003,25201288000
25201282001,25201282002
25201282001,25201283001
25201282001,25201283003
25201282001,25201283005
25201282001,25201284002
25201282002,25201282003
25201282002,25201283003
25201282002,25201283005
25201282003,25201282004
25201282003,25201283005
25201282003,25201288000
25201282004,25201283005
25201282004,25201283006
25201282004,25201283007
25201282004,25201288000
25201283001,25201283002
25201283001,25201283003
25201283001,25201284001
25201283001,25201284002
25201283001,25201285004
25201283002,25201283003
25201283002,25201283004
25201283002,25201285004
25201283002,25201286005
25201283002,25201287002
25201283002,25201288005
25201283003,25201283004
25201283003,25201283005
25201283004,25201283005
25201283004,25201288004
25201283004,25201288005
25201283005,25201283006
25201283005,25201288004
25201283005,25201288005
25201283005,25201288006
25201283006,25201283007
25201283006,25201288006
25201283007,25201288000
25201283007,25201288004
25201283007,25201288006
25201284001,25201284002
25201284001,25201284003
25201284001,25201285003
25201284001,25201285004
25201284001,252013080
25201284002,25201284003
25201284003,252013080
25201285001,25201285002
25201285001,25201286001
25201285001,25201286002
25201285001,25201310006
25201285002,25201285003
25201285002,25201285004
25201285002,25201286002
25201285002,252013080
25201285002,25201310006
25201285003,25201285004
25201285003,252013080
25201285004,25201286002
25201285004,25201286005
25201286001,25201286002
25201286001,25201286003
25201286002,25201286003
25201286002,25201286005
25201286003,25201286004
25201286003,25201286005
25201286004,25201286005
25201286004,25201287001
25201286005,25201287001
25201286005,25201287002
25201287001,25201287002
25201287002,25201288001
25201287002,25201288005
25201288000,25201288003
25201288000,25201288004
25201288000,252012922
25201288000,252012952
25201288000,252012982
25201288000,252091340
25201288000,252091350
25201288001,25201288002
25201288001,25201288003
25201288001,25201288004
25201288001,25201288005
25201288002,25201288003
25201288003,25201288004
25201288003,25201288005
25201288004,25201288005
25201288004,25201288006
25201289001,25201289002
25201289001,25201289004
25201289001,25201289005
25201289001,252060030
25201289001,25206010004
25201289001,25206010007
25201289001,25206010008
25201289002,25201289003
25201289002,25201289004
25201289002,25201292103
25201289002,25206010004
25201289002,25206010008
25201289003,25201289004
25201289003,25201289005
25201289003,25201289006
25201289003,25201289008
25201289003,25201292103
25201289003,252012922
25201289004,25201289005
25201289004,25201289006
25201289005,25201289006
25201289005,25201290101
25201289005,252060030
25201289006,25201289007
25201289006,25201289008
25201289006,25201290101
25201289007,25201289008
25201289007,25201290101
25201289007,25201290102
25201289008,25201290101
25201289008,25201290102
25201289008,25201292103
25201289008,252012922
25201289008,25201294103
25201290101,25201290102
25201290101,25201290103
25201290101,25201290104
25201290101,252060030
25201290102,25201290103
25201290102,252012922
25201290102,25201294102
25201290103,25201290104
25201290103,25201290105
25201290103,25201290107
25201290103,25201294102
25201290104,25201290105
25201290104,25201290106
25201290104,25201290107
25201290104,252060030
25201290104,25206043201
25201290105,25201290106
25201290105,25201290107
25201290106,25201290107
25201290106,25201294102
25201290106,252012942
25201290106,25206043201
25201290106,25206044208
25201290107,25201294102
25201290107,252012942
252012910,252012922
252012910,252080220
25201292101,25201292102
25201292101,25201292103
25201292101,252012922
25201292102,25201292103
25201292102,252012922
25201292103,252012922
25201292103,25201294103
25201292103,252060010
25201292103,252060030
25201292103,25206010004
252012922,25201293103
252012922,252012932
252012922,25201294102
252012922,25201294103
252012922,252012942
252012922,252012952
252012922,252060010
252012922,252080220
252012922,252091340
252012922,252091360
252012922,252091370
25201293101,25201293102
25201293101,252012932
25201293101,25201294101
25201293101,252012942
25201293102,252012932
25201293102,25201294101
25201293103,252012932
252012932,25201294101
252012932,252012942
252012932,252012952
25201294101,25201294102
25201294101,252012942
25201294102,252012942
25201294102,252012952
25201294102,25206044208
252012942,25201295101
252012942,25201295102
252012942,252012952
252012942,252012991
252012942,252012992
25201295101,25201295102
25201295101,252012952
25201295101,252012961
25201295101,252012962
25201295101,252012992
25201295102,252012952
25201295103,252012952
252012952,252012961
252012952,252012962
252012952,25201297101
252012952,252012972
252012952,25201298102
252012952,252012982
252012952,252012991
252012952,252012992
252012952,252013200
252012952,25206044207
252012952,25206044208
252012961,252012962
252012962,252012972
252012962,252013200
25201297101,252012972
25201297102,252012972
252012972,252012982
252012972,252013200
25201298101,25201298102
25201298101,252012982
25201298102,252012982
252012991,252012992
25201300001,25201300002
25201300001,25201307002
25201300001,25201307003
25201300001,25201307004
25201300001,252013190
25201300002,25201300003
25201300002,25201300004
25201300002,25201307001
25201300002,25201307002
25201300002,25201310001
25201300002,25201313001
25201300002,252013190
25201300003,25201300004
25201300003,25201300005
25201300003,25201300006
25201300003,25201313001
25201300003,252013180
25201300004,25201300005
25201300004,25201300007
25201300004,25201307001
25201300004,25201322001
25201300004,25201322002
25201300004,25201322004
25201300005,25201300006
25201300005,25201300007
25201300006,25201300007
25201300006,25201300008
25201300006,25201313002
25201300006,252013180
25201300007,25201300008
25201300007,25201322004
25201300007,25201322005
25201300007,25201322007
25201300008,25201313002
25201300008,25201313004
25201300008,252013200
25201300008,25201322007
25201307001,25201307002
25201307001,25201322001
25201307001,25201327001
25201307001,25201338003
25201307002,25201307003
25201307002,25201327001
25201307002,25201338001
25201307002,25201338003
25201307003,25201307004
25201307003,25201307005
25201307003,25201307006
25201307003,25201307007
25201307003,25201338001
25201307003,25201338003
25201307004,25201307005
25201307004,252013370
25201307005,25201307006
25201307005,252013370
25201307006,25201307007
25201307006,252013370
25201307006,25201338001
25201307007,25201338001
25201307007,252060450
252013080,25201310006
252013080,25201313004
252013080,25201313005
252013080,252013200
25201310001,25201310002
25201310001,25201313001
25201310001,25201313003
25201310001,252013190
25201310002,25201310003
25201310002,25201313001
25201310002,25201313003
25201310002,25201316002
25201310003,25201310004
25201310003,25201310005
25201310003,25201313003
25201310003,25201316002
25201310003,25201399002
25201310004,25201310005
25201310005,25201310006
25201310005,25201313005
25201310005,25201399001
25201310005,25201399002
25201310006,25201313005
25201313001,25201313002
25201313001,25201313003
25201313001,252013180
25201313002,25201313003
25201313002,25201313004
25201313002,252013180
25201313003,25201313004
25201313003,25201316001
25201313003,25201316002
25201313004,25201313005
25201313004,25201316001
25201313004,252013200
25201313004,25201399004
25201313005,25201316001
25201313005,25201399001
25201313005,25201399002
25201313005,25201399003
25201316001,25201316002
25201316001,25201399003
25201316002,25201399002
25201316002,25201399003
252013190,252013370
252013200,25201322006
252013200,25201322007
252013200,25201327005
252013200,25206044207
25201322001,25201322002
25201322001,25201322003
25201322001,25201327001
25201322001,25201327002
25201322002,25201322003
25201322002,25201322004
25201322003,25201322004
25201322003,25201322005
25201322003,25201327002
25201322003,25201327003
25201322004,25201322005
25201322005,25201322006
25201322005,25201322007
25201322005,25201327003
25201322005,25201327005
25201322006,25201322007
25201322006,25201327005
25201327001,25201327002
25201327001,252013300
25201327001,25201338002
25201327001,25201338003
25201327002,25201327003
25201327002,252013300
25201327002,25206044104
25201327003,25201327004
25201327003,25201327005
25201327003,252013300
25201327003,25206044104
25201327003,25206044202
25201327004,25201327005
25201327004,25206044202
25201327004,25206044203
25201327004,25206044206
25201327005,25206044206
25201327005,25206044207
252013300,25201338002
252013300,25206044102
252013300,25206044103
252013300,25206044104
252013300,252060443
25201338001,25201338002
25201338001,25201338003
25201338001,252060450
25201338002,25201338003
25201338002,252060443
25201338002,252060450
25201341001,25201341002
25201341001,25201341004
25201341001,25201400001
25201341001,25201400003
25201341002,25201341003
25201341002,25201341004
25201341003,25201341004
25201341003,25201341005
25201341004,25201341005
25201341004,25201341006
25201341004,25201341007
25201341004,25201400003
25201341004,25201400005
25201341005,25201341006
25201341005,25201341007
25201341006,25201341007
25201341007,25201400003
25201341007,25201400005
25201341007,25201400006
25201341007,25201400007
25201341007,25201400008
25201399001,25201399002
25201399002,25201399003
25201400001,25201400002
25201400001,25201400003
25201400002,25201400003
25201400002,25201400004
25201400003,25201400004
25201400003,25201400005
25201400004,25201400005
25201400004,25201400006
25201400004,25201400007
25201400004,25201400008
25201400005,25201400006
25201400006,25201400007
25201400007,25201400008
25201402001,25201402002
25201402001,25201404002
25201402002,25201404002
25201402002,25201406002
25201402002,252014080
25201404001,25201404002
25201404001,25201406001
25201404001,252014080
25201404002,25201406001
25201404002,25201406002
25201406001,25201406002
25201406001,252014080
25201406002,252014080
252014080,252014090
252014080,252014100
252014090,252014100
252014090,25201414001
252014090,25201414003
252014090,252014170
252014090,25201428002
252014090,25201428003
252014100,252014110
252014100,252014120
252014100,25201414001
252014110,252014120
252014120,252014130
252014120,25201414001
252014120,25201414002
252014130,25201414002
252014130,25201414003
252014130,252014170
252014130,252014180
252014130,25201419001
25201414001,25201414002
25201414001,25201414003
25201414002,25201414003
25201414003,252014170
25201414003,25201428001
25201414003,25201428002
25201414003,25201428003
252014180,25201419001
25201419001,25201419002
25201419002,252014210
252014210,252014220
252014220,252014230
252014230,252014240
252014240,252014250
252014250,252014260
252014250,252120710
252014250,252121100
252014250,252121110
252014260,252014270
252014260,252121100
252014270,252120990
252014270,252121100
25201428001,25201428002
25201428001,25201428003
25201428002,25201428003
25202001001,25202001003
25202001001,252020030
25202001001,25202023001
25202001001,25202043006
25202001001,25202043010
25202001001,25202044003
25202001002,25202001003
25202001002,25202002001
25202001002,25202002002
25202001002,252020030
25202001003,25202002001
25202001003,25202002002
25202001003,25202002003
25202001003,25202044003
25202001003,25202044008
25202002001,25202002002
25202002001,252020030
25202002001,25202005002
25202002001,25202005003
25202002002,25202002003
25202002002,25202005003
25202002002,25202005004
25202002003,25202004001
25202002003,25202005004
25202002003,25202044008
25202002003,252021410
252020030,25202005001
252020030,25202005002
252020030,25202023001
25202004001,25202004002
25202004001,25202005004
25202004001,252021410
25202004002,25202004003
25202004002,25202005004
25202004002,25202007003
25202004002,252021410
25202004003,25202007001
25202004003,25202007003
25202004003,25202048001
25202004003,252020490
25202004003,252021410
25202005001,25202005002
25202005001,252020060
25202005001,25202022001
25202005001,25202023001
25202005002,25202005003
25202005002,252020060
25202005002,25202007003
25202005003,25202005004
25202005003,25202007003
25202005004,25202007003
252020060,25202007003
252020060,252020100
252020060,25202022001
252020060,25202024001
25202007001,25202007002
25202007001,25202007003
25202007001,25202011003
25202007001,25202048001
25202007001,25202048002
25202007002,25202007003
25202007002,252020100
25202007002,25202011001
25202007002,25202011003
25202007003,252020100
252020100,25202011001
252020100,25202015001
252020100,25202024001
25202011001,25202011002
25202011001,25202011003
25202011001,25202012003
25202011001,25202015001
25202011001,25202015002
25202011002,25202011003
25202011002,25202012003
25202011002,25202015002
25202011003,25202012003
25202011003,25202048002
25202012001,25202012002
25202012001,25202012003
25202012001,252020180
25202012001,252020190
25202012001,25202050001
25202012001,25202050002
25202012002,25202012003
25202012002,25202015002
25202012002,25202016001
25202012002,252020170
25202012002,252020180
25202012003,25202015002
25202012003,25202048002
25202012003,25202050001
25202012003,25202050002
25202015001,25202015002
25202015001,25202016001
25202015001,25202016002
25202015001,25202024001
25202015002,25202016001
25202016001,25202016002
25202016001,252020170
25202016001,25202021001
25202016001,25202021002
25202016002,25202021001
25202016002,25202021002
25202016002,25202021003
25202016002,25202021004
25202016002,25202024001
25202016002,25202024002
25202016002,25202030001
25202016002,25202030002
25202016002,25202037001
252020170,252020180
252020170,25202021001
252020170,25202021005
252020180,252020190
252020180,25202021005
252020180,25202051004
252020190,252020200
252020190,25202050002
252020190,25202051004
252020200,25202050002
252020200,25202051002
252020200,25202051004
252020200,252020520
25202021001,25202021002
25202021001,25202021005
25202021001,25202062001
25202021002,25202021003
25202021002,25202062001
25202021003,25202021004
25202021003,25202036002
25202021003,25202062001
25202021004,25202030002
25202021004,25202036002
25202021004,25202037001
25202021004,25202037002
25202021005,25202051004
25202021005,252020550
25202021005,25202062001
25202021005,25202063001
25202022001,25202022002
25202022001,25202023001
25202022001,25202024001
25202022001,25202024002
25202022001,25202024003
25202022001,25202027001
25202022001,25202027002
25202022001,25202039001
25202022001,25202041001
25202022001,25202043005
25202022002,25202039001
25202023001,25202023002
25202023001,25202043005
25202023001,25202043010
25202024001,25202024002
25202024002,25202024003
25202024002,25202030001
25202024003,25202027001
25202024003,25202030001
25202024003,25202031001
25202027001,25202027002
25202027001,25202031001
25202027002,25202031001
25202027002,25202031002
25202027002,252020350
25202027002,25202039001
25202027002,25202039002
25202030001,25202030002
25202030001,25202031001
25202030001,25202033001
25202030002,25202033001
25202030002,25202037001
25202031001,25202031002
25202031001,25202033001
25202031002,25202033001
25202031002,25202033002
25202031002,252020350
25202033001,25202033002
25202033001,25202037001
25202033002,252020350
25202033002,25202036005
25202033002,25202037001
252020350,25202036005
252020350,25202039002
252020350,25202072004
25202036002,25202036004
25202036002,25202036005
25202036002,25202037002
25202036002,25202038001
25202036002,25202038004
25202036002,25202062001
25202036002,25202062002
25202036002,25202062004
25202036004,25202038001
25202036004,25202038004
25202036005,25202037001
25202036005,25202037002
25202036005,25202038001
25202036005,25202038002
25202036005,25202038003
25202036005,25202072004
25202037001,25202037002
25202038001,25202038002
25202038001,25202038003
25202038001,25202038004
25202038002,25202038003
25202038003,25202038004
25202038003,25202062004
25202038003,25202067004
25202038003,25202071002
25202038003,25202071005
25202038003,25202071009
25202038003,25202072001
25202038003,25202072004
25202038004,25202062004
25202039001,25202039002
25202039001,25202041001
25202039001,25202041002
25202039002,25202041001
25202039002,25202041002
25202039002,25202072004
25202041001,25202041002
25202041001,25202043001
25202041001,25202043002
25202041001,25202043003
25202041001,25202043005
25202041002,25202043002
25202041002,25202043003
25202041002,25202072004
25202043001,25202043002
25202043001,25202043004
25202043001,25202043005
25202043001,25202043008
25202043001,25202043011
25202043002,25202043003
25202043002,25202043004
25202043003,25202043004
25202043003,25202072004
25202043004,25202043005
25202043004,25202072004
25202043004,252140630
25202043005,25202043007
25202043005,25202043008
25202043005,25202043009
25202043005,25202043010
25202043005,25202044004
25202043005,25202079001
25202043005,25202079003
25202043005,252140630
25202043006,25202043010
25202043006,25202044001
25202043006,25202044003
25202043007,25202043009
25202043007,25202043010
25202043007,25202044003
25202043007,25202044005
25202043008,25202043011
25202043009,25202044004
25202043009,25202044005
25202044001,25202044003
25202044002,25202044003
25202044002,25202044004
25202044002,25202044005
25202044002,25202044008
25202044002,25202080001
25202044002,25202080002
25202044003,25202044005
25202044003,25202044008
25202044004,25202044005
25202044004,25202079003
25202044004,25202080001
25202044006,25202044008
25202044006,252020450
25202044006,252021410
25202044008,252020450
25202044008,25202080001
25202044008,25202080002
25202044008,252020810
25202044008,252021410
252020450,25202046001
252020450,25202046007
252020450,25202047001
252020450,25202047002
252020450,25202047003
252020450,252020810
252020450,25202082005
252020450,252021410
25202046001,25202046002
25202046001,25202046003
25202046001,25202046007
25202046001,25202047001
25202046001,25202047002
25202046001,252020490
25202046001,25202051001
25202046001,252021410
25202046002,25202046003
25202046003,25202046004
25202046003,25202046005
25202046003,25202047002
25202046003,25202051001
25202046003,25202051005
25202046003,25202058003
25202046003,25202082003
25202046004,25202046005
25202046004,25202046006
25202046004,25202047003
25202046004,25202082002
25202046004,25202082003
25202046005,25202047002
25202046005,25202047003
25202046006,25202047003
25202046006,25202082002
25202046006,25202082005
25202047001,25202047002
25202047002,25202047003
25202047003,25202082005
25202048001,25202048002
25202048001,252020490
25202048001,25202051001
25202048001,252021410
25202048002,25202050001
25202048002,25202051001
252020490,25202051001
252020490,252021410
25202050001,25202050002
25202050001,25202051001
25202050002,25202051001
25202050002,25202051002
25202050002,25202051003
25202051001,25202051002
25202051001,25202051003
25202051001,25202051005
25202051001,25202058002
25202051001,25202058003
25202051002,25202051003
25202051002,252020520
25202051002,252020530
25202051003,25202051004
25202051003,252020520
25202051003,252020530
25202051003,25202054001
25202051003,252020550
25202051003,25202058001
25202051003,25202058002
25202051004,252020520
25202051004,25202054001
25202051004,252020550
25202051005,25202058003
252020520,252020530
25202054001,25202054002
25202054001,252020550
25202054001,25202057001
25202054001,25202057003
25202054001,25202058001
25202054001,25202065002
25202054002,252020550
25202054002,25202065002
252020550,25202062002
252020550,25202063001
252020550,25202065002
252020560,25202057001
252020560,25202057003
252020560,25202059001
252020560,25202060003
252020560,252020610
252020560,25202090001
252020560,25202090021
252020560,25202090023
25202057001,25202057002
25202057001,25202057003
25202057001,25202058001
25202057001,25202059001
25202057001,25202060003
25202057002,25202058001
25202057002,25202058002
25202057002,25202059001
25202057003,25202057004
25202057003,25202065001
25202057003,25202065002
25202057003,25202065003
25202057003,25202090021
25202057004,25202065001
25202057004,25202065003
25202058001,25202058002
25202058002,25202058003
25202058002,25202059001
25202058003,25202059001
25202058003,25202059002
25202058003,25202082003
25202059001,25202059002
25202059001,25202059003
25202059001,25202060002
25202059001,25202060003
25202059001,25202082001
25202059001,25202082003
25202059002,25202082003
25202059003,25202082001
25202060001,25202060002
25202060001,25202060003
25202060001,252020610
25202060001,25202082004
25202060001,25202082005
25202060002,25202060003
25202060002,25202082001
25202060002,25202082004
25202060003,252020610
252020610,25202082005
252020610,252020830
252020610,25202090023
252020610,254430060
252020610,254430070
252020610,254430100
252020610,254430110
252020610,254430210
25202062001,25202062002
25202062001,25202063001
25202062001,25202063002
25202062002,25202062003
25202062002,25202062004
25202062002,25202062005
25202062002,25202063001
25202062002,25202063002
25202062002,25202065002
25202062003,25202062005
25202062003,252020640
25202062003,25202065001
25202062003,25202065002
25202062004,25202062005
25202062004,252020640
25202062004,25202067004
25202062004,25202067005
25202062005,252020640
25202063001,25202063002
252020640,25202065001
252020640,25202067001
252020640,25202067002
252020640,25202067003
252020640,25202067004
252020640,25202067007
25202065001,25202065002
25202065001,25202065003
25202065001,252020660
25202065001,25202067001
25202065001,25202090021
252020660,25202067001
252020660,25202069001
252020660,25202069008
252020660,25202090008
252020660,25202090013
252020660,25202090021
252020660,25202090022
252020660,25202103007
252020660,25202103008
25202067001,25202067002
25202067001,25202067006
25202067001,252020680
25202067001,25202069001
25202067002,25202067003
25202067002,25202067007
25202067002,252020680
25202067003,25202067004
25202067003,25202067007
25202067003,252020680
25202067004,25202067005
25202067004,252020680
25202067004,25202071004
25202067004,25202071009
25202067006,252020680
252020680,25202069001
252020680,25202069002
252020680,25202071001
252020680,25202071004
252020680,25202071007
25202069001,25202069002
25202069001,25202069003
25202069001,25202069008
25202069001,25202069009
25202069001,25202070001
25202069001,25202070002
25202069001,25202071001
25202069001,25202102001
25202069003,25202070001
25202069003,25202101001
25202069003,25202101002
25202069003,25202102001
25202069005,25202069007
25202069005,25202102003
25202069007,25202069008
25202069007,25202069009
25202069007,25202102003
25202069007,25202102004
25202069007,25202104002
25202069007,25202104003
25202069007,25202104006
25202069008,25202069009
25202069008,25202102003
25202069008,25202102004
25202069008,25202103001
25202069008,25202103008
25202069009,25202102001
25202069009,25202102004
25202070001,25202070002
25202070001,25202071001
25202070001,25202072003
25202070001,252020730
25202070001,25202075002
25202070001,25202075003
25202070001,25202075010
25202070001,25202101002
25202070002,25202071001
25202071001,25202071004
25202071001,25202071007
25202071001,25202072003
25202071002,25202071003
25202071002,25202071004
25202071002,25202071005
25202071002,25202072001
25202071003,25202071004
25202071003,25202071005
25202071003,25202071009
25202071004,25202071007
25202071004,25202071009
25202071004,25202072001
25202071004,25202072002
25202071005,25202071009
25202071007,25202072001
25202071007,25202072002
25202071007,25202072003
25202072001,25202072002
25202072001,25202072003
25202072001,25202072004
25202072002,25202072003
25202072003,25202072004
25202072003,252020730
25202072004,252020730
25202072004,252020740
25202072004,25202123002
25202072004,252021240
25202072004,252021250
25202072004,252021370
25202072004,252021380
25202072004,252021390
25202072004,252033040
25202072004,252040820
25202072004,252121260
25202072004,252132400
25202072004,252140910
252020730,252020740
252020730,25202075002
252020730,25202075007
252020740,25202075007
252020740,25202075008
252020740,25202123001
252020740,25202123002
252020740,25202123003
25202075002,25202075003
25202075002,25202075004
25202075002,25202075007
25202075003,25202075004
25202075003,25202075010
25202075003,25202075011
25202075003,25202075018
25202075004,25202075005
25202075004,25202075007
25202075004,25202075014
25202075004,25202075015
25202075004,25202075018
25202075005,25202075006
25202075005,25202075007
25202075005,25202075014
25202075005,25202075015
25202075006,25202075007
25202075006,25202075015
25202075006,25202075016
25202075007,25202075008
25202075007,25202075016
25202075007,25202096002
25202075008,25202075017
25202075008,25202075019
25202075008,25202096002
25202075008,252021060
25202075008,25202123001
25202075009,25202075010
25202075009,25202075012
25202075009,25202075018
25202075009,25202101001
25202075009,25202101002
25202075010,25202075011
25202075010,25202075018
25202075010,25202101002
25202075011,25202075018
25202075012,25202075013
25202075012,25202075018
25202075012,25202101001
25202075013,25202075014
25202075013,25202075018
25202075013,25202101001
25202075014,25202075015
25202075014,25202075018
25202075014,25202096002
25202075014,25202101001
25202075015,25202075016
25202075015,25202096002
25202075016,25202096002
25202075017,25202075019
25202075017,25202096002
25202075017,252021060
25202076001,25202076002
25202076001,25202076003
25202076001,25202076009
25202076001,252020810
25202076001,252020840
25202076001,252020870
25202076002,25202076003
25202076002,25202076004
25202076002,25202076005
25202076002,25202080001
25202076002,25202080002
25202076002,252020810
25202076003,25202076004
25202076003,25202076006
25202076003,25202076007
25202076003,25202076009
25202076004,25202076005
25202076004,25202076006
25202076005,25202076006
25202076005,25202079003
25202076005,25202080001
25202076006,25202076007
25202076006,25202079003
25202076007,25202076009
25202076007,252020770
25202076007,25202078001
25202076007,25202079002
25202076007,25202079003
25202076007,25202086001
25202076007,25202086002
25202076008,25202076009
25202076009,252020840
25202076009,252020850
25202076009,25202086001
25202076009,25202086002
252020770,25202078001
252020770,25202079002
25202078001,25202078002
25202078001,25202079001
25202078001,25202079002
25202078001,25202086002
25202078002,25202086002
25202078002,252140500
25202079001,25202079002
25202079001,25202079003
25202079001,252140500
25202079001,252140630
25202079002,25202079003
25202079003,25202080001
25202080001,25202080002
25202080002,252020810
252020810,25202082005
252020810,252020830
252020810,252020840
252020810,252020870
25202082001,25202082003
25202082001,25202082004
25202082001,25202082005
25202082002,25202082003
25202082002,25202082005
25202082003,25202082005
25202082004,25202082005
25202082005,252020830
252020830,252020870
252020830,252020880
252020830,254430180
252020830,254430210
252020840,252020850
252020840,252020870
252020850,25202086001
252020850,252020870
252020850,252140690
25202086001,25202086002
25202086001,252140690
25202086002,252140500
25202086002,252140690
252020870,252020880
252020870,252140690
252020870,254430180
252020880,252020890
252020880,252140690
252020880,254430160
252020880,254430170
252020880,254430180
252020880,254430200
252020890,252140690
252020890,252140740
252020890,252140750
252020890,254430200
25202090001,25202090002
25202090001,25202090005
25202090001,25202090021
25202090001,25202090023
25202090002,25202090003
25202090002,25202090005
25202090002,25202090007
25202090002,25202090021
25202090003,25202090004
25202090003,25202090005
25202090003,25202090007
25202090004,25202090005
25202090004,25202090006
25202090004,25202090007
25202090004,25202090009
25202090005,25202090006
25202090005,25202090019
25202090005,25202090023
25202090006,25202090009
25202090006,25202090017
25202090006,25202090018
25202090006,25202090019
25202090006,25202090020
25202090007,25202090008
25202090007,25202090009
25202090007,25202090021
25202090008,25202090009
25202090008,25202090010
25202090008,25202090013
25202090008,25202090021
25202090008,25202090026
25202090009,25202090010
25202090009,25202090016
25202090009,25202090017
25202090010,25202090011
25202090010,25202090013
25202090010,25202090014
25202090010,25202090016
25202090011,25202090012
25202090011,25202090013
25202090011,25202090014
25202090012,25202090013
25202090012,25202090014
25202090012,25202090015
25202090012,25202090020
25202090012,25202104001
25202090012,252021050
25202090012,254420040
25202090013,25202090026
25202090013,25202103005
25202090013,25202103006
25202090013,25202103007
25202090013,25202103008
25202090013,25202104001
25202090013,25202104005
25202090014,25202090015
25202090014,25202090016
25202090015,25202090016
25202090015,25202090020
25202090016,25202090017
25202090016,25202090018
25202090016,25202090020
25202090017,25202090018
25202090018,25202090019
25202090018,25202090020
25202090019,25202090020
25202090019,25202090023
25202090019,25202090024
25202090019,25202090025
25202090019,254430010
25202090019,254430110
25202090019,254430120
25202090019,254430130
25202090020,254420040
25202090020,254430130
25202090021,25202090022
25202090023,254430110
25202090025,254430120
25202090025,254430130
252020910,252020920
252020910,252020950
252020910,25202096001
252020910,252021050
252020910,254420030
252020910,254420040
252020920,25202096001
252020920,252020970
252020920,252020980
252020920,25202104001
252020920,252021050
252020930,25202094001
252020930,25202094002
252020930,254410020
252020930,254420030
25202094001,25202094002
25202094001,25202094003
25202094001,252020950
25202094001,25202096001
25202094001,25202096002
25202094001,25202096003
25202094001,252021060
25202094001,252021110
25202094001,254410020
25202094001,254410030
25202094002,252020950
25202094002,254420030
25202094003,252020950
252020950,25202096001
252020950,254420030
25202096001,25202096002
25202096001,252020970
25202096002,25202096003
25202096002,252020970
25202096002,25202101001
25202096002,252021060
252020970,252020980
252020970,252021000
252020970,25202101001
252020980,25202099001
252020980,252021000
252020980,25202104001
25202099001,25202099002
25202099001,252021000
25202099001,25202102001
25202099001,25202102003
25202099001,25202104001
25202099002,25202102003
25202099002,25202104001
252021000,25202101001
252021000,25202102001
25202101001,25202101002
25202101001,25202102001
25202101002,25202102001
25202102001,25202102003
25202102001,25202102004
25202102002,25202102003
25202102002,25202104001
25202102002,25202104003
25202102003,25202102004
25202102003,25202104001
25202102003,25202104003
25202103001,25202103007
25202103001,25202103008
25202103001,25202104002
25202103001,25202104003
25202103002,25202103004
25202103002,25202103006
25202103002,25202103007
25202103002,25202104003
25202103004,25202103005
25202103004,25202103006
25202103004,25202104001
25202103004,25202104003
25202103004,25202104004
25202103005,25202103006
25202103005,25202104004
25202103005,25202104005
25202103006,25202103007
25202103007,25202103008
25202103007,25202104002
25202103007,25202104003
25202104001,25202104003
25202104001,25202104004
25202104001,25202104005
25202104001,252021050
25202104002,25202104003
25202104002,25202104006
25202104003,25202104006
25202104004,25202104005
252021050,254420040
252021060,25202107001
252021060,25202107004
252021060,25202107005
252021060,252021110
252021060,25202121003
252021060,25202121004
252021060,25202123001
25202107001,25202107002
25202107001,25202107004
25202107001,25202121004
25202107002,25202107003
25202107002,25202107004
25202107002,252021080
25202107002,25202121004
25202107003,252021080
25202107003,25202114002
25202107003,25202114005
25202107003,25202121001
25202107003,25202121004
25202107004,25202107005
25202107004,252021080
25202107004,252021110
252021080,252021090
252021080,252021100
252021080,252021110
252021090,252021100
252021090,252021130
252021090,25202114005
252021100,252021110
252021100,252021120
252021100,252021130
252021100,254410030
252021100,254410040
252021100,254410050
252021100,254410070
252021110,254410030
252021120,252021130
252021120,25202116002
252021120,254410070
252021120,254410080
252021130,25202114001
252021130,25202114005
252021130,25202116002
25202114001,25202114002
25202114001,25202114004
25202114001,25202114005
25202114001,25202116002
25202114002,25202114003
25202114002,25202114004
25202114002,25202114005
25202114002,25202115001
25202114002,25202121001
25202114003,25202115001
25202114003,25202121001
25202114004,25202115001
25202114004,25202116002
25202114004,25202116003
25202115001,25202115002
25202115001,25202115003
25202115001,25202115004
25202115001,25202116003
25202115001,25202119001
25202115001,25202119002
25202115001,252021200
25202115001,25202121001
25202115002,25202115004
25202115002,25202118001
25202115002,25202119001
25202115002,25202119002
25202115003,25202115004
25202115003,25202116003
25202115004,25202116003
25202115004,252021170
25202115004,25202118001
25202115004,25202119001
25202116001,25202116003
25202116002,25202116003
25202116002,252021170
25202116002,254250300
25202116002,254250310
25202116002,254410080
25202116003,252021170
252021170,25202118001
252021170,25202118002
252021170,254250290
252021170,254250300
25202118001,25202118002
25202118001,25202119001
25202118001,25202119002
25202118001,25202119004
25202118002,25202119002
25202118002,25202119004
25202118002,252021310
25202118002,254250290
25202119001,25202119002
25202119002,25202119003
25202119002,25202119004
25202119002,252021200
25202119002,252021310
25202119002,252021320
25202119002,252021330
25202119002,252021340
25202119002,25202135001
25202119003,252021200
252021200,25202121001
252021200,252021290
252021200,252021300
252021200,252021340
252021200,25202135002
25202121001,25202121002
25202121001,25202121004
25202121001,252021290
25202121002,25202121003
25202121002,25202121004
25202121002,252021290
25202121003,25202121004
25202121003,252021220
25202121003,25202123001
25202121003,252021290
252021220,25202123001
252021220,252021270
252021220,252021280
252021220,252021290
25202123001,25202123002
25202123001,252021270
25202123002,25202123003
25202123002,252021240
25202123002,252021270
252021240,252021250
252021240,252021260
252021240,252021270
252021240,252021360
252021250,252021360
252021250,252021370
252021260,252021270
252021260,252021280
252021260,252021360
252021270,252021280
252021280,252021290
252021280,252021300
252021280,25202135001
252021280,252021360
252021290,252021300
252021300,25202135001
252021300,25202135002
252021310,252021320
252021310,252021330
252021310,252132190
252021310,252132200
252021310,254250290
252021310,254250300
252021320,252021330
252021330,25202135001
252021330,252132200
252021330,252132310
252021340,25202135001
252021340,25202135002
25202135001,25202135002
25202135001,252021360
25202135001,252021370
25202135001,252021380
25202135001,252132310
25202135001,252132320
252021360,252021370
252021370,252021380
252021380,252021390
252021380,252132320
252021380,252132330
252021380,252132350
252021390,25202140001
252021390,25202140002
252021390,252132350
252021390,252132360
252021390,252132370
25202140001,25202140002
252030010,252030020
252030010,252030030
252030010,252030040
252030010,252030050
252030010,252030170
252030020,252030050
252030020,252030060
252030020,252030170
252030020,252030630
252030030,252030040
252030030,252030130
252030030,252030170
252030030,252030180
252030040,252030050
252030040,252030130
252030050,252030060
252030050,252030070
252030050,252030090
252030050,252030130
252030050,252030140
252030060,252030070
252030060,252030620
252030060,252030630
252030060,252030640
252030070,252030080
252030070,252030090
252030070,252030110
252030070,252030580
252030070,252030610
252030070,252030640
252030080,252030090
252030080,252030110
252030080,252030120
252030080,252030570
252030080,252030580
252030080,252033040
252030090,252030100
252030090,252030110
252030090,252030140
252030100,252030110
252030100,252030120
252030100,252030140
252030100,252030150
252030100,252030160
252030100,252033040
252030110,252030120
252030120,252033040
252030130,252030140
252030130,252030150
252030130,252030180
252030130,252030190
252030130,252030210
252030130,252033040
252030140,252030150
252030150,252030160
252030150,252033040
252030160,252033040
252030170,252030180
252030170,252030330
252030170,252030340
252030170,252030610
252030170,252030630
252030180,252030190
252030180,252030200
252030180,252030210
252030180,252030330
252030190,252030200
252030190,252030210
252030200,252030210
252030200,252030220
252030200,252030830
252030210,252030220
252030210,252030230
252030210,252030250
252030210,252030270
252030210,252030320
252030210,252030330
252030210,252030830
252030210,252030840
252030210,252033040
252030220,252030230
252030220,252030830
252030220,252030840
252030230,252030240
252030230,252030250
252030230,252030270
252030230,252030330
252030230,252030840
252030240,252030250
252030240,252030260
252030240,252030270
252030240,252030350
252030250,252030330
252030250,252030350
252030260,252030270
252030260,252030280
252030260,252030350
252030260,252030360
252030260,252030740
252030260,252030750
252030260,252030810
252030270,252030280
252030270,252030310
252030270,252030320
252030270,252030840
252030280,252030290
252030280,252030310
252030280,252030810
252030290,252030300
252030290,252030310
252030290,252030810
252030300,252030310
252030300,252030810
252030300,252033040
252030300,252140870
252030300,252140910
252030310,252030320
252030310,252033040
252030320,252033040
252030330,252030340
252030330,252030350
252030330,252030360
252030330,252030420
252030340,252030420
252030340,252030430
252030340,252030440
252030340,252030610
252030350,252030360
252030350,252030740
252030360,252030370
252030360,252030420
252030360,252030730
252030360,252030740
252030370,252030380
252030370,252030420
252030370,252030660
252030370,252030670
252030370,252030730
252030380,252030390
252030380,252030420
252030380,252030650
252030380,252030670
252030390,252030400
252030390,252030420
252030390,252030440
252030390,252030650
252030390,252030710
252030400,252030410
252030400,252030440
252030400,252030710
252030410,252030440
252030410,252030450
252030410,252030460
252030410,252030470
252030410,252030710
252030410,252030720
252030420,252030440
252030430,252030440
252030430,252030450
252030430,252030600
252030430,252030610
252030440,252030450
252030450,252030460
252030450,252030490
252030450,252030500
252030450,252030600
252030450,252030610
252030460,252030470
252030460,252030480
252030460,252030490
252030470,252030480
252030470,252030720
252030470,252030860
252030470,252030870
252030470,252031650
252030480,252030490
252030480,252030530
252030480,252030540
252030480,252031650
252030490,252030500
252030490,252030530
252030490,252030600
252030500,252030510
252030500,252030520
252030500,252030530
252030500,252030600
252030510,252030520
252030510,252030550
252030510,252030560
252030510,252030590
252030510,252030600
252030520,252030530
252030520,252030540
252030520,252030550
252030530,252030540
252030540,252030550
252030540,252031390
252030540,252031650
252030540,252031660
252030550,252030560
252030550,252030590
252030550,252031380
252030550,252031390
252030560,252030570
252030560,252030580
252030560,252030590
252030560,252031380
252030560,252033040
252030570,252030580
252030570,252030590
252030570,252033040
252030580,252030590
252030580,252030610
252030580,252030640
252030590,252030600
252030590,252030610
252030600,252030610
252030610,252030620
252030610,252030630
252030610,252030640
252030620,252030630
252030620,252030640
252030650,252030670
252030650,252030680
252030650,252030690
252030650,252030700
252030650,252030710
252030660,252030670
252030660,252030730
252030660,252030760
252030660,252140190
252030660,252140200
252030660,252140220
252030670,252030680
252030670,252140220
252030680,252030690
252030680,252140220
252030690,252030700
252030690,252140220
252030700,252030710
252030700,252030720
252030700,252030870
252030700,252031220
252030700,252031230
252030700,252031240
252030700,252031280
252030700,252140220
252030710,252030720
252030720,252030870
252030730,252030740
252030730,252030760
252030740,252030750
252030740,252030760
252030740,252030810
252030750,252030760
252030750,252030780
252030750,252030810
252030750,252140100
252030760,252140090
252030760,252140100
252030760,252140180
252030760,252140190
252030780,252030790
252030780,252030810
252030780,252140100
252030790,252030800
252030790,252030810
252030790,252030820
252030790,252140100
252030790,252140760
252030790,252140780
252030790,252140840
252030800,252140780
252030800,252140840
252030800,252140860
252030810,252030820
252030810,252140870
252030820,252140840
252030820,252140850
252030820,252140860
252030820,252140870
252030830,252030840
252030850,252030860
252030850,252030870
252030850,252030880
252030850,252030890
252030850,252030940
252030850,252030950
252030850,252031190
252030850,252031650
252030860,252030870
252030860,252031650
252030870,252031190
252030870,252031280
252030880,252030890
252030880,252031040
252030880,252031170
252030880,252031190
252030890,252030900
252030890,252030910
252030890,252030940
252030890,252030990
252030890,252031000
252030890,252031040
252030890,252031070
252030890,252031080
252030900,252030910
252030900,252030940
252030910,252030920
252030910,252030930
252030910,252030940
252030910,252031080
252030910,252031970
252030910,252031980
252030920,252031040
252030920,252031080
252030920,252031980
252030930,252031640
252030930,252031970
252030940,252031640
252030950,252031640
252030950,252031650
252030960,252030970
252030960,252030980
252030960,252031000
252030960,252031050
252030960,252031060
252030960,252031070
252030970,252030980
252030970,252031020
252030970,252031050
252030980,252031000
252030980,252031010
252030980,252031020
252030990,252031000
252030990,252031040
252031000,252031010
252031000,252031040
252031000,252031070
252031010,252031020
252031010,252031040
252031020,252031030
252031020,252031040
252031020,252031050
252031030,252031040
252031030,252031050
252031040,252031050
252031040,252031060
252031040,252031070
252031040,252031080
252031040,252031090
252031040,252031170
252031040,252031310
252031040,252031880
252031040,252031980
252031040,252032160
252031040,252032470
252031040,252032480
252031050,252031060
252031060,252031070
252031070,252031080
252031080,252031090
252031100,252031110
252031100,252031120
252031100,252031130
252031100,252031140
252031100,252031150
252031100,252031160
252031100,252031210
252031110,252031120
252031110,252031130
252031120,252031130
252031120,252031200
252031120,252031210
252031120,252031220
252031120,252031260
252031120,252031270
252031130,252031140
252031130,252031220
252031130,252031310
252031130,252031370
252031130,252140340
252031130,252140350
252031130,252140370
252031140,252031150
252031140,252031370
252031150,252031160
252031150,252031170
252031150,252031310
252031150,252031370
252031160,252031170
252031160,252031200
252031160,252031210
252031170,252031180
252031170,252031190
252031170,252031200
252031170,252031310
252031170,252031370
252031180,252031190
252031180,252031200
252031190,252031200
252031190,252031280
252031200,252031210
252031200,252031260
252031200,252031280
252031220,252031230
252031220,252031250
252031220,252031260
252031220,252031270
252031220,252140220
252031220,252140230
252031220,252140370
252031220,252140380
252031220,252140400
252031230,252031240
252031230,252031250
252031240,252031250
252031240,252031260
252031240,252031280
252031250,252031260
252031260,252031270
252031260,252031280
252031290,252031300
252031290,252031310
252031290,252031340
252031290,252031350
252031300,252031310
252031300,252031320
252031300,252031340
252031310,252031320
252031310,252031330
252031310,252031340
252031310,252031350
252031310,252031360
252031310,252031370
252031310,25203241001
252031310,25203241004
252031310,25203242003
252031310,252032470
252031310,252140310
252031310,252140320
252031310,252140330
252031310,252140340
252031320,252031330
252031320,252031340
252031330,252031340
252031350,252031360
252031360,252031370
252031380,252031390
252031380,252031480
252031380,252033040
252031390,252031420
252031390,252031480
252031390,252031660
252031390,252031680
252031390,252031720
252031400,252031410
252031400,252031500
252031400,252031600
252031400,252031700
252031400,252031720
252031400,252031860
252031410,252031420
252031410,252031500
252031410,252031510
252031410,252031550
252031410,252031560
252031410,252031720
252031420,252031430
252031420,252031450
252031420,252031480
252031420,252031560
252031420,252031720
252031430,252031440
252031430,252031450
252031430,252031480
252031440,252031450
252031440,252031460
252031440,252031480
252031450,252031460
252031450,252031560
252031450,252033040
252031460,252031470
252031460,252031480
252031460,252033040
252031470,252031480
252031470,252033040
252031480,252033040
252031490,252031500
252031490,252031860
252031500,252031510
252031500,252031520
252031500,252031860
252031510,252031520
252031510,252031530
252031510,252031540
252031510,252031550
252031520,252031530
252031520,252031540
252031520,252031820
252031520,252031850
252031520,252031860
252031530,252031540
252031530,252031580
252031530,252031590
252031530,252031820
252031530,252032060
252031540,252031550
252031540,252031570
252031540,252031580
252031550,252031560
252031550,252031570
252031560,252031570
252031560,252033040
252031570,252031580
252031570,252033040
252031580,252031590
252031580,252033040
252031590,252032030
252031590,252032060
252031590,252032090
252031590,252033040
252031600,252031610
252031600,252031690
252031600,252031700
252031600,252031710
252031600,252031720
252031600,252031860
252031600,252031870
252031610,252031620
252031610,252031630
252031610,252031710
252031610,252031740
252031610,252031860
252031610,252031870
252031620,252031630
252031620,252031640
252031620,252031740
252031630,252031640
252031630,252031840
252031630,252031870
252031630,252031950
252031630,252031960
252031630,252031970
252031640,252031650
252031640,252031730
252031640,252031740
252031640,252031970
252031650,252031660
252031650,252031730
252031650,252031740
252031660,252031670
252031660,252031680
252031660,252031730
252031670,252031680
252031670,252031720
252031670,252031730
252031680,252031720
252031680,252031730
252031690,252031720
252031710,252031720
252031710,252031740
252031720,252031730
252031720,252031740
252031730,252031740
252031750,252031760
252031750,252031790
252031750,252032030
252031750,252032240
252031760,252031770
252031760,252031790
252031760,252032230
252031760,252032240
252031770,252031780
252031770,252031790
252031770,252031800
252031770,252032230
252031780,252031800
252031780,252031900
252031780,252031910
252031780,252031940
252031780,252032220
252031780,252032230
252031790,252031800
252031790,252032030
252031800,252031810
252031800,252031940
252031800,252031950
252031800,252032030
252031800,252032040
252031800,252032050
252031810,252031820
252031810,252031830
252031810,252031840
252031810,252031950
252031810,252032050
252031820,252031830
252031820,252031850
252031820,252032050
252031820,252032060
252031830,252031840
252031830,252031850
252031830,252031860
252031840,252031860
252031840,252031870
252031840,252031950
252031850,252031860
252031860,252031870
252031880,252031890
252031880,252031910
252031880,252031930
252031880,252031980
252031880,252032150
252031880,252032160
252031880,252032200
252031890,252031900
252031890,252031910
252031890,252032200
252031900,252031910
252031900,252032200
252031900,252032220
252031910,252031920
252031910,252031930
252031910,252031940
252031920,252031930
252031920,252031940
252031920,252031950
252031930,252031950
252031930,252031960
252031930,252031980
252031940,252031950
252031950,252031960
252031960,252031970
252031960,252031980
252031970,252031980
252031990,252032000
252031990,252032070
252031990,252033040
252032000,252032020
252032000,252032070
252032000,252033040
252032010,252032020
252032010,252032030
252032010,252032310
252032010,252032320
252032010,252032330
252032010,252033040
252032020,252032030
252032020,252032070
252032020,252033040
252032030,252032040
252032030,252032060
252032030,252032070
252032030,252032080
252032030,252032090
252032030,252032240
252032030,252032330
252032040,252032050
252032040,252032060
252032050,252032060
252032070,252032080
252032070,252033040
252032080,252032090
252032080,252032320
252032080,252032950
252032080,252033040
252032090,252033040
252032100,252032110
252032100,252032120
252032100,252032140
252032100,252032150
252032100,252032170
252032100,252032360
252032100,252032370
252032100,252032380
252032100,252032520
252032100,252032530
252032110,252032120
252032110,252032130
252032110,252032140
252032120,252032130
252032120,252032470
252032120,252032530
252032130,252032140
252032130,252032470
252032130,252032480
252032130,252032490
252032140,252032150
252032140,252032160
252032140,252032490
252032150,252032160
252032150,252032170
252032150,252032200
252032160,252032200
252032160,252032480
252032160,252032490
252032170,252032180
252032170,252032200
252032170,252032220
252032170,252032380
252032180,252032190
252032180,252032200
252032180,252032220
252032190,252032200
252032190,252032210
252032190,252032220
252032200,252032220
252032210,252032220
252032220,252032230
252032220,252032240
252032220,252032250
252032220,252032380
252032220,252032390
252032230,252032240
252032240,252032250
252032240,252032260
252032240,252032330
252032250,252032260
252032250,252032280
252032250,252032290
252032250,252032390
252032250,252032400
252032260,252032270
252032260,252032280
252032260,252032330
252032270,252032280
252032270,252032300
252032270,252032310
252032270,252032330
252032280,252032290
252032280,252032300
252032290,252032300
252032290,252032400
252032300,252032310
252032300,252032320
252032300,252032400
252032300,252032570
252032300,252032610
252032300,252033040
252032310,252032320
252032310,252032330
252032320,252032950
252032320,252032960
252032320,252032980
252032320,252033040
252032340,252032350
252032340,252032360
252032340,252032370
252032340,252032400
252032350,252032360
252032350,252032400
252032350,252032580
252032350,252032600
252032350,252032610
252032360,252032370
252032360,252032520
252032360,252032540
252032360,252032580
252032370,252032380
252032370,252032400
252032380,252032390
252032380,252032400
252032390,252032400
252032400,252032610
25203241001,25203241002
25203241001,25203241003
25203241001,25203241004
25203241001,25203242001
25203241001,252032840
25203241002,25203241003
25203241002,25203242001
25203241003,25203241004
25203241003,25203242001
25203241004,25203242001
25203241004,25203242003
25203242001,25203242002
25203242001,25203242003
25203242001,252032430
25203242001,252032680
25203242001,252032700
25203242001,252032840
25203242002,25203242003
25203242002,252032430
25203242003,252032430
25203242003,252032440
252032430,252032440
252032430,252032670
252032430,252032680
252032440,252032450
252032440,252032460
252032440,252032470
252032440,252032670
252032450,252032460
252032450,252032510
252032450,252032620
252032450,252032640
252032450,252032670
252032460,252032470
252032460,25203250013
252032460,25203250035
252032460,25203250036
252032460,252032510
252032460,252032530
252032470,252032480
252032470,252032530
252032480,252032490
25203250011,25203250012
25203250011,25203250017
25203250011,252032510
25203250012,25203250013
25203250012,25203250014
25203250012,25203250016
25203250012,25203250017
25203250012,252032510
25203250013,25203250014
25203250013,25203250019
25203250013,25203250035
25203250013,252032510
25203250014,25203250015
25203250014,25203250016
25203250014,25203250019
25203250015,25203250016
25203250015,25203250018
25203250015,25203250019
25203250015,25203250020
25203250016,25203250017
25203250016,25203250018
25203250017,25203250018
25203250017,25203250022
25203250017,252032510
25203250017,252032540
25203250017,252032550
25203250017,252032580
25203250018,25203250020
25203250018,25203250021
25203250018,25203250022
25203250019,25203250020
25203250019,25203250035
25203250020,25203250021
25203250020,25203250023
25203250020,25203250035
25203250020,25203250036
25203250021,25203250022
25203250021,25203250023
25203250022,25203250023
25203250022,252032540
25203250023,25203250036
25203250023,252032530
25203250023,252032540
25203250035,25203250036
25203250036,252032530
252032510,252032550
252032510,252032620
252032510,252032660
252032520,252032530
252032520,252032540
252032530,252032540
252032540,252032580
252032550,252032560
252032550,252032570
252032550,252032580
252032550,252032590
252032550,252032660
252032560,252032570
252032560,252032660
252032560,252032850
252032560,252033040
252032570,252032580
252032570,252032600
252032570,252032610
252032570,252033040
252032580,252032590
252032580,252032600
252032600,252032610
252032620,252032630
252032620,252032640
252032620,252032660
252032630,252032640
252032630,252032650
252032630,252032660
252032640,252032650
252032640,252032670
252032640,252032680
252032640,252032740
252032640,252032760
252032650,252032660
252032650,252032740
252032660,252032740
252032660,252032850
252032660,252032860
252032670,252032680
252032680,252032690
252032680,252032700
252032680,252032760
252032680,252032770
252032680,252032810
252032690,252032700
252032690,252032770
252032690,252032800
252032690,252032810
252032700,252032810
252032700,252032840
252032740,252032750
252032740,252032760
252032740,252032790
252032740,252032860
252032740,252032870
252032740,252032890
252032750,252032760
252032750,252032770
252032750,252032780
252032750,252032790
252032760,252032770
252032770,252032780
252032770,252032800
252032780,252032790
252032780,252032800
252032790,252032800
252032790,252032890
252032790,252032900
252032800,252032810
252032810,252032820
252032810,252032840
252032820,252032830
252032820,252032840
252032830,252032840
252032850,252032860
252032850,252032880
252032850,252032930
252032850,252033040
252032860,252032870
252032860,252032880
252032870,252032880
252032870,252032890
252032880,252032890
252032880,252032920
252032880,252032930
252032890,252032900
252032890,252032910
252032890,252032920
252032890,252033000
252032900,252032910
252032910,252033000
252032920,252032930
252032920,252033000
252032920,252033010
252032930,252032960
252032930,252032970
252032930,252033010
252032930,252033020
252032930,252033040
252032940,252032950
252032940,252032990
252032940,252033020
252032940,252033030
252032940,252033040
252032940,25212001001
252032940,252120030
252032940,252121260
252032950,252032980
252032950,252032990
252032950,252033040
252032960,252032970
252032960,252032980
252032960,252033040
252032970,252032980
252032970,252032990
252032970,252033020
252032980,252032990
252032990,252033020
252033000,252033010
252033000,252120040
252033010,252033020
252033010,252120040
252033020,252033030
252033020,252120040
252033030,252120030
252033030,252120040
252033040,25212001001
252033040,252121260
252033040,252140870
252033040,252140910
252040010,252040020
252040010,252040690
252040010,252040710
252040010,252040720
252040020,252040030
252040020,252040710
252040020,252040720
252040030,252040040
252040030,252040710
252040030,252040720
252040040,252040050
252040040,252040060
252040040,252040710
252040040,252040720
252040050,252040060
252040050,252040180
252040050,252040190
252040050,252040710
252040060,252040070
252040060,252040190
252040060,252040200
252040060,252040720
252040070,252040080
252040070,252040160
252040070,252040200
252040070,252040720
252040080,252040090
252040080,252040130
252040080,252040140
252040080,252040150
252040080,252040160
252040080,252040720
252040080,252040730
252040090,252040130
252040090,252040730
252040100,252040110
252040100,252040120
252040100,252040730
252040100,252040740
252040110,252040120
252040110,252040130
252040110,252040730
252040110,252040740
252040120,252040130
252040120,252040730
252040130,252040150
252040130,252040730
252040140,252040150
252040140,252040160
252040140,252040170
252040140,252040200
252040140,252040220
252040140,252040230
252040150,252040230
252040150,252040320
252040150,252040730
252040160,252040200
252040170,252040220
252040170,252040230
252040180,252040190
252040180,252040210
252040180,252040700
252040180,252040710
252040190,252040200
252040190,252040210
252040190,252040220
252040200,252040220
252040210,252040220
252040210,252040250
252040210,252040700
252040220,252040230
252040220,252040240
252040220,252040250
252040220,252040260
252040230,252040240
252040230,252040270
252040230,252040320
252040240,252040260
252040240,252040270
252040250,252040260
252040250,252040280
252040250,252040700
252040260,252040270
252040260,252040280
252040260,252040290
252040260,252040300
252040270,252040290
252040270,252040300
252040270,252040320
252040280,252040290
252040280,252040330
252040280,252040700
252040290,252040300
252040290,252040330
252040290,252040340
252040290,252040350
252040300,252040320
252040300,252040340
252040300,252040350
252040310,252040320
252040310,252040360
252040310,252040400
252040310,252040450
252040310,252040500
252040310,252040610
252040310,252040620
252040310,252040630
252040310,252040730
252040310,252040750
252040310,252040910
252040320,252040350
252040320,252040360
252040320,252040370
252040320,252040730
252040330,252040340
252040330,252040380
252040330,252040390
252040330,252040670
252040330,252040700
252040340,252040350
252040340,252040370
252040340,252040380
252040340,252040390
252040350,252040360
252040350,252040370
252040360,252040370
252040360,252040400
252040360,252040410
252040360,252040420
252040370,252040380
252040370,252040410
252040370,252040420
252040370,252040440
252040380,252040390
252040380,252040420
252040380,252040440
252040390,252040430
252040390,252040660
252040390,252040670
252040400,252040410
252040400,252040450
252040400,252040460
252040410,252040420
252040410,252040450
252040410,252040460
252040410,252040470
252040420,252040440
252040420,252040460
252040420,252040470
252040420,252040480
252040430,252040440
252040430,252040480
252040430,252040490
252040430,252040660
252040440,252040470
252040440,252040480
252040440,252040490
252040450,252040460
252040450,252040500
252040450,252040510
252040460,252040470
252040460,252040500
252040460,252040510
252040460,252040520
252040470,252040480
252040470,252040510
252040470,252040520
252040470,252040530
252040480,252040490
252040480,252040520
252040480,252040530
252040480,252040540
252040490,252040530
252040490,252040540
252040490,252040550
252040490,252040660
252040490,252040670
252040500,252040510
252040500,252040600
252040500,252040610
252040510,252040520
252040510,252040570
252040510,252040600
252040510,252040610
252040520,252040530
252040520,252040570
252040520,252040600
252040530,252040540
252040530,252040560
252040530,252040570
252040540,252040550
252040540,252040560
252040540,252040570
252040550,252040560
252040550,252040590
252040550,252040650
252040550,252040660
252040550,252040850
252040560,252040570
252040560,252040580
252040560,252040590
252040570,252040580
252040570,252040600
252040570,252040640
252040580,252040590
252040580,252040600
252040580,252040640
252040580,252040850
252040580,252040860
252040580,252040910
252040590,252040650
252040590,252040850
252040600,252040610
252040600,252040630
252040600,252040640
252040610,252040630
252040610,252040640
252040620,252040630
252040620,252040910
252040630,252040640
252040630,252040910
252040640,252040860
252040640,252040910
252040650,252040660
252040650,252040850
252040650,252040860
252040650,252041300
252040650,252041310
252040650,252041340
252040660,252040670
252040660,252040680
252040660,252041004
252040660,252041310
252040670,252040680
252040670,252040700
252040680,252040700
252040680,252041004
252040690,252040700
252040690,252040710
252040690,252040720
252040690,252040730
252040690,25204100303
252040690,252041004
252040690,252041050
252040700,252040710
252040700,25204100303
252040700,25204100304
252040700,252041004
252040720,252040730
252040730,252040740
252040730,252040750
252040730,252041050
252040750,252040760
252040750,252040910
252040750,252040920
252040750,252041050
252040750,252041060
252040760,252040770
252040760,252040780
252040760,252040790
252040760,252040830
252040760,252040920
252040760,252041060
252040760,252041690
252040760,252041720
252040770,252040780
252040770,252040820
252040770,252040830
252040770,252132360
252040770,252132390
252040780,252040790
252040780,252040820
252040790,252040800
252040790,252040820
252040790,252040840
252040790,252040920
252040800,252040810
252040800,252040820
252040800,252040840
252040810,252040820
252040810,252040840
252040820,252040840
252040820,252040890
252040820,252040920
252040820,252041500
252040820,252041510
252040820,252100110
252040820,252100520
252040820,252121260
252040820,252132360
252040820,252132400
252040830,252041690
252040830,252041720
252040830,252132390
252040840,252040920
252040850,252040860
252040860,252040870
252040860,252040900
252040860,252040910
252040860,252041340
252040870,252040880
252040870,252040890
252040870,252040900
252040870,252040930
252040870,252041220
252040870,252041280
252040870,252041340
252040880,252040930
252040880,252041170
252040880,252041220
252040880,252041470
252040880,252041520
252040890,252040900
252040890,252040920
252040890,252040930
252040890,252041500
252040890,252041520
252040900,252040910
252040900,252040920
252040910,252040920
252040930,252041520
252040940,252040960
252040940,252040970
252040940,252040980
252040940,252040990
252040940,252041004
252040940,252041013
252040940,252041070
252040940,252041380
252040940,252041400
252040940,252041460
252040940,252041550
252040940,252041560
252040940,252041570
252040950,252040960
252040950,252040970
252040950,252040980
252040950,252041013
252040950,252041070
252040950,252041080
252040950,252041090
252040960,252040970
252040960,252041013
252040960,252041570
252040970,252040980
252040970,252041090
252040980,252040990
252040980,252041080
252040980,252041090
252040990,252041070
252040990,252041080
25204100101,25204100102
25204100101,25204100301
25204100101,252041004
25204100101,252041011
25204100102,25204100203
25204100102,25204100301
25204100102,25204100302
25204100102,252041004
25204100102,252041011
25204100102,252041012
25204100201,25204100203
25204100201,252041004
25204100201,252041013
25204100203,25204100204
25204100203,252041004
25204100203,252041012
25204100203,252041013
25204100204,252041004
25204100204,252041320
25204100301,25204100302
25204100301,25204100303
25204100301,252041004
25204100301,252041050
25204100302,25204100303
25204100302,25204100304
25204100302,252041004
25204100303,25204100304
25204100303,252041004
25204100303,252041050
25204100304,252041004
252041004,252041011
252041004,252041012
252041004,252041013
252041004,252041020
252041004,252041050
252041004,252041310
252041004,252041320
252041004,252041380
252041011,252041012
252041011,252041013
252041012,252041013
252041013,252041020
252041013,252041070
252041013,252041570
252041020,252041030
252041020,252041050
252041020,252041570
252041030,252041040
252041030,252041050
252041030,252041570
252041030,252041580
252041040,252041050
252041040,252041580
252041040,252041640
252041040,252041650
252041040,252041660
252041050,252041060
252041050,252041640
252041060,252041620
252041060,252041640
252041060,252041690
252041070,252041080
252041080,252041090
252041100,252041110
252041100,252041120
252041100,252041150
252041100,252041330
252041100,252041390
252041100,253840110
252041100,253840120
252041110,252041120
252041110,252041270
252041110,252041290
252041110,252041330
252041120,252041130
252041120,252041140
252041120,252041150
252041120,252041170
252041120,252041180
252041120,252041190
252041120,252041200
252041120,252041260
252041120,252041270
252041120,252041370
252041130,252041140
252041130,252041180
252041150,252041160
252041150,252041170
252041150,252041180
252041150,252041350
252041150,252041360
252041150,252041370
252041150,252100470
252041150,252100490
252041150,253840120
252041150,253840130
252041160,252041170
252041160,252041360
252041160,252100470
252041160,252100490
252041160,252100500
252041170,252041180
252041170,252041190
252041170,252041200
252041170,252041210
252041170,252041220
252041170,252041230
252041170,252041240
252041170,252041250
252041170,252041260
252041170,252041470
252041170,252100500
252041180,252041190
252041190,252041200
252041200,252041210
252041220,252041230
252041220,252041240
252041220,252041250
252041220,252041260
252041220,252041280
252041230,252041240
252041240,252041250
252041260,252041270
252041260,252041280
252041270,252041280
252041270,252041290
252041270,252041300
252041270,252041320
252041270,252041340
252041280,252041340
252041290,252041320
252041290,252041330
252041300,252041310
252041300,252041320
252041300,252041340
252041310,252041320
252041320,252041330
252041320,252041380
252041330,252041380
252041330,252041390
252041350,252041360
252041360,252041370
252041380,252041390
252041380,252041400
252041380,252041410
252041380,252041420
252041380,252041440
252041380,252041460
252041380,252130010
252041380,252130040
252041390,252041410
252041390,253840110
252041400,252041460
252041410,252041440
252041410,253840090
252041410,253840110
252041420,252041430
252041420,252041440
252041420,252130040
252041420,253840090
252041430,252041450
252041430,252130040
252041430,252130050
252041430,253840090
252041430,253840180
252041430,253840190
252041440,253840090
252041450,252130050
252041450,252130060
252041450,253840170
252041450,253840180
252041460,252041550
252041460,252130010
252041470,252041480
252041470,252041490
252041470,252041520
252041470,252041530
252041470,252100500
252041480,252041530
252041480,252100500
252041490,252041500
252041490,252041520
252041490,252100070
252041490,252100500
252041500,252041510
252041500,252041520
252041500,252100070
252041500,252100110
252041510,252100110
252041510,252100520
252041540,252041550
252041540,252041590
252041540,252041600
252041540,252041610
252041540,252130020
252041550,252041560
252041550,252041590
252041550,252130010
252041550,252130020
252041560,252041570
252041560,252041590
252041570,252041580
252041570,252041590
252041580,252041590
252041580,252041600
252041580,252041660
252041590,252041600
252041600,252041610
252041600,252041630
252041600,252041660
252041600,252041740
252041600,252041760
252041610,252041760
252041610,252130020
252041610,252130100
252041620,252041640
252041620,252041650
252041620,252041660
252041620,252041670
252041620,252041680
252041620,252041690
252041630,252041660
252041630,252041670
252041630,252041680
252041630,252041700
252041630,252041730
252041630,252041740
252041630,252041750
252041640,252041650
252041650,252041660
252041660,252041670
252041670,252041680
252041680,252041690
252041680,252041700
252041680,252041710
252041680,252041750
252041690,252041700
252041690,252041710
252041690,252041720
252041690,252132260
252041690,252132380
252041700,252041710
252041700,252041750
252041700,252131210
252041700,252132250
252041700,252132260
252041720,252132380
252041720,252132390
252041730,252041740
252041730,252041750
252041730,252041760
252041730,252130370
252041730,252130520
252041730,252131120
252041730,252131170
252041740,252041760
252041750,252131170
252041750,252131210
252041760,252130080
252041760,252130100
252041760,252130520
252060010,252060020
252060010,252060030
252060010,252080220
252060020,252060030
252060020,252060040
252060020,252080010
252060020,252080030
252060020,252080220
252060030,252060040
252060030,25206005208
252060030,25206005209
252060030,25206010002
252060030,25206010003
252060030,25206010004
252060030,25206010006
252060030,25206010007
252060030,25206043201
252060040,25206005101
252060040,25206005102
252060040,25206005106
252060040,25206005107
252060040,25206005209
252060040,25206014003
252060040,252080020
252060040,252080030
252060040,25208009110
25206005101,25206005102
25206005101,25206005103
25206005101,25206014002
25206005101,25206014003
25206005102,25206005103
25206005102,25206005104
25206005102,25206005105
25206005102,25206005106
25206005103,25206005104
25206005103,25206014002
25206005103,25206014004
25206005103,25206027001
25206005104,25206005105
25206005104,25206005108
25206005104,25206027001
25206005104,25206027003
25206005105,25206005106
25206005105,25206005107
25206005105,25206005108
25206005106,25206005107
25206005107,25206005108
25206005107,25206005201
25206005107,25206005204
25206005107,25206005205
25206005107,25206005209
25206005108,25206005201
25206005108,25206027003
25206005201,25206005202
25206005201,25206005203
25206005201,25206005204
25206005201,25206027003
25206005202,25206005203
25206005202,25206005204
25206005202,25206027003
25206005202,25206027004
25206005202,25206043203
25206005202,25206043204
25206005203,25206005204
25206005203,25206005205
25206005203,25206005206
25206005203,25206043101
25206005203,25206043203
25206005203,25206043204
25206005204,25206005205
25206005205,25206005206
25206005205,25206005207
25206005205,25206005208
25206005205,25206005209
25206005206,25206005207
25206005206,25206043101
25206005207,25206005208
25206005207,25206005209
25206005207,25206043101
25206005207,25206043102
25206005207,25206043201
25206005208,25206005209
25206005208,25206010001
25206005208,25206010006
25206005208,25206043201
25206005209,25206010001
25206005209,25206010002
25206010001,25206010002
25206010001,25206010003
25206010001,25206010005
25206010001,25206010006
25206010002,25206010003
25206010002,25206010005
25206010003,25206010004
25206010003,25206010005
25206010004,25206010005
25206010004,25206010008
25206010005,25206010006
25206010005,25206010008
25206010006,25206010007
25206010006,25206010008
25206010007,25206010008
25206014001,25206014002
25206014001,25206014003
25206014001,25206018001
25206014001,25206018002
25206014001,25206034003
25206014001,25208009110
25206014002,25206014003
25206014002,25206014004
25206014002,25206018002
25206014002,25206018003
25206014002,25206018004
25206014003,25206034003
25206014003,252080020
25206014003,25208009110
25206014004,25206018003
25206014004,25206018004
25206014004,25206025001
25206014004,25206027001
25206018001,25206018002
25206018001,25206022001
25206018001,25206034001
25206018001,25206034002
25206018001,25206034003
25206018001,252060370
25206018002,25206018003
25206018002,25206022001
25206018002,25206022002
25206018003,25206018004
25206018003,25206022001
25206018003,25206022002
25206018003,25206024000
25206018004,25206022002
25206018004,25206024000
25206018004,25206025001
25206018004,25206027001
25206018004,25206031002
25206022001,25206022002
25206022001,25206024000
25206022001,25206034001
25206022001,252060370
25206022001,252060510
25206022002,25206024000
25206024000,25206024001
25206024000,25206031001
25206024000,25206031002
25206024000,252060510
25206024001,25206031001
25206024001,252060510
25206025001,25206025002
25206025001,25206027001
25206025001,25206027002
25206025001,25206031002
25206025001,25206031003
25206025002,25206027001
25206025002,25206027002
25206025002,25206031002
25206025002,25206031003
25206025002,25206043500
25206025002,25206043601
25206025002,25206043606
25206027001,25206027002
25206027001,25206027003
25206027002,25206027003
25206027002,25206027004
25206027002,25206043606
25206027003,25206027004
25206027004,25206043204
25206027004,25206043606
25206031001,25206031002
25206031001,252060500
25206031001,252060510
25206031001,252060520
25206031002,25206031003
25206031002,25206043500
25206031002,252060520
25206031003,25206043500
25206034001,25206034002
25206034001,252060370
25206034001,25206038001
25206034001,252060420
25206034002,25206034003
25206034002,25206038001
25206034002,252060420
25206034002,25208009107
25206034003,25208009107
25206034003,25208009108
25206034003,25208009110
252060370,25206038001
252060370,25206040001
252060370,252060510
252060370,25206058001
252060370,25206058002
252060370,25206058003
25206038001,25206038002
25206038001,25206040001
25206038001,252060420
25206038002,25206040001
25206038002,25206040002
25206038002,252060420
25206038002,25208010002
25206038002,25208010003
25206040001,25206040002
25206040001,25206058001
25206040001,25206058008
25206040001,25206060001
25206040002,25206060001
25206040002,25206060005
25206040002,25206060006
25206040002,252080080
25206040002,25208010003
25206040002,252080300
25206040002,25208031002
252060420,25208009105
252060420,25208009106
252060420,25208009107
252060420,25208010002
25206043101,25206043102
25206043101,25206043103
25206043101,25206043105
25206043101,25206043203
25206043102,25206043103
25206043102,25206043201
25206043103,25206043104
25206043103,25206043105
25206043103,25206043201
25206043103,25206043202
25206043103,25206043500
25206043104,25206043105
25206043104,25206043202
25206043105,25206043202
25206043105,25206043203
25206043201,25206043202
25206043201,25206043500
25206043201,25206044208
25206043202,25206043203
25206043202,25206043205
25206043202,25206043206
25206043202,25206043207
25206043202,25206043500
25206043202,25206044201
25206043202,25206044204
25206043202,25206044205
25206043202,25206044208
25206043203,25206043204
25206043203,25206043205
25206043203,25206043206
25206043204,25206043205
25206043204,25206043606
25206043204,25206043608
25206043205,25206043206
25206043205,25206043608
25206043205,25206043609
25206043206,25206043207
25206043206,25206043608
25206043206,25206043609
25206043207,25206043609
25206043207,25206044201
25206043207,25206044204
25206043500,25206043501
25206043500,25206043502
25206043500,25206043601
25206043500,25206043701
25206043500,25206043702
25206043500,25206043703
25206043500,25206043705
25206043500,25206044205
25206043500,25206044208
25206043500,252060470
25206043500,252060520
25206043501,25206043602
25206043501,25206043603
25206043501,25206043701
25206043501,25206043703
25206043501,25206043704
25206043501,25206043705
25206043501,252060443
25206043501,252060460
25206043501,252060470
25206043502,25206043601
25206043502,25206043701
25206043601,25206043602
25206043601,25206043605
25206043601,25206043606
25206043601,25206043701
25206043602,25206043603
25206043602,25206043604
25206043602,25206043605
25206043602,25206043701
25206043603,25206043604
25206043603,25206043605
25206043603,25206044101
25206043603,252060443
25206043604,25206043605
25206043604,25206043607
25206043604,25206043609
25206043604,25206044101
25206043605,25206043606
25206043605,25206043607
25206043605,25206043609
25206043606,25206043607
25206043606,25206043608
25206043607,25206043608
25206043607,25206043609
25206043608,25206043609
25206043609,25206044101
25206043609,25206044201
25206043701,25206043702
25206043701,25206043704
25206043702,25206043703
25206043702,25206043704
25206043703,25206043704
25206043703,25206043705
25206043704,25206043705
25206044101,25206044102
25206044101,25206044103
25206044101,25206044104
25206044101,25206044201
25206044101,252060443
25206044102,25206044103
25206044102,252060443
25206044103,25206044104
25206044104,25206044201
25206044104,25206044202
25206044201,25206044202
25206044201,25206044204
25206044202,25206044203
25206044202,25206044204
25206044203,25206044204
25206044203,25206044205
25206044203,25206044206
25206044204,25206044205
25206044204,25206044206
25206044205,25206044206
25206044205,25206044207
25206044205,25206044208
25206044206,25206044207
25206044207,25206044208
252060443,252060450
252060443,252060460
252060450,252060460
252060450,252060850
252060460,252060470
252060460,252060500
252060460,252060520
252060460,252060850
252060470,252060520
252060480,252060490
252060480,252060500
252060480,252060510
252060480,252060740
252060480,252060850
252060490,252060500
252060490,252060850
252060500,252060510
252060500,252060520
252060500,252060850
252060510,25206054003
252060510,25206054004
252060510,25206054005
252060510,25206058003
252060510,25206058004
252060510,252060740
252060530,25206054001
252060530,25206054004
252060530,252060660
252060530,252060730
252060530,252060740
25206054001,25206054002
25206054001,25206054004
25206054001,25206058005
25206054001,252060660
25206054001,25206070002
25206054002,25206054003
25206054002,25206054004
25206054002,25206058004
25206054002,25206058005
25206054003,25206054004
25206054003,25206058004
25206054004,25206054005
25206054004,252060740
25206054005,252060740
25206058001,25206058002
25206058001,25206058006
25206058001,25206058007
25206058001,25206058008
25206058002,25206058003
25206058002,25206058004
25206058002,25206058005
25206058002,25206058006
25206058003,25206058004
25206058004,25206058005
25206058004,25206058006
25206058005,25206058006
25206058005,25206058007
25206058005,25206058008
25206058005,25206070002
25206058006,25206058007
25206058007,25206058008
25206058007,25206070002
25206058008,25206060001
25206058008,25206060002
25206058008,25206070001
25206058008,25206070002
252060590,25206060003
252060590,25206060004
252060590,25206060006
252060590,252060660
252060590,252060710
252060590,25208031003
25206060001,25206060002
25206060001,25206060004
25206060001,25206060005
25206060002,25206060003
25206060002,25206060004
25206060002,25206070001
25206060003,25206060004
25206060003,25206060006
25206060003,252060660
25206060003,25206070001
25206060004,25206060005
25206060004,25206060006
25206060005,25206060006
25206060006,25208031002
25206060006,25208031003
252060660,25206070001
252060660,25206070002
252060660,25206070003
252060660,25206070004
252060660,252060710
252060660,252060730
25206070001,25206070002
25206070001,25206070003
25206070002,25206070003
25206070002,25206070004
25206070003,25206070004
25206070004,252060730
252060710,252060720
252060710,252060730
252060710,252060800
252060710,25208031003
252060710,25208031004
252060710,25208032003
252060710,25208032004
252060710,252080340
252060720,252060730
252060720,252060800
252060720,252060810
252060720,252060820
252060720,252080340
252060730,252060740
252060730,252060820
252060740,252060820
252060740,252060830
252060740,252060850
252060750,252060760
252060750,252060770
252060750,252060780
252060750,252060800
252060750,252060810
252060750,252060840
252060760,252060770
252060760,252060840
252060760,252060850
252060770,252060780
252060770,252060850
252060770,252070220
252060770,252070230
252060770,252070450
252060780,252060790
252060780,252060800
252060780,252070210
252060780,252070220
252060790,252060800
252060790,252070170
252060790,252070210
252060790,252080340
252060800,252060810
252060800,252080340
252060810,252060820
252060810,252060840
252060820,252060830
252060820,252060840
252060830,252060840
252060830,252060850
252060840,252060850
252060850,252070230
252060850,252070450
25207001101,25207001102
25207001101,25207001103
25207001101,25207001104
25207001101,25207002101
25207001101,25207002102
25207001101,25207002103
25207001101,25207009101
25207001102,25207001103
25207001102,25207001104
25207001102,252070012
25207001102,25207009101
25207001102,25207009102
25207001102,252070100
25207001103,25207001104
25207001103,25207002102
25207001103,25207002103
25207001103,252070180
25207001104,252070012
25207001104,252070100
25207001104,252070150
25207001104,252070180
252070012,252070100
25207002101,25207002102
25207002101,25207004201
25207002101,25207004202
25207002101,252070080
25207002101,25207009101
25207002102,25207002103
25207002102,25207002104
25207002102,25207002106
25207002102,25207004201
25207002102,25207004202
25207002102,25207004203
25207002103,25207002104
25207002103,25207002105
25207002103,252070180
25207002104,25207002105
25207002104,25207002106
25207002105,25207002106
25207002105,252070022
25207002105,25207003101
25207002105,25207003103
25207002105,252070032
25207002105,252070180
25207002106,25207003101
25207002106,25207004202
25207002106,25207004203
25207002106,252100240
252070022,252070032
252070022,252070180
25207003101,25207003102
25207003101,25207003103
25207003101,25207004203
25207003101,25207030001
25207003101,252100240
25207003102,25207003103
25207003102,252070270
25207003102,25207030001
25207003103,252070032
25207003103,252070270
252070032,252070180
252070032,25207019001
252070032,252070270
25207004108,25207004109
25207004108,25207004205
25207004108,25207004206
25207004108,25207004207
25207004109,25207004205
25207004109,25207004207
25207004109,252070050
25207004109,252070060
25207004201,25207004202
25207004201,25207004203
25207004201,25207004205
25207004201,25207004206
25207004201,25207007003
25207004201,252070080
25207004202,25207004203
25207004203,25207004204
25207004203,252100240
25207004204,25207004205
25207004204,252100240
25207004205,25207004206
25207004205,252070060
25207004205,252100240
25207004206,25207004207
25207004206,25207007001
25207004206,25207007003
25207004206,252070080
25207004207,252070050
25207004207,25207007001
252070050,252070060
252070050,25207007001
252070050,252080170
252070060,252080170
252070060,252100240
252070060,252100330
25207007001,25207007002
25207007001,25207007003
25207007001,252070080
25207007001,25207009106
25207007001,252070092
25207007001,252070110
25207007001,252080170
25207007002,25207009106
25207007003,252070080
252070080,25207009101
252070080,25207009106
25207009101,25207009102
25207009101,25207009105
25207009101,25207009106
25207009102,25207009103
25207009102,25207009104
25207009102,25207009105
25207009102,25207009106
25207009102,252070100
25207009103,25207009104
25207009103,25207009105
25207009103,252070100
25207009103,25207013001
25207009103,25207014001
25207009104,25207009105
25207009104,252070110
25207009104,252070120
25207009104,25207013001
25207009105,25207009106
25207009105,252070092
25207009105,252070110
25207009106,252070092
252070092,252070110
252070100,25207013001
252070100,25207014001
252070100,252070150
252070110,252070120
252070110,252080170
252070120,25207013001
252070120,252080170
252070120,252080260
252070120,252080270
25207013001,25207013002
25207013001,25207014001
25207013001,25207014002
25207013001,252080270
25207013001,25208028101
25207013001,25208028107
25207013001,25208028109
25207013002,25207014002
25207013002,25208028109
25207014001,25207014002
25207014001,252070150
25207014001,25208028109
25207014001,25208028110
25207014002,25208028109
252070150,252070160
252070150,252070180
252070150,25208028110
252070150,252080330
252070150,252080340
252070160,252070170
252070160,252070180
252070160,25207019001
252070160,252080340
252070170,25207019001
252070170,252070200
252070170,252070210
252070170,252080340
252070180,25207019001
25207019001,25207019002
25207019001,252070200
25207019001,252070270
25207019001,252070280
25207019002,252070270
25207019002,252070280
252070200,252070210
252070200,252070280
252070210,252070220
252070210,252070230
252070210,252070240
252070210,252070280
252070220,252070230
252070230,252070240
252070230,252070450
252070240,252070250
252070240,252070280
252070240,25207036002
252070240,252070450
252070250,252070260
252070250,252070270
252070250,252070280
252070250,25207036002
252070260,252070270
252070260,25207030002
252070260,25207032001
252070260,25207033002
252070260,25207036001
252070260,25207036002
252070270,252070280
252070270,25207030001
252070270,25207030002
25207029001,25207029002
25207029001,25207029003
25207029001,25207030001
25207029001,25207030003
25207029001,25207031001
25207029001,252070340
25207029001,25207035001
25207029001,25207035002
25207029001,25207035003
25207029002,25207029003
25207029002,25207030001
25207029002,25207030003
25207029002,25207035001
25207029002,252100240
25207029002,252100270
25207029003,25207030003
25207030001,25207030002
25207030001,25207030003
25207030001,25207030004
25207030001,25207030005
25207030001,25207031001
25207030001,25207031002
25207030001,25207032001
25207030001,25207032002
25207030001,252100240
25207030002,25207032001
25207030003,25207030004
25207030003,25207031001
25207030005,25207031002
25207030005,25207032001
25207030005,25207032002
25207031001,25207031002
25207031001,25207032001
25207031001,25207033002
25207031001,252070340
25207031002,25207032001
25207031002,25207032002
25207032001,25207032002
25207032001,25207033002
25207033001,25207033002
25207033001,252070340
25207033001,25207036001
25207033001,252070400
25207033001,252070420
25207033002,252070340
25207033002,25207036001
252070340,25207035002
252070340,25207035003
252070340,252070400
25207035001,25207035002
25207035001,252100270
25207035001,252100530
25207035002,25207035003
25207035002,252070400
25207035002,252100010
25207035002,252100320
25207035002,252100530
25207035003,252070400
25207036001,25207036002
25207036001,25207039001
25207036001,252070400
25207036001,252070420
25207036002,25207037001
25207036002,25207037002
25207036002,25207039001
25207036002,252070450
25207037001,25207037002
25207037001,25207037003
25207037001,25207037004
25207037001,25207039002
25207037001,25207039003
25207037001,25207039004
25207037001,25207039005
25207037001,252070450
25207037002,25207039001
25207037002,25207039004
25207037003,25207039002
25207038001,25207038002
25207038001,25207038003
25207038001,25207039001
25207038001,25207039002
25207038001,252070420
25207038001,252070430
25207038001,252070450
25207038002,25207038003
25207038002,25207039002
25207038002,25207039005
25207038002,252070450
25207038003,25207039002
25207038003,25207039005
25207039001,25207039002
25207039001,25207039004
25207039001,252070420
25207039002,25207039003
25207039002,25207039004
25207039002,25207039005
25207039003,25207039004
25207039003,25207039005
25207039005,252070450
252070400,252070410
252070400,252070420
252070400,252100010
252070400,252100040
252070410,252070420
252070410,252070430
252070410,252100040
252070410,25210016001
252070410,252100170
252070410,252100180
252070420,252070430
252070430,252070440
252070430,252070450
252070430,25210016001
252070440,252070450
252070440,25210016001
252070440,252100190
252070450,252100190
252070450,252100520
252080010,252080030
252080010,252080050
252080010,25208006009
252080010,252080202
252080010,252080210
252080010,252080220
252080020,252080030
252080020,25208009109
252080020,25208009110
252080030,252080040
252080030,252080050
252080030,25208009103
252080030,25208009109
252080030,25208009110
252080040,252080050
252080040,252080070
252080040,252080080
252080040,25208009102
252080040,25208009103
252080050,25208006005
252080050,25208006006
252080050,25208006007
252080050,25208006009
252080050,252080070
25208006001,25208006002
25208006001,25208006005
25208006001,25208006006
25208006001,25208006007
25208006001,25208006008
25208006001,25208015002
25208006002,25208006003
25208006002,25208006005
25208006002,25208006009
25208006002,252080140
25208006002,25208015002
25208006003,25208006004
25208006003,25208006005
25208006003,25208006009
25208006004,25208006005
25208006004,25208006009
25208006005,25208006006
25208006005,25208006009
25208006006,25208006007
25208006006,25208006008
25208006007,25208006008
25208006007,252080070
25208006008,252080070
25208006008,25208015002
25208006009,252080140
25208006009,25208015002
25208006009,252080210
252080070,252080080
252080070,25208015002
252080070,25208015005
252080070,25208015006
252080070,252080260
252080080,25208009101
252080080,25208009102
252080080,25208010001
252080080,25208010003
252080080,252080260
252080080,252080270
252080080,25208028103
252080080,252080290
252080080,252080300
25208009101,25208009102
25208009101,25208009103
25208009101,25208009104
25208009101,25208009105
25208009101,25208010001
25208009102,25208009103
25208009103,25208009104
25208009103,25208009107
25208009103,25208009109
25208009104,25208009105
25208009104,25208009107
25208009105,25208009106
25208009105,25208009107
25208009105,25208010001
25208009105,25208010002
25208009106,25208009107
25208009106,25208010002
25208009107,25208009108
25208009107,25208009109
25208009108,25208009109
25208009108,25208009110
25208009109,25208009110
25208010001,25208010002
25208010001,25208010003
25208010002,25208010003
252080110,252080120
252080110,252080130
252080110,252100350
252080110,25211030102
252080110,25211030203
252080110,25211030204
252080120,252080130
252080120,252080170
252080120,252080180
252080120,252080190
252080120,252100330
252080120,252100350
252080130,252080140
252080130,25208016005
252080130,25208016007
252080130,252080190
252080130,252080201
252080130,252080210
252080130,25211030101
252080130,25211030102
252080140,25208015001
252080140,25208015002
252080140,25208015008
252080140,25208016007
252080140,252080210
25208015001,25208015002
25208015001,25208015003
25208015001,25208015007
25208015001,25208015008
25208015002,25208015003
25208015002,25208015004
25208015002,25208015005
25208015003,25208015004
25208015003,25208015007
25208015004,25208015005
25208015004,25208015007
25208015005,25208015006
25208015005,25208015007
25208015006,25208015007
25208015006,25208016001
25208015006,25208016002
25208015006,252080260
25208015007,25208015008
25208015007,25208016001
25208015008,25208016001
25208015008,25208016007
25208016001,25208016002
25208016001,25208016004
25208016001,25208016006
25208016001,25208016007
25208016002,25208016003
25208016002,25208016004
25208016002,252080260
25208016003,25208016004
25208016003,252080170
25208016003,252080260
25208016004,25208016005
25208016004,25208016006
25208016004,252080170
25208016004,252080190
25208016005,25208016006
25208016005,25208016007
25208016005,252080190
25208016006,25208016007
252080170,252080180
252080170,252080190
252080170,252080260
252080170,252100330
252080180,252080190
252080201,252080202
252080201,252080210
252080201,252080220
252080201,252080230
252080201,252080240
252080201,25211030101
252080201,252110305
252080202,252080210
252080202,252080220
252080220,252080230
252080220,252080250
252080220,252091360
252080220,252110052
252080230,252080240
252080230,252080250
252080240,252080250
252080240,252110305
252080240,25211032100
252080240,25211041003
252080240,25211041004
252080250,252110052
252080250,25211031100
252080250,25211032100
252080260,252080270
252080270,25208028101
252080270,25208028102
252080270,25208028103
25208028101,25208028102
25208028101,25208028107
25208028102,25208028103
25208028102,25208028107
25208028103,25208028106
25208028103,25208028107
25208028103,252080290
25208028104,25208028105
25208028104,25208028106
25208028104,252080290
25208028104,252080300
25208028104,25208031001
25208028104,25208032001
25208028104,25208032002
25208028105,25208028106
25208028105,25208028107
25208028105,25208028108
25208028105,25208032001
25208028106,25208028107
25208028106,25208028108
25208028106,252080290
25208028107,25208028108
25208028107,25208028109
25208028108,25208028109
25208028108,25208032001
25208028108,252080330
25208028109,25208028110
25208028109,252080330
25208028110,252080330
252080290,252080300
252080300,25208031001
252080300,25208031002
25208031001,25208031002
25208031001,25208031003
25208031001,25208031004
25208031001,25208032002
25208031001,25208032003
25208031002,25208031003
25208031002,25208031004
25208031003,25208031004
25208031004,25208032003
25208032001,25208032002
25208032001,25208032006
25208032001,252080330
25208032002,25208032003
25208032002,25208032006
25208032003,25208032004
25208032003,25208032005
25208032003,25208032006
25208032004,25208032005
25208032004,252080330
25208032004,252080340
25208032005,25208032006
25208032005,252080330
25208032006,252080330
252080330,252080340
252090010,252090020
252090010,252090030
252090010,252110130
252090010,252110240
252090010,252110250
252090010,253840150
252090020,252090030
252090020,252090040
252090020,252090640
252090020,252131930
252090020,252131940
252090020,252131950
252090020,253840150
252090030,252090040
252090030,252090062
252090030,252090065
252090030,252110120
252090030,252110130
252090030,252110230
252090040,252090050
252090040,252090062
252090040,252090610
252090040,252090630
252090040,252090640
252090050,252090240
252090050,252090250
252090050,252090600
252090050,252090610
252090050,252090630
252090050,252090640
252090050,252131930
252090050,25383052001
252090050,25383052004
252090062,25209006401
252090062,25209006402
252090062,252090100
252090062,252090610
25209006401,25209006402
25209006401,252090065
25209006401,252090100
25209006402,252090065
252090065,252090070
252090065,252090080
252090065,252090100
252090065,252110010
252090065,252110120
252090070,252090080
252090070,252090090
252090070,252090150
252090070,252110010
252090080,252090090
252090080,252090100
252090090,252090100
252090090,252090140
252090090,252090150
252090090,252090580
252090090,252090592
252090090,252090620
252090100,252090240
252090100,252090580
252090100,252090610
252090110,25209012200
252090110,252090130
252090110,252090140
252090110,252090200
252090110,252090210
252090110,252090592
252090110,252090650
252090110,25209109001
252090110,25209112002
252090110,252091130
252090110,25209128002
252090110,25209130002
252090110,25209130003
252090110,252091530
25209012101,25209012102
25209012101,25209012200
25209012101,25209012203
25209012101,25209012204
25209012101,252090140
25209012102,25209012200
25209012200,25209012203
25209012200,25209012204
25209012200,252090130
25209012200,252090140
25209012200,252090150
25209012200,252090170
25209012200,252090180
25209012200,252091530
25209012203,25209012204
25209012203,252090140
25209012203,252090150
252090140,252090150
252090140,252090592
252090150,252090160
252090150,252090170
252090150,252110010
252090160,252090170
252090160,252090180
252090160,252110010
252090170,252090180
252090180,252090200
252090180,252090220
252090180,252091210
252090180,252091360
252090180,252091370
252090180,252091530
252090180,252110010
252090200,252090210
252090200,252090220
252090200,252091530
252090210,252090220
252090210,25209112002
252090210,252091130
252090210,252091210
252090210,252091220
252090220,252091210
252090230,252090240
252090230,252090250
252090230,252090470
252090230,252090560
252090230,252090592
252090230,252090600
252090240,252090560
252090240,252090570
252090240,252090580
252090240,252090600
252090240,252090610
252090250,252090260
252090250,252090270
252090250,252090470
252090250,252090592
252090250,252090600
252090250,25383038002
252090250,25383052001
252090250,25383052004
252090260,252090270
252090260,252090280
252090260,25383038001
252090260,25383038002
252090270,252090280
252090270,252090290
252090270,252090310
252090270,252090320
252090270,252090592
252090280,252090290
252090280,252090300
252090280,252090850
252090280,25383038001
252090290,252090300
252090290,252090592
252090290,252091030
252090290,252091040
252090290,252091050
252090290,252091110
252090300,252090840
252090300,252090850
252090300,252091030
252090300,252091060
252090310,252090320
252090310,252090592
252090320,252090330
252090320,252090380
252090320,252090592
252090330,25209034001
252090330,252090370
252090330,252090380
252090330,252090592
25209034001,25209034002
25209034001,252090370
25209034001,252090400
25209034001,25209043001
25209034001,252090592
25209034002,25209034003
25209034002,252090370
25209034002,252090400
25209034002,252090410
25209034002,25209043001
25209034002,252090592
25209034003,252090400
25209034003,252090410
25209034003,25209043001
25209034003,25209043002
25209034003,252090490
25209034003,252090500
25209034003,252090592
252090370,252090380
252090370,252090390
252090370,252090400
252090380,252090390
252090380,252090400
252090380,252090592
252090390,252090400
252090390,252090410
252090390,252090420
252090390,252090592
252090400,252090410
252090400,252090420
252090410,252090420
252090410,252090490
252090410,252090500
252090410,252090520
252090420,252090500
252090420,252090520
252090420,252090592
25209043001,25209043002
25209043001,252090450
25209043001,252090460
25209043001,252090490
25209043001,252090592
25209043002,252090450
25209043002,252090470
25209043002,252090490
25209043002,252090592
252090450,252090460
252090450,252090592
252090460,252090592
252090470,252090480
252090470,252090490
252090470,252090560
252090470,252090592
252090480,252090490
252090480,252090510
252090480,252090530
252090480,252090560
252090490,252090500
252090490,252090510
252090500,252090510
252090500,252090520
252090510,252090520
252090510,252090530
252090510,252090540
252090520,252090530
252090520,252090540
252090520,252090591
252090520,252090592
252090530,252090540
252090530,252090550
252090530,252090560
252090530,252090570
252090540,252090550
252090540,252090591
252090540,252090592
252090550,252090570
252090550,252090580
252090550,252090591
252090550,252090592
252090550,252090620
252090560,252090570
252090560,252090580
252090570,252090580
252090580,252090592
252090580,252090620
252090591,252090592
252090592,252090620
252090592,252090650
252090592,252091110
252090592,25209130002
252090610,252090630
252090640,252131930
252090660,252090670
252090660,252090680
252090660,252090770
252090660,252130920
252090660,253830290
252090660,253830320
252090660,253830330
252090670,252090680
252090670,252090690
252090670,252090750
252090670,252090770
252090670,252090780
252090680,252090690
252090680,252090730
252090690,252090700
252090690,252090710
252090690,252090720
252090690,252090730
252090690,252090750
252090700,252090710
252090700,252090740
252090700,252090750
252090710,252090720
252090710,252090740
252090710,252090870
252090720,252090730
252090740,252090750
252090740,252090790
252090740,252090800
252090740,252090820
252090740,252090870
252090740,252091060
252090750,252090760
252090750,252090780
252090750,252090790
252090760,252090770
252090760,252090780
252090760,252090790
252090770,252090780
252090770,252090790
252090770,253830280
252090770,253830310
252090770,253830320
252090770,25383034006
252090790,252090810
252090790,252090820
252090790,25383034006
252090800,252090870
252090800,252090880
252090800,252091060
252090810,252090820
252090810,252090830
252090810,25383034006
252090810,25383034007
252090820,252090830
252090820,252091060
252090830,252090840
252090830,252090850
252090830,252091060
252090830,25383034007
252090840,252090850
252090840,252091060
252090850,25383034007
252090850,253830350
252090850,253830360
252090850,25383038001
252090860,252090870
252090860,252090890
252090860,252090950
252090860,252090960
252090870,252090880
252090870,252090890
252090880,252090890
252090880,252090900
252090880,252091060
252090890,252090900
252090890,252090960
252090890,252090970
252090900,252090910
252090900,252090920
252090900,252090930
252090900,252090970
252090900,252091030
252090900,252091060
252090900,252091500
252090910,252090920
252090910,252091030
252090910,252091040
252090910,252091500
252090920,252090930
252090920,252090940
252090920,252091040
252090920,252091500
252090930,252090940
252090930,252090970
252090930,252090980
252090940,252090980
252090940,252091040
252090940,252091050
252090940,252091070
252090940,252091140
252090950,252090960
252090950,252091000
252090950,252091020
252090960,252090970
252090960,252090990
252090960,252091000
252090960,252091510
252090970,252090980
252090970,252090990
252090970,252091510
252090980,252090990
252090980,252091140
252090980,252091240
252090980,252091260
252090980,252091270
252090990,252091000
252090990,252091270
252091000,252091010
252091000,252091020
252091000,252091270
252091010,252091020
252091010,252091270
252091030,252091040
252091030,252091050
252091030,252091060
252091040,252091050
252091050,252091070
252091050,252091080
252091050,252091110
252091070,252091080
252091070,252091140
252091070,252091160
252091070,252091170
252091070,252091180
252091080,25209109001
252091080,25209109023
252091080,252091110
252091080,252091180
252091080,25209129010
25209109001,25209109023
25209109001,252091100
25209109001,25209112003
25209109001,252091180
25209109001,252091200
25209109001,25209128001
25209109001,25209128002
25209109001,25209128003
25209109001,25209128004
25209109001,25209129008
25209109001,25209129009
25209109001,25209129010
25209109001,25209130003
25209109001,25209130004
25209109001,25209130005
25209109023,252091110
25209109023,25209129010
252091100,25209112003
252091100,252091190
252091100,252091200
252091110,25209129001
252091110,25209129004
252091110,25209129007
252091110,25209129010
252091110,25209130001
252091110,25209130002
252091110,252091520
25209112002,25209112003
25209112002,252091130
25209112002,252091220
25209112002,25209128001
25209112002,25209128002
25209112003,252091190
25209112003,252091220
25209112003,25209128001
252091140,252091170
252091140,252091230
252091140,252091240
252091150,252091160
252091150,252091190
252091150,252091200
252091150,252091230
252091160,252091170
252091160,252091180
252091160,252091200
252091160,252091230
252091170,252091230
252091180,252091200
252091190,252091200
252091190,252091210
252091190,252091220
252091190,252091390
252091210,252091220
252091210,252091370
252091210,252091390
252091230,252091240
252091240,252091250
252091240,252091260
252091250,252091260
252091260,252091270
25209128001,25209128002
25209128002,25209128003
25209128003,25209128004
25209129001,25209129002
25209129001,25209129004
25209129001,25209129005
25209129001,25209130001
25209129002,25209129003
25209129002,25209129004
25209129002,25209129005
25209129002,25209129006
25209129002,25209130001
25209129002,25209130003
25209129003,25209129005
25209129003,25209129006
25209129003,25209130003
25209129003,25209130004
25209129004,25209129005
25209129004,25209129007
25209129005,25209129006
25209129005,25209129007
25209129005,25209129008
25209129006,25209129008
25209129006,25209130004
25209129007,25209129008
25209129007,25209129010
25209129008,25209129009
25209129008,25209129010
25209129008,25209130004
25209129009,25209130004
25209129009,25209130005
25209129010,252091520
25209130001,25209130002
25209130001,25209130003
25209130002,25209130003
25209130003,25209130004
25209130004,25209130005
252091310,252091320
252091310,252091330
252091310,252091340
252091310,252091380
252091310,252091390
252091310,252091400
252091310,252091450
252091320,252091330
252091320,252091390
252091320,252091420
252091320,252091430
252091320,252091440
252091320,252091490
252091330,252091400
252091330,252091440
252091330,252091450
252091340,252091350
252091340,252091370
252091340,252091380
252091340,252091400
252091350,252091400
252091350,252091460
252091350,252091470
252091360,252091370
252091360,252110010
252091360,252110040
252091360,252110052
252091370,252091380
252091370,252091390
252091380,252091390
252091400,252091410
252091400,252091420
252091400,252091430
252091400,252091440
252091400,252091450
252091400,252091460
252091400,263650010
252091410,252091420
252091420,252091430
252091420,252091490
252091420,263650010
252091430,252091440
252091430,252091490
252091430,263650010
252091460,252091470
252091460,263650010
252091470,252091480
252091470,263650010
252091480,26344002012
252091480,263650010
252091490,263650010
252091490,26367003001
252091490,263670050
252091490,263670060
252100010,252100020
252100010,252100030
252100010,252100040
252100010,252100100
252100010,252100270
252100010,252100320
252100010,252100440
252100020,252100030
252100020,252100060
252100020,252100080
252100020,252100100
252100030,252100040
252100030,252100060
252100040,252100050
252100040,252100060
252100040,252100180
252100040,252100220
252100050,252100060
252100050,252100070
252100050,252100120
252100050,252100180
252100060,252100070
252100060,252100080
252100060,252100100
252100060,252100220
252100070,252100080
252100070,252100090
252100070,252100110
252100070,252100120
252100070,252100500
252100080,252100090
252100080,252100100
252100090,252100100
252100090,252100380
252100090,252100390
252100090,252100500
252100100,252100370
252100100,252100380
252100100,252100420
252100100,252100440
252100110,252100120
252100110,252100130
252100110,252100520
252100120,252100130
252100120,252100180
252100130,252100140
252100130,252100170
252100130,252100180
252100130,252100210
252100130,252100520
252100140,25210016001
252100140,252100170
252100140,252100210
25210016001,25210016002
25210016001,252100170
25210016001,252100190
25210016001,252100210
25210016002,252100190
25210016002,252100210
252100170,252100180
252100190,252100200
252100190,252100210
252100190,252100520
252100200,252100210
252100200,252100520
252100210,252100520
252100230,252100240
252100230,252100330
252100240,25210025001
252100240,25210025002
252100240,252100260
252100240,252100270
252100240,252100330
25210025001,25210025002
25210025001,252100260
25210025001,252100300
25210025002,252100260
25210025002,252100300
25210025002,252100330
252100260,252100270
252100260,252100300
252100260,252100330
252100260,252100340
252100270,252100271
252100270,252100280
252100270,252100300
252100270,252100310
252100270,252100320
252100270,252100440
252100270,252100530
252100280,252100300
252100280,252100310
252100290,252100300
252100290,252100310
252100290,252100430
252100300,252100310
252100300,252100330
252100300,252100340
252100300,252100360
252100300,252100410
252100300,252100430
252100310,252100430
252100310,252100440
252100320,252100530
252100330,252100340
252100330,252100350
252100330,252100360
252100330,25210051002
252100330,25210051004
252100330,25210051005
252100330,25210051006
252100350,252100360
252100350,25210051001
252100350,25210051002
252100350,25210051003
252100350,25210051004
252100350,25210051005
252100350,25210051006
252100350,252110159
252100350,25211030204
252100360,252100410
252100360,25210051001
252100360,252110159
252100370,252100380
252100370,252100390
252100370,252100400
252100370,252100420
252100370,252100430
252100380,252100390
252100390,252100400
252100390,252100500
252100400,252100410
252100400,252100430
252100400,252100450
252100400,252100460
252100400,252100490
252100400,252100500
252100410,252100430
252100410,252100450
252100410,252100460
252100410,252110159
252100420,252100430
252100420,252100440
252100430,252100440
252100450,252100460
252100450,252100470
252100450,252100480
252100450,252100490
252100450,252110159
252100450,253840030
252100450,253840130
252100470,252100490
252100470,253840130
252100480,252100490
252100490,252100500
25210051001,25210051002
25210051002,25210051003
25210051002,25210051004
25210051003,25210051004
25210051003,25210051005
25210051004,25210051005
25210051005,25210051006
252110010,252110020
252110010,252110030
252110010,252110040
252110010,252110120
252110010,252110130
252110020,252110030
252110020,252110130
252110030,252110040
252110030,252110130
252110040,252110052
252110040,25211007001
252110040,25211007005
252110040,252110130
25211005101,25211005102
25211005101,252110052
25211005101,25211007001
25211005101,25211007002
25211005102,25211005103
25211005102,252110052
25211005102,25211007001
25211005102,25211007002
25211005103,252110052
25211005103,252110062
25211005103,25211007002
25211005103,25211007003
252110052,252110062
252110052,25211007001
252110052,25211031100
25211006101,25211006102
25211006101,25211006104
25211006101,252110062
25211006101,25211031101
25211006102,25211006103
25211006102,25211006104
25211006102,252110062
25211006103,25211006104
25211006103,252110062
25211006103,25211033002
25211006103,25211038003
25211006103,25211038004
25211006103,25211038005
25211006104,25211031101
25211006104,25211033002
25211006104,25211039001
252110062,25211007002
252110062,25211007003
252110062,252110140
252110062,25211030303
252110062,25211030304
252110062,25211031100
252110062,25211031101
252110062,25211031102
252110062,25211031103
252110062,25211038003
252110062,25211038004
25211007001,25211007002
25211007001,25211007004
25211007001,25211007005
25211007002,25211007003
25211007002,25211007004
25211007002,25211007005
25211007003,25211007004
25211007003,252110140
25211007004,25211007005
25211007004,252110130
25211007004,252110140
25211007005,252110130
25211007005,252110140
252110120,252110130
252110130,252110140
252110130,252110160
252110130,252110170
252110130,252110220
252110130,252110230
252110130,252110240
252110130,252110250
252110130,252110261
252110130,252110280
252110130,25211029001
252110130,25211029002
252110130,25211029003
252110130,253840010
252110130,253840030
252110140,252110159
252110140,25211030302
252110140,25211030303
252110140,253840030
25211015301,25211015302
25211015301,252110159
25211015302,25211015701
25211015302,252110159
25211015401,25211015402
25211015401,25211015403
25211015401,25211015702
25211015401,25211015704
25211015401,252110159
25211015402,25211015403
25211015402,252110159
25211015403,25211015404
25211015403,25211015704
25211015403,25211015705
25211015403,252110159
25211015404,252110159
25211015601,25211015602
25211015601,25211015801
25211015601,252110159
25211015601,25211018004
25211015602,25211015603
25211015602,25211015604
25211015602,25211015801
25211015602,25211015803
25211015602,252110159
25211015603,25211015604
25211015603,25211015801
25211015603,25211015803
25211015603,252110159
25211015604,252110159
25211015701,25211015702
25211015701,252110159
25211015702,25211015703
25211015702,25211015704
25211015702,25211015706
25211015702,252110159
25211015703,25211015704
25211015703,25211015706
25211015703,252110159
25211015704,25211015705
25211015704,252110159
25211015705,25211015805
25211015705,252110159
25211015706,252110159
25211015801,25211015802
25211015801,25211015803
25211015801,25211015804
25211015801,252110159
25211015802,25211015803
25211015802,25211015804
25211015802,252110159
25211015803,25211015804
25211015803,25211015805
25211015803,252110159
25211015804,25211015805
25211015804,25211015806
25211015804,25211015807
25211015804,252110159
25211015805,25211015806
25211015805,25211015807
25211015805,252110159
25211015806,25211015807
25211015807,252110159
252110159,25211018001
252110159,25211018002
252110159,25211018003
252110159,25211018004
252110159,25211030204
252110159,25211030205
252110159,25211030302
252110159,253840030
252110160,252110170
252110160,252110230
252110170,252110220
252110170,252110230
252110170,252110250
252110170,252110270
25211018001,25211018002
25211018001,25211018003
25211018002,25211018003
25211018002,25211018004
25211018003,25211018004
252110220,252110230
252110220,252110250
252110230,25211029003
252110240,252110250
252110240,252110260
252110240,252110261
252110240,252110270
252110240,252110280
252110240,253840010
252110240,253840020
252110240,253840150
252110250,252110260
252110250,252110270
252110260,252110270
252110260,252110280
252110260,253840010
252110270,252110280
25211029001,25211029002
25211029001,25211029003
25211029002,25211029003
25211030101,25211030102
25211030101,25211030401
25211030101,25211030402
25211030101,252110305
25211030101,25211036001
25211030101,25211036002
25211030101,25211036003
25211030102,25211030202
25211030102,25211030203
25211030102,25211036003
25211030201,25211030202
25211030201,25211030205
25211030201,25211030301
25211030201,25211030302
25211030201,25211036003
25211030201,25211037005
25211030202,25211030203
25211030202,25211030204
25211030202,25211030205
25211030202,25211036003
25211030203,25211030204
25211030204,25211030205
25211030205,25211030301
25211030205,25211030302
25211030301,25211030302
25211030301,25211030303
25211030301,25211030304
25211030301,25211037005
25211030301,25211037006
25211030301,25211038002
25211030301,25211038003
25211030301,25211038004
25211030302,25211030303
25211030302,25211030304
25211030303,25211030304
25211030304,25211038003
25211030304,25211038004
25211030401,25211030402
25211030401,252110305
25211030401,25211034003
25211030401,25211034004
25211030401,25211036001
25211030402,252110305
252110305,25211034004
252110305,25211041001
252110305,25211041002
252110305,25211041004
25211031100,25211031102
25211031100,25211031105
25211031100,25211032100
25211031101,25211031102
25211031101,25211031103
25211031101,25211039001
25211031101,25211039002
25211031102,25211031103
25211031102,25211031105
25211031103,25211031104
25211031103,25211031105
25211031103,25211039003
25211031104,25211031105
25211031104,25211032101
25211031104,25211032102
25211031104,25211032107
25211031104,25211039003
25211031104,25211039005
25211031105,25211032100
25211031105,25211032102
25211031105,25211032107
25211032100,25211032106
25211032100,25211032107
25211032100,25211041003
25211032101,25211032102
25211032101,25211032103
25211032101,25211032104
25211032101,25211039003
25211032101,25211039005
25211032101,25211039006
25211032101,25211041001
25211032102,25211032103
25211032102,25211032106
25211032102,25211032107
25211032103,25211032104
25211032103,25211032105
25211032103,25211032106
25211032104,25211032105
25211032104,25211039006
25211032104,25211041001
25211032104,25211041002
25211032104,25211041003
25211032105,25211032106
25211032105,25211041002
25211032105,25211041003
25211032106,25211032107
25211032106,25211041003
25211033001,25211033002
25211033001,25211038005
25211033001,25211038007
25211033001,25211038008
25211033001,25211039001
25211033001,25211040001
25211033002,25211038005
25211033002,25211039001
25211034001,25211034002
25211034001,25211034004
25211034001,25211037002
25211034001,25211040002
25211034001,25211041001
25211034002,25211034003
25211034002,25211034004
25211034002,25211037002
25211034003,25211034004
25211034003,25211035001
25211034003,25211035002
25211034003,25211036001
25211034003,25211037002
25211034004,25211041001
25211035001,25211035002
25211035001,25211037002
25211035001,25211037003
25211035002,25211036001
25211035002,25211037003
25211036001,25211036002
25211036001,25211036003
25211036001,25211037003
25211036001,25211037004
25211036001,25211037005
25211036002,25211036003
25211036003,25211037004
25211036003,25211037005
25211037001,25211037002
25211037001,25211037003
25211037001,25211037004
25211037001,25211037005
25211037001,25211037006
25211037001,25211038001
25211037001,25211038002
25211037001,25211038008
25211037002,25211037003
25211037002,25211037004
25211037002,25211038001
25211037002,25211038008
25211037002,25211040002
25211037003,25211037004
25211037004,25211037005
25211037004,25211037006
25211037005,25211037006
25211037006,25211038001
25211037006,25211038002
25211038001,25211038002
25211038001,25211038006
25211038001,25211038007
25211038001,25211038008
25211038002,25211038003
25211038002,25211038006
25211038003,25211038004
25211038003,25211038005
25211038003,25211038006
25211038003,25211038007
25211038005,25211038007
25211038006,25211038007
25211038006,25211038008
25211038007,25211038008
25211038008,25211040001
25211038008,25211040002
25211039001,25211039002
25211039001,25211039007
25211039001,25211039008
25211039001,25211040001
25211039002,25211039003
25211039002,25211039004
25211039002,25211039007
25211039002,25211039008
25211039003,25211039004
25211039003,25211039005
25211039004,25211039005
25211039004,25211039006
25211039004,25211039007
25211039005,25211039006
25211039006,25211039007
25211039006,25211039008
25211039006,25211041001
25211039007,25211039008
25211039008,25211040001
25211039008,25211041001
25211040001,25211040002
25211040001,25211041001
25211040002,25211041001
25211041001,25211041002
25211041001,25211041004
25211041002,25211041003
25211041002,25211041004
25211041003,25211041004
25212001001,25212001002
25212001001,25212001003
25212001001,252120030
25212001001,252120080
25212001001,252121260
25212001002,25212001003
25212001002,25212001004
25212001002,252121260
25212001003,25212001004
25212001003,25212001005
25212001003,25212001006
25212001003,252120020
25212001003,252120080
25212001003,252120150
25212001004,25212001005
25212001004,252121260
25212001005,25212001006
25212001005,252121260
25212001006,252120020
25212001006,252120080
25212001006,252120150
25212001006,252121260
252120020,252120080
252120020,252120090
252120020,252120100
252120020,252120150
252120020,252120190
252120020,25212023001
252120020,25212023002
252120020,252121260
252120030,252120040
252120030,252120060
252120030,252120080
252120040,252120050
252120040,252120060
252120050,252120060
252120050,252120070
252120050,252120130
252120060,252120070
252120060,252120080
252120070,252120080
252120070,252120130
252120070,252120140
252120080,252120140
252120080,252120150
252120090,252120100
252120090,252120110
252120090,252120120
252120090,252120140
252120090,252120150
252120100,252120110
252120100,252120160
252120100,252120180
252120100,252120190
252120110,252120120
252120110,252120160
252120120,252120130
252120120,252120140
252120130,252120140
252120140,252120150
252120160,252120170
252120160,252120180
252120160,252120490
252120170,252120180
252120170,252120200
252120170,252120490
252120180,252120190
252120180,252120200
252120190,252120200
252120190,252121260
252120200,252120210
252120200,252120220
252120200,252120400
252120200,252120490
252120200,252121260
252120210,252120220
252120210,252121260
252120220,252120400
252120220,252121260
25212023001,25212023002
252120240,252120250
252120240,252120260
252120240,252120270
252120240,252120280
252120240,252120290
252120240,252120300
252120240,25212033001
252120240,25212033002
252120240,25212034001
252120240,25212034002
252120240,25212035002
252120240,25212036001
252120240,25212036002
252120240,25212037001
252120240,25212037002
252120240,25212039001
252120240,25212039002
252120240,252120470
252120240,252121190
252120240,252121260
252120250,252120270
252120250,252120460
252120250,252121260
252120260,25212039001
252120260,25212039002
252120270,252120280
252120270,252120440
252120270,252120460
252120280,252120290
252120280,252120320
252120280,252120440
252120290,252120300
252120290,252120310
252120290,252120320
252120300,252120310
252120300,252120470
252120300,252120480
252120310,252120320
252120310,252120430
252120310,252120470
252120310,252120480
252120310,252120490
252120320,252120430
252120320,252120440
25212033001,25212033002
25212033001,25212034001
25212033001,25212035001
25212033002,25212034001
25212033002,25212035001
25212033002,25212037001
25212033002,25212037002
25212033002,25212038001
25212034001,25212034002
25212034001,25212035001
25212034001,25212035002
25212034002,25212035002
25212035001,25212035002
25212035001,25212037002
25212035001,25212038001
25212035001,25212038002
25212035002,25212036001
25212035002,25212038001
25212035002,25212038002
25212036001,25212036002
25212036001,25212038002
25212036001,25212039002
25212037001,25212037002
25212037002,25212038001
25212037002,25212038002
25212037002,25212039001
25212038001,25212038002
25212038002,25212039001
25212038002,25212039002
25212039001,25212039002
252120400,252120410
252120400,252120420
252120400,252120430
252120400,252120490
252120400,252121260
252120410,252120430
252120410,252120450
252120410,252121260
252120420,252120430
252120430,252120440
252120430,252120450
252120430,252120490
252120440,252120450
252120440,252120460
252120450,252120460
252120450,252121260
252120460,252121260
252120470,252120480
252120470,252120550
252120470,252121190
252120480,252120490
252120480,252120500
252120480,252120550
252120490,252120500
252120490,252120530
252120490,252120540
252120500,252120510
252120500,252120520
252120500,252120530
252120500,252120550
252120500,252120790
252120510,252120520
252120510,252120530
252120510,252120590
252120510,252120790
252120520,252120530
252120520,252120590
252120520,252120600
252120530,252120540
252120540,252120560
252120550,252120790
252120550,252121190
252120570,252120580
252120570,252120590
252120570,252120600
252120570,252120610
252120570,252120750
252120570,252120760
252120570,252120770
252120580,252120590
252120580,252120770
252120590,252120600
252120590,252120770
252120590,252120790
252120590,252120800
252120600,252120610
252120600,252120620
252120600,252120630
252120600,252120640
252120610,252120620
252120610,252120740
252120610,252120750
252120620,252120630
252120620,252120680
252120620,252120690
252120620,252120700
252120620,252120720
252120620,252120740
252120630,252120640
252120630,252120660
252120630,252120670
252120630,252120680
252120640,252120650
252120640,252120660
252120650,252120660
252120650,252120670
252120650,26213001009
252120660,252120670
252120670,252120680
252120670,26213001009
252120680,252120690
252120680,26103005004
252120680,26213001009
252120690,252120700
252120690,26103005004
252120700,252120710
252120700,252120720
252120700,26103005001
252120700,26103005002
252120700,26103005003
252120700,26103005004
252120710,252120720
252120710,252121110
252120710,26103005002
252120720,252120730
252120720,252120740
252120720,252120760
252120720,252121080
252120720,252121110
252120720,252121120
252120730,252120740
252120730,252120760
252120740,252120750
252120740,252120760
252120750,252120760
252120760,252120770
252120760,252121080
252120770,252120800
252120770,252121070
252120770,252121080
252120780,252120790
252120780,252120810
252120780,252120820
252120780,252120870
252120780,252121152
252120780,252121190
252120780,252121210
252120790,252120800
252120790,252120810
252120790,252121190
252120800,252120810
252120800,252121070
252120810,252120820
252120810,252120830
252120810,252121070
252120820,252120830
252120820,252120870
252120820,252121152
252120830,252120840
252120830,252120850
252120830,252120860
252120830,252120870
252120830,25212088001
252120830,25212088003
252120830,25212088004
252120830,252121040
252120830,252121060
252120830,252121070
252120840,252120850
252120840,25212088002
252120840,25212088003
252120840,252121040
252120850,252120860
252120850,252120870
252120850,25212088001
252120850,25212088002
252120850,25212089001
252120850,25212089002
252120850,25212089003
252120850,25212089004
252120850,252120900
252120850,252120910
252120850,252121040
252120850,252121142
252120850,252121152
252120860,252120870
252120870,252121152
25212088001,25212088002
25212088001,25212088003
25212088001,25212088004
25212088002,25212088003
25212088002,25212088004
25212088003,25212088004
25212089001,25212089002
25212089001,25212089003
25212089001,25212089004
25212089002,25212089003
25212089002,25212089004
25212089003,25212089004
252120900,252120910
252120900,252120920
252120900,252120930
252120900,252120960
252120900,252120970
252120900,252121142
252120910,252120920
252120910,252121040
252120920,252120930
252120920,252120970
252120920,252121020
252120920,252121040
252120920,252121260
252120930,252120970
252120940,252120950
252120940,252121180
252120940,252121260
252120950,252120960
252120950,252120970
252120950,252121180
252120950,252121260
252120960,252120970
252120960,252121142
252120960,252121180
252120970,252120980
252120970,252121260
252120980,252121260
252120990,252121010
252120990,252121030
252120990,252121080
252120990,252121100
252120990,252121260
25212100001,25212100002
25212100001,252121010
25212100002,252121010
252121010,252121020
252121010,252121030
252121010,252121260
252121020,252121030
252121020,252121040
252121020,252121050
252121020,252121260
252121030,252121050
252121030,252121080
252121030,252121090
252121040,252121050
252121040,252121060
252121050,252121060
252121050,252121070
252121050,252121090
252121050,25212113001
252121050,25212113002
252121050,25212113003
252121060,252121070
252121060,252121090
252121070,252121080
252121070,252121090
252121080,252121090
252121080,252121100
252121080,252121120
252121090,25212113001
252121090,25212113002
252121090,25212113003
252121100,252121110
252121100,252121120
252121110,252121120
25212113001,25212113002
25212113002,25212113003
25212114101,25212114102
25212114101,252121142
25212114101,25212116102
25212114101,252121162
25212114102,252121142
25212114102,25212116102
25212114102,25212116103
252121142,25212115102
252121142,252121152
252121142,25212116103
252121142,252121162
252121142,252121170
252121142,252121180
25212115101,252121152
25212115101,25212120001
25212115101,252121210
25212115102,252121152
25212115102,25212116103
252121152,25212116101
252121152,25212116102
252121152,25212116103
252121152,25212120001
252121152,252121210
25212116101,25212116102
25212116101,25212116103
25212116101,252121162
25212116101,25212120001
25212116101,25212122001
25212116102,25212116103
25212116102,252121162
252121162,252121170
252121162,25212122001
252121162,252121230
252121170,252121180
252121170,252121230
252121170,252121250
252121170,252121260
252121180,252121260
252121190,252121210
252121190,252121230
252121190,252121260
25212120001,25212120002
25212120001,252121210
25212120001,25212122001
25212120001,25212122002
25212120002,252121210
25212120002,25212122001
25212120002,25212122002
252121210,25212122002
252121210,252121230
25212122001,25212122002
25212122001,252121230
25212122002,252121230
252121230,252121240
252121230,252121250
252121230,252121260
252121240,252121250
252121240,252121260
252121250,252121260
252130010,252130020
252130010,252130030
252130010,252130040
252130010,252130090
252130010,252130100
252130020,252130100
252130030,252130040
252130030,252130060
252130030,252130090
252130040,252130050
252130040,252130060
252130050,252130060
252130060,252130070
252130060,252130090
252130060,252130110
252130060,252131990
252130060,252132130
252130060,252132140
252130060,253840170
252130070,252130080
252130070,252130090
252130070,252130110
252130070,252130120
252130070,252130480
252130070,252130510
252130070,252130520
252130080,252130090
252130080,252130100
252130080,252130520
252130090,252130100
252130110,252130120
252130110,252132120
252130110,252132140
252130120,252130190
252130120,252130200
252130120,252130480
252130120,252130500
252130120,25213084001
252130120,25213084002
252130120,252132120
252130130,252130140
252130130,252130150
252130130,252130220
252130130,252130250
252130130,252130850
252130130,253830230
252130140,252130150
252130140,253830230
252130150,252130160
252130150,252130250
252130150,252130260
252130150,253830230
252130160,252130170
252130160,252130260
252130160,252130270
252130160,252130280
252130160,252130290
252130160,252132060
252130160,252132070
252130160,253830230
252130170,252130180
252130170,252130290
252130170,25213074005
252130170,25213079005
252130170,252132070
252130180,252130190
252130180,25213074003
252130180,25213074005
252130180,252132070
252130190,252130200
252130190,25213074003
252130190,252132070
252130190,252132100
252130190,252132120
252130200,252130490
252130200,252130500
252130200,252130730
252130200,25213074002
252130200,25213074003
252130210,252130220
252130210,252130850
252130210,252130860
252130210,25213088002
252130210,25213094000
252130210,25213094001
252130210,25213094101
252130210,252131470
252130210,252131480
252130220,252130230
252130220,252130250
252130220,252130850
252130220,252131480
252130220,252131490
252130230,252130240
252130230,252130250
252130230,252130260
252130230,252131490
252130230,252131500
252130240,252130250
252130240,252130260
252130250,252130260
252130260,252130270
252130260,252131500
252130260,252131510
252130260,252131520
252130270,252130280
252130270,252131520
252130280,252130290
252130280,252131520
252130280,252131530
252130290,252130300
252130290,252130310
252130290,25213034002
252130290,25213079004
252130290,25213079005
252130290,252131530
252130300,252130310
252130300,252130320
252130300,252131530
252130300,252131760
252130300,252131770
252130310,252130320
252130310,25213034001
252130310,25213034002
252130310,252130660
252130320,252130330
252130320,252130580
252130320,252130660
252130320,252130670
252130320,252131770
252130320,252131780
252130330,252130410
252130330,252130670
252130330,252131770
252130330,252131780
25213034001,25213034002
25213034001,252130660
25213034001,25213079001
25213034001,25213079003
25213034002,25213079001
25213034002,25213079003
25213034002,25213079004
252130360,252130370
252130360,252130380
252130360,252130390
252130360,252130410
252130360,252130420
252130360,252130540
252130360,252130550
252130360,252130580
252130370,252130380
252130370,252130520
252130370,252130530
252130370,252130540
252130370,25213059002
252130370,252131120
252130380,252130390
252130380,252130400
252130380,252131100
252130380,252131110
252130380,252131120
252130380,252131130
252130380,252131780
252130380,252131790
252130390,252130400
252130390,252130420
252130400,252130410
252130400,252130420
252130400,252131780
252130410,252130420
252130410,252130580
252130410,252130670
252130410,252131780
252130430,252130440
252130430,252130450
252130430,252130460
252130430,25213059001
252130430,25213059003
252130430,25213062001
252130430,25213062002
252130430,252130650
252130430,252130690
252130440,252130450
252130440,252130470
252130440,252130650
252130440,252130680
252130440,252130690
252130450,252130460
252130450,252130470
252130450,25213059003
252130460,252130470
252130460,25213059003
252130470,252130480
252130470,252130490
252130470,252130510
252130470,252130520
252130470,25213059003
252130470,252130680
252130480,252130490
252130480,252130500
252130480,252130510
252130490,252130500
252130490,252130680
252130490,252130730
252130500,25213084001
252130500,25213084002
252130510,252130520
252130520,25213059002
252130520,25213059003
252130530,252130540
252130530,252130560
252130530,25213059001
252130530,25213059002
252130540,252130550
252130540,252130560
252130540,252130570
252130550,252130560
252130550,252130570
252130550,252130580
252130560,252130570
252130560,25213059001
252130560,25213062001
252130560,25213062002
252130570,252130580
252130570,25213062001
252130570,25213062002
252130570,25213062003
252130580,25213062003
252130580,252130660
252130580,252130670
25213059001,25213059002
25213059001,25213059003
25213059001,25213062001
25213059002,25213059003
25213062001,25213062002
25213062002,25213062003
25213062002,252130650
25213062003,252130650
25213062003,252130660
252130650,252130660
252130650,252130690
252130650,252130700
252130660,252130690
252130660,252130700
252130660,252130720
252130660,25213079001
252130680,252130690
252130680,252130710
252130680,252130730
252130690,252130700
252130690,252130710
252130690,252130720
252130700,252130710
252130700,252130720
252130710,252130720
252130710,252130730
252130710,25213074001
252130710,25213074002
252130720,25213074001
252130720,25213079001
252130720,25213079002
252130730,25213074002
25213074001,25213074002
25213074001,25213074003
25213074001,25213074004
25213074001,25213079002
25213074001,25213079003
25213074002,25213074003
25213074002,25213074004
25213074003,25213074004
25213074003,25213074005
25213074004,25213074005
25213074004,25213079002
25213074004,25213079003
25213074004,25213079005
25213074005,25213079005
25213079001,25213079002
25213079001,25213079003
25213079002,25213079003
25213079003,25213079004
25213079003,25213079005
25213079004,25213079005
25213084001,25213084002
252130850,252130860
252130850,252130870
252130850,253830200
252130850,253830230
252130860,252130870
252130860,25213088001
252130860,25213088002
252130860,253830200
252130870,25213088001
252130870,253830200
25213088001,25213088002
25213088001,252130890
25213088001,253830140
25213088001,253830200
25213088002,252130890
25213088002,25213094001
25213088002,25213094100
252130890,252130900
252130890,25213094000
252130890,25213094100
252130890,253830130
252130890,253830140
252130900,252130910
252130900,252130920
252130900,25213094000
252130900,253830130
252130910,252130920
252130910,253830130
252130920,252130930
252130920,25213094000
252130920,252130960
252130920,252130970
252130920,252131010
252130920,253830110
252130920,253830130
252130920,253830290
252130920,253830300
252130930,25213094000
252130930,252130960
25213094000,25213094100
25213094000,25213094101
25213094000,252130950
25213094000,252130960
25213094000,252131460
25213094000,252131470
25213094001,25213094100
25213094001,25213094101
25213094100,25213094101
252130950,252130960
252130950,252130990
252130950,252131030
252130950,252131330
252130950,252131410
252130950,252131420
252130950,252131460
252130950,252131470
252130960,252130970
252130960,252130990
252130970,252130980
252130970,252130990
252130970,252131010
252130980,252130990
252130980,252131000
252130980,252131010
252130990,252131000
252130990,252131030
252131000,252131010
252131000,252131020
252131000,252131030
252131010,252131020
252131020,252131030
252131030,252131040
252131030,252131050
252131030,252131060
252131030,252131070
252131030,252131410
252131040,252131050
252131040,252131410
252131050,252131060
252131050,252131410
252131050,254430290
252131060,252131070
252131060,254430280
252131060,254430290
252131060,254430340
252131060,254430360
252131080,252131090
252131080,252131100
252131080,252131110
252131080,252131120
252131080,252131150
252131080,252131160
252131080,252131170
252131090,252131100
252131090,252131140
252131090,252131150
252131090,252131270
252131100,252131110
252131100,252131130
252131100,252131140
252131110,252131120
252131120,252131170
252131130,252131140
252131130,252131280
252131130,252131790
252131130,252131800
252131130,254250390
252131140,252131270
252131140,252131280
252131150,252131160
252131150,252131190
252131150,252131200
252131150,252131210
252131150,252131270
252131160,252131170
252131160,252131200
252131160,252131210
252131170,252131210
252131180,252131190
252131180,252131200
252131180,252131220
252131180,252131230
252131180,252131250
252131180,252131270
252131190,252131200
252131190,252131270
252131200,252131210
252131200,252131220
252131210,252131220
252131210,252132250
252131210,252132260
252131220,252131230
252131220,252131240
252131220,252132240
252131220,252132250
252131230,252131240
252131230,252131250
252131240,252131250
252131240,252131300
252131240,252131320
252131240,252132150
252131240,252132170
252131240,252132180
252131240,252132220
252131240,252132240
252131240,252132270
252131250,252131260
252131250,252131270
252131250,252131280
252131250,252131300
252131260,252131280
252131260,252131290
252131260,252131300
252131270,252131280
252131280,252131290
252131280,254250390
252131290,252131300
252131290,254250370
252131290,254250390
252131300,252131310
252131300,252131320
252131300,254250370
252131310,252131320
252131310,252132150
252131310,252132160
252131310,254250310
252131310,254250370
252131320,252132150
252131330,252131340
252131330,252131350
252131330,252131420
252131330,252131470
252131340,252131350
252131340,252131360
252131340,252131390
252131340,252131470
252131340,252131480
252131340,252131490
252131350,252131360
252131350,252131370
252131350,252131420
252131360,252131370
252131360,252131380
252131360,252131390
252131370,252131380
252131370,252131420
252131370,252131430
252131380,252131390
252131380,252131400
252131380,252131430
252131380,252131650
252131380,252131660
252131390,252131400
252131390,252131490
252131390,252131500
252131390,252131510
252131390,252131520
252131400,252131520
252131400,252131550
252131400,252131660
252131400,252131850
252131410,252131420
252131410,252131580
252131410,254250140
252131410,254430290
252131420,252131430
252131420,252131440
252131420,252131450
252131420,252131470
252131420,252131580
252131430,252131440
252131430,252131450
252131430,252131650
252131430,252131670
252131440,252131450
252131450,252131570
252131450,252131580
252131450,252131670
252131450,252131680
252131460,252131470
252131470,252131480
252131480,252131490
252131490,252131500
252131500,252131510
252131510,252131520
252131520,252131530
252131520,252131550
252131530,252131540
252131530,252131550
252131530,252131760
252131540,252131550
252131540,252131760
252131540,252131850
252131550,252131850
252131560,252131570
252131560,252131620
252131560,252131690
252131570,252131580
252131570,252131610
252131570,252131620
252131570,252131680
252131570,252131690
252131580,252131590
252131580,252131600
252131580,252131610
252131580,254250140
252131580,254250150
252131580,254250280
252131590,254250150
252131600,252131610
252131600,252131700
252131600,254250260
252131600,254250270
252131600,254250280
252131610,252131620
252131610,252131700
252131620,252131630
252131620,252131640
252131620,252131690
252131620,252131700
252131620,252131740
252131630,252131700
252131630,252131720
252131630,252131740
252131640,252131650
252131640,252131690
252131640,252131740
252131640,252131750
252131650,252131660
252131650,252131670
252131650,252131680
252131650,252131690
252131650,252131750
252131660,252131750
252131660,252131850
252131670,252131680
252131680,252131690
252131700,252131710
252131700,252131720
252131700,254250260
252131710,252131720
252131710,254250230
252131710,254250250
252131710,254250260
252131710,254250400
252131710,254250410
252131720,252131730
252131720,252131740
252131720,254250410
252131730,252131740
252131730,252131750
252131730,252131820
252131730,254250410
252131740,252131750
252131750,252131820
252131750,252131840
252131750,252131850
252131760,252131770
252131760,252131850
252131770,252131780
252131770,252131830
252131770,252131850
252131780,252131790
252131780,252131830
252131790,252131800
252131790,252131830
252131790,252131840
252131800,252131810
252131800,252131820
252131800,252131840
252131800,254250390
252131810,252131820
252131810,254250390
252131810,254250420
252131820,252131840
252131820,254250410
252131820,254250420
252131830,252131840
252131830,252131850
252131840,252131850
252131860,252131870
252131860,252131890
252131860,253830250
252131860,25383049001
252131860,253830500
252131860,25383051002
252131860,25383052001
252131860,25383052002
252131870,252131880
252131870,252131890
252131870,252131900
252131870,252132080
252131870,252132090
252131870,253830250
252131880,252131890
252131880,252131900
252131880,252131920
252131890,252131920
252131890,252131930
252131890,25383052001
252131900,252131910
252131900,252131920
252131900,252132050
252131900,252132090
252131900,252132100
252131900,252132110
252131910,252131920
252131910,252131930
252131910,252132040
252131910,252132050
252131920,252131930
252131930,252131940
252131930,252132010
252131930,252132030
252131930,252132040
252131930,25383052001
252131940,252131950
252131940,252131970
252131940,252132010
252131950,252131960
252131950,252131970
252131950,252131980
252131950,253840150
252131960,252131970
252131960,252131980
252131970,252131980
252131970,252131990
252131970,252132000
252131970,252132010
252131980,252131990
252131980,253840150
252131980,253840160
252131990,252132000
252131990,252132120
252131990,252132130
252131990,253840160
252131990,253840170
252132000,252132010
252132000,252132020
252132000,252132120
252132010,252132020
252132010,252132030
252132020,252132030
252132020,252132040
252132020,252132050
252132020,252132110
252132020,252132120
252132030,252132040
252132040,252132050
252132050,252132110
252132060,252132070
252132060,252132080
252132060,253830230
252132060,253830240
252132070,252132080
252132070,252132090
252132070,252132100
252132070,252132120
252132080,252132090
252132080,253830240
252132080,253830250
252132090,252132100
252132100,252132110
252132100,252132120
252132110,252132120
252132120,252132130
252132120,252132140
252132130,252132140
252132150,252132160
252132150,252132170
252132150,252132180
252132160,252132180
252132160,252132190
252132160,254250310
252132170,252132180
252132180,252132190
252132180,252132200
252132180,252132210
252132180,252132220
252132190,252132200
252132190,254250300
252132190,254250310
252132200,252132210
252132200,252132300
252132200,252132310
252132210,252132220
252132210,252132230
252132210,252132280
252132210,252132290
252132210,252132300
252132220,252132230
252132220,252132270
252132220,252132280
252132230,252132280
252132240,252132250
252132240,252132270
252132240,252132380
252132250,252132260
252132250,252132380
252132260,252132380
252132270,252132280
252132270,252132340
252132270,252132380
252132270,252132390
252132280,252132290
252132280,252132340
252132290,252132300
252132290,252132340
252132300,252132310
252132300,252132330
252132300,252132340
252132310,252132320
252132310,252132330
252132320,252132330
252132330,252132340
252132330,252132350
252132340,252132350
252132340,252132390
252132350,252132360
252132350,252132390
252132360,252132370
252132360,252132390
252132360,252132400
252132370,252132400
252132380,252132390
252140010,252140020
252140020,252140030
252140020,25214004002
252140020,252140050
252140020,25214006001
252140020,25214006002
252140030,25214004001
252140030,25214004002
25214004001,25214004002
25214004001,252140470
25214004002,252140050
25214004002,252140450
25214004002,252140460
25214004002,252140470
252140050,25214006001
252140050,252140150
252140050,252140460
25214006001,25214006002
25214006001,252140140
25214006001,252140150
25214006001,252140700
25214006001,252140720
25214006002,252140720
25214006002,252140740
25214007001,25214007002
25214007001,252140080
25214007001,252140110
25214007001,252140120
25214007001,252140140
25214007001,252140180
25214007001,252140290
25214007001,252140300
25214007002,252140290
25214007002,252140300
252140080,252140090
252140080,252140100
252140080,252140110
252140080,252140180
252140090,252140100
252140090,252140180
252140090,252140190
252140100,252140110
252140100,252140760
252140110,252140120
252140110,252140760
252140120,252140130
252140120,252140140
252140120,252140760
252140130,252140140
252140130,252140700
252140130,252140710
252140130,252140760
252140140,252140150
252140140,252140160
252140140,252140300
252140140,252140440
252140140,252140450
252140140,252140460
252140140,252140700
252140150,252140460
252140160,252140270
252140160,252140290
252140160,252140300
252140160,252140440
252140170,252140180
252140170,252140190
252140170,252140240
252140170,252140260
252140170,252140280
252140170,252140290
252140180,252140190
252140180,252140290
252140180,252140300
252140190,252140200
252140190,252140240
252140200,252140220
252140200,252140240
25214021001,25214021002
25214021001,252140220
25214021002,252140220
25214021002,252140230
252140220,252140230
252140220,252140240
252140230,252140240
252140230,252140250
252140230,252140400
252140240,252140250
252140240,252140260
252140250,252140260
252140250,252140400
252140250,252140410
252140250,252140430
252140260,252140270
252140260,252140280
252140260,252140430
252140270,252140280
252140270,252140290
252140270,252140430
252140270,252140440
252140280,252140290
252140290,252140300
252140310,252140320
252140320,252140330
252140330,252140340
252140340,252140350
252140350,252140360
252140350,252140370
252140360,252140370
252140370,252140380
252140370,252140390
252140370,252140400
252140370,252140410
252140380,252140400
252140390,252140400
252140390,252140410
252140400,252140410
252140410,252140420
252140410,252140430
252140410,252140470
252140410,252140480
252140420,252140470
252140420,252140480
252140420,252140490
252140430,252140440
252140430,252140470
252140440,252140450
252140440,252140470
252140450,252140460
252140450,252140470
252140470,252140480
252140470,252140490
252140480,252140490
252140500,252140510
252140500,252140520
252140500,252140630
252140500,252140640
252140500,252140690
252140500,252140820
252140510,252140520
252140510,252140530
252140510,252140560
252140510,252140640
252140520,252140530
252140520,252140540
252140520,252140550
252140520,252140820
252140520,25214083001
252140520,25214083002
252140530,252140550
252140530,252140560
252140540,252140550
252140540,252140570
252140540,252140580
252140540,25214083001
252140550,252140560
252140550,252140570
252140560,252140570
252140560,252140640
252140570,252140580
252140570,252140590
252140570,252140600
252140570,252140640
252140580,252140590
252140580,252140600
252140580,252140610
252140580,252140620
252140580,252140640
252140580,25214083001
252140590,252140600
252140600,252140640
252140610,252140620
252140610,25214083001
252140610,252140890
252140620,252140630
252140620,252140640
252140620,252140890
252140620,252140900
252140620,252140910
252140630,252140640
252140630,252140910
252140650,252140660
252140650,252140710
252140650,252140720
252140650,252140730
252140650,252140760
252140650,252140770
252140660,252140670
252140660,252140730
252140660,252140770
252140660,252140790
252140670,252140680
252140670,252140690
252140670,252140730
252140670,252140790
252140680,252140690
252140680,252140730
252140680,252140740
252140690,252140740
252140690,252140790
252140690,252140820
252140700,252140710
252140700,252140720
252140710,252140720
252140710,252140760
252140720,252140730
252140720,252140740
252140730,252140740
252140740,252140750
252140740,254430200
252140750,254430200
252140760,252140770
252140760,252140780
252140770,252140780
252140770,252140790
252140770,252140800
252140780,252140800
252140780,252140860
252140790,252140800
252140790,252140820
252140800,252140810
252140800,252140820
252140800,252140860
252140810,252140820
252140810,25214083001
252140810,252140860
252140810,252140880
252140810,252140890
252140820,25214083001
252140820,25214083002
25214083001,25214083002
25214083001,252140890
252140840,252140860
252140850,252140860
252140850,252140870
252140850,252140880
252140860,252140880
252140870,252140880
252140870,252140910
252140880,252140890
252140880,252140900
252140880,252140910
252140890,252140900
252140900,252140910
25383001001,25383001002
25383001001,25383001004
25383001001,25383001005
25383001001,25383006005
25383001001,25383026001
25383001001,25383026004
25383001001,253830610
25383001001,253830620
25383001002,25383001003
25383001002,25383001005
25383001002,25383006003
25383001002,25383006005
25383001002,25383026001
25383001003,25383001005
25383001003,25383006001
25383001003,25383006002
25383001003,25383006003
25383001003,25383006005
25383001004,25383001005
25383001004,253830610
25383001004,253830630
25383001005,253830020
25383001005,25383006001
25383001005,253830070
25383001005,253830160
25383001005,253830170
25383001005,25383026001
25383001005,25383026002
25383001005,25383026004
25383001005,253830600
25383001005,253830630
253830020,253830030
253830020,253830040
253830020,25383006001
253830020,25383026002
253830020,25383026004
253830020,25383034001
253830020,25383034006
253830020,25383034007
253830030,253830040
253830030,25383034001
253830030,25383034007
253830030,253830390
253830040,253830050
253830040,25383006001
253830040,253830390
253830040,253830440
253830050,25383006001
253830050,25383006002
253830050,25383006004
253830050,25383008003
253830050,25383009001
253830050,25383009002
253830050,253830440
25383006001,25383006002
25383006002,25383006003
25383006002,25383006004
25383006003,25383006004
25383006003,25383006005
25383006004,25383006005
25383006004,25383008002
25383006004,25383008003
25383006005,253830070
25383006005,25383008002
25383006005,253830540
25383006005,253830550
25383006005,253830600
25383006005,253830620
253830070,25383008001
253830070,253830170
253830070,253830530
253830070,253830540
253830070,253830600
253830070,253830630
25383008001,25383008003
25383008001,253830100
25383008001,253830170
25383008001,253830210
25383008001,253830530
25383008001,253830540
25383008001,253830560
25383008001,253830580
25383008002,25383008003
25383008002,253830550
25383008002,253830570
25383008003,25383009001
25383008003,253830100
25383008003,253830570
25383008003,253830580
25383009001,25383009002
25383009001,253830100
25383009001,253830460
25383009001,253830570
25383009002,25383009003
25383009002,253830100
25383009002,253830440
25383009002,253830460
25383009003,25383042002
25383009003,253830440
25383009003,253830450
25383009003,253830460
25383009003,253830590
253830100,253830210
253830100,253830460
253830100,25383049002
253830110,253830120
253830110,253830130
253830110,253830300
253830120,253830130
253830120,253830140
253830120,253830150
253830120,253830300
253830130,253830140
253830140,253830150
253830140,253830180
253830140,253830200
253830150,253830160
253830150,253830180
253830150,253830300
253830160,253830170
253830160,253830180
253830160,25383026004
253830160,253830270
253830160,253830280
253830160,253830290
253830160,253830300
253830170,253830180
253830170,253830190
253830170,253830210
253830180,253830190
253830180,253830200
253830190,253830200
253830190,253830210
253830200,253830210
253830200,253830230
253830210,253830220
253830210,253830230
253830210,25383049002
253830220,253830230
253830220,253830240
253830220,25383049002
253830230,253830240
253830240,253830250
253830240,25383049002
253830250,25383049001
253830250,25383049002
25383026001,25383026002
25383026001,25383026004
25383026002,25383026003
25383026002,25383026004
25383026003,25383026004
25383026003,253830270
25383026004,253830270
25383026004,25383034007
253830270,253830280
253830270,25383034007
253830280,253830290
253830280,253830310
253830280,25383034006
253830280,25383034007
253830290,253830300
253830290,253830310
253830290,253830330
253830310,253830320
253830310,253830330
253830320,253830330
25383034001,25383034002
25383034001,25383034005
25383034001,25383034006
25383034001,25383034007
25383034002,25383034003
25383034002,25383034005
25383034002,25383034007
25383034003,25383034004
25383034003,25383034005
25383034003,25383034007
25383034004,25383034005
25383034004,25383034006
25383034004,25383034007
25383034005,25383034006
25383034005,25383034007
25383034006,25383034007
25383034007,253830350
25383034007,253830360
25383034007,253830370
25383034007,253830390
253830350,253830360
253830360,253830370
253830360,25383038001
253830370,25383038001
253830370,25383038002
253830370,253830390
25383038001,25383038002
25383038002,253830390
25383038002,25383040001
25383038002,25383040002
25383038002,25383040003
25383038002,25383052004
253830390,25383040001
253830390,253830440
25383040001,25383040002
25383040001,25383040003
25383040001,25383042001
25383040001,253830430
25383040001,253830440
25383040002,25383040003
25383040002,25383042001
25383040002,25383052004
25383041001,25383041002
25383041001,253830470
25383041001,253830480
25383041001,253830500
25383041001,25383051002
25383041002,25383042001
25383041002,253830470
25383041002,25383051002
25383041002,25383052003
25383042001,25383042002
25383042001,253830430
25383042001,253830440
25383042001,253830450
25383042001,253830470
25383042001,25383052003
25383042001,25383052004
25383042002,253830450
25383042002,253830460
25383042002,253830470
253830430,253830440
253830440,253830450
253830440,253830590
253830450,253830590
253830460,253830470
253830460,253830480
253830460,25383049001
253830460,25383049002
253830470,253830480
253830480,25383049001
253830480,253830500
25383049001,25383049002
25383049001,253830500
253830500,25383051002
253830500,25383051005
25383051001,25383051002
25383051001,25383051003
25383051001,25383051004
25383051001,25383052002
25383051002,25383051003
25383051002,25383051004
25383051002,25383051005
25383051002,25383052002
25383051002,25383052003
25383051003,25383051004
25383051003,25383052002
25383051003,25383052003
25383051003,25383052004
25383052001,25383052002
25383052001,25383052004
25383052002,25383052004
25383052003,25383052004
253830530,253830540
253830540,253830550
253830540,253830560
253830550,253830560
253830550,253830570
253830560,253830570
253830560,253830580
253830570,253830580
253830600,253830620
253830600,253830630
253830610,253830620
253830610,253830630
253830620,253830630
253840010,253840020
253840010,253840030
253840020,253840030
253840020,253840150
253840020,253840230
253840020,253840240
253840030,253840040
253840030,253840050
253840030,253840130
253840030,253840140
253840030,253840210
253840030,253840230
253840040,253840050
253840040,253840060
253840040,253840210
253840050,253840060
253840050,253840100
253840050,253840140
253840060,253840070
253840060,253840100
253840060,253840210
253840070,253840080
253840070,253840090
253840070,253840100
253840070,253840180
253840070,253840210
253840070,253840220
253840080,253840090
253840080,253840180
253840080,253840200
253840090,253840100
253840090,253840110
253840090,253840190
253840090,253840200
253840100,253840110
253840100,253840140
253840110,253840120
253840110,253840130
253840110,253840140
253840120,253840130
253840130,253840140
253840150,253840160
253840150,253840240
253840160,253840170
253840160,253840230
253840160,253840240
253840170,253840180
253840170,253840230
253840180,253840190
253840180,253840200
253840180,253840220
253840180,253840230
253840190,253840200
253840210,253840220
253840210,253840230
253840220,253840230
253840230,253840240
254250010,254250020
254250010,254250030
254250010,254250090
254250010,254250160
254250010,254410010
254250010,254410110
254250010,254410130
254250010,254410140
254250010,254410150
254250010,254410160
254250020,254250030
254250020,254410130
254250030,254250040
254250030,254250080
254250030,254250090
254250030,254410120
254250030,254410130
254250040,254250050
254250040,254250080
254250040,254410120
254250040,25442010002
254250050,254250060
254250050,254250080
254250050,254420090
254250050,25442010001
254250050,25442010002
254250060,254250070
254250060,254250080
254250060,254250100
254250060,254420090
254250070,254250100
254250070,254250120
254250070,254250130
254250070,254420090
254250080,254250090
254250080,254250100
254250090,254250100
254250090,254250110
254250090,254250160
254250090,254250170
254250100,254250110
254250100,254250130
254250100,254250140
254250100,254250150
254250100,254250280
254250110,254250170
254250110,254250180
254250110,254250190
254250110,254250270
254250110,254250280
254250120,254250130
254250120,254250140
254250120,254420090
254250120,254430230
254250130,254250140
254250130,254430230
254250140,254250150
254250140,254430230
254250140,254430270
254250140,254430290
254250150,254250280
254250160,254250170
254250160,254250200
254250160,254410110
254250170,254250180
254250170,254250200
254250180,254250190
254250180,254250200
254250190,254250200
254250190,254250260
254250190,254250270
254250200,254250210
254250200,254250220
254250200,254250230
254250200,254250260
254250200,254250320
254250200,254250340
254250200,254250360
254250200,254410110
254250210,254250220
254250210,254250240
254250210,254250360
254250210,254250380
254250220,254250230
254250220,254250240
254250230,254250240
254250230,254250250
254250230,254250260
254250240,254250250
254250240,254250380
254250250,254250380
254250250,254250400
254250260,254250270
254250270,254250280
254250290,254250300
254250300,254250310
254250310,254250320
254250310,254250340
254250310,254250350
254250310,254250370
254250310,254410080
254250310,254410090
254250320,254250330
254250320,254250340
254250320,254410090
254250320,254410100
254250320,254410110
254250330,254250340
254250330,254410110
254250340,254250350
254250340,254250360
254250350,254250360
254250350,254250370
254250360,254250370
254250360,254250380
254250370,254250380
254250370,254250390
254250380,254250390
254250380,254250400
254250390,254250400
254250390,254250420
254250400,254250410
254250400,254250420
254250410,254250420
254410010,254410020
254410010,254410040
254410010,254410130
254410010,254410140
254410010,254410150
254410020,254410030
254410020,254410040
254410020,254410130
254410020,254420020
254410020,254420030
254410030,254410040
254410040,254410050
254410040,254410070
254410040,254410140
254410050,254410060
254410050,254410070
254410060,254410070
254410070,254410080
254410070,254410100
254410070,254410140
254410080,254410090
254410080,254410100
254410090,254410100
254410100,254410110
254410100,254410140
254410100,254410150
254410110,254410150
254410110,254410160
254410120,254410130
254410120,254420020
254410120,25442010002
254410130,254420020
254410140,254410150
254410150,254410160
254420010,254420020
254420010,254420030
254420010,254420050
254420010,254420060
254420010,254420120
254420010,254420130
254420020,254420030
254420020,25442010002
254420020,254420120
254420030,254420040
254420030,254420050
254420040,254420050
254420040,254430130
254420050,254420060
254420050,254430120
254420050,254430130
254420060,254420070
254420060,254420130
254420060,254430120
254420070,254420080
254420070,254420090
254420070,254420130
254420070,254430120
254420070,254430250
254420080,254420090
254420080,254430250
254420090,25442010001
254420090,25442010002
254420090,254420130
254420090,254430230
254420090,254430250
25442010001,25442010002
25442010001,254420120
25442010001,254420130
25442010002,254420120
254420120,254420130
254430010,254430020
254430010,254430030
254430010,254430080
254430010,254430090
254430010,254430110
254430010,254430120
254430010,254430240
254430020,254430030
254430020,254430040
254430020,254430240
254430020,254430340
254430020,254430350
254430020,254430380
254430030,254430040
254430030,254430080
254430040,254430050
254430040,254430060
254430040,254430080
254430040,254430380
254430050,254430060
254430050,254430140
254430050,254430210
254430050,254430380
254430060,254430070
254430060,254430080
254430060,254430210
254430070,254430080
254430070,254430090
254430070,254430100
254430080,254430090
254430090,254430100
254430090,254430110
254430100,254430110
254430120,254430130
254430120,254430240
254430120,254430250
254430140,254430150
254430140,254430170
254430140,254430180
254430140,254430210
254430140,254430380
254430150,254430160
254430150,254430170
254430150,254430190
254430150,254430380
254430160,254430170
254430160,254430190
254430160,254430200
254430170,254430180
254430180,254430210
254430190,254430200
254430190,254430370
254430190,254430380
254430190,254430390
254430220,254430230
254430220,254430260
254430220,254430310
254430230,254430240
254430230,254430250
254430230,254430260
254430230,254430270
254430230,254430310
254430230,254430320
254430240,254430250
254430240,254430320
254430240,254430330
254430240,254430340
254430260,254430270
254430260,254430300
254430260,254430310
254430270,254430280
254430270,254430290
254430270,254430300
254430280,254430290
254430280,254430300
254430280,254430340
254430300,254430310
254430300,254430330
254430300,254430340
254430310,254430320
254430310,254430330
254430320,254430330
254430330,254430340
254430340,254430350
254430340,254430360
254430340,254430370
254430340,254430380
254430350,254430380
254430360,254430370
254430360,254430390
254430370,254430380
254430370,254430390
26,262020220
26,26205005002
26,26205005004
26,26205005005
26,26205005007
26,26205005008
26,26205006001
26,26205006003
26,26205006005
26,26465001004
26,26465002003
26,26465002004
26,26465002006
26,264650030
26101001001,26101001002
26101001001,26101001004
26101001001,26101001018
26101001001,26101001021
26101001002,26101001003
26101001002,26101001018
26101001002,26101001020
26101001002,26101006011
26101001003,26101001020
26101001003,26101006009
26101001003,26101006010
26101001003,26101006011
26101001004,26101001005
26101001004,26101001021
26101001004,26101003008
26101001004,26101003009
26101001004,26101003010
26101001004,26101003017
26101001004,26101004006
26101001004,26101004010
26101001004,26101004011
26101001004,26101004014
26101001004,26101004017
26101001004,26101005004
26101001004,26101005005
26101001004,26101005009
26101001004,26101006011
26101001005,26101001006
26101001005,26101001007
26101001005,26101001008
26101001005,26101001010
26101001005,26101001021
26101001005,26101003009
26101001006,26101001007
26101001006,26101001008
26101001006,26101001009
26101001006,26101001012
26101001006,26101002010
26101001006,26101002020
26101001006,26101002021
26101001006,26101002022
26101001006,26101002026
26101001007,26101001009
26101001007,26101001010
26101001007,26101002001
26101001007,26101002009
26101001007,26101002026
26101001008,26101001011
26101001008,26101001012
26101001008,26101001019
26101001008,26101001021
26101001009,26101002009
26101001009,26101002026
26101001010,26101002001
26101001010,26101003004
26101001010,26101003005
26101001010,26101003009
26101001011,26101001012
26101001011,26101001013
26101001011,26101001014
26101001011,26101001016
26101001011,26101001019
26101001011,26101002022
26101001012,26101001014
26101001012,26101002020
26101001012,26101002022
26101001013,26101001014
26101001013,26101001015
26101001013,26101001016
26101001013,26101001017
26101001013,26101007006
26101001013,26101007026
26101001014,26101001016
26101001014,26101002022
26101001014,26101007006
26101001014,26101007029
26101001015,26101001016
26101001015,26101001017
26101001015,26101001020
26101001015,26101001022
26101001016,26101001018
26101001016,26101001019
26101001016,26101001020
26101001017,26101001022
26101001017,26101006013
26101001017,26101007001
26101001017,26101007002
26101001017,26101007026
26101001018,26101001019
26101001018,26101001020
26101001018,26101001021
26101001019,26101001021
26101001020,26101001022
26101001020,26101006010
26101001022,26101006010
26101001022,26101006013
26101002001,26101002002
26101002001,26101002009
26101002001,26101002011
26101002001,26101002026
26101002001,26101003005
26101002001,26101003006
26101002002,26101002009
26101002002,26101002011
26101002002,26101002013
26101002002,26101003001
26101002002,26101003005
26101002002,26101003006
26101002003,26101002004
26101002003,26101002005
26101002003,26101002006
26101002003,26101002008
26101002003,26101002010
26101002003,26101002012
26101002003,26101002016
26101002003,26101002019
26101002004,26101002005
26101002004,26101002006
26101002004,26101002024
26101002004,26101007039
26101002005,26101002010
26101002005,26101002021
26101002005,26101002024
26101002006,26101002007
26101002006,26101002019
26101002006,26101007039
26101002007,26101002017
26101002007,26101002019
26101002007,26101007011
26101002007,26101007038
26101002007,26101007039
26101002007,26101007051
26101002007,26101009011
26101002008,26101002009
26101002008,26101002010
26101002008,26101002011
26101002008,26101002012
26101002008,26101002026
26101002009,26101002011
26101002009,26101002026
26101002010,26101002021
26101002010,26101002026
26101002011,26101002012
26101002011,26101002013
26101002011,26101002014
26101002011,26101002015
26101002012,26101002015
26101002012,26101002016
26101002012,26101002018
26101002013,26101002014
26101002013,26101002025
26101002013,26101003001
26101002013,26101003002
26101002013,26101010006
26101002014,26101002015
26101002014,26101002025
26101002014,26101010003
26101002014,26101010006
26101002015,26101002016
26101002015,26101002018
26101002015,26101010003
26101002015,26101010006
26101002016,26101002018
26101002016,26101002019
26101002017,26101002018
26101002017,26101002019
26101002017,26101009011
26101002017,26101009014
26101002017,26101010001
26101002018,26101002019
26101002018,26101010001
26101002018,26101010003
26101002020,26101002021
26101002020,26101002022
26101002020,26101002023
26101002021,26101002023
26101002021,26101002024
26101002022,26101002023
26101002022,26101007029
26101002023,26101002024
26101002023,26101007028
26101002023,26101007029
26101002023,26101007035
26101002024,26101007035
26101002024,26101007039
26101002025,26101003001
26101002025,26101003002
26101002025,26101003003
26101002025,26101010006
26101002025,26101010009
26101003001,26101003002
26101003001,26101003006
26101003001,26101003018
26101003001,26101003020
26101003002,26101003003
26101003002,26101003020
26101003002,26101010010
26101003002,26101011025
26101003003,26101010009
26101003004,26101003005
26101003004,26101003009
26101003004,26101003012
26101003005,26101003006
26101003005,26101003009
26101003005,26101003012
26101003005,26101003014
26101003006,26101003014
26101003006,26101003018
26101003007,26101003008
26101003007,26101003010
26101003007,26101003011
26101003007,26101003013
26101003007,26101003015
26101003007,26101003016
26101003007,26101003017
26101003008,26101003010
26101003008,26101003011
26101003008,26101003017
26101003009,26101003010
26101003009,26101003011
26101003009,26101003012
26101003010,26101003011
26101003011,26101003012
26101003011,26101003013
26101003012,26101003013
26101003012,26101003014
26101003013,26101003014
26101003013,26101003015
26101003013,26101003018
26101003013,26101003019
26101003013,26101003021
26101003014,26101003018
26101003014,26101003019
26101003015,26101003016
26101003015,26101003019
26101003015,26101003021
26101003016,26101003017
26101003016,26101003021
26101003016,26101004003
26101003016,26101004006
26101003017,26101004006
26101003017,26101004011
26101003018,26101003019
26101003018,26101003020
26101003019,26101003020
26101003019,26101003021
26101003019,26101003022
26101003020,26101003022
26101003020,26101010010
26101003020,26101011024
26101003020,26101011025
26101003021,26101003022
26101003021,26101004003
26101003021,26101004016
26101003021,26101011021
26101003022,26101011021
26101003022,26101011024
26101004001,26101004014
26101004001,26101005009
26101004002,26101004004
26101004002,26101004005
26101004002,26101011015
26101004002,26102009001
26101004002,26102010051
26101004003,26101004004
26101004003,26101004005
26101004003,26101004006
26101004003,26101004016
26101004004,26101004005
26101004004,26101004016
26101004004,26101011015
26101004004,26101011022
26101004005,26101004006
26101004005,26102009001
26101004005,26102009007
26101004005,26102009021
26101004006,26101004007
26101004006,26101004009
26101004006,26101004011
26101004006,26102009006
26101004006,26102009007
26101004007,26101004008
26101004007,26101004009
26101004007,26101004011
26101004007,26101004013
26101004008,26101004009
26101004008,26101004012
26101004008,26101004013
26101004008,26101004015
26101004008,26102007008
26101004009,26102007008
26101004009,26102009006
26101004009,26102009015
26101004009,26102009016
26101004009,26102009017
26101004009,26102009018
26101004009,26102009019
26101004009,26102009024
26101004009,26102009025
26101004010,26101004011
26101004010,26101004013
26101004010,26101004014
26101004011,26101004013
26101004012,26101004015
26101004012,26102007003
26101004012,26102007008
26101004012,26102007009
26101004012,26102007010
26101004012,26102007012
26101004013,26101004014
26101004013,26101004015
26101004014,26101004015
26101004014,26101004017
26101004014,26101005009
26101004014,26101005010
26101004015,26101005002
26101004015,26101005007
26101004015,26101005010
26101004015,26101013001
26101004015,26102007003
26101004016,26101011020
26101004016,26101011021
26101004016,26101011022
26101004017,26101005009
26101005001,26101005004
26101005001,26101005006
26101005001,26101016005
26101005002,26101005003
26101005002,26101005006
26101005002,26101005007
26101005002,26101013001
26101005003,26101005006
26101005003,26101013001
26101005003,26101015002
26101005003,26101016012
26101005004,26101005005
26101005004,26101005006
26101005004,26101006011
26101005004,26101006013
26101005004,26101016005
26101005005,26101005006
26101005005,26101005008
26101005005,26101005009
26101005006,26101005007
26101005006,26101005008
26101005006,26101016005
26101005006,26101016012
26101005007,26101005008
26101005007,26101005010
26101005008,26101005010
26101005009,26101005010
26101006001,26101006005
26101006001,26101007008
26101006002,26101006016
26101006002,26101006017
26101006002,26101006030
26101006002,26101006031
26101006002,26101007008
26101006003,26101006004
26101006003,26101006005
26101006003,26101006018
26101006003,26101006029
26101006003,26101007008
26101006003,26101016017
26101006003,26101016031
26101006004,26101006005
26101006004,26101006006
26101006004,26101006007
26101006004,26101016017
26101006005,26101006006
26101006005,26101007004
26101006005,26101007008
26101006006,26101006007
26101006006,26101006008
26101006006,26101007001
26101006006,26101007002
26101006006,26101007004
26101006007,26101006008
26101006007,26101006013
26101006007,26101016017
26101006008,26101006013
26101006008,26101007001
26101006009,26101006010
26101006009,26101006011
26101006009,26101006013
26101006010,26101006013
26101006011,26101006013
26101006012,26101006015
26101006012,26101006026
26101006012,26101006027
26101006012,26101006028
26101006012,26108021024
26101006013,26101007001
26101006013,26101016004
26101006013,26101016005
26101006013,26101016017
26101006014,26101006017
26101006014,26101006018
26101006014,26101006028
26101006014,26101006029
26101006014,26101016030
26101006014,26108021024
26101006015,26101006016
26101006015,26101006027
26101006015,26101006028
26101006015,26101006030
26101006015,26101006032
26101006015,26108021024
26101006016,26101006027
26101006016,26101006031
26101006016,26101006032
26101006016,26101006033
26101006016,26101006042
26101006016,26101007008
26101006016,26101007018
26101006017,26101006018
26101006017,26101006028
26101006017,26101006030
26101006017,26101007008
26101006018,26101006029
26101006018,26101007008
26101006018,26101016031
26101006019,26101006020
26101006019,26101006039
26101006019,26101006040
26101006019,26101006041
26101006019,26101017006
26101006020,26101006021
26101006020,26101006039
26101006020,26101017006
26101006021,26101006023
26101006021,26101006024
26101006021,26101006039
26101006021,26101017006
26101006021,26108020034
26101006022,26101006023
26101006022,26101006024
26101006022,26101006025
26101006022,26101006026
26101006022,26108021024
26101006023,26101006024
26101006023,26108020034
26101006023,26108021024
26101006024,26101006025
26101006024,26101006038
26101006024,26101006039
26101006025,26101006026
26101006025,26101006037
26101006025,26101006038
26101006025,26101006042
26101006026,26101006027
26101006026,26101006042
26101006026,26108021024
26101006027,26101006042
26101006028,26101006030
26101006028,26108021024
26101006029,26101016030
26101006029,26101016031
26101006030,26101006031
26101006030,26101006032
26101006031,26101006032
26101006033,26101006034
26101006033,26101006035
26101006033,26101006042
26101006033,26101007018
26101006034,26101006035
26101006034,26101007018
26101006034,26101007080
26101006034,26101007081
26101006035,26101006036
26101006035,26101006037
26101006035,26101006042
26101006035,26101007081
26101006036,26101006037
26101006036,26101007081
26101006036,26101017013
26101006037,26101006038
26101006037,26101006039
26101006037,26101006042
26101006037,26101017013
26101006038,26101006039
26101006039,26101006040
26101006039,26101017013
26101006040,26101006041
26101006040,26101017013
26101006041,26101017006
26101006041,26101017013
26101007001,26101007002
26101007002,26101007004
26101007002,26101007007
26101007002,26101007008
26101007002,26101007026
26101007003,26101007005
26101007003,26101007006
26101007003,26101007007
26101007003,26101007027
26101007003,26101007032
26101007003,26101007033
26101007003,26101007070
26101007004,26101007008
26101007005,26101007007
26101007005,26101007008
26101007005,26101007070
26101007006,26101007026
26101007006,26101007027
26101007006,26101007029
26101007006,26101007031
26101007006,26101007033
26101007007,26101007008
26101007007,26101007026
26101007007,26101007027
26101007008,26101007018
26101007008,26101007025
26101007008,26101007052
26101007008,26101007053
26101007008,26101007054
26101007008,26101007069
26101007008,26101007070
26101007008,26101007071
26101007008,26101007073
26101007008,26101007075
26101007008,26101007078
26101007008,26101007079
26101007008,26101007080
26101007008,26101008050
26101007009,26101007010
26101007009,26101007038
26101007009,26101007044
26101007009,26101007048
26101007009,26101007050
26101007010,26101007012
26101007010,26101007023
26101007010,26101007038
26101007010,26101007041
26101007010,26101007042
26101007010,26101007043
26101007010,26101007048
26101007010,26101007050
26101007011,26101007038
26101007011,26101007039
26101007011,26101007040
26101007012,26101007013
26101007012,26101007015
26101007012,26101007023
26101007012,26101007024
26101007012,26101007042
26101007012,26101007043
26101007012,26101007049
26101007013,26101007014
26101007013,26101007015
26101007013,26101007032
26101007013,26101007034
26101007013,26101007043
26101007013,26101007045
26101007014,26101007015
26101007014,26101007032
26101007014,26101007045
26101007014,26101007070
26101007015,26101007024
26101007015,26101007045
26101007015,26101007047
26101007016,26101007045
26101007016,26101007046
26101007016,26101007047
26101007016,26101007069
26101007016,26101008046
26101007016,26101008047
26101007017,26101007025
26101007017,26101007074
26101007017,26101007076
26101007017,26101007077
26101007017,26101007078
26101007017,26101007081
26101007018,26101007079
26101007018,26101007080
26101007019,26101007020
26101007019,26101007021
26101007019,26101007024
26101007019,26101007047
26101007019,26101008034
26101007019,26101008041
26101007019,26101008047
26101007020,26101007021
26101007020,26101007022
26101007020,26101007024
26101007020,26101007049
26101007020,26101008041
26101007021,26101007022
26101007021,26101007083
26101007021,26101008041
26101007022,26101007048
26101007022,26101007049
26101007022,26101007051
26101007022,26101007083
26101007023,26101007024
26101007023,26101007049
26101007023,26101007050
26101007024,26101007047
26101007024,26101007049
26101007025,26101007054
26101007025,26101007073
26101007025,26101007074
26101007025,26101007075
26101007025,26101007078
26101007025,26101007080
26101007026,26101007027
26101007027,26101007033
26101007028,26101007029
26101007028,26101007030
26101007028,26101007031
26101007028,26101007035
26101007028,26101007036
26101007030,26101007031
26101007030,26101007035
26101007030,26101007036
26101007030,26101007037
26101007030,26101007041
26101007030,26101007042
26101007030,26101007043
26101007031,26101007033
26101007031,26101007034
26101007031,26101007042
26101007031,26101007043
26101007032,26101007033
26101007032,26101007034
26101007032,26101007070
26101007033,26101007034
26101007033,26101007043
26101007034,26101007043
26101007035,26101007036
26101007035,26101007039
26101007036,26101007037
26101007036,26101007039
26101007036,26101007040
26101007037,26101007038
26101007037,26101007040
26101007037,26101007041
26101007037,26101007042
26101007038,26101007040
26101007038,26101007041
26101007038,26101007044
26101007039,26101007040
26101007040,26101007041
26101007041,26101007042
26101007042,26101007043
26101007044,26101007048
26101007044,26101007051
26101007045,26101007047
26101007045,26101007069
26101007045,26101007070
26101007046,26101007069
26101007046,26101008045
26101007046,26101008046
26101007046,26101008047
26101007047,26101008047
26101007048,26101007049
26101007048,26101007050
26101007048,26101007051
26101007049,26101007050
26101007051,26101007083
26101007051,26101008025
26101007051,26101009011
26101007051,26101009026
26101007053,26101007071
26101007053,26101008044
26101007053,26101008050
26101007054,26101007067
26101007054,26101007073
26101007054,26101007075
26101007054,26101008050
26101007056,26101007057
26101007056,26101007058
26101007056,26101019001
26101007057,26101007058
26101007057,26101007059
26101007057,26101008020
26101007057,26101019001
26101007058,26101007059
26101007058,26101007060
26101007058,26101019001
26101007058,26101019002
26101007059,26101007060
26101007059,26101007061
26101007059,26101008020
26101007060,26101007061
26101007060,26101007062
26101007060,26101019002
26101007061,26101007062
26101007061,26101007063
26101007061,26101007064
26101007061,26101008020
26101007062,26101007063
26101007062,26101007076
26101007062,26101007077
26101007062,26101007082
26101007062,26101019002
26101007063,26101007064
26101007063,26101007065
26101007063,26101007074
26101007063,26101007075
26101007063,26101007076
26101007064,26101007065
26101007064,26101008020
26101007065,26101007066
26101007065,26101007075
26101007065,26101008020
26101007066,26101007067
26101007066,26101007068
26101007066,26101007075
26101007066,26101008020
26101007067,26101007068
26101007067,26101007072
26101007067,26101007073
26101007067,26101007075
26101007067,26101008050
26101007068,26101007072
26101007068,26101008020
26101007068,26101008037
26101007068,26101008042
26101007069,26101007070
26101007069,26101007071
26101007069,26101008035
26101007069,26101008044
26101007069,26101008045
26101007070,26101007071
26101007071,26101008044
26101007072,26101008042
26101007072,26101008044
26101007072,26101008050
26101007073,26101007075
26101007074,26101007075
26101007074,26101007076
26101007076,26101007077
26101007076,26101007082
26101007077,26101007078
26101007077,26101007081
26101007077,26101007082
26101007078,26101007080
26101007078,26101007081
26101007079,26101007080
26101007080,26101007081
26101007081,26101007082
26101007081,26101017012
26101007081,26101017013
26101007081,26101019002
26101007082,26101019002
26101007083,26101008022
26101007083,26101008025
26101007083,26101008026
26101007083,26101008041
26101007083,26101008048
26101008001,26101008003
26101008001,26101008012
26101008001,26101008014
26101008001,26101008018
26101008001,26101008024
26101008001,26101008025
26101008001,26101008026
26101008001,26101008031
26101008001,26101008033
26101008002,26101008027
26101008002,26103002004
26101008003,26101008004
26101008003,26101008005
26101008003,26101008011
26101008003,26101008012
26101008003,26101008014
26101008003,26101008024
26101008003,26101008025
26101008003,26101008028
26101008003,26101008029
26101008003,26101009022
26101008003,26103001310
26101008003,26103002004
26101008004,26101008005
26101008004,26101008028
26101008004,26101008029
26101008005,26101008029
26101008006,26101008007
26101008006,26101008027
26101008006,26101008028
26101008006,26101008029
26101008006,26101008030
26101008007,26101008008
26101008007,26101008009
26101008007,26101008010
26101008007,26101008011
26101008007,26101008027
26101008008,26101008010
26101008008,26101008015
26101008008,26101008027
26101008009,26101008010
26101008009,26101008011
26101008009,26101008012
26101008010,26101008012
26101008010,26101008015
26101008010,26101008018
26101008010,26101008031
26101008011,26101008012
26101008011,26101008029
26101008012,26101008014
26101008012,26101008031
26101008013,26101008016
26101008013,26101008017
26101008013,26101008019
26101008013,26101008027
26101008013,26101008049
26101008015,26101008017
26101008015,26101008018
26101008015,26101008027
26101008015,26101008049
26101008016,26101008017
26101008016,26101008018
26101008016,26101008019
26101008016,26101008023
26101008016,26101008032
26101008017,26101008018
26101008017,26101008023
26101008017,26101008049
26101008018,26101008021
26101008018,26101008023
26101008018,26101008031
26101008018,26101008033
26101008019,26101008027
26101008019,26101008032
26101008019,26101008037
26101008019,26101008038
26101008019,26101008039
26101008020,26101008027
26101008020,26101008037
26101008020,26101019001
26101008020,26103002004
26101008020,26103003003
26101008021,26101008023
26101008021,26101008033
26101008022,26101008023
26101008022,26101008026
26101008022,26101008032
26101008022,26101008033
26101008022,26101008040
26101008022,26101008048
26101008023,26101008032
26101008023,26101008033
26101008024,26101008025
26101008025,26101008026
26101008025,26101009022
26101008025,26101009026
26101008026,26101008033
26101008026,26101008048
26101008027,26101008028
26101008027,26101008030
26101008027,26101008037
26101008027,26101008049
26101008027,26103002004
26101008028,26101008029
26101008028,26103002004
26101008032,26101008038
26101008032,26101008040
26101008034,26101008041
26101008034,26101008045
26101008034,26101008046
26101008034,26101008047
26101008034,26101008048
26101008035,26101008036
26101008035,26101008038
26101008035,26101008040
26101008035,26101008043
26101008035,26101008044
26101008035,26101008045
26101008035,26101008048
26101008036,26101008037
26101008036,26101008038
26101008036,26101008039
26101008036,26101008040
26101008036,26101008042
26101008036,26101008043
26101008037,26101008039
26101008037,26101008042
26101008038,26101008039
26101008038,26101008040
26101008040,26101008048
26101008041,26101008048
26101008042,26101008043
26101008042,26101008044
26101008043,26101008044
26101008044,26101008050
26101008045,26101008046
26101008045,26101008048
26101008046,26101008047
26101009001,26101009002
26101009001,26101009016
26101009001,26101009023
26101009001,26101009033
26101009002,26101009003
26101009002,26101009019
26101009002,26101009023
26101009002,26101009031
26101009002,26101009032
26101009002,26101009033
26101009003,26101009004
26101009003,26101009005
26101009003,26101009006
26101009003,26101009019
26101009003,26101009032
26101009004,26101009005
26101009004,26101009019
26101009004,26101009024
26101009004,26101009025
26101009005,26101009006
26101009005,26101009010
26101009005,26101009020
26101009005,26101009024
26101009005,26101009032
26101009006,26101009007
26101009006,26101009010
26101009006,26101009031
26101009006,26101009032
26101009007,26101009010
26101009007,26101009030
26101009007,26101009031
26101009007,26101009032
26101009007,26101009034
26101009007,26103023025
26101009008,26101009009
26101009008,26101009027
26101009008,26101009030
26101009008,26101009034
26101009008,26103023022
26101009008,26103023036
26101009009,26101009030
26101009009,26101009034
26101009009,26103023022
26101009009,26103023023
26101009009,26103023024
26101009010,26101009020
26101009010,26101009021
26101009010,26103023025
26101009010,26103024030
26101009011,26101009013
26101009011,26101009014
26101009011,26101009022
26101009011,26101009026
26101009012,26101009013
26101009012,26101009015
26101009012,26101009016
26101009012,26101009017
26101009012,26101009022
26101009013,26101009014
26101009013,26101009017
26101009013,26101009022
26101009014,26101009016
26101009014,26101009017
26101009014,26101009027
26101009014,26101009029
26101009014,26101009033
26101009014,26101010001
26101009014,26101010002
26101009014,26101010005
26101009015,26101009016
26101009015,26101009018
26101009015,26101009022
26101009015,26101009023
26101009016,26101009017
26101009016,26101009023
26101009016,26101009033
26101009018,26101009022
26101009018,26101009023
26101009018,26101009024
26101009018,26101009025
26101009019,26101009023
26101009019,26101009025
26101009020,26101009021
26101009020,26101009022
26101009020,26101009024
26101009021,26101009022
26101009021,26101009028
26101009021,26103001310
26101009021,26103024030
26101009021,26103024031
26101009021,26103024048
26101009022,26101009024
26101009022,26101009026
26101009022,26103001310
26101009023,26101009025
26101009024,26101009025
26101009027,26101009029
26101009027,26101009030
26101009027,26101010005
26101009027,26103023036
26101009028,26103001310
26101009028,26103024031
26101009029,26101009030
26101009029,26101009031
26101009029,26101009033
26101009030,26101009031
26101009030,26101009033
26101009030,26101009034
26101009031,26101009032
26101009031,26101009033
26101009031,26101009034
26101009032,26101009033
26101009034,26103023024
26101009034,26103023025
26101010001,26101010002
26101010001,26101010003
26101010002,26101010003
26101010002,26101010004
26101010002,26101010005
26101010002,26101010006
26101010003,26101010004
26101010003,26101010006
26101010004,26101010005
26101010004,26101010006
26101010004,26101010007
26101010004,26101010008
26101010004,26101010009
26101010005,26101010007
26101010005,26101010008
26101010005,26101012007
26101010005,26103023036
26101010006,26101010008
26101010006,26101010009
26101010007,26101010008
26101010007,26101010012
26101010007,26101012001
26101010007,26101012007
26101010008,26101010009
26101010008,26101010011
26101010008,26101010012
26101010009,26101010010
26101010009,26101010011
26101010010,26101010011
26101010010,26101011024
26101010010,26101011025
26101010011,26101010012
26101010011,26101011024
26101010012,26101011010
26101010012,26101011023
26101010012,26101011024
26101010012,26101012002
26101010012,26101012007
26101010012,26101012008
26101011001,26101011009
26101011001,26101011015
26101011001,26102010051
26101011001,26102010053
26101011002,26101011003
26101011002,26101011004
26101011002,26101012004
26101011002,26101012005
26101011003,26101011005
26101011003,26101011014
26101011003,26101012004
26101011004,26101011005
26101011004,26101012005
26101011004,26102010062
26101011005,26101011006
26101011005,26101011014
26101011005,26102010058
26101011005,26102010060
26101011005,26102010061
26101011005,26102010062
26101011006,26101011014
26101011006,26101011016
26101011006,26102010057
26101011006,26102010058
26101011007,26101011008
26101011007,26101011016
26101011007,26102010056
26101011007,26102010057
26101011008,26101011009
26101011008,26101011015
26101011008,26101011016
26101011008,26102010053
26101011008,26102010056
26101011009,26101011015
26101011009,26102010053
26101011010,26101011011
26101011010,26101011017
26101011010,26101011019
26101011010,26101011023
26101011010,26101012008
26101011011,26101011012
26101011011,26101011013
26101011011,26101011017
26101011011,26101011018
26101011011,26101011019
26101011011,26101012008
26101011012,26101011013
26101011012,26101011014
26101011012,26101012003
26101011012,26101012004
26101011012,26101012008
26101011013,26101011014
26101011013,26101011016
26101011013,26101011018
26101011014,26101011016
26101011014,26101012004
26101011015,26101011016
26101011015,26101011018
26101011015,26101011022
26101011015,26102010051
26101011016,26101011018
26101011016,26101011022
26101011017,26101011019
26101011017,26101011021
26101011017,26101011023
26101011017,26101011024
26101011018,26101011019
26101011018,26101011022
26101011019,26101011020
26101011019,26101011021
26101011019,26101011022
26101011020,26101011021
26101011020,26101011022
26101011021,26101011024
26101011023,26101011024
26101011024,26101011025
26101012001,26101012007
26101012002,26101012007
26101012003,26101012004
26101012003,26101012008
26101012003,26103022010
26101012003,26103022011
26101012004,26101012005
26101012004,26103022002
26101012004,26103022009
26101012004,26103022010
26101012005,26101012006
26101012005,26102010062
26101012005,26102011036
26101012005,26103022002
26101012005,26103022009
26101012006,26102011028
26101012006,26102011036
26101012006,26103022002
26101012007,26101012008
26101012007,26103023036
26101012008,26103022011
26101012008,26103023036
26101013001,26101013002
26101013001,26101013004
26101013001,26101015002
26101013001,26102007003
26101013002,26101013003
26101013002,26101013004
26101013002,26102007003
26101013002,26102017014
26101013003,26101013004
26101013003,26101013005
26101013003,26101015002
26101013003,26102017010
26101013003,26102017014
26101013004,26101015002
26101013004,26102017010
26101013005,26102017010
26101013005,26102017011
26101013005,26102017012
26101013005,26102017013
26101013005,26102017014
26101013005,26102017017
26101014001,26101014002
26101014001,26101014004
26101014001,26101014006
26101014001,26101014007
26101014001,26101014009
26101014001,26101014010
26101014002,26101014004
26101014002,26101014009
26101014002,26102016011
26101014002,26102016012
26101014003,26101014004
26101014003,26101014005
26101014003,26101014006
26101014003,26101015011
26101014003,26101015015
26101014003,26101015019
26101014004,26101014006
26101014004,26101015011
26101014004,26101015019
26101014004,26102016011
26101014004,26102017022
26101014005,26101014006
26101014005,26101014008
26101014005,26101015015
26101014005,26101015016
26101014005,26101015017
26101014005,26108005003
26101014005,26108022006
26101014005,26108022030
26101014005,26108022034
26101014006,26101014007
26101014006,26101014008
26101014007,26101014008
26101014007,26101014009
26101014007,26101014010
26101014008,26101014010
26101014008,26104012001
26101014008,26108005001
26101014008,26108005003
26101014008,26108005018
26101014009,26101014010
26101014009,26102016009
26101014009,26102016012
26101014009,26104012004
26101014010,26104012001
26101014010,26104012004
26101014010,26108005001
26101015001,26101015004
26101015001,26101015005
26101015001,26101015009
26101015001,26101015010
26101015001,26101016001
26101015001,26101016019
26101015002,26101015003
26101015002,26101015004
26101015002,26101015005
26101015002,26101016009
26101015002,26101016012
26101015002,26101016016
26101015002,26102017010
26101015003,26101015004
26101015003,26101016001
26101015003,26101016002
26101015003,26101016016
26101015004,26101015005
26101015004,26101016001
26101015005,26101015008
26101015005,26101015010
26101015005,26101015014
26101015005,26102017010
26101015005,26102017011
26101015005,26102017013
26101015006,26101015007
26101015006,26101015008
26101015006,26101015011
26101015006,26101015012
26101015006,26101015013
26101015006,26101015014
26101015007,26101015008
26101015007,26101015009
26101015007,26101015012
26101015007,26101016020
26101015007,26101016021
26101015008,26101015009
26101015008,26101015010
26101015008,26101015013
26101015008,26101015014
26101015009,26101015010
26101015009,26101016019
26101015009,26101016021
26101015011,26101015012
26101015011,26101015013
26101015011,26101015015
26101015011,26101015019
26101015012,26101015015
26101015012,26101015018
26101015012,26101016020
26101015012,26101016021
26101015012,26101016029
26101015013,26101015014
26101015013,26101015019
26101015014,26101015019
26101015014,26102017013
26101015014,26102017022
26101015015,26101015017
26101015015,26101015018
26101015016,26101015017
26101015016,26101015018
26101015016,26108022024
26101015016,26108022034
26101015017,26101015018
26101015018,26101016029
26101015018,26108022020
26101015018,26108022023
26101015018,26108022024
26101015019,26102016011
26101015019,26102017022
26101016001,26101016002
26101016001,26101016013
26101016001,26101016015
26101016001,26101016019
26101016002,26101016010
26101016002,26101016011
26101016002,26101016013
26101016002,26101016016
26101016003,26101016014
26101016003,26101016018
26101016003,26101016020
26101016003,26101016023
26101016003,26101016025
26101016003,26101016027
26101016003,26101016029
26101016004,26101016005
26101016004,26101016006
26101016004,26101016007
26101016004,26101016008
26101016004,26101016017
26101016004,26101016024
26101016005,26101016006
26101016005,26101016009
26101016005,26101016012
26101016006,26101016007
26101016006,26101016009
26101016006,26101016010
26101016007,26101016008
26101016007,26101016010
26101016007,26101016011
26101016008,26101016011
26101016008,26101016024
26101016008,26101016032
26101016009,26101016010
26101016009,26101016012
26101016009,26101016016
26101016010,26101016011
26101016010,26101016016
26101016011,26101016013
26101016011,26101016018
26101016011,26101016032
26101016013,26101016014
26101016013,26101016015
26101016013,26101016018
26101016014,26101016015
26101016014,26101016018
26101016014,26101016020
26101016015,26101016019
26101016015,26101016020
26101016015,26101016022
26101016017,26101016024
26101016017,26101016031
26101016018,26101016025
26101016018,26101016032
26101016019,26101016021
26101016019,26101016022
26101016020,26101016021
26101016020,26101016022
26101016020,26101016029
26101016021,26101016022
26101016023,26101016027
26101016023,26101016028
26101016023,26101016029
26101016023,26108022035
26101016023,26108022038
26101016024,26101016025
26101016024,26101016031
26101016024,26101016032
26101016025,26101016027
26101016025,26101016031
26101016025,26101016032
26101016026,26101016027
26101016026,26101016028
26101016026,26101016030
26101016026,26101016031
26101016027,26101016028
26101016027,26101016031
26101016028,26101016030
26101016028,26108021024
26101016028,26108022035
26101016029,26108022020
26101016029,26108022038
26101016030,26101016031
26101016030,26108021024
26101017001,26101017002
26101017001,26101017006
26101017001,26101017007
26101017002,26101017006
26101017002,26101017007
26101017002,26101017010
26101017002,26108020034
26101017003,26101017012
26101017003,26101017013
26101017003,26101017014
26101017004,26101017012
26101017004,26101017013
26101017005,26101017015
26101017006,26101017007
26101017006,26101017013
26101017006,26101017014
26101017006,26108020034
26101017007,26101017009
26101017007,26101017010
26101017007,26101017011
26101017007,26101017014
26101017008,26101017009
26101017008,26101017011
26101017008,26101018010
26101017008,26108020034
26101017009,26101017010
26101017009,26101017011
26101017009,26108020034
26101017010,26108020034
26101017011,26101017014
26101017011,26101018004
26101017011,26101018009
26101017011,26101018010
26101017012,26101017013
26101017012,26101017014
26101017012,26101017015
26101017012,26101019002
26101017013,26101017014
26101017014,26101017015
26101017014,26101018009
26101017015,26101018009
26101017015,26101018014
26101017015,26101018016
26101017015,26101019002
26101017015,26101019003
26101018001,26101018002
26101018001,26101018003
26101018001,26101018010
26101018001,26101018011
26101018002,26101018003
26101018002,26101018004
26101018002,26101018010
26101018003,26101018004
26101018003,26101018009
26101018003,26101018011
26101018004,26101018009
26101018004,26101018010
26101018005,26101018006
26101018005,26101018012
26101018005,26101018016
26101018006,26101018007
26101018006,26101018008
26101018006,26101018012
26101018006,26101018013
26101018006,26101018014
26101018006,26101018015
26101018006,26101018016
26101018007,26101018013
26101018007,26101018015
26101018007,26101018016
26101018008,26101018014
26101018008,26101018016
26101018009,26101018011
26101018009,26101018016
26101018009,26108028001
26101018010,26101018011
26101018010,26108020034
26101018010,26108028003
26101018011,26108028001
26101018011,26108028002
26101018011,26108028003
26101018012,26101018016
26101018013,26101018014
26101018013,26101018015
26101018014,26101018015
26101018014,26101018016
26101018014,26101019003
26101018014,26108024003
26101018015,26101018016
26101018015,26108024003
26101018015,26108024004
26101018015,26108024006
26101018015,26108024008
26101018015,26108028001
26101018016,26108028001
26101019001,26101019002
26101019001,26101019003
26101019001,26103003003
26101019001,26108023001
26101019001,26108024003
26101019002,26101019003
26101019003,26108024003
26102001001,26102001002
26102001001,26102001021
26102001001,26102002028
26102001001,26102008002
26102001002,26102001021
26102001002,26102002018
26102001002,26102002028
26102001003,26102001021
26102001003,26102001023
26102001003,26102001026
26102001003,26102001028
26102001003,26102001031
26102001003,26102002018
26102001003,26102002019
26102001004,26102001005
26102001004,26102001006
26102001004,26102001027
26102001004,26102001031
26102001004,26102002020
26102001004,26102004003
26102001004,26102004030
26102001005,26102001006
26102001005,26102001007
26102001005,26102001027
26102001005,26102001028
26102001006,26102001007
26102001006,26102001008
26102001006,26102004003
26102001006,26102004023
26102001007,26102001008
26102001007,26102001009
26102001007,26102001028
26102001008,26102001009
26102001008,26102001010
26102001008,26102004023
26102001009,26102001010
26102001009,26102001014
26102001009,26102001015
26102001009,26102001016
26102001009,26102001028
26102001010,26102001016
26102001010,26102004010
26102001010,26102004023
26102001010,26102004025
26102001011,26102001012
26102001011,26102001020
26102001011,26102008009
26102001011,26102008011
26102001011,26102008012
26102001011,26102008022
26102001011,26102008025
26102001011,26102008027
26102001012,26102001013
26102001012,26102001018
26102001012,26102001020
26102001012,26102001022
26102001012,26102001023
26102001012,26102001024
26102001012,26102008026
26102001012,26102008027
26102001013,26102001014
26102001013,26102001023
26102001013,26102001024
26102001013,26102001025
26102001013,26102001028
26102001013,26102001029
26102001014,26102001017
26102001014,26102001028
26102001014,26102001029
26102001014,26102001030
26102001015,26102001016
26102001015,26102001017
26102001016,26102001017
26102001016,26102004024
26102001016,26102004025
26102001017,26102001019
26102001017,26102001030
26102001017,26102004024
26102001017,26102005002
26102001018,26102001020
26102001018,26102001024
26102001018,26102006009
26102001019,26102001030
26102001019,26102005002
26102001019,26102006021
26102001020,26102006001
26102001020,26102006007
26102001020,26102006009
26102001020,26102008012
26102001021,26102001022
26102001021,26102001023
26102001021,26102002018
26102001021,26102008002
26102001022,26102001023
26102001022,26102008002
26102001022,26102008003
26102001022,26102008024
26102001022,26102008026
26102001023,26102001028
26102001024,26102001025
26102001024,26102006009
26102001025,26102001029
26102001025,26102006009
26102001025,26102006013
26102001025,26102006016
26102001026,26102001027
26102001026,26102001028
26102001026,26102001031
26102001027,26102001028
26102001027,26102001031
26102001029,26102001030
26102001029,26102006016
26102001029,26102006021
26102001030,26102006021
26102001031,26102002019
26102001031,26102002020
26102001031,26102002032
26102002001,26102002002
26102002001,26102002005
26102002001,26102002006
26102002001,26102002021
26102002001,26102002022
26102002001,26102002026
26102002001,26102010020
26102002001,26102010021
26102002001,26102010025
26102002002,26102002025
26102002002,26102002026
26102002002,26102002027
26102002002,26102010020
26102002003,26102002029
26102002003,26102002033
26102002003,26102002037
26102002004,26102002012
26102002004,26102002033
26102002004,26102002042
26102002004,26102003024
26102002004,26102003025
26102002005,26102002006
26102002005,26102002007
26102002005,26102002008
26102002005,26102002022
26102002005,26102002023
26102002005,26102002026
26102002006,26102002026
26102002007,26102002008
26102002007,26102002023
26102002007,26102002024
26102002007,26102002028
26102002007,26102008002
26102002008,26102002009
26102002008,26102002026
26102002008,26102002027
26102002008,26102002028
26102002009,26102002010
26102002009,26102002013
26102002009,26102002027
26102002009,26102002028
26102002009,26102002029
26102002010,26102002012
26102002010,26102002015
26102002010,26102002029
26102002010,26102002030
26102002010,26102002033
26102002011,26102002012
26102002011,26102002015
26102002011,26102002016
26102002012,26102002015
26102002012,26102002016
26102002012,26102002017
26102002012,26102002033
26102002012,26102002034
26102002012,26102003011
26102002012,26102003025
26102002013,26102002018
26102002013,26102002028
26102002013,26102002030
26102002013,26102002031
26102002013,26102002032
26102002014,26102002015
26102002014,26102002016
26102002014,26102002030
26102002014,26102002031
26102002015,26102002016
26102002015,26102002030
26102002016,26102002017
26102002016,26102002020
26102002016,26102002031
26102002017,26102002020
26102002017,26102002034
26102002017,26102002035
26102002017,26102003013
26102002017,26102003016
26102002018,26102002019
26102002018,26102002028
26102002018,26102002031
26102002018,26102002032
26102002019,26102002032
26102002020,26102002031
26102002020,26102002032
26102002020,26102002035
26102002020,26102003016
26102002020,26102003018
26102002020,26102004030
26102002021,26102002022
26102002021,26102010025
26102002021,26102010030
26102002021,26102010031
26102002021,26102010032
26102002022,26102002023
26102002022,26102002024
26102002022,26102010032
26102002022,26102010033
26102002023,26102002024
26102002024,26102008001
26102002024,26102008002
26102002024,26102008020
26102002024,26102010033
26102002025,26102002027
26102002025,26102002029
26102002025,26102002036
26102002025,26102002037
26102002025,26102010020
26102002026,26102002027
26102002027,26102002029
26102002028,26102008002
26102002029,26102002033
26102002029,26102002037
26102002030,26102002031
26102002031,26102002032
26102002033,26102002037
26102002033,26102002041
26102002033,26102002042
26102002034,26102003011
26102002034,26102003013
26102002035,26102003013
26102002035,26102003016
26102002036,26102002037
26102002036,26102002038
26102002036,26102002039
26102002036,26102010017
26102002036,26102010019
26102002036,26102010020
26102002037,26102002038
26102002037,26102002041
26102002038,26102002039
26102002038,26102002041
26102002039,26102002040
26102002039,26102002041
26102002039,26102002044
26102002039,26102010012
26102002039,26102010017
26102002040,26102002044
26102002040,26102002046
26102002040,26102010012
26102002040,26102013043
26102002041,26102002042
26102002041,26102002043
26102002041,26102002044
26102002042,26102002043
26102002042,26102003023
26102002042,26102003024
26102002043,26102002044
26102002043,26102002045
26102002043,26102003022
26102002043,26102003023
26102002044,26102002045
26102002044,26102002046
26102002045,26102002046
26102002045,26102003002
26102002045,26102003021
26102002045,26102003022
26102002046,26102003021
26102002046,26102013043
26102003001,26102003002
26102003001,26102003003
26102003001,26102003021
26102003001,26102003026
26102003001,26102003029
26102003001,26102013036
26102003001,26102013043
26102003002,26102003003
26102003002,26102003005
26102003002,26102003021
26102003002,26102003022
26102003002,26102003026
26102003002,26102003027
26102003003,26102003004
26102003003,26102003026
26102003003,26102003027
26102003003,26102003029
26102003003,26102003030
26102003004,26102003029
26102003004,26102003030
26102003004,26102003034
26102003004,26102013026
26102003004,26102013036
26102003004,26102013037
26102003005,26102003022
26102003005,26102003023
26102003005,26102003024
26102003005,26102003027
26102003006,26102003027
26102003006,26102003030
26102003006,26102003031
26102003007,26102003030
26102003007,26102003031
26102003007,26102003034
26102003007,26102003035
26102003007,26102013016
26102003007,26102013034
26102003007,26102013037
26102003008,26102003011
26102003008,26102003024
26102003008,26102003025
26102003008,26102003027
26102003009,26102003010
26102003009,26102003012
26102003009,26102003027
26102003009,26102003031
26102003009,26102003032
26102003010,26102003031
26102003010,26102003032
26102003010,26102003035
26102003010,26102003036
26102003010,26102013016
26102003010,26102013017
26102003011,26102003013
26102003011,26102003025
26102003011,26102003027
26102003012,26102003014
26102003012,26102003027
26102003012,26102003032
26102003013,26102003014
26102003013,26102003016
26102003013,26102003027
26102003013,26102003028
26102003014,26102003015
26102003014,26102003017
26102003014,26102003027
26102003014,26102003028
26102003014,26102003032
26102003014,26102003033
26102003015,26102003032
26102003015,26102003033
26102003015,26102003036
26102003015,26102013008
26102003015,26102013017
26102003015,26102013018
26102003016,26102003018
26102003016,26102003028
26102003017,26102003019
26102003017,26102003028
26102003017,26102003033
26102003018,26102003028
26102003018,26102004026
26102003018,26102004030
26102003019,26102003020
26102003019,26102003028
26102003019,26102003033
26102003019,26102004001
26102003020,26102003033
26102003020,26102004001
26102003020,26102004002
26102003020,26102013012
26102003020,26102013018
26102003020,26102014001
26102003021,26102013043
26102003022,26102003023
26102003023,26102003024
26102003024,26102003025
26102003027,26102003030
26102003027,26102003031
26102003028,26102004001
26102003028,26102004026
26102003029,26102013036
26102003030,26102003031
26102003030,26102003034
26102003031,26102003035
26102003032,26102003036
26102003033,26102013018
26102003034,26102013037
26102003035,26102013016
26102003036,26102013017
26102004001,26102004002
26102004001,26102004004
26102004001,26102004005
26102004001,26102004006
26102004001,26102004026
26102004002,26102004006
26102004002,26102013012
26102004002,26102014001
26102004003,26102004007
26102004003,26102004023
26102004003,26102004026
26102004003,26102004030
26102004004,26102004005
26102004004,26102004008
26102004004,26102004026
26102004005,26102004006
26102004005,26102004008
26102004005,26102004028
26102004006,26102004009
26102004006,26102004028
26102004006,26102014001
26102004006,26102014006
26102004006,26102014010
26102004007,26102004010
26102004007,26102004023
26102004007,26102004026
26102004008,26102004011
26102004008,26102004026
26102004008,26102004028
26102004009,26102004012
26102004009,26102004013
26102004009,26102004028
26102004009,26102014010
26102004010,26102004014
26102004010,26102004015
26102004010,26102004023
26102004010,26102004025
26102004010,26102004026
26102004010,26102004027
26102004011,26102004012
26102004011,26102004017
26102004011,26102004018
26102004011,26102004026
26102004011,26102004027
26102004011,26102004028
26102004012,26102004013
26102004012,26102004018
26102004012,26102004028
26102004013,26102004018
26102004013,26102014010
26102004013,26102014016
26102004013,26102014021
26102004014,26102004015
26102004014,26102004025
26102004015,26102004016
26102004015,26102004025
26102004015,26102004027
26102004016,26102004021
26102004016,26102004025
26102004016,26102004027
26102004017,26102004018
26102004017,26102004019
26102004017,26102004027
26102004018,26102004019
26102004018,26102004020
26102004018,26102014021
26102004019,26102004020
26102004019,26102004022
26102004019,26102004027
26102004020,26102004022
26102004020,26102004029
26102004020,26102014021
26102004020,26102015021
26102004020,26102015022
26102004021,26102004024
26102004021,26102004025
26102004021,26102004027
26102004021,26102005025
26102004022,26102004027
26102004022,26102004029
26102004022,26102005001
26102004022,26102005025
26102004024,26102004025
26102004024,26102005002
26102004024,26102005020
26102004024,26102005021
26102004024,26102005025
26102004026,26102004027
26102004026,26102004030
26102004027,26102005025
26102004029,26102005001
26102004029,26102005031
26102004029,26102015022
26102005001,26102005003
26102005001,26102005025
26102005001,26102005026
26102005001,26102005031
26102005002,26102005008
26102005002,26102005020
26102005002,26102006021
26102005003,26102005006
26102005003,26102005026
26102005003,26102005031
26102005004,26102005007
26102005004,26102005031
26102005004,26102015022
26102005004,26102015023
26102005005,26102005009
26102005005,26102005021
26102005005,26102005025
26102005005,26102005026
26102005005,26102005027
26102005006,26102005010
26102005006,26102005026
26102005006,26102005027
26102005006,26102005031
26102005006,26102005032
26102005007,26102005031
26102005007,26102005032
26102005007,26102015023
26102005007,26102015024
26102005008,26102005020
26102005008,26102005021
26102005008,26102005022
26102005008,26102005024
26102005008,26102006021
26102005008,26102006022
26102005009,26102005013
26102005009,26102005015
26102005009,26102005021
26102005009,26102005022
26102005009,26102005023
26102005009,26102005024
26102005009,26102005027
26102005009,26102005028
26102005009,26102005029
26102005009,26102005030
26102005009,26102006006
26102005010,26102005028
26102005010,26102005032
26102005010,26102005033
26102005010,26102005036
26102005011,26102005012
26102005011,26102005032
26102005011,26102005033
26102005011,26102015024
26102005011,26102015025
26102005012,26102005019
26102005012,26102005033
26102005012,26102005035
26102005012,26102005036
26102005012,26102015025
26102005012,26102015026
26102005013,26102005014
26102005013,26102005015
26102005013,26102006006
26102005014,26102005015
26102005014,26102005016
26102005014,26102006006
26102005014,26102016020
26102005014,26102016025
26102005014,26102017033
26102005014,26102017034
26102005015,26102005016
26102005015,26102005030
26102005016,26102005017
26102005016,26102005030
26102005016,26102005036
26102005016,26102016024
26102005016,26102016025
26102005017,26102005018
26102005017,26102005036
26102005017,26102016024
26102005018,26102005019
26102005018,26102005034
26102005018,26102005035
26102005018,26102005036
26102005018,26102016024
26102005019,26102005035
26102005019,26102015017
26102005019,26102015026
26102005019,26102016024
26102005019,26102016029
26102005020,26102005021
26102005021,26102005022
26102005021,26102005025
26102005022,26102005024
26102005023,26102005024
26102005023,26102006005
26102005023,26102006006
26102005023,26102006022
26102005024,26102006022
26102005025,26102005026
26102005026,26102005027
26102005027,26102005028
26102005028,26102005029
26102005028,26102005036
26102005029,26102005030
26102005029,26102005036
26102005030,26102005036
26102005031,26102005032
26102005031,26102015022
26102005032,26102005033
26102005032,26102015024
26102005033,26102005036
26102005033,26102015024
26102005034,26102005035
26102005034,26102005036
26102005035,26102005036
26102006001,26102006007
26102006001,26102006009
26102006001,26102006010
26102006002,26102006009
26102006002,26102006010
26102006002,26102006013
26102006002,26102006014
26102006002,26102006016
26102006002,26102006017
26102006003,26102006004
26102006003,26102006008
26102006003,26102006012
26102006003,26102017015
26102006003,26102017023
26102006004,26102006012
26102006004,26102006015
26102006004,26102006019
26102006004,26102006020
26102006004,26102017023
26102006005,26102006006
26102006005,26102006022
26102006005,26102006023
26102006005,26102017004
26102006005,26102017028
26102006005,26102017033
26102006006,26102017033
26102006007,26102006008
26102006007,26102006010
26102006007,26102006011
26102006007,26102007002
26102006007,26102007021
26102006007,26102008012
26102006008,26102006011
26102006008,26102006012
26102006008,26102007007
26102006008,26102007021
26102006008,26102007023
26102006008,26102007024
26102006008,26102007025
26102006008,26102017015
26102006009,26102006010
26102006009,26102006013
26102006010,26102006011
26102006010,26102006014
26102006011,26102006012
26102006011,26102006014
26102006011,26102006015
26102006012,26102006014
26102006012,26102006015
26102006013,26102006016
26102006014,26102006015
26102006014,26102006017
26102006014,26102006018
26102006015,26102006019
26102006016,26102006017
26102006016,26102006021
26102006017,26102006018
26102006017,26102006021
26102006017,26102006022
26102006018,26102006019
26102006018,26102006022
26102006019,26102006020
26102006019,26102006022
26102006019,26102006023
26102006020,26102006023
26102006020,26102017023
26102006020,26102017028
26102006020,26102017030
26102006021,26102006022
26102006022,26102006023
26102006023,26102017028
26102007001,26102007014
26102007001,26102007021
26102007001,26102007022
26102007001,26102008012
26102007001,26102008014
26102007002,26102007021
26102007002,26102008012
26102007003,26102007004
26102007003,26102007012
26102007003,26102017014
26102007004,26102007005
26102007004,26102007012
26102007004,26102007020
26102007004,26102017014
26102007005,26102007006
26102007005,26102007018
26102007005,26102007020
26102007005,26102007026
26102007005,26102017014
26102007006,26102007007
26102007006,26102007026
26102007006,26102017001
26102007006,26102017014
26102007007,26102007025
26102007007,26102007026
26102007007,26102017001
26102007007,26102017015
26102007008,26102007009
26102007008,26102007013
26102007008,26102007015
26102007008,26102009023
26102007008,26102009025
26102007009,26102007010
26102007009,26102007011
26102007009,26102007015
26102007009,26102007017
26102007009,26102007019
26102007010,26102007011
26102007010,26102007012
26102007011,26102007012
26102007011,26102007019
26102007012,26102007019
26102007012,26102007020
26102007013,26102007014
26102007013,26102007015
26102007013,26102009014
26102007013,26102009023
26102007014,26102007015
26102007014,26102007022
26102007014,26102008014
26102007014,26102008018
26102007014,26102009014
26102007015,26102007017
26102007015,26102007022
26102007016,26102007017
26102007016,26102007018
26102007016,26102007022
26102007016,26102007024
26102007017,26102007018
26102007017,26102007019
26102007017,26102007020
26102007017,26102007022
26102007018,26102007020
26102007018,26102007024
26102007018,26102007026
26102007019,26102007020
26102007021,26102007022
26102007021,26102007024
26102007021,26102008012
26102007022,26102007024
26102007023,26102007024
26102007023,26102007025
26102007024,26102007025
26102007024,26102007026
26102007025,26102007026
26102008001,26102008015
26102008001,26102008019
26102008001,26102008020
26102008001,26102010033
26102008002,26102008003
26102008002,26102008020
26102008003,26102008020
26102008003,26102008024
26102008004,26102008005
26102008004,26102008007
26102008004,26102008008
26102008004,26102008009
26102008004,26102008017
26102008004,26102008018
26102008004,26102009012
26102008005,26102008008
26102008005,26102008013
26102008005,26102008018
26102008006,26102008007
26102008006,26102008010
26102008006,26102008016
26102008006,26102008019
26102008006,26102008020
26102008007,26102008009
26102008007,26102008010
26102008007,26102008016
26102008007,26102008017
26102008008,26102008009
26102008008,26102008011
26102008008,26102008012
26102008008,26102008013
26102008008,26102008014
26102008009,26102008010
26102008009,26102008011
26102008009,26102008022
26102008010,26102008021
26102008010,26102008022
26102008010,26102008023
26102008011,26102008012
26102008012,26102008014
26102008013,26102008014
26102008013,26102008018
26102008014,26102008018
26102008015,26102008016
26102008015,26102008019
26102008015,26102009005
26102008015,26102010033
26102008015,26102010034
26102008015,26102010037
26102008016,26102008017
26102008016,26102008019
26102008016,26102009005
26102008017,26102009004
26102008017,26102009005
26102008017,26102009011
26102008017,26102009012
26102008018,26102009012
26102008018,26102009013
26102008018,26102009014
26102008019,26102008020
26102008020,26102008021
26102008020,26102008023
26102008020,26102008024
26102008021,26102008022
26102008021,26102008023
26102008021,26102008024
26102008021,26102008025
26102008022,26102008025
26102008024,26102008025
26102008024,26102008026
26102008025,26102008026
26102008025,26102008027
26102008026,26102008027
26102009001,26102009002
26102009001,26102009003
26102009001,26102009021
26102009001,26102009026
26102009001,26102010051
26102009002,26102009003
26102009002,26102009009
26102009002,26102009021
26102009002,26102009026
26102009003,26102009004
26102009003,26102009008
26102009003,26102009009
26102009003,26102009010
26102009003,26102009026
26102009004,26102009005
26102009004,26102009010
26102009004,26102009011
26102009004,26102009026
26102009004,26102010034
26102009005,26102010034
26102009006,26102009007
26102009006,26102009017
26102009007,26102009008
26102009007,26102009017
26102009007,26102009018
26102009007,26102009021
26102009008,26102009009
26102009008,26102009010
26102009008,26102009018
26102009008,26102009019
26102009008,26102009020
26102009008,26102009021
26102009009,26102009021
26102009010,26102009011
26102009010,26102009016
26102009010,26102009020
26102009011,26102009012
26102009011,26102009016
26102009011,26102009022
26102009012,26102009013
26102009012,26102009022
26102009013,26102009014
26102009013,26102009022
26102009013,26102009023
26102009014,26102009023
26102009015,26102009016
26102009015,26102009019
26102009015,26102009020
26102009016,26102009020
26102009016,26102009022
26102009016,26102009023
26102009016,26102009024
26102009017,26102009018
26102009018,26102009019
26102009019,26102009020
26102009022,26102009023
26102009022,26102009024
26102009023,26102009024
26102009023,26102009025
26102009024,26102009025
26102009026,26102009027
26102009026,26102010034
26102009026,26102010050
26102009026,26102010051
26102009027,26102010034
26102009027,26102010050
26102009027,26102010051
26102010012,26102010013
26102010012,26102010016
26102010012,26102010017
26102010012,26102013043
26102010013,26102010014
26102010013,26102010016
26102010013,26102010044
26102010013,26102011026
26102010013,26102013043
26102010014,26102010016
26102010014,26102010044
26102010014,26102013043
26102010015,26102010016
26102010015,26102010018
26102010015,26102010024
26102010015,26102010026
26102010015,26102010027
26102010015,26102010044
26102010016,26102010017
26102010016,26102010018
26102010016,26102010044
26102010017,26102010018
26102010017,26102010019
26102010018,26102010019
26102010018,26102010022
26102010018,26102010024
26102010019,26102010020
26102010019,26102010021
26102010019,26102010022
26102010020,26102010021
26102010021,26102010022
26102010021,26102010023
26102010021,26102010025
26102010022,26102010023
26102010022,26102010024
26102010023,26102010024
26102010023,26102010025
26102010024,26102010025
26102010024,26102010026
26102010024,26102010028
26102010025,26102010028
26102010025,26102010030
26102010026,26102010027
26102010026,26102010028
26102010027,26102010028
26102010027,26102010043
26102010027,26102010044
26102010028,26102010029
26102010028,26102010030
26102010028,26102010035
26102010028,26102010043
26102010029,26102010030
26102010029,26102010031
26102010029,26102010035
26102010029,26102010040
26102010029,26102010041
26102010030,26102010031
26102010031,26102010032
26102010031,26102010038
26102010031,26102010040
26102010032,26102010033
26102010032,26102010036
26102010033,26102010036
26102010033,26102010037
26102010034,26102010036
26102010034,26102010037
26102010034,26102010050
26102010035,26102010041
26102010035,26102010043
26102010036,26102010037
26102010036,26102010038
26102010036,26102010039
26102010036,26102010049
26102010036,26102010050
26102010036,26102010051
26102010038,26102010039
26102010038,26102010040
26102010039,26102010040
26102010039,26102010041
26102010039,26102010048
26102010039,26102010049
26102010040,26102010041
26102010041,26102010042
26102010041,26102010043
26102010041,26102010046
26102010041,26102010047
26102010041,26102010048
26102010042,26102010043
26102010042,26102010044
26102010042,26102010046
26102010043,26102010044
26102010044,26102010045
26102010044,26102010046
26102010044,26102010058
26102010044,26102010059
26102010044,26102010060
26102010044,26102010062
26102010044,26102011004
26102010044,26102011006
26102010044,26102011026
26102010045,26102010046
26102010045,26102010055
26102010045,26102010057
26102010045,26102010059
26102010046,26102010047
26102010046,26102010054
26102010046,26102010055
26102010047,26102010048
26102010047,26102010049
26102010047,26102010052
26102010047,26102010054
26102010048,26102010049
26102010049,26102010051
26102010049,26102010052
26102010050,26102010051
26102010051,26102010052
26102010051,26102010053
26102010052,26102010053
26102010052,26102010054
26102010053,26102010054
26102010053,26102010055
26102010053,26102010056
26102010054,26102010055
26102010055,26102010056
26102010055,26102010057
26102010056,26102010057
26102010057,26102010058
26102010057,26102010059
26102010058,26102010059
26102010058,26102010060
26102010060,26102010061
26102010060,26102010062
26102010061,26102010062
26102010062,26102011001
26102010062,26102011004
26102010062,26102011036
26102011001,26102011002
26102011001,26102011003
26102011001,26102011004
26102011001,26102011036
26102011002,26102011003
26102011002,26102011005
26102011002,26102011036
26102011003,26102011004
26102011003,26102011005
26102011003,26102011006
26102011003,26102011008
26102011003,26102011009
26102011004,26102011006
26102011005,26102011007
26102011005,26102011008
26102011005,26102011036
26102011006,26102011009
26102011006,26102011010
26102011006,26102011023
26102011006,26102011026
26102011007,26102011008
26102011007,26102011009
26102011007,26102011010
26102011007,26102011011
26102011007,26102011036
26102011008,26102011009
26102011009,26102011010
26102011010,26102011011
26102011010,26102011014
26102011010,26102011015
26102011010,26102011023
26102011011,26102011012
26102011011,26102011014
26102011011,26102011036
26102011011,26102011037
26102011012,26102011013
26102011012,26102011014
26102011012,26102011019
26102011012,26102011020
26102011012,26102011036
26102011012,26102011037
26102011013,26102011014
26102011013,26102011015
26102011013,26102011020
26102011013,26102011022
26102011013,26102011023
26102011013,26102011024
26102011013,26102011026
26102011014,26102011015
26102011015,26102011023
26102011016,26102011017
26102011016,26102011018
26102011016,26102011019
26102011016,26102011032
26102011016,26102011038
26102011016,26102011046
26102011016,26102013043
26102011017,26102011019
26102011017,26102011021
26102011017,26102011046
26102011018,26102011038
26102011018,26102011039
26102011018,26102011045
26102011018,26102011046
26102011018,26102012017
26102011018,26102013043
26102011019,26102011020
26102011019,26102011021
26102011019,26102011022
26102011019,26102011025
26102011019,26102011032
26102011019,26102011037
26102011019,26102011046
26102011020,26102011022
26102011021,26102011046
26102011022,26102011024
26102011022,26102011025
26102011023,26102011024
26102011023,26102011026
26102011024,26102011025
26102011024,26102011026
26102011025,26102011026
26102011025,26102011046
26102011026,26102011046
26102011027,26102011028
26102011027,26102011041
26102011028,26102011030
26102011028,26102011036
26102011028,26102011040
26102011028,26102011041
26102011028,26102011043
26102011028,26102011044
26102011028,26103022001
26102011028,26103022002
26102011029,26102011030
26102011029,26102011031
26102011029,26102011033
26102011029,26102011034
26102011029,26102011039
26102011029,26102011044
26102011030,26102011031
26102011030,26102011039
26102011030,26102011044
26102011030,26102011045
26102011030,26102012017
26102011030,26103019003
26102011030,26103019006
26102011030,26103020010
26102011030,26103022001
26102011031,26102011039
26102011032,26102011035
26102011032,26102011037
26102011032,26102011038
26102011032,26102011043
26102011032,26102011044
26102011033,26102011034
26102011033,26102011038
26102011033,26102011044
26102011034,26102011038
26102011034,26102011039
26102011035,26102011037
26102011035,26102011040
26102011035,26102011042
26102011035,26102011043
26102011036,26102011037
26102011036,26102011041
26102011036,26102011042
26102011037,26102011042
26102011038,26102011039
26102011038,26102011044
26102011039,26102011045
26102011040,26102011041
26102011040,26102011042
26102011040,26102011043
26102011041,26102011042
26102011043,26102011044
26102011046,26102013043
26102012001,26102012002
26102012001,26102012004
26102012001,26102012008
26102012001,26102012009
26102012001,26103018004
26102012002,26102012003
26102012002,26102012004
26102012002,26103017003
26102012002,26103018004
26102012003,26102012004
26102012003,26102012006
26102012003,26103017003
26102012004,26102012005
26102012004,26102012006
26102012004,26102012009
26102012005,26102012006
26102012005,26102012009
26102012005,26102012010
26102012006,26102012007
26102012006,26102012009
26102012006,26102012010
26102012006,26102012011
26102012006,26103017003
26102012007,26102012011
26102012007,26103017001
26102012007,26103017003
26102012007,26104020004
26102012008,26102012009
26102012008,26102012014
26102012008,26102012018
26102012008,26102012020
26102012008,26102012021
26102012008,26103018004
26102012008,26103019005
26102012009,26102012010
26102012009,26102012014
26102012009,26102012016
26102012010,26102012011
26102012010,26102012013
26102012010,26102012016
26102012011,26102012012
26102012011,26102012013
26102012011,26104020004
26102012011,26104020006
26102012012,26102012013
26102012012,26102012015
26102012012,26104020006
26102012012,26104020012
26102012012,26104020014
26102012013,26102012015
26102012013,26102012016
26102012014,26102012015
26102012014,26102012016
26102012014,26102012019
26102012014,26102012021
26102012015,26102012016
26102012015,26102012019
26102012015,26102013043
26102012015,26104017001
26102012015,26104020014
26102012017,26102012018
26102012017,26102012020
26102012017,26102012021
26102012017,26102013043
26102012017,26103019005
26102012017,26103019006
26102012018,26102012020
26102012018,26102012021
26102012019,26102012021
26102012019,26102013043
26102012020,26103019005
26102012021,26102013043
26102013001,26102013004
26102013001,26102013005
26102013001,26102013008
26102013001,26102013009
26102013001,26102013016
26102013002,26102013003
26102013002,26102013006
26102013002,26102013016
26102013002,26102013019
26102013002,26102013021
26102013002,26102013035
26102013003,26102013007
26102013003,26102013021
26102013003,26102013035
26102013003,26104015010
26102013003,26104015022
26102013003,26104015023
26102013004,26102013008
26102013004,26102013016
26102013004,26102013017
26102013005,26102013009
26102013005,26102013016
26102013005,26102013019
26102013006,26102013010
26102013006,26102013019
26102013006,26102013021
26102013007,26102013011
26102013007,26102013021
26102013007,26104015023
26102013008,26102013009
26102013008,26102013012
26102013008,26102013013
26102013008,26102013017
26102013008,26102013018
26102013009,26102013013
26102013009,26102013019
26102013009,26102013020
26102013010,26102013011
26102013010,26102013014
26102013010,26102013019
26102013010,26102013020
26102013010,26102013021
26102013010,26102013022
26102013011,26102013015
26102013011,26102013021
26102013011,26102013022
26102013011,26104015016
26102013011,26104015023
26102013011,26104015024
26102013012,26102013013
26102013012,26102013018
26102013012,26102014001
26102013013,26102013020
26102013013,26102014001
26102013013,26102014002
26102013013,26102014025
26102013014,26102013020
26102013014,26102013022
26102013014,26102014003
26102013015,26102013022
26102013015,26102014004
26102013015,26104015024
26102013016,26102013017
26102013016,26102013019
26102013016,26102013034
26102013016,26102013035
26102013019,26102013020
26102013020,26102014003
26102013022,26102014003
26102013023,26102013026
26102013023,26102013027
26102013023,26102013036
26102013023,26102013038
26102013023,26102013040
26102013023,26102013043
26102013024,26102013025
26102013024,26102013040
26102013024,26102013042
26102013024,26102013043
26102013025,26102013029
26102013025,26102013042
26102013025,26102013043
26102013025,26104016013
26102013025,26104016024
26102013026,26102013027
26102013026,26102013030
26102013026,26102013036
26102013026,26102013037
26102013026,26102013038
26102013026,26102013039
26102013027,26102013031
26102013027,26102013038
26102013027,26102013039
26102013027,26102013040
26102013027,26102013041
26102013028,26102013029
26102013028,26102013032
26102013028,26102013040
26102013028,26102013041
26102013028,26102013042
26102013029,26102013032
26102013029,26102013033
26102013029,26102013042
26102013029,26104016019
26102013029,26104016024
26102013030,26102013034
26102013030,26102013037
26102013030,26102013039
26102013031,26102013039
26102013031,26102013041
26102013032,26102013033
26102013032,26102013035
26102013032,26102013041
26102013033,26102013035
26102013033,26104015001
26102013034,26102013035
26102013034,26102013037
26102013034,26102013039
26102013034,26102013041
26102013035,26102013041
26102013035,26104015001
26102013035,26104015004
26102013035,26104015022
26102013036,26102013043
26102013039,26102013041
26102013040,26102013042
26102013040,26102013043
26102013043,26104016001
26102013043,26104016007
26102013043,26104016013
26102013043,26104016022
26102013043,26104016023
26102013043,26104017001
26102013043,26104017004
26102013043,26104017007
26102013043,26104017013
26102013043,26104017019
26102013043,26104017020
26102013043,26104017021
26102014001,26102014002
26102014001,26102014006
26102014002,26102014007
26102014002,26102014025
26102014003,26102014004
26102014003,26102014008
26102014003,26102014025
26102014003,26102014027
26102014004,26102014009
26102014004,26102014027
26102014004,26102014029
26102014004,26104015024
26102014005,26102014014
26102014005,26102014029
26102014005,26104001022
26102014005,26104015019
26102014005,26104015020
26102014005,26104015028
26102014006,26102014007
26102014006,26102014010
26102014006,26102014011
26102014007,26102014010
26102014007,26102014011
26102014007,26102014025
26102014008,26102014012
26102014008,26102014025
26102014008,26102014027
26102014009,26102014013
26102014009,26102014027
26102014009,26102014029
26102014010,26102014011
26102014010,26102014016
26102014010,26102014017
26102014011,26102014017
26102014011,26102014018
26102014011,26102014025
26102014011,26102014026
26102014012,26102014019
26102014012,26102014025
26102014012,26102014026
26102014012,26102014027
26102014012,26102014028
26102014013,26102014014
26102014013,26102014015
26102014013,26102014020
26102014013,26102014027
26102014013,26102014028
26102014013,26102014029
26102014014,26102014015
26102014014,26102014029
26102014014,26104001022
26102014015,26102014020
26102014015,26102014024
26102014015,26102015005
26102014015,26102015012
26102014015,26104001022
26102014016,26102014017
26102014016,26102014021
26102014016,26102014022
26102014017,26102014018
26102014017,26102014022
26102014018,26102014022
26102014018,26102014026
26102014019,26102014023
26102014019,26102014026
26102014019,26102014028
26102014020,26102014024
26102014020,26102014028
26102014021,26102014022
26102014021,26102015001
26102014021,26102015021
26102014021,26102015027
26102014022,26102014026
26102014022,26102015002
26102014022,26102015027
26102014022,26102015034
26102014023,26102014024
26102014023,26102014026
26102014023,26102014028
26102014023,26102015003
26102014023,26102015034
26102014023,26102015038
26102014024,26102014028
26102014024,26102015004
26102014024,26102015005
26102014024,26102015038
26102014025,26102014026
26102014026,26102015034
26102014027,26102014028
26102014029,26104015019
26102014029,26104015024
26102015001,26102015006
26102015001,26102015021
26102015001,26102015022
26102015001,26102015027
26102015001,26102015028
26102015002,26102015007
26102015002,26102015027
26102015002,26102015034
26102015003,26102015009
26102015003,26102015034
26102015003,26102015038
26102015004,26102015005
26102015004,26102015010
26102015004,26102015011
26102015004,26102015038
26102015005,26102015011
26102015005,26102015012
26102015006,26102015013
26102015006,26102015022
26102015006,26102015028
26102015006,26102015029
26102015007,26102015008
26102015007,26102015027
26102015007,26102015028
26102015007,26102015029
26102015007,26102015034
26102015007,26102015035
26102015008,26102015029
26102015008,26102015030
26102015008,26102015035
26102015008,26102015036
26102015009,26102015010
26102015009,26102015034
26102015009,26102015035
26102015009,26102015038
26102015009,26102015039
26102015010,26102015011
26102015010,26102015038
26102015010,26102015039
26102015011,26102015012
26102015011,26102015039
26102015011,26102015040
26102015012,26102015040
26102015012,26104001022
26102015013,26102015014
26102015013,26102015022
26102015013,26102015023
26102015013,26102015029
26102015013,26102015030
26102015014,26102015015
26102015014,26102015023
26102015014,26102015024
26102015014,26102015025
26102015014,26102015030
26102015014,26102015031
26102015015,26102015017
26102015015,26102015025
26102015015,26102015026
26102015015,26102015031
26102015015,26102015032
26102015015,26102015033
26102015016,26102015019
26102015016,26102015036
26102015016,26102015037
26102015016,26102015039
26102015016,26102015040
26102015017,26102015026
26102015017,26102015033
26102015017,26102016029
26102015018,26102015032
26102015018,26102015033
26102015018,26102015037
26102015018,26102016019
26102015018,26102016032
26102015019,26102015037
26102015019,26102015040
26102015019,26102016032
26102015019,26104013004
26102015020,26102015040
26102015020,26104013004
26102015020,26104014001
26102015021,26102015022
26102015022,26102015023
26102015023,26102015024
26102015024,26102015025
26102015025,26102015026
26102015027,26102015028
26102015028,26102015029
26102015029,26102015030
26102015030,26102015031
26102015030,26102015036
26102015030,26102015037
26102015031,26102015032
26102015031,26102015037
26102015032,26102015033
26102015032,26102015037
26102015033,26102016019
26102015033,26102016029
26102015034,26102015035
26102015035,26102015036
26102015035,26102015039
26102015036,26102015037
26102015037,26102016032
26102015039,26102015040
26102015040,26104001022
26102015040,26104013004
26102015040,26104014001
26102015040,26104014003
26102016001,26102016002
26102016001,26102016008
26102016001,26102016010
26102016001,26102016023
26102016001,26102016027
26102016001,26102016031
26102016001,26102016034
26102016001,26102017013
26102016001,26102017022
26102016002,26102016003
26102016002,26102016010
26102016002,26102016011
26102016002,26102016012
26102016002,26102016031
26102016003,26102016004
26102016003,26102016005
26102016003,26102016009
26102016003,26102016012
26102016003,26102016013
26102016003,26102016031
26102016004,26102016005
26102016004,26102016009
26102016004,26102016014
26102016005,26102016006
26102016005,26102016013
26102016005,26102016014
26102016005,26102016031
26102016006,26102016007
26102016006,26102016014
26102016006,26102016016
26102016006,26102016017
26102016006,26102016031
26102016007,26102016016
26102016007,26102016017
26102016007,26102016018
26102016007,26104013001
26102016007,26104013003
26102016007,26104013008
26102016008,26102016010
26102016008,26102016011
26102016008,26102017022
26102016009,26102016012
26102016009,26102016014
26102016009,26102016015
26102016009,26104012004
26102016010,26102016011
26102016011,26102016012
26102016011,26102017022
26102016013,26102016031
26102016014,26102016015
26102016014,26102016017
26102016014,26102016018
26102016015,26102016018
26102016015,26104012004
26102016015,26104012009
26102016016,26102016031
26102016016,26102016033
26102016016,26104013003
26102016016,26104013006
26102016016,26104013007
26102016017,26102016018
26102016018,26104012004
26102016018,26104012009
26102016018,26104013001
26102016018,26104013002
26102016019,26102016021
26102016019,26102016024
26102016019,26102016025
26102016019,26102016029
26102016019,26102016030
26102016019,26102016032
26102016019,26102016033
26102016020,26102016022
26102016020,26102016023
26102016020,26102016025
26102016020,26102016027
26102016020,26102017009
26102016020,26102017034
26102016020,26102017035
26102016020,26102017036
26102016021,26102016028
26102016021,26102016030
26102016021,26102016031
26102016021,26102016033
26102016022,26102016023
26102016022,26102017009
26102016023,26102016027
26102016023,26102016034
26102016023,26102017009
26102016024,26102016025
26102016024,26102016029
26102016025,26102016026
26102016025,26102016027
26102016025,26102016028
26102016025,26102016029
26102016025,26102016030
26102016026,26102016027
26102016026,26102016028
26102016027,26102016028
26102016027,26102016031
26102016028,26102016030
26102016028,26102016031
26102016031,26102016033
26102016032,26102016033
26102016032,26104013004
26102016032,26104013005
26102016032,26104013006
26102016033,26104013006
26102016034,26102017009
26102016034,26102017013
26102016034,26102017037
26102017001,26102017014
26102017001,26102017015
26102017001,26102017016
26102017002,26102017015
26102017002,26102017016
26102017002,26102017023
26102017002,26102017024
26102017002,26102017025
26102017003,26102017023
26102017003,26102017024
26102017003,26102017030
26102017003,26102017031
26102017004,26102017028
26102017004,26102017029
26102017004,26102017033
26102017004,26102017034
26102017004,26102017035
26102017004,26102017036
26102017005,26102017006
26102017005,26102017007
26102017005,26102017016
26102017005,26102017024
26102017005,26102017025
26102017006,26102017007
26102017006,26102017012
26102017006,26102017016
26102017006,26102017017
26102017006,26102017018
26102017006,26102017026
26102017007,26102017008
26102017007,26102017024
26102017007,26102017026
26102017007,26102017032
26102017008,26102017009
26102017008,26102017019
26102017008,26102017026
26102017008,26102017029
26102017008,26102017032
26102017008,26102017036
26102017009,26102017013
26102017009,26102017019
26102017009,26102017036
26102017009,26102017037
26102017010,26102017011
26102017011,26102017012
26102017011,26102017013
26102017011,26102017017
26102017012,26102017013
26102017012,26102017017
26102017012,26102017018
26102017012,26102017026
26102017012,26102017027
26102017013,26102017019
26102017013,26102017020
26102017013,26102017021
26102017013,26102017022
26102017013,26102017026
26102017013,26102017027
26102017013,26102017037
26102017014,26102017016
26102017014,26102017017
26102017015,26102017016
26102017015,26102017023
26102017016,26102017017
26102017016,26102017025
26102017018,26102017026
26102017018,26102017027
26102017019,26102017020
26102017019,26102017026
26102017021,26102017022
26102017023,26102017024
26102017023,26102017030
26102017024,26102017025
26102017024,26102017031
26102017024,26102017032
26102017026,26102017027
26102017028,26102017029
26102017028,26102017030
26102017028,26102017031
26102017029,26102017031
26102017029,26102017032
26102017029,26102017036
26102017030,26102017031
26102017031,26102017032
26102017033,26102017034
26102017034,26102017035
26102017035,26102017036
26103001101,26103001102
26103001101,26103001111
26103001101,26103001201
26103001101,26103001203
26103001102,26103001109
26103001102,26103001111
26103001102,26103001201
26103001102,26103001202
26103001103,26103001104
26103001103,26103001106
26103001103,26103001111
26103001103,26103001203
26103001103,26103001204
26103001103,26103002001
26103001103,26103002003
26103001103,26103002004
26103001103,26103002005
26103001104,26103001106
26103001104,26103001203
26103001104,26103001204
26103001106,26103001204
26103001106,26103001304
26103001106,26103001306
26103001106,26103001310
26103001106,26103002002
26103001106,26103002004
26103001108,26103001109
26103001108,26103001208
26103001108,26103008003
26103001108,26103008004
26103001108,26103009041
26103001109,26103001111
26103001109,26103001202
26103001109,26103001208
26103001109,26103001209
26103001109,26103001212
26103001109,26103002003
26103001109,26103007009
26103001109,26103008003
26103001111,26103001203
26103001111,26103002003
26103001201,26103001202
26103001201,26103001203
26103001201,26103001204
26103001202,26103001204
26103001202,26103001205
26103001202,26103001212
26103001202,26103001302
26103001202,26103001307
26103001202,26103001328
26103001203,26103001204
26103001204,26103001205
26103001204,26103001304
26103001204,26103001307
26103001204,26103001327
26103001204,26103001328
26103001208,26103001209
26103001208,26103001212
26103001208,26103001213
26103001208,26103001302
26103001208,26103001308
26103001208,26103001313
26103001208,26103009041
26103001209,26103001212
26103001212,26103001302
26103001213,26103001313
26103001213,26103009029
26103001213,26103009030
26103001213,26103009032
26103001213,26103009041
26103001213,26103009045
26103001213,26103009053
26103001302,26103001307
26103001302,26103001308
26103001304,26103001306
26103001304,26103001327
26103001306,26103001310
26103001306,26103001327
26103001306,26103001331
26103001307,26103001308
26103001307,26103001313
26103001307,26103001315
26103001307,26103001316
26103001307,26103001317
26103001307,26103001322
26103001307,26103001328
26103001307,26103001330
26103001308,26103001313
26103001310,26103001315
26103001310,26103001321
26103001310,26103001322
26103001310,26103001324
26103001310,26103001325
26103001310,26103001326
26103001310,26103001331
26103001310,26103001332
26103001310,26103002004
26103001310,26103024031
26103001310,26103024050
26103001310,26103024051
26103001310,26103024052
26103001310,26103024056
26103001310,26103024058
26103001313,26103001316
26103001313,26103009032
26103001313,26103009045
26103001314,26103001315
26103001314,26103001316
26103001314,26103009038
26103001314,26103009039
26103001315,26103001317
26103001315,26103001322
26103001315,26103009037
26103001315,26103009038
26103001315,26103024051
26103001315,26103024053
26103001315,26103024054
26103001316,26103009032
26103001316,26103009033
26103001316,26103009039
26103001316,26103009054
26103001317,26103001318
26103001317,26103001322
26103001317,26103001329
26103001317,26103001330
26103001318,26103001319
26103001318,26103001322
26103001318,26103001323
26103001318,26103001326
26103001318,26103001329
26103001319,26103001320
26103001319,26103001323
26103001319,26103001326
26103001319,26103001329
26103001320,26103001321
26103001320,26103001323
26103001320,26103001324
26103001320,26103001326
26103001321,26103001324
26103001321,26103001326
26103001321,26103001332
26103001322,26103001323
26103001322,26103001325
26103001323,26103001324
26103001323,26103001325
26103001324,26103001325
26103001326,26103001327
26103001326,26103001328
26103001326,26103001329
26103001326,26103001331
26103001326,26103001332
26103001327,26103001328
26103001327,26103001329
26103001327,26103001331
26103001328,26103001329
26103001328,26103001330
26103001329,26103001330
26103001331,26103001332
26103002001,26103002004
26103002002,26103002004
26103002003,26103002005
26103002003,26103002006
26103002003,26103003001
26103002003,26103003002
26103002003,26103007007
26103002003,26103007008
26103002003,26103007009
26103002003,26103007010
26103002004,26103002005
26103002004,26103003003
26103002005,26103002006
26103002005,26103003002
26103002005,26103003003
26103002006,26103003002
26103003001,26103003002
26103003001,26103003003
26103003001,26103004001
26103003001,26103007010
26103003001,26103007011
26103003001,26108023001
26103003002,26103003003
26103003003,26108023001
26103004001,26103004002
26103004001,26103007011
26103004001,26103007012
26103004001,26108023001
26103004002,26103004003
26103004002,26103004004
26103004002,26103007012
26103004002,26103007013
26103004002,26108023001
26103004002,26108023002
26103004002,26108023003
26103004003,26103004004
26103004004,26103005001
26103004004,26103005005
26103004004,26103006001
26103004004,26103006002
26103004004,26103007013
26103004004,26108023003
26103004004,26108023005
26103005001,26103005002
26103005001,26103005003
26103005001,26103005005
26103005001,26103007013
26103005003,26103005004
26103005003,26103005005
26103005004,26103005005
26103005004,26103006002
26103005004,26213001009
26103005005,26103006002
26103006001,26103006002
26103006001,26103006003
26103006001,26103006004
26103006001,26108023005
26103006002,26103006003
26103006002,26213001009
26103006003,26103006004
26103006003,26103006005
26103006003,26213001009
26103006004,26103006005
26103006004,26108023005
26103006004,26108024001
26103006004,26108025001
26103006005,26108025001
26103006005,26213001009
26103006005,26213001010
26103007001,26103007002
26103007001,26103007009
26103007001,26103008001
26103007002,26103007003
26103007002,26103007008
26103007002,26103007009
26103007003,26103007004
26103007003,26103007007
26103007003,26103007008
26103007004,26103007005
26103007004,26103007007
26103007005,26103007006
26103007005,26103007007
26103007005,26103007010
26103007006,26103007007
26103007006,26103007010
26103007007,26103007008
26103007007,26103007010
26103007008,26103007009
26103007009,26103008001
26103007009,26103008003
26103007010,26103007011
26103007011,26103007012
26103007011,26103007013
26103007012,26103007013
26103008001,26103008002
26103008001,26103008003
26103008002,26103008003
26103008002,26103008004
26103008002,26103010030
26103008002,26103010064
26103008003,26103008004
26103008004,26103009001
26103008004,26103009007
26103008004,26103009041
26103008004,26103010064
26103009001,26103009002
26103009001,26103009007
26103009001,26103009055
26103009001,26103010064
26103009002,26103009003
26103009002,26103009007
26103009002,26103009040
26103009002,26103009052
26103009002,26103009055
26103009002,26103010064
26103009003,26103009004
26103009003,26103009040
26103009003,26103009052
26103009003,26103010065
26103009004,26103009005
26103009004,26103009047
26103009004,26103009049
26103009004,26103009052
26103009004,26103009057
26103009004,26103010031
26103009004,26103010037
26103009004,26103010065
26103009005,26103009006
26103009005,26103009008
26103009005,26103009047
26103009005,26103009049
26103009005,26103009051
26103009006,26103009007
26103009006,26103009008
26103009006,26103009019
26103009006,26103009020
26103009006,26103009047
26103009006,26103009052
26103009007,26103009019
26103009007,26103009041
26103009007,26103009052
26103009007,26103009055
26103009008,26103009009
26103009008,26103009020
26103009008,26103009021
26103009008,26103009047
26103009008,26103009051
26103009009,26103009010
26103009009,26103009021
26103009009,26103009022
26103009009,26103009051
26103009010,26103009011
26103009010,26103009012
26103009010,26103009023
26103009010,26103009051
26103009011,26103009012
26103009011,26103009013
26103009011,26103009018
26103009011,26103009023
26103009011,26103009025
26103009011,26103009026
26103009011,26103009027
26103009011,26103009046
26103009012,26103009018
26103009012,26103009046
26103009012,26103009050
26103009012,26103009051
26103009012,26103009057
26103009013,26103009014
26103009013,26103009018
26103009013,26103009026
26103009013,26103009027
26103009013,26103009035
26103009014,26103009015
26103009014,26103009018
26103009014,26103009035
26103009014,26103009036
26103009015,26103009016
26103009015,26103009018
26103009015,26103009036
26103009016,26103009017
26103009016,26103009018
26103009016,26103009036
26103009016,26103010075
26103009016,26103024024
26103009017,26103009018
26103009017,26103009056
26103009017,26103010045
26103009017,26103010075
26103009018,26103009046
26103009018,26103009056
26103009018,26103009057
26103009019,26103009020
26103009019,26103009041
26103009020,26103009021
26103009020,26103009041
26103009021,26103009022
26103009021,26103009041
26103009022,26103009023
26103009022,26103009024
26103009022,26103009028
26103009022,26103009041
26103009023,26103009024
26103009023,26103009025
26103009023,26103009044
26103009024,26103009025
26103009024,26103009028
26103009024,26103009042
26103009024,26103009043
26103009024,26103009044
26103009025,26103009026
26103009025,26103009027
26103009025,26103009044
26103009026,26103009027
26103009026,26103009031
26103009026,26103009032
26103009026,26103009034
26103009026,26103009035
26103009026,26103009042
26103009026,26103009044
26103009028,26103009029
26103009028,26103009030
26103009028,26103009041
26103009028,26103009043
26103009029,26103009030
26103009029,26103009041
26103009030,26103009043
26103009030,26103009045
26103009030,26103009053
26103009031,26103009032
26103009031,26103009033
26103009031,26103009034
26103009032,26103009033
26103009032,26103009042
26103009032,26103009044
26103009032,26103009045
26103009033,26103009034
26103009033,26103009039
26103009033,26103009054
26103009034,26103009035
26103009034,26103009037
26103009034,26103009039
26103009035,26103009036
26103009035,26103009037
26103009035,26103009039
26103009036,26103009037
26103009036,26103024024
26103009036,26103024047
26103009036,26103024054
26103009037,26103009038
26103009037,26103009039
26103009037,26103024054
26103009038,26103009039
26103009040,26103010064
26103009040,26103010065
26103009042,26103009043
26103009042,26103009044
26103009042,26103009045
26103009043,26103009045
26103009046,26103009057
26103009047,26103009052
26103009048,26103009049
26103009048,26103009050
26103009048,26103009057
26103009049,26103009050
26103009049,26103009051
26103009049,26103009057
26103009050,26103009051
26103009050,26103009057
26103009056,26103009057
26103009056,26103010045
26103009057,26103010031
26103009057,26103010037
26103009057,26103010045
26103010001,26103010024
26103010001,26103012005
26103010001,26103012039
26103010002,26103010003
26103010002,26103010004
26103010002,26103010061
26103010002,26103010070
26103010002,26103010071
26103010002,26103011018
26103010002,26103011022
26103010003,26103010004
26103010003,26103011001
26103010003,26103011002
26103010003,26103011018
26103010003,26103011020
26103010003,26103011022
26103010004,26103010005
26103010004,26103010022
26103010004,26103010061
26103010004,26103011001
26103010005,26103010014
26103010005,26103010015
26103010005,26103010022
26103010005,26103010060
26103010005,26103010061
26103010005,26103011001
26103010006,26103010007
26103010006,26103010008
26103010006,26103010011
26103010006,26103010030
26103010006,26103010049
26103010006,26103010050
26103010006,26103010064
26103010006,26103010067
26103010007,26103010008
26103010007,26103010009
26103010007,26103010011
26103010008,26103010009
26103010008,26103010010
26103010008,26103010049
26103010008,26103010057
26103010009,26103010010
26103010009,26103010011
26103010009,26103010012
26103010009,26103010013
26103010009,26103010014
26103010009,26103010015
26103010010,26103010015
26103010010,26103010057
26103010010,26103010058
26103010010,26103010060
26103010011,26103010012
26103010011,26103010018
26103010011,26103010019
26103010011,26103010023
26103010011,26103010030
26103010012,26103010013
26103010012,26103010018
26103010012,26103010019
26103010013,26103010014
26103010013,26103010015
26103010013,26103010018
26103010014,26103010015
26103010014,26103010018
26103010014,26103010022
26103010015,26103010058
26103010015,26103010060
26103010016,26103010017
26103010016,26103010018
26103010016,26103010019
26103010016,26103010020
26103010016,26103010021
26103010016,26103010022
26103010017,26103010019
26103010017,26103010020
26103010017,26103010021
26103010017,26103010023
26103010017,26103010026
26103010018,26103010019
26103010018,26103010022
26103010019,26103010023
26103010020,26103010021
26103010020,26103010022
26103010020,26103011001
26103010021,26103010026
26103010021,26103010027
26103010021,26103010028
26103010021,26103011001
26103010021,26103011013
26103010022,26103011001
26103010023,26103010024
26103010023,26103010025
26103010023,26103010026
26103010023,26103010027
26103010023,26103010029
26103010023,26103010030
26103010023,26103012039
26103010023,26103012042
26103010024,26103010025
26103010024,26103010029
26103010024,26103012005
26103010024,26103012039
26103010025,26103010029
26103010025,26103011009
26103010025,26103011014
26103010025,26103011015
26103010025,26103012005
26103010026,26103010027
26103010026,26103010028
26103010027,26103010028
26103010027,26103010029
26103010028,26103010029
26103010028,26103011001
26103010028,26103011013
26103010028,26103011014
26103010029,26103011013
26103010029,26103011014
26103010030,26103010064
26103010030,26103012024
26103010030,26103012027
26103010030,26103012042
26103010030,26103012043
26103010031,26103010032
26103010031,26103010033
26103010031,26103010035
26103010031,26103010036
26103010031,26103010037
26103010031,26103010042
26103010031,26103010043
26103010031,26103010044
26103010031,26103010045
26103010031,26103010046
26103010032,26103010033
26103010032,26103010035
26103010033,26103010034
26103010033,26103010035
26103010033,26103010036
26103010033,26103010039
26103010034,26103010035
26103010034,26103010038
26103010034,26103010039
26103010034,26103010042
26103010035,26103010042
26103010035,26103010043
26103010036,26103010037
26103010036,26103010039
26103010036,26103010064
26103010036,26103010065
26103010037,26103010065
26103010038,26103010039
26103010038,26103010040
26103010038,26103010041
26103010038,26103010042
26103010038,26103010067
26103010039,26103010064
26103010039,26103010067
26103010040,26103010041
26103010040,26103010051
26103010040,26103010052
26103010040,26103010066
26103010040,26103010067
26103010041,26103010042
26103010041,26103010048
26103010041,26103010051
26103010041,26103010052
26103010041,26103010055
26103010042,26103010043
26103010042,26103010048
26103010043,26103010044
26103010043,26103010048
26103010044,26103010046
26103010044,26103010047
26103010044,26103010048
26103010044,26103010077
26103010044,26103010078
26103010045,26103010046
26103010045,26103010075
26103010046,26103010075
26103010046,26103010078
26103010047,26103010048
26103010047,26103010055
26103010047,26103010056
26103010047,26103010076
26103010047,26103010077
26103010048,26103010055
26103010049,26103010050
26103010049,26103010057
26103010049,26103010066
26103010050,26103010057
26103010050,26103010066
26103010050,26103010067
26103010051,26103010052
26103010051,26103010054
26103010051,26103010066
26103010051,26103010067
26103010052,26103010053
26103010052,26103010054
26103010052,26103010055
26103010053,26103010054
26103010053,26103010055
26103010053,26103010058
26103010053,26103010063
26103010054,26103010057
26103010054,26103010058
26103010054,26103010066
26103010055,26103010056
26103010055,26103010063
26103010056,26103010059
26103010056,26103010062
26103010056,26103010063
26103010056,26103010072
26103010056,26103010073
26103010056,26103010076
26103010057,26103010058
26103010057,26103010066
26103010058,26103010059
26103010058,26103010060
26103010058,26103010063
26103010059,26103010060
26103010059,26103010061
26103010059,26103010062
26103010059,26103010063
26103010060,26103010061
26103010061,26103010062
26103010061,26103010070
26103010061,26103010073
26103010062,26103010073
26103010064,26103010065
26103010064,26103010067
26103010066,26103010067
26103010068,26103010069
26103010068,26103010071
26103010068,26103010072
26103010068,26103010074
26103010068,26103010076
26103010068,26103021022
26103010068,26103024028
26103010069,26103010070
26103010069,26103010071
26103010069,26103010072
26103010069,26103010073
26103010070,26103010071
26103010070,26103010073
26103010071,26103011018
26103010071,26103011019
26103010071,26103021022
26103010072,26103010073
26103010072,26103010074
26103010072,26103010076
26103010074,26103010075
26103010074,26103010076
26103010074,26103010077
26103010074,26103010078
26103010074,26103024024
26103010074,26103024028
26103010075,26103010078
26103010075,26103024024
26103010076,26103010077
26103010077,26103010078
26103011001,26103011002
26103011001,26103011010
26103011001,26103011013
26103011002,26103011004
26103011002,26103011010
26103011002,26103011020
26103011002,26103011021
26103011003,26103011004
26103011003,26103011020
26103011003,26103011021
26103011003,26103011023
26103011003,26103021020
26103011003,26103021021
26103011004,26103011005
26103011004,26103011006
26103011004,26103011007
26103011004,26103011010
26103011004,26103011012
26103011004,26103011021
26103011004,26103021020
26103011004,26103021021
26103011004,26103021024
26103011005,26103011006
26103011005,26103011011
26103011005,26103021017
26103011005,26103021019
26103011005,26103021020
26103011005,26103021024
26103011006,26103011007
26103011006,26103011011
26103011007,26103011008
26103011007,26103011010
26103011007,26103011011
26103011007,26103011012
26103011007,26103011017
26103011008,26103011009
26103011008,26103011011
26103011008,26103011012
26103011008,26103011013
26103011008,26103011014
26103011008,26103011016
26103011008,26103011017
26103011009,26103011014
26103011009,26103011015
26103011009,26103011016
26103011009,26103011024
26103011010,26103011012
26103011010,26103011013
26103011010,26103011021
26103011011,26103011017
26103011011,26103021003
26103011011,26103021017
26103011012,26103011013
26103011012,26103011014
26103011013,26103011014
26103011014,26103011016
26103011015,26103011016
26103011015,26103011024
26103011015,26103012005
26103011015,26103012033
26103011015,26103012034
26103011016,26103011017
26103011016,26103011024
26103011016,26103011025
26103011017,26103011024
26103011017,26103011025
26103011017,26103021003
26103011017,26103021004
26103011017,26103021015
26103011018,26103011019
26103011018,26103011022
26103011018,26103011023
26103011019,26103011022
26103011019,26103011023
26103011019,26103011026
26103011019,26103021022
26103011020,26103011021
26103011020,26103011022
26103011020,26103011023
26103011020,26103021021
26103011022,26103011023
26103011023,26103021021
26103011023,26103021022
26103011024,26103011025
26103011024,26103012034
26103011024,26103021005
26103011025,26103021005
26103011025,26103021006
26103011025,26103021007
26103011025,26103021015
26103011026,26103021022
26103012001,26103012025
26103012001,26103014025
26103012002,26103012003
26103012002,26103012004
26103012002,26103012020
26103012002,26103012023
26103012002,26103012024
26103012002,26103012029
26103012002,26103012044
26103012002,26103013014
26103012003,26103012004
26103012003,26103012029
26103012003,26103012030
26103012003,26103012031
26103012004,26103012010
26103012004,26103012031
26103012004,26103012032
26103012004,26103013002
26103012004,26103013014
26103012005,26103012028
26103012005,26103012033
26103012005,26103012035
26103012005,26103012039
26103012006,26103012007
26103012006,26103012008
26103012006,26103012031
26103012006,26103012032
26103012006,26103012038
26103012007,26103012008
26103012007,26103012009
26103012007,26103012011
26103012007,26103012012
26103012007,26103012037
26103012007,26103012038
26103012008,26103012009
26103012008,26103012010
26103012008,26103012032
26103012009,26103012010
26103012009,26103012011
26103012009,26103012032
26103012009,26103013010
26103012009,26103013011
26103012010,26103012032
26103012010,26103013002
26103012010,26103013010
26103012010,26103013011
26103012010,26103013012
26103012011,26103012012
26103012011,26103012013
26103012011,26103012014
26103012011,26103012015
26103012011,26103013011
26103012011,26103013015
26103012011,26103019008
26103012012,26103012013
26103012012,26103012016
26103012012,26103012037
26103012013,26103012014
26103012013,26103012016
26103012013,26103012017
26103012013,26103012018
26103012014,26103012015
26103012014,26103012017
26103012014,26103012018
26103012014,26103020003
26103012014,26103021009
26103012015,26103019008
26103012015,26103020001
26103012015,26103020003
26103012015,26103020004
26103012015,26103020006
26103012015,26103020007
26103012015,26103020008
26103012016,26103012017
26103012016,26103012019
26103012016,26103012034
26103012016,26103012037
26103012016,26103021005
26103012017,26103012018
26103012017,26103021005
26103012017,26103021006
26103012018,26103020003
26103012018,26103021006
26103012018,26103021007
26103012018,26103021009
26103012019,26103012033
26103012019,26103012034
26103012019,26103012035
26103012019,26103012036
26103012019,26103012037
26103012019,26103021005
26103012020,26103012023
26103012020,26103012024
26103012020,26103012025
26103012020,26103012044
26103012021,26103012026
26103012021,26103012027
26103012022,26103012025
26103012022,26103012026
26103012022,26103012040
26103012023,26103012044
26103012024,26103012025
26103012024,26103012026
26103012024,26103012029
26103012024,26103012039
26103012024,26103012042
26103012024,26103012043
26103012025,26103012026
26103012025,26103012040
26103012025,26103012044
26103012025,26103013013
26103012025,26103013016
26103012025,26103013019
26103012025,26103014020
26103012025,26103014025
26103012025,26103014028
26103012026,26103012027
26103012026,26103012043
26103012027,26103012043
26103012028,26103012029
26103012028,26103012030
26103012028,26103012035
26103012028,26103012036
26103012028,26103012039
26103012029,26103012030
26103012029,26103012031
26103012029,26103012039
26103012029,26103012042
26103012030,26103012031
26103012030,26103012036
26103012030,26103012038
26103012031,26103012032
26103012031,26103012038
26103012033,26103012034
26103012033,26103012035
26103012034,26103021005
26103012035,26103012036
26103012035,26103012037
26103012036,26103012037
26103012036,26103012038
26103012037,26103012038
26103012039,26103012042
26103012044,26103013001
26103012044,26103013014
26103012044,26103013019
26103013001,26103013002
26103013001,26103013004
26103013001,26103013012
26103013001,26103013014
26103013001,26103013019
26103013002,26103013010
26103013002,26103013012
26103013002,26103013014
26103013003,26103013004
26103013003,26103013005
26103013003,26103013008
26103013003,26103013010
26103013003,26103013012
26103013004,26103013005
26103013004,26103013012
26103013004,26103013019
26103013004,26103014017
26103013004,26103014019
26103013004,26103014032
26103013005,26103013008
26103013005,26103013009
26103013005,26103014017
26103013005,26103014018
26103013005,26103014022
26103013006,26103013009
26103013006,26103013015
26103013006,26103014022
26103013006,26103015002
26103013006,26103015004
26103013006,26103019013
26103013007,26103013008
26103013007,26103013009
26103013007,26103013010
26103013007,26103013011
26103013007,26103013015
26103013008,26103013009
26103013008,26103013010
26103013009,26103013015
26103013009,26103014018
26103013009,26103014022
26103013010,26103013011
26103013010,26103013012
26103013011,26103013015
26103013013,26103013016
26103013013,26103013018
26103013013,26103013019
26103013013,26103014020
26103013015,26103015002
26103013015,26103019008
26103013015,26103019011
26103013015,26103019012
26103013015,26103019013
26103013016,26103014020
26103013017,26103013019
26103013017,26103014032
26103013018,26103013019
26103013018,26103014020
26103013018,26103014029
26103013018,26103014033
26103013019,26103014032
26103013019,26103014033
26103014001,26103014002
26103014001,26103014007
26103014001,26103014008
26103014001,26105011004
26103014001,26105011007
26103014001,26105011009
26103014001,26105011010
26103014001,26105011011
26103014001,26105011012
26103014001,26105011039
26103014002,26103014008
26103014002,26103014023
26103014002,26105011007
26103014002,26105011008
26103014002,26110012001
26103014002,26110012002
26103014003,26103014012
26103014003,26103014013
26103014003,26103014015
26103014003,26103014021
26103014003,26103014027
26103014003,26103014031
26103014004,26103014005
26103014004,26103014006
26103014004,26103014008
26103014004,26103014012
26103014004,26103014013
26103014004,26103014023
26103014004,26103014031
26103014005,26103014006
26103014005,26103014012
26103014005,26103014013
26103014006,26103014007
26103014006,26103014008
26103014006,26103014012
26103014006,26103015005
26103014006,26103015007
26103014007,26103014008
26103014007,26103015007
26103014007,26103015012
26103014007,26105011004
26103014008,26103014009
26103014008,26103014023
26103014008,26103014026
26103014009,26103014023
26103014010,26103014011
26103014010,26103014014
26103014010,26103014016
26103014010,26103014017
26103014010,26103014018
26103014010,26103014019
26103014011,26103014014
26103014011,26103014017
26103014011,26103014018
26103014011,26103014022
26103014012,26103014013
26103014012,26103014015
26103014012,26103015005
26103014012,26103015007
26103014013,26103014031
26103014014,26103014015
26103014014,26103014016
26103014014,26103014022
26103014014,26103014027
26103014014,26103015004
26103014014,26103015005
26103014015,26103014027
26103014015,26103015005
26103014016,26103014019
26103014016,26103014021
26103014016,26103014027
26103014016,26103014030
26103014017,26103014018
26103014017,26103014019
26103014018,26103014022
26103014019,26103014021
26103014019,26103014030
26103014019,26103014032
26103014019,26103014033
26103014020,26103014021
26103014020,26103014028
26103014020,26103014029
26103014020,26110013010
26103014021,26103014027
26103014021,26103014029
26103014021,26103014030
26103014021,26103014031
26103014021,26103014033
26103014021,26110013010
26103014022,26103015004
26103014023,26103014026
26103014023,26103014031
26103014023,26110012001
26103014023,26110012002
26103014023,26110012015
26103014023,26110013010
26103014025,26103014028
26103014028,26110013010
26103014028,26110013016
26103014029,26103014033
26103014031,26110013010
26103014032,26103014033
26103015001,26103015003
26103015001,26103015010
26103015001,26103015014
26103015001,26103015015
26103015001,26103015016
26103015001,26103018001
26103015001,26103018005
26103015002,26103015003
26103015002,26103015004
26103015002,26103019013
26103015003,26103015004
26103015003,26103015014
26103015003,26103015015
26103015003,26103019013
26103015004,26103015005
26103015004,26103015006
26103015004,26103015014
26103015005,26103015006
26103015005,26103015007
26103015006,26103015007
26103015006,26103015013
26103015006,26103015014
26103015007,26103015009
26103015007,26103015012
26103015007,26103015013
26103015008,26103015009
26103015008,26103015012
26103015008,26103016016
26103015009,26103015010
26103015009,26103015011
26103015009,26103015012
26103015009,26103015013
26103015009,26103016016
26103015010,26103015011
26103015010,26103015013
26103015010,26103015014
26103015010,26103018005
26103015010,26103018006
26103015011,26103016001
26103015011,26103016016
26103015011,26103018006
26103015011,26103018007
26103015012,26103015013
26103015012,26103016002
26103015012,26103016016
26103015012,26105011001
26103015012,26105011002
26103015012,26105011004
26103015012,26105011005
26103015012,26105011006
26103015013,26103015014
26103015015,26103018001
26103015015,26103019013
26103015016,26103018005
26103016001,26103016003
26103016001,26103016006
26103016001,26103016016
26103016001,26103018007
26103016002,26103016004
26103016002,26103016016
26103016002,26103016017
26103016002,26105011006
26103016003,26103016004
26103016003,26103016005
26103016003,26103016006
26103016003,26103016016
26103016004,26103016005
26103016004,26103016016
26103016004,26103016017
26103016004,26105011019
26103016004,26105011020
26103016005,26103016006
26103016005,26103016007
26103016005,26103016008
26103016005,26105010008
26103016005,26105011020
26103016006,26103016007
26103016006,26103017009
26103016006,26103018007
26103016007,26103016008
26103016007,26103016010
26103016007,26103017009
26103016007,26103017010
26103016008,26103016009
26103016008,26103016010
26103016008,26105010007
26103016008,26105010008
26103016009,26103016010
26103016009,26103016011
26103016009,26103016012
26103016009,26105010007
26103016010,26103016011
26103016010,26103017007
26103016010,26103017010
26103016010,26103017011
26103016011,26103016012
26103016011,26103016013
26103016011,26103016014
26103016011,26103016015
26103016011,26103017007
26103016011,26103017012
26103016012,26103016015
26103016012,26105010006
26103016012,26105010007
26103016013,26103016014
26103016013,26103016015
26103016014,26103016015
26103016014,26103017002
26103016014,26103017012
26103016014,26104020001
26103016014,26104020002
26103016014,26104020003
26103016014,26104020005
26103016015,26104020003
26103016015,26105010006
26103016017,26105011006
26103016017,26105011018
26103016017,26105011019
26103017001,26103017002
26103017001,26103017003
26103017001,26103017004
26103017001,26103017005
26103017001,26103018008
26103017001,26104020004
26103017002,26103017005
26103017002,26103017008
26103017002,26103017012
26103017002,26104020004
26103017002,26104020005
26103017003,26103017004
26103017003,26103018004
26103017003,26103018006
26103017004,26103018006
26103017004,26103018007
26103017004,26103018008
26103017005,26103017007
26103017005,26103017008
26103017005,26103018008
26103017006,26103017007
26103017006,26103017009
26103017006,26103017010
26103017006,26103017011
26103017006,26103018007
26103017006,26103018008
26103017007,26103017008
26103017007,26103017011
26103017007,26103017012
26103017008,26103017012
26103017009,26103017010
26103017009,26103018007
26103017010,26103017011
26103018001,26103018002
26103018001,26103018005
26103018001,26103019009
26103018001,26103019013
26103018002,26103018003
26103018002,26103018005
26103018002,26103019009
26103018002,26103019013
26103018003,26103018004
26103018003,26103018005
26103018003,26103018006
26103018003,26103019009
26103018004,26103018006
26103018004,26103019005
26103018004,26103019007
26103018004,26103019009
26103018005,26103018006
26103018006,26103018007
26103018007,26103018008
26103019001,26103019002
26103019001,26103019004
26103019001,26103019007
26103019001,26103019008
26103019001,26103019010
26103019002,26103019003
26103019002,26103019004
26103019002,26103019008
26103019002,26103020002
26103019002,26103020008
26103019002,26103020011
26103019003,26103019004
26103019003,26103019006
26103019003,26103020010
26103019003,26103020011
26103019004,26103019005
26103019004,26103019006
26103019004,26103019007
26103019005,26103019006
26103019005,26103019007
26103019006,26103019007
26103019007,26103019009
26103019007,26103019010
26103019008,26103019010
26103019008,26103019011
26103019008,26103020008
26103019009,26103019010
26103019009,26103019012
26103019009,26103019013
26103019010,26103019011
26103019010,26103019012
26103019011,26103019012
26103019012,26103019013
26103020001,26103020005
26103020001,26103020006
26103020001,26103020007
26103020001,26103020015
26103020002,26103020007
26103020002,26103020008
26103020002,26103020009
26103020002,26103020011
26103020002,26103020013
26103020003,26103020004
26103020003,26103021008
26103020003,26103021009
26103020004,26103020006
26103020004,26103021008
26103020005,26103020006
26103020005,26103020015
26103020005,26103021010
26103020005,26103021011
26103020005,26103021014
26103020006,26103021008
26103020006,26103021010
26103020007,26103020008
26103020007,26103020012
26103020007,26103020013
26103020007,26103020015
26103020009,26103020010
26103020009,26103020011
26103020009,26103020013
26103020009,26103020014
26103020009,26103022001
26103020010,26103020011
26103020010,26103022001
26103020012,26103020013
26103020012,26103020014
26103020012,26103020015
26103020012,26103021002
26103020012,26103021014
26103020012,26103021023
26103020013,26103020014
26103020013,26103020015
26103020013,26103021002
26103020013,26103021023
26103020014,26103021002
26103020014,26103021023
26103020014,26103022001
26103020014,26103022006
26103020015,26103021014
26103021001,26103021002
26103021001,26103021013
26103021001,26103021014
26103021001,26103021016
26103021001,26103021017
26103021002,26103021014
26103021002,26103021016
26103021002,26103021023
26103021003,26103021004
26103021003,26103021017
26103021004,26103021012
26103021004,26103021015
26103021004,26103021017
26103021005,26103021006
26103021006,26103021007
26103021007,26103021008
26103021007,26103021009
26103021007,26103021015
26103021008,26103021009
26103021008,26103021010
26103021008,26103021015
26103021010,26103021011
26103021010,26103021015
26103021011,26103021012
26103021011,26103021013
26103021011,26103021014
26103021011,26103021015
26103021012,26103021013
26103021012,26103021015
26103021012,26103021017
26103021013,26103021014
26103021013,26103021017
26103021016,26103021017
26103021016,26103021018
26103021016,26103021023
26103021016,26103022006
26103021017,26103021018
26103021017,26103021019
26103021018,26103021019
26103021018,26103022006
26103021018,26103023014
26103021018,26103023015
26103021018,26103023021
26103021019,26103021020
26103021019,26103023015
26103021019,26103024046
26103021020,26103021021
26103021020,26103021024
26103021020,26103024028
26103021020,26103024046
26103021021,26103021022
26103021021,26103024028
26103021022,26103024028
26103021023,26103022006
26103022001,26103022002
26103022001,26103022003
26103022001,26103022006
26103022002,26103022003
26103022002,26103022005
26103022002,26103022009
26103022003,26103022004
26103022003,26103022005
26103022003,26103022006
26103022004,26103022005
26103022004,26103022006
26103022005,26103022006
26103022005,26103022007
26103022005,26103022009
26103022006,26103022007
26103022006,26103022012
26103022006,26103023021
26103022007,26103022009
26103022007,26103022012
26103022007,26103023019
26103022007,26103023020
26103022008,26103022009
26103022008,26103022010
26103022008,26103022011
26103022008,26103023001
26103022008,26103023002
26103022008,26103023011
26103022008,26103023019
26103022009,26103022010
26103022009,26103023019
26103022010,26103022011
26103022010,26103023001
26103022011,26103023001
26103022011,26103023036
26103022012,26103023014
26103022012,26103023020
26103022012,26103023021
26103023001,26103023002
26103023001,26103023022
26103023001,26103023036
26103023002,26103023003
26103023002,26103023004
26103023002,26103023005
26103023002,26103023011
26103023002,26103023022
26103023003,26103023004
26103023003,26103023005
26103023003,26103023009
26103023003,26103023010
26103023003,26103023022
26103023003,26103023031
26103023003,26103023033
26103023003,26103023034
26103023003,26103024035
26103023003,26103024036
26103023004,26103023005
26103023004,26103023006
26103023004,26103023009
26103023004,26103023011
26103023004,26103023012
26103023005,26103023011
26103023006,26103023007
26103023006,26103023009
26103023006,26103023010
26103023006,26103023012
26103023006,26103023013
26103023007,26103023008
26103023007,26103023010
26103023007,26103023013
26103023007,26103023017
26103023008,26103023010
26103023008,26103023017
26103023008,26103024026
26103023008,26103024035
26103023008,26103024044
26103023009,26103023010
26103023010,26103024035
26103023011,26103023012
26103023011,26103023019
26103023012,26103023013
26103023012,26103023019
26103023012,26103023020
26103023013,26103023016
26103023013,26103023017
26103023013,26103023020
26103023014,26103023015
26103023014,26103023016
26103023014,26103023018
26103023014,26103023020
26103023014,26103023021
26103023015,26103023017
26103023015,26103023018
26103023015,26103024044
26103023015,26103024045
26103023015,26103024046
26103023016,26103023017
26103023016,26103023018
26103023016,26103023020
26103023017,26103023018
26103023017,26103024044
26103023017,26103024045
26103023019,26103023020
26103023022,26103023023
26103023022,26103023030
26103023022,26103023031
26103023022,26103023036
26103023022,26103023037
26103023023,26103023024
26103023023,26103023026
26103023023,26103023028
26103023023,26103023029
26103023023,26103023030
26103023023,26103023032
26103023024,26103023025
26103023024,26103023026
26103023024,26103023027
26103023024,26103023028
26103023025,26103023026
26103023025,26103023027
26103023025,26103024030
26103023026,26103023027
26103023026,26103023028
26103023026,26103024021
26103023026,26103024033
26103023026,26103024041
26103023027,26103024030
26103023027,26103024033
26103023028,26103023029
26103023028,26103024021
26103023029,26103023032
26103023029,26103023033
26103023029,26103023035
26103023029,26103024021
26103023030,26103023031
26103023030,26103023032
26103023031,26103023032
26103023031,26103023033
26103023032,26103023033
26103023033,26103023034
26103023033,26103023035
26103023034,26103023035
26103023034,26103024036
26103023035,26103024021
26103023035,26103024036
26103024001,26103024002
26103024001,26103024003
26103024001,26103024004
26103024001,26103024047
26103024002,26103024003
26103024002,26103024024
26103024002,26103024028
26103024002,26103024047
26103024003,26103024004
26103024003,26103024006
26103024003,26103024014
26103024003,26103024015
26103024003,26103024028
26103024003,26103024042
26103024004,26103024005
26103024004,26103024006
26103024004,26103024039
26103024004,26103024047
26103024005,26103024006
26103024005,26103024039
26103024006,26103024016
26103024006,26103024039
26103024006,26103024042
26103024007,26103024008
26103024007,26103024009
26103024007,26103024015
26103024007,26103024017
26103024008,26103024009
26103024008,26103024015
26103024008,26103024025
26103024008,26103024026
26103024008,26103024027
26103024008,26103024028
26103024009,26103024017
26103024009,26103024025
26103024009,26103024043
26103024010,26103024011
26103024010,26103024016
26103024010,26103024017
26103024010,26103024037
26103024010,26103024038
26103024010,26103024043
26103024011,26103024012
26103024011,26103024019
26103024011,26103024037
26103024011,26103024038
26103024011,26103024043
26103024012,26103024013
26103024012,26103024025
26103024012,26103024043
26103024013,26103024019
26103024013,26103024023
26103024013,26103024025
26103024013,26103024035
26103024014,26103024015
26103024014,26103024017
26103024014,26103024042
26103024015,26103024017
26103024015,26103024028
26103024016,26103024017
26103024016,26103024038
26103024016,26103024039
26103024016,26103024042
26103024017,26103024042
26103024017,26103024043
26103024018,26103024019
26103024018,26103024020
26103024018,26103024021
26103024018,26103024029
26103024018,26103024037
26103024018,26103024040
26103024018,26103024041
26103024019,26103024020
26103024019,26103024023
26103024019,26103024037
26103024020,26103024021
26103024020,26103024022
26103024020,26103024023
26103024021,26103024022
26103024021,26103024023
26103024021,26103024033
26103024021,26103024036
26103024021,26103024041
26103024022,26103024023
26103024022,26103024036
26103024023,26103024035
26103024023,26103024036
26103024024,26103024028
26103024024,26103024047
26103024025,26103024026
26103024025,26103024035
26103024025,26103024043
26103024026,26103024027
26103024026,26103024035
26103024026,26103024044
26103024027,26103024028
26103024027,26103024044
26103024027,26103024045
26103024027,26103024046
26103024028,26103024046
26103024029,26103024030
26103024029,26103024032
26103024029,26103024037
26103024029,26103024038
26103024029,26103024039
26103024029,26103024040
26103024029,26103024047
26103024029,26103024049
26103024029,26103024058
26103024030,26103024033
26103024030,26103024040
26103024030,26103024048
26103024030,26103024049
26103024031,26103024048
26103024031,26103024055
26103024031,26103024056
26103024032,26103024049
26103024032,26103024052
26103024032,26103024055
26103024032,26103024058
26103024033,26103024034
26103024033,26103024040
26103024033,26103024041
26103024034,26103024040
26103024034,26103024041
26103024035,26103024036
26103024035,26103024044
26103024037,26103024038
26103024038,26103024039
26103024039,26103024047
26103024040,26103024041
26103024044,26103024045
26103024045,26103024046
26103024047,26103024053
26103024047,26103024054
26103024047,26103024057
26103024047,26103024058
26103024047,26103024059
26103024048,26103024049
26103024048,26103024055
26103024049,26103024052
26103024049,26103024055
26103024050,26103024052
26103024050,26103024056
26103024051,26103024052
26103024051,26103024053
26103024051,26103024058
26103024052,26103024055
26103024052,26103024056
26103024052,26103024058
26103024053,26103024054
26103024053,26103024057
26103024053,26103024058
26103024054,26103024057
26103024054,26103024059
26103024055,26103024056
26103024057,26103024059
26104001001,26104001004
26104001001,26104001005
26104001001,26104001016
26104001001,26104001019
26104001001,26104001023
26104001001,26104001024
26104001002,26104001006
26104001002,26104001019
26104001002,26104001024
26104001002,26104006019
26104001003,26104001004
26104001003,26104001007
26104001003,26104001016
26104001003,26104001017
26104001003,26104001022
26104001004,26104001005
26104001004,26104001008
26104001004,26104001017
26104001005,26104001006
26104001005,26104001008
26104001005,26104001019
26104001005,26104001020
26104001006,26104001009
26104001006,26104001019
26104001006,26104001020
26104001006,26104006019
26104001006,26104006020
26104001007,26104001010
26104001007,26104001017
26104001007,26104001022
26104001008,26104001011
26104001008,26104001017
26104001008,26104001020
26104001009,26104001012
26104001009,26104001020
26104001009,26104006020
26104001010,26104001011
26104001010,26104001017
26104001010,26104001018
26104001010,26104001022
26104001011,26104001012
26104001011,26104001013
26104001011,26104001017
26104001011,26104001018
26104001011,26104001020
26104001011,26104001021
26104001012,26104001013
26104001012,26104001020
26104001012,26104006013
26104001012,26104006020
26104001013,26104001021
26104001013,26104006013
26104001013,26104006021
26104001014,26104001015
26104001014,26104001018
26104001014,26104001021
26104001014,26104007002
26104001014,26104007003
26104001015,26104001021
26104001015,26104006017
26104001015,26104006018
26104001015,26104006021
26104001015,26104007003
26104001016,26104001022
26104001016,26104001023
26104001016,26104002018
26104001016,26104002019
26104001018,26104001021
26104001018,26104001022
26104001018,26104007002
26104001021,26104006021
26104001022,26104002017
26104001022,26104002018
26104001022,26104002023
26104001022,26104007002
26104001022,26104007005
26104001022,26104014003
26104001022,26104015020
26104001022,26104015021
26104001022,26104015031
26104001023,26104001024
26104001023,26104002019
26104001023,26104002020
26104001024,26104002019
26104001024,26104002020
26104001024,26104005016
26104001024,26104006019
26104002001,26104002002
26104002001,26104002005
26104002001,26104002006
26104002001,26104002021
26104002001,26104003016
26104002001,26104003017
26104002002,26104002005
26104002002,26104002006
26104002002,26104002024
26104002002,26104003016
26104002002,26104003017
26104002003,26104002004
26104002003,26104002007
26104002003,26104002008
26104002003,26104002024
26104002003,26104003018
26104002003,26104003019
26104002004,26104002007
26104002004,26104002008
26104002004,26104003019
26104002004,26104004018
26104002005,26104002006
26104002005,26104002009
26104002005,26104002021
26104002005,26104002022
26104002006,26104002007
26104002006,26104002009
26104002006,26104002010
26104002006,26104002024
26104002006,26104002025
26104002007,26104002008
26104002007,26104002011
26104002007,26104002024
26104002007,26104002025
26104002007,26104002027
26104002008,26104002012
26104002008,26104002027
26104002008,26104004018
26104002008,26104005015
26104002009,26104002010
26104002009,26104002013
26104002009,26104002022
26104002010,26104002013
26104002010,26104002014
26104002010,26104002015
26104002010,26104002025
26104002011,26104002015
26104002011,26104002025
26104002011,26104002027
26104002012,26104002016
26104002012,26104002027
26104002012,26104005015
26104002013,26104002014
26104002013,26104002017
26104002013,26104002022
26104002013,26104002023
26104002013,26104015018
26104002014,26104002015
26104002014,26104002017
26104002014,26104002018
26104002014,26104002026
26104002014,26104002028
26104002015,26104002016
26104002015,26104002025
26104002015,26104002027
26104002015,26104002028
26104002016,26104002020
26104002016,26104002027
26104002016,26104002028
26104002016,26104005007
26104002016,26104005015
26104002016,26104005016
26104002017,26104002023
26104002018,26104002019
26104002018,26104002026
26104002019,26104002020
26104002019,26104002026
26104002019,26104002028
26104002020,26104002028
26104002020,26104005016
26104002021,26104002022
26104002021,26104003016
26104002021,26104015006
26104002021,26104015009
26104002021,26104015012
26104002022,26104015012
26104002022,26104015015
26104002022,26104015018
26104002023,26104015018
26104002023,26104015021
26104002024,26104003017
26104002024,26104003018
26104003001,26104003002
26104003001,26104003005
26104003001,26104003020
26104003001,26104016015
26104003001,26104018016
26104003001,26104018020
26104003001,26104018023
26104003002,26104003003
26104003002,26104003005
26104003002,26104003006
26104003002,26104018017
26104003002,26104018023
26104003002,26104018026
26104003003,26104003004
26104003003,26104003006
26104003003,26104003007
26104003003,26104018015
26104003003,26104018026
26104003004,26104003007
26104003004,26104004001
26104003004,26104004016
26104003004,26104018015
26104003004,26104023019
26104003005,26104003006
26104003005,26104003008
26104003005,26104003009
26104003005,26104003020
26104003006,26104003007
26104003006,26104003009
26104003006,26104003010
26104003007,26104003010
26104003007,26104003011
26104003007,26104004016
26104003008,26104003009
26104003008,26104003012
26104003008,26104003013
26104003008,26104003020
26104003008,26104003021
26104003008,26104016021
26104003009,26104003010
26104003009,26104003012
26104003009,26104003013
26104003009,26104003014
26104003009,26104003022
26104003010,26104003011
26104003010,26104003014
26104003010,26104003022
26104003011,26104003015
26104003011,26104004016
26104003011,26104004017
26104003012,26104003013
26104003012,26104003016
26104003012,26104003017
26104003012,26104003021
26104003013,26104003017
26104003013,26104003022
26104003014,26104003015
26104003014,26104003018
26104003014,26104003019
26104003014,26104003022
26104003015,26104003019
26104003015,26104004017
26104003016,26104003017
26104003016,26104003021
26104003016,26104015006
26104003017,26104003018
26104003017,26104003022
26104003018,26104003019
26104003018,26104003022
26104003019,26104004011
26104003019,26104004017
26104003019,26104004018
26104003020,26104016015
26104003020,26104016018
26104003020,26104016021
26104003021,26104015003
26104003021,26104015006
26104003021,26104016021
26104004001,26104004002
26104004001,26104004016
26104004001,26104004019
26104004001,26104023019
26104004001,26104023022
26104004002,26104004003
26104004002,26104004006
26104004002,26104004019
26104004002,26104004022
26104004002,26104023022
26104004002,26104023025
26104004003,26104004004
26104004003,26104004007
26104004003,26104004022
26104004003,26104004025
26104004003,26104023015
26104004003,26104023025
26104004003,26104023028
26104004004,26104004025
26104004004,26104023016
26104004004,26104023028
26104004004,26106016013
26104004004,26106017019
26104004005,26104004006
26104004005,26104004009
26104004005,26104004016
26104004005,26104004017
26104004005,26104004019
26104004005,26104004020
26104004006,26104004007
26104004006,26104004012
26104004006,26104004019
26104004006,26104004020
26104004006,26104004022
26104004006,26104004023
26104004007,26104004008
26104004007,26104004013
26104004007,26104004022
26104004007,26104004023
26104004007,26104004025
26104004007,26104004026
26104004008,26104004010
26104004008,26104004025
26104004008,26104004026
26104004008,26106016013
26104004008,26106016014
26104004009,26104004011
26104004009,26104004017
26104004009,26104004020
26104004010,26104004014
26104004010,26104004026
26104004010,26106016014
26104004011,26104004017
26104004011,26104004018
26104004011,26104004020
26104004011,26104004021
26104004011,26104005001
26104004012,26104004013
26104004012,26104004020
26104004012,26104004021
26104004012,26104004023
26104004012,26104004024
26104004013,26104004023
26104004013,26104004024
26104004013,26104004026
26104004013,26104004027
26104004013,26104005003
26104004014,26104004015
26104004014,26104004026
26104004014,26104004027
26104004014,26106016014
26104004014,26106016015
26104004015,26104004027
26104004015,26104005004
26104004015,26106016015
26104004016,26104004017
26104004016,26104004019
26104004018,26104005001
26104004018,26104005015
26104004020,26104004021
26104004021,26104004024
26104004021,26104005001
26104004021,26104005002
26104004024,26104005002
26104004024,26104005003
26104004025,26106016013
26104004026,26104004027
26104004027,26104005003
26104004027,26104005004
26104005001,26104005002
26104005001,26104005005
26104005001,26104005015
26104005001,26104005017
26104005002,26104005003
26104005002,26104005006
26104005002,26104005017
26104005002,26104005020
26104005003,26104005004
26104005003,26104005020
26104005003,26104005022
26104005004,26104005022
26104005004,26106015019
26104005004,26106016015
26104005005,26104005007
26104005005,26104005015
26104005005,26104005017
26104005006,26104005008
26104005006,26104005017
26104005006,26104005020
26104005007,26104005008
26104005007,26104005015
26104005007,26104005016
26104005007,26104005017
26104005007,26104005018
26104005008,26104005009
26104005008,26104005017
26104005008,26104005018
26104005008,26104005019
26104005008,26104005020
26104005008,26104005021
26104005009,26104005010
26104005009,26104005020
26104005009,26104005021
26104005009,26104005022
26104005009,26104005023
26104005009,26104005024
26104005010,26104005011
26104005010,26104005022
26104005010,26104005023
26104005010,26106015019
26104005010,26106015020
26104005011,26104005014
26104005011,26104005023
26104005011,26106015020
26104005011,26106015021
26104005012,26104005013
26104005012,26104005016
26104005012,26104005018
26104005012,26104006001
26104005012,26104006002
26104005012,26104006019
26104005013,26104005018
26104005013,26104005019
26104005013,26104005021
26104005013,26104006001
26104005013,26104006002
26104005013,26104006023
26104005014,26104005023
26104005014,26104005024
26104005014,26104006004
26104005014,26104006026
26104005014,26106014017
26104005014,26106015014
26104005014,26106015021
26104005016,26104005018
26104005016,26104006019
26104005018,26104005019
26104005019,26104005021
26104005020,26104005022
26104005021,26104005024
26104005021,26104006023
26104005022,26106015019
26104005023,26104005024
26104005024,26104006003
26104005024,26104006023
26104005024,26104006026
26104006001,26104006002
26104006001,26104006005
26104006001,26104006019
26104006002,26104006005
26104006002,26104006006
26104006002,26104006023
26104006003,26104006007
26104006003,26104006023
26104006003,26104006026
26104006004,26104006008
26104006004,26104006026
26104006004,26106014017
26104006005,26104006006
26104006005,26104006009
26104006005,26104006019
26104006005,26104006020
26104006005,26104006022
26104006006,26104006007
26104006006,26104006010
26104006006,26104006022
26104006006,26104006023
26104006006,26104006024
26104006007,26104006008
26104006007,26104006011
26104006007,26104006023
26104006007,26104006024
26104006007,26104006026
26104006007,26104006027
26104006008,26104006012
26104006008,26104006026
26104006008,26104006027
26104006008,26106014017
26104006008,26106014018
26104006009,26104006013
26104006009,26104006020
26104006009,26104006022
26104006010,26104006014
26104006010,26104006022
26104006010,26104006024
26104006011,26104006015
26104006011,26104006024
26104006011,26104006027
26104006012,26104006016
26104006012,26104006027
26104006012,26106014018
26104006013,26104006014
26104006013,26104006017
26104006013,26104006020
26104006013,26104006021
26104006013,26104006022
26104006013,26104006025
26104006014,26104006015
26104006014,26104006022
26104006014,26104006024
26104006014,26104006025
26104006015,26104006016
26104006015,26104006024
26104006015,26104006025
26104006015,26104006027
26104006015,26104007010
26104006016,26104006027
26104006016,26104007010
26104006016,26104008005
26104006016,26106014013
26104006016,26106014018
26104006017,26104006018
26104006017,26104006021
26104006017,26104006025
26104006018,26104006025
26104006018,26104007003
26104006018,26104007007
26104006019,26104006020
26104006025,26104007007
26104006025,26104007010
26104007002,26104007003
26104007002,26104007004
26104007002,26104007005
26104007002,26104007006
26104007002,26104007013
26104007003,26104007004
26104007003,26104007006
26104007003,26104007007
26104007003,26104007008
26104007004,26104007006
26104007005,26104007013
26104007005,26104014002
26104007005,26104014003
26104007005,26104014006
26104007006,26104007007
26104007006,26104007008
26104007006,26104007013
26104007007,26104007008
26104007007,26104007009
26104007007,26104007010
26104007008,26104007009
26104007008,26104007011
26104007008,26104007012
26104007008,26104007013
26104007009,26104007010
26104007009,26104007011
26104007009,26104008001
26104007009,26104008004
26104007009,26104008005
26104007010,26104008005
26104007011,26104007012
26104007011,26104008001
26104007011,26104010001
26104007011,26104010008
26104007012,26104007013
26104007012,26104010008
26104007013,26104010008
26104007013,26104010013
26104007013,26104014006
26104008001,26104008002
26104008001,26104008003
26104008001,26104008004
26104008001,26104009001
26104008001,26104009002
26104008001,26104010001
26104008001,26104010009
26104008002,26104008003
26104008002,26104008004
26104008002,26104009002
26104008002,26106011006
26104008002,26106011010
26104008002,26106011011
26104008003,26104008004
26104008003,26104008005
26104008003,26104008006
26104008003,26106011006
26104008003,26106011010
26104008004,26104008005
26104008004,26104008006
26104008005,26104008006
26104008005,26106014013
26104008005,26106014027
26104008006,26106011004
26104008006,26106011006
26104008006,26106012009
26104008006,26106014027
26104009001,26104009002
26104009001,26104009003
26104009001,26104009004
26104009001,26104010009
26104009002,26104009004
26104009002,26104009007
26104009002,26104009010
26104009002,26106011011
26104009003,26104009004
26104009003,26104009005
26104009003,26104009006
26104009003,26104010005
26104009003,26104010009
26104009003,26104010014
26104009004,26104009006
26104009004,26104009007
26104009004,26104009009
26104009005,26104009006
26104009005,26104009008
26104009005,26104010005
26104009005,26104010014
26104009005,26108008016
26104009005,26108009007
26104009005,26108009008
26104009006,26104009007
26104009006,26104009008
26104009006,26104009009
26104009007,26104009009
26104009007,26104009010
26104009008,26104009009
26104009008,26104009010
26104009008,26108009008
26104009008,26108009009
26104009008,26108009010
26104009009,26104009010
26104009010,26106010005
26104009010,26106010006
26104009010,26106010007
26104009010,26106011011
26104009010,26106011012
26104009010,26108009010
26104009010,26108009015
26104010001,26104010007
26104010001,26104010008
26104010001,26104010009
26104010002,26104010003
26104010002,26104010008
26104010002,26104010013
26104010002,26104014005
26104010002,26104014006
26104010003,26104010004
26104010003,26104010007
26104010003,26104010008
26104010003,26104011009
26104010003,26104011010
26104010003,26104014005
26104010004,26104010007
26104010004,26104010009
26104010004,26104010010
26104010004,26104010011
26104010004,26104011010
26104010005,26104010006
26104010005,26104010011
26104010005,26104010012
26104010005,26104010014
26104010005,26108008004
26104010005,26108008016
26104010005,26108009007
26104010006,26104010009
26104010006,26104010011
26104010006,26104010014
26104010007,26104010008
26104010007,26104010009
26104010008,26104010013
26104010009,26104010011
26104010009,26104010014
26104010010,26104010011
26104010010,26104010012
26104010010,26104011008
26104010010,26104011010
26104010010,26104011016
26104010010,26104011017
26104010011,26104010012
26104010012,26104011017
26104010012,26108008002
26104010012,26108008004
26104010013,26104014006
26104011001,26104011005
26104011001,26104011012
26104011001,26104011013
26104011001,26104012010
26104011001,26104012021
26104011001,26104012023
26104011001,26104012024
26104011001,26104013011
26104011002,26104011004
26104011002,26104011005
26104011002,26104011006
26104011002,26104011007
26104011002,26104011013
26104011002,26104011014
26104011002,26104011016
26104011003,26104011004
26104011003,26104011011
26104011003,26104012020
26104011004,26104011007
26104011004,26104011008
26104011004,26104011011
26104011004,26104011014
26104011004,26104011016
26104011005,26104011006
26104011005,26104011007
26104011005,26104011012
26104011005,26104011013
26104011005,26104013012
26104011006,26104011007
26104011006,26104013003
26104011006,26104013009
26104011006,26104013012
26104011007,26104011009
26104011007,26104011010
26104011007,26104011016
26104011007,26104013009
26104011007,26104014004
26104011007,26104014005
26104011008,26104011011
26104011008,26104011016
26104011008,26104011017
26104011009,26104011010
26104011009,26104011016
26104011009,26104014005
26104011010,26104011016
26104011011,26104011017
26104011011,26104012018
26104011011,26104012020
26104011011,26108008001
26104011012,26104013011
26104011012,26104013012
26104011013,26104011014
26104011013,26104012021
26104011013,26104012026
26104011013,26104012027
26104011014,26104012020
26104011014,26104012026
26104011014,26104012027
26104011017,26108008001
26104011017,26108008002
26104012001,26104012002
26104012001,26104012003
26104012001,26104012004
26104012001,26104012005
26104012001,26104012009
26104012001,26108005001
26104012002,26104012003
26104012002,26104012005
26104012002,26104012006
26104012002,26104012012
26104012002,26104012014
26104012002,26104012025
26104012002,26108005001
26104012003,26104012012
26104012003,26104012014
26104012003,26108005001
26104012003,26108005002
26104012003,26108005005
26104012003,26108005006
26104012003,26108005008
26104012004,26104012009
26104012005,26104012006
26104012005,26104012009
26104012006,26104012009
26104012006,26104012011
26104012006,26104012025
26104012007,26104012013
26104012007,26104012015
26104012007,26108005009
26104012007,26108006006
26104012007,26108006007
26104012007,26108006014
26104012007,26108006015
26104012008,26104012012
26104012008,26104012013
26104012008,26104012014
26104012008,26104012016
26104012008,26104012021
26104012008,26104012025
26104012008,26104012028
26104012009,26104012010
26104012009,26104012011
26104012009,26104013002
26104012010,26104012011
26104012010,26104012023
26104012010,26104013002
26104012010,26104013011
26104012011,26104012023
26104012011,26104012025
26104012012,26104012013
26104012012,26104012014
26104012012,26108005006
26104012012,26108005008
26104012012,26108005009
26104012013,26104012014
26104012013,26104012015
26104012013,26104012016
26104012013,26108005009
26104012014,26104012025
26104012015,26104012016
26104012015,26104012017
26104012015,26104012019
26104012015,26108006015
26104012015,26108007004
26104012015,26108007005
26104012016,26104012019
26104012016,26104012028
26104012017,26104012019
26104012017,26108007002
26104012017,26108007005
26104012017,26108007006
26104012017,26108007007
26104012018,26104012019
26104012018,26104012020
26104012018,26108008001
26104012018,26108008006
26104012019,26104012020
26104012019,26104012027
26104012019,26104012028
26104012019,26108007002
26104012019,26108008001
26104012019,26108008006
26104012019,26108008010
26104012019,26108008014
26104012020,26104012027
26104012020,26104012028
26104012021,26104012022
26104012021,26104012024
26104012021,26104012025
26104012021,26104012026
26104012022,26104012026
26104012022,26104012028
26104012023,26104012024
26104012023,26104012025
26104012024,26104012025
26104012026,26104012027
26104012026,26104012028
26104012027,26104012028
26104013001,26104013002
26104013001,26104013008
26104013001,26104013011
26104013002,26104013011
26104013003,26104013007
26104013003,26104013008
26104013003,26104013009
26104013003,26104013010
26104013003,26104013012
26104013003,26104014008
26104013004,26104013005
26104013004,26104014001
26104013005,26104013006
26104013005,26104014001
26104013005,26104014007
26104013006,26104013007
26104013006,26104013010
26104013006,26104014007
26104013006,26104014008
26104013007,26104013010
26104013008,26104013011
26104013008,26104013012
26104013009,26104013012
26104013009,26104014004
26104013009,26104014008
26104013010,26104014007
26104013010,26104014008
26104013011,26104013012
26104014001,26104014002
26104014001,26104014003
26104014001,26104014004
26104014001,26104014007
26104014002,26104014003
26104014002,26104014004
26104014002,26104014006
26104014004,26104014005
26104014004,26104014006
26104014004,26104014007
26104014004,26104014008
26104014005,26104014006
26104014007,26104014008
26104015001,26104015004
26104015001,26104015025
26104015001,26104016019
26104015002,26104015003
26104015002,26104015005
26104015002,26104015025
26104015002,26104015029
26104015002,26104016020
26104015003,26104015006
26104015003,26104015029
26104015003,26104016020
26104015003,26104016021
26104015004,26104015005
26104015004,26104015007
26104015004,26104015022
26104015004,26104015025
26104015004,26104015026
26104015005,26104015006
26104015005,26104015008
26104015005,26104015025
26104015005,26104015026
26104015005,26104015029
26104015006,26104015009
26104015006,26104015029
26104015007,26104015010
26104015007,26104015022
26104015007,26104015026
26104015008,26104015009
26104015008,26104015011
26104015008,26104015026
26104015008,26104015029
26104015009,26104015012
26104015009,26104015029
26104015010,26104015011
26104015010,26104015013
26104015010,26104015022
26104015010,26104015023
26104015010,26104015026
26104015010,26104015027
26104015011,26104015012
26104015011,26104015014
26104015011,26104015026
26104015011,26104015027
26104015011,26104015029
26104015011,26104015030
26104015012,26104015015
26104015012,26104015029
26104015012,26104015030
26104015013,26104015016
26104015013,26104015023
26104015013,26104015027
26104015014,26104015017
26104015014,26104015027
26104015014,26104015030
26104015015,26104015018
26104015015,26104015030
26104015016,26104015017
26104015016,26104015019
26104015016,26104015023
26104015016,26104015024
26104015016,26104015027
26104015016,26104015028
26104015017,26104015018
26104015017,26104015020
26104015017,26104015027
26104015017,26104015028
26104015017,26104015030
26104015017,26104015031
26104015018,26104015030
26104015018,26104015031
26104015019,26104015024
26104015019,26104015028
26104015020,26104015028
26104015020,26104015031
26104015021,26104015031
26104015025,26104016019
26104015025,26104016020
26104015029,26104016020
26104016001,26104016002
26104016001,26104016004
26104016001,26104016022
26104016001,26104016025
26104016001,26104017016
26104016001,26104017021
26104016001,26104017024
26104016002,26104016003
26104016002,26104016005
26104016002,26104016025
26104016002,26104016028
26104016002,26104017017
26104016002,26104017024
26104016002,26104017028
26104016003,26104016006
26104016003,26104016028
26104016003,26104017018
26104016003,26104017028
26104016003,26104018018
26104016003,26104018019
26104016004,26104016007
26104016004,26104016022
26104016004,26104016025
26104016005,26104016007
26104016005,26104016008
26104016005,26104016025
26104016005,26104016028
26104016006,26104016009
26104016006,26104016028
26104016006,26104018019
26104016007,26104016008
26104016007,26104016010
26104016007,26104016022
26104016007,26104016023
26104016007,26104016025
26104016007,26104016026
26104016008,26104016009
26104016008,26104016011
26104016008,26104016026
26104016008,26104016028
26104016008,26104016029
26104016009,26104016012
26104016009,26104016028
26104016009,26104016029
26104016009,26104018019
26104016009,26104018020
26104016010,26104016013
26104016010,26104016023
26104016010,26104016026
26104016011,26104016014
26104016011,26104016026
26104016011,26104016029
26104016011,26104016030
26104016012,26104016015
26104016012,26104016029
26104016012,26104016030
26104016012,26104018020
26104016013,26104016014
26104016013,26104016016
26104016013,26104016023
26104016013,26104016024
26104016013,26104016026
26104016013,26104016027
26104016014,26104016015
26104016014,26104016017
26104016014,26104016026
26104016014,26104016027
26104016014,26104016030
26104016014,26104016031
26104016015,26104016018
26104016015,26104016030
26104016015,26104016031
26104016015,26104018020
26104016016,26104016019
26104016016,26104016024
26104016016,26104016027
26104016017,26104016020
26104016017,26104016027
26104016017,26104016031
26104016018,26104016021
26104016018,26104016031
26104016019,26104016020
26104016019,26104016024
26104016019,26104016027
26104016020,26104016021
26104016020,26104016027
26104016020,26104016031
26104016021,26104016031
26104016029,26104016030
26104017001,26104017002
26104017001,26104017004
26104017001,26104017019
26104017001,26104017022
26104017001,26104020014
26104017001,26104020017
26104017002,26104017003
26104017002,26104017005
26104017002,26104017022
26104017002,26104017025
26104017002,26104020017
26104017002,26104020018
26104017003,26104017006
26104017003,26104017025
26104017003,26104019001
26104017003,26104019021
26104017003,26104020018
26104017003,26104020019
26104017004,26104017005
26104017004,26104017007
26104017004,26104017019
26104017004,26104017022
26104017005,26104017006
26104017005,26104017007
26104017005,26104017008
26104017005,26104017022
26104017005,26104017025
26104017005,26104017026
26104017006,26104017009
26104017006,26104017025
26104017006,26104017026
26104017006,26104019021
26104017007,26104017008
26104017007,26104017010
26104017007,26104017020
26104017007,26104017023
26104017008,26104017011
26104017008,26104017023
26104017008,26104017026
26104017009,26104017012
26104017009,26104017026
26104017009,26104019009
26104017009,26104019021
26104017009,26104019022
26104017010,26104017011
26104017010,26104017013
26104017010,26104017020
26104017010,26104017023
26104017010,26104017029
26104017010,26104017030
26104017011,26104017012
26104017011,26104017014
26104017011,26104017023
26104017011,26104017026
26104017011,26104017027
26104017011,26104017030
26104017012,26104017015
26104017012,26104017026
26104017012,26104017027
26104017012,26104019022
26104017013,26104017014
26104017013,26104017016
26104017013,26104017021
26104017013,26104017024
26104017013,26104017029
26104017013,26104017030
26104017014,26104017015
26104017014,26104017017
26104017014,26104017024
26104017014,26104017027
26104017014,26104017028
26104017014,26104017030
26104017015,26104017018
26104017015,26104017027
26104017015,26104017028
26104017015,26104018018
26104017015,26104019017
26104017015,26104019022
26104017016,26104017021
26104017016,26104017024
26104017017,26104017024
26104017017,26104017028
26104017018,26104017028
26104017018,26104018018
26104018001,26104018005
26104018001,26104018018
26104018001,26104018021
26104018001,26104019017
26104018002,26104018006
26104018002,26104018021
26104018002,26104018024
26104018002,26104019018
26104018003,26104018007
26104018003,26104018024
26104018003,26104018027
26104018003,26104019019
26104018004,26104018008
26104018004,26104018027
26104018004,26104019020
26104018004,26104023017
26104018005,26104018009
26104018005,26104018018
26104018005,26104018019
26104018005,26104018021
26104018005,26104018022
26104018006,26104018010
26104018006,26104018021
26104018006,26104018022
26104018006,26104018024
26104018006,26104018025
26104018007,26104018011
26104018007,26104018024
26104018007,26104018025
26104018007,26104018027
26104018008,26104018015
26104018008,26104018027
26104018008,26104023017
26104018008,26104023018
26104018009,26104018012
26104018009,26104018019
26104018009,26104018022
26104018010,26104018013
26104018010,26104018022
26104018010,26104018025
26104018011,26104018013
26104018011,26104018014
26104018011,26104018015
26104018011,26104018025
26104018011,26104018027
26104018012,26104018013
26104018012,26104018016
26104018012,26104018019
26104018012,26104018020
26104018012,26104018022
26104018012,26104018023
26104018013,26104018014
26104018013,26104018017
26104018013,26104018022
26104018013,26104018023
26104018013,26104018025
26104018013,26104018026
26104018014,26104018015
26104018014,26104018025
26104018014,26104018026
26104018014,26104018028
26104018014,26104018029
26104018015,26104018026
26104018015,26104018027
26104018015,26104018028
26104018015,26104018029
26104018015,26104023018
26104018015,26104023019
26104018016,26104018020
26104018016,26104018023
26104018017,26104018023
26104018017,26104018026
26104018018,26104018019
26104018018,26104019017
26104018019,26104018020
26104018021,26104018022
26104018021,26104019017
26104018021,26104019018
26104018024,26104018025
26104018024,26104019018
26104018024,26104019019
26104018026,26104018029
26104018027,26104019019
26104018027,26104019020
26104018028,26104018029
26104019001,26104019002
26104019001,26104019005
26104019001,26104019006
26104019001,26104019021
26104019001,26104020019
26104019001,26104020021
26104019002,26104019003
26104019002,26104019006
26104019002,26104019024
26104019002,26104020009
26104019002,26104020010
26104019002,26104020021
26104019003,26104019004
26104019003,26104019007
26104019003,26104019024
26104019003,26104019026
26104019003,26104020010
26104019003,26104020011
26104019004,26104019008
26104019004,26104019026
26104019004,26104020011
26104019004,26104021026
26104019004,26104022001
26104019004,26104022015
26104019005,26104019006
26104019005,26104019009
26104019005,26104019021
26104019005,26104019023
26104019006,26104019010
26104019006,26104019023
26104019006,26104019024
26104019007,26104019011
26104019007,26104019024
26104019007,26104019026
26104019008,26104019012
26104019008,26104019026
26104019008,26104022015
26104019009,26104019013
26104019009,26104019021
26104019009,26104019022
26104019009,26104019023
26104019010,26104019014
26104019010,26104019023
26104019010,26104019024
26104019011,26104019014
26104019011,26104019015
26104019011,26104019024
26104019011,26104019026
26104019012,26104019016
26104019012,26104019026
26104019013,26104019017
26104019013,26104019022
26104019013,26104019023
26104019014,26104019015
26104019014,26104019023
26104019014,26104019025
26104019015,26104019016
26104019015,26104019019
26104019015,26104019025
26104019015,26104019026
26104019015,26104019027
26104019016,26104019020
26104019016,26104019026
26104019016,26104019027
26104019016,26104022016
26104019017,26104019018
26104019017,26104019022
26104019017,26104019023
26104019018,26104019019
26104019018,26104019023
26104019018,26104019025
26104019019,26104019020
26104019019,26104019025
26104019019,26104019027
26104019020,26104019027
26104019020,26104022016
26104019020,26104023017
26104019023,26104019025
26104020001,26104020002
26104020001,26104020005
26104020001,26104020008
26104020001,26104020009
26104020001,26104020020
26104020001,26104020022
26104020002,26104020003
26104020002,26104020009
26104020002,26104020010
26104020003,26104020010
26104020003,26104020011
26104020003,26104021025
26104020003,26105010006
26104020004,26104020005
26104020004,26104020006
26104020004,26104020007
26104020005,26104020007
26104020005,26104020008
26104020006,26104020007
26104020006,26104020012
26104020007,26104020008
26104020007,26104020012
26104020007,26104020013
26104020008,26104020009
26104020008,26104020013
26104020008,26104020020
26104020008,26104020021
26104020009,26104020010
26104020009,26104020020
26104020009,26104020021
26104020009,26104020022
26104020010,26104020011
26104020011,26104021011
26104020011,26104021025
26104020011,26104021026
26104020012,26104020013
26104020012,26104020014
26104020012,26104020015
26104020012,26104020016
26104020013,26104020015
26104020013,26104020016
26104020013,26104020021
26104020014,26104020015
26104020014,26104020017
26104020014,26104020018
26104020015,26104020016
26104020015,26104020017
26104020015,26104020018
26104020015,26104020019
26104020016,26104020019
26104020016,26104020021
26104020017,26104020018
26104020018,26104020019
26104020019,26104020021
26104020020,26104020022
26104021001,26104021002
26104021001,26104021006
26104021001,26104021010
26104021001,26105010005
26104021001,26105010017
26104021002,26104021003
26104021002,26104021006
26104021002,26104021007
26104021002,26105009001
26104021002,26105010005
26104021003,26104021004
26104021003,26104021007
26104021003,26105009001
26104021004,26104021007
26104021004,26104021008
26104021004,26105009001
26104021005,26104021008
26104021005,26105009004
26104021005,26106019001
26104021005,26106019016
26104021006,26104021007
26104021006,26104021010
26104021006,26104021011
26104021006,26104021012
26104021006,26104021013
26104021006,26104021015
26104021007,26104021008
26104021007,26104021009
26104021007,26104021015
26104021007,26104021027
26104021008,26104021009
26104021008,26104021027
26104021008,26105009001
26104021008,26105009002
26104021008,26105009004
26104021008,26106019016
26104021008,26106019017
26104021009,26104021017
26104021009,26104021027
26104021009,26106019017
26104021010,26104021011
26104021010,26104021025
26104021010,26105010017
26104021011,26104021012
26104021011,26104021020
26104021011,26104021021
26104021011,26104021025
26104021011,26104021026
26104021012,26104021013
26104021012,26104021014
26104021012,26104021015
26104021012,26104021019
26104021012,26104021021
26104021013,26104021015
26104021014,26104021015
26104021014,26104021016
26104021014,26104021019
26104021014,26104021027
26104021015,26104021027
26104021016,26104021017
26104021016,26104021018
26104021016,26104021019
26104021016,26104021027
26104021017,26104021018
26104021017,26104021027
26104021018,26104021019
26104021018,26104021024
26104021018,26106019017
26104021018,26106019021
26104021019,26104021020
26104021019,26104021021
26104021019,26104021022
26104021019,26104021023
26104021019,26104021024
26104021020,26104021021
26104021020,26104021022
26104021020,26104021026
26104021020,26104022001
26104021020,26104022002
26104021020,26104022017
26104021022,26104021023
26104021022,26104022002
26104021023,26104021024
26104021023,26104022002
26104021023,26104022003
26104021024,26104022003
26104021024,26104022023
26104021024,26106019019
26104021024,26106019021
26104021025,26105010006
26104021025,26105010017
26104021026,26104022001
26104022001,26104022004
26104022001,26104022015
26104022001,26104022017
26104022002,26104022003
26104022002,26104022005
26104022002,26104022017
26104022002,26104022019
26104022003,26104022006
26104022003,26104022019
26104022003,26104022021
26104022003,26104022023
26104022004,26104022008
26104022004,26104022015
26104022004,26104022017
26104022005,26104022009
26104022005,26104022017
26104022005,26104022019
26104022006,26104022010
26104022006,26104022019
26104022006,26104022021
26104022007,26104022011
26104022007,26104022021
26104022007,26104022023
26104022007,26106018017
26104022008,26104022012
26104022008,26104022015
26104022008,26104022016
26104022008,26104022017
26104022008,26104022018
26104022009,26104022013
26104022009,26104022017
26104022009,26104022018
26104022009,26104022019
26104022009,26104022020
26104022010,26104022014
26104022010,26104022019
26104022010,26104022020
26104022010,26104022021
26104022010,26104022022
26104022011,26104022021
26104022011,26104022022
26104022011,26104022024
26104022011,26106018017
26104022012,26104022016
26104022012,26104022018
26104022012,26104023001
26104022013,26104022018
26104022013,26104022020
26104022013,26104023002
26104022014,26104022020
26104022014,26104022022
26104022014,26104023003
26104022015,26104022016
26104022016,26104023001
26104022016,26104023017
26104022017,26104022018
26104022018,26104023001
26104022018,26104023002
26104022019,26104022020
26104022020,26104023002
26104022020,26104023003
26104022021,26104022022
26104022021,26104022023
26104022022,26104022024
26104022022,26104023003
26104022022,26104023004
26104022022,26104023026
26104022023,26106018001
26104022023,26106018017
26104022023,26106019019
26104022024,26104023004
26104022024,26106018017
26104022024,26106018018
26104023001,26104023002
26104023001,26104023005
26104023001,26104023017
26104023001,26104023020
26104023002,26104023003
26104023002,26104023006
26104023002,26104023020
26104023002,26104023023
26104023003,26104023007
26104023003,26104023023
26104023003,26104023026
26104023004,26104023008
26104023004,26104023026
26104023004,26106017017
26104023004,26106018018
26104023005,26104023009
26104023005,26104023017
26104023005,26104023020
26104023006,26104023010
26104023006,26104023020
26104023006,26104023023
26104023007,26104023011
26104023007,26104023023
26104023007,26104023026
26104023008,26104023012
26104023008,26104023026
26104023008,26106017017
26104023009,26104023017
26104023009,26104023018
26104023009,26104023020
26104023009,26104023021
26104023010,26104023014
26104023010,26104023020
26104023010,26104023021
26104023010,26104023023
26104023010,26104023024
26104023011,26104023023
26104023011,26104023024
26104023011,26104023026
26104023011,26104023027
26104023012,26104023026
26104023012,26104023027
26104023012,26106017017
26104023012,26106017018
26104023013,26104023014
26104023013,26104023018
26104023013,26104023019
26104023013,26104023021
26104023013,26104023022
26104023014,26104023015
26104023014,26104023021
26104023014,26104023022
26104023014,26104023024
26104023014,26104023025
26104023015,26104023016
26104023015,26104023024
26104023015,26104023025
26104023015,26104023027
26104023015,26104023028
26104023016,26104023027
26104023016,26104023028
26104023016,26106017018
26104023016,26106017019
26104023017,26104023018
26104023018,26104023019
26104023018,26104023021
26104023019,26104023022
26104023020,26104023021
26104023022,26104023025
26104023023,26104023024
26104023024,26104023027
26104023026,26104023027
26104023027,26106017018
26105001001,26105001002
26105001001,26105001003
26105001001,26105001004
26105001001,26105001013
26105001001,26105001018
26105001001,26105001019
26105001001,26105002023
26105001002,26105001010
26105001002,26105001013
26105001002,26105001019
26105001002,26105002023
26105001003,26105001016
26105001003,26105001017
26105001003,26105001018
26105001003,26105002021
26105001003,26105002022
26105001003,26105002023
26105001004,26105001006
26105001004,26105001007
26105001004,26105001008
26105001004,26105001009
26105001004,26105001011
26105001004,26105001018
26105001004,26105001019
26105001005,26105001006
26105001005,26105001008
26105001005,26105001015
26105001005,26105001016
26105001005,26105001017
26105001005,26105001018
26105001005,26105007022
26105001006,26105001008
26105001006,26105001018
26105001007,26105001008
26105001007,26105001009
26105001007,26105001012
26105001007,26105007022
26105001008,26105007022
26105001009,26105001011
26105001009,26105001012
26105001010,26105001013
26105001010,26105001019
26105001010,26105007003
26105001011,26105001012
26105001011,26105001019
26105001011,26105007004
26105001011,26105007005
26105001011,26105007006
26105001012,26105007006
26105001012,26105007022
26105001013,26105002002
26105001013,26105002006
26105001013,26105002023
26105001013,26105007003
26105001013,26105007021
26105001013,26105008002
26105001014,26105001016
26105001014,26105001023
26105001014,26105001024
26105001014,26105002020
26105001014,26105002021
26105001015,26105001016
26105001015,26105001022
26105001015,26105001023
26105001015,26105001027
26105001015,26105004004
26105001015,26105004005
26105001015,26105006018
26105001015,26105007022
26105001016,26105001017
26105001016,26105001023
26105001016,26105002021
26105001017,26105001018
26105001019,26105007003
26105001019,26105007004
26105001020,26105001021
26105001020,26105001022
26105001020,26105001026
26105001020,26105001027
26105001020,26105001028
26105001020,26105001030
26105001020,26105002020
26105001020,26105003023
26105001021,26105002020
26105001021,26105003023
26105001022,26105001023
26105001022,26105001024
26105001022,26105001027
26105001022,26105001030
26105001023,26105001024
26105001024,26105001030
26105001024,26105002020
26105001025,26105001026
26105001025,26105001029
26105001025,26105003023
26105001025,26105003024
26105001025,26105004001
26105001025,26110011005
26105001026,26105001028
26105001026,26105003023
26105001026,26105004001
26105001027,26105001028
26105001027,26105004001
26105001027,26105004004
26105001028,26105004001
26105001029,26105004001
26105001030,26105002020
26105002001,26105002002
26105002001,26105002003
26105002001,26105002011
26105002001,26105002012
26105002001,26105002016
26105002002,26105002003
26105002002,26105002004
26105002002,26105002005
26105002002,26105002006
26105002002,26105002016
26105002002,26105002023
26105002003,26105002004
26105002003,26105002012
26105002003,26105008018
26105002004,26105002005
26105002004,26105008018
26105002004,26105008022
26105002004,26105008023
26105002005,26105002006
26105002005,26105008001
26105002005,26105008002
26105002006,26105008002
26105002007,26105002019
26105002007,26105002020
26105002007,26105003004
26105002008,26105002009
26105002008,26105002010
26105002008,26105002011
26105002008,26105002013
26105002008,26105003005
26105002009,26105002013
26105002009,26105002018
26105002009,26105002024
26105002009,26105003004
26105002009,26105003005
26105002010,26105002011
26105002010,26105003005
26105002010,26105003019
26105002010,26105008006
26105002011,26105002012
26105002011,26105002013
26105002011,26105002015
26105002011,26105002016
26105002011,26105002017
26105002011,26105008006
26105002012,26105008006
26105002012,26105008014
26105002012,26105008018
26105002013,26105002015
26105002013,26105002018
26105002013,26105002020
26105002013,26105002021
26105002014,26105002015
26105002014,26105002016
26105002014,26105002017
26105002014,26105002022
26105002014,26105002023
26105002015,26105002017
26105002015,26105002021
26105002015,26105002022
26105002016,26105002017
26105002016,26105002023
26105002018,26105002019
26105002018,26105002020
26105002018,26105002024
26105002019,26105002020
26105002019,26105002024
26105002019,26105003004
26105002020,26105002021
26105002020,26105003001
26105002020,26105003002
26105002020,26105003004
26105002020,26105003023
26105002021,26105002022
26105002022,26105002023
26105002024,26105003004
26105003001,26105003002
26105003001,26105003003
26105003001,26105003021
26105003001,26105003022
26105003001,26105003023
26105003002,26105003003
26105003002,26105003004
26105003002,26105003011
26105003003,26105003011
26105003003,26105003012
26105003003,26105003021
26105003004,26105003005
26105003004,26105003010
26105003004,26105003011
26105003004,26105003013
26105003004,26105003019
26105003004,26105003020
26105003005,26105003019
26105003006,26105003007
26105003006,26105003008
26105003006,26105003009
26105003006,26105003011
26105003006,26105003012
26105003006,26105003014
26105003006,26105003021
26105003006,26105003029
26105003006,26105009012
26105003006,26105009014
26105003006,26105009015
26105003007,26105003009
26105003007,26105003010
26105003007,26105003011
26105003007,26105003012
26105003007,26105003016
26105003008,26105009012
26105003008,26105009015
26105003009,26105003014
26105003009,26105003015
26105003009,26105003016
26105003009,26105009014
26105003010,26105003011
26105003010,26105003013
26105003010,26105003016
26105003011,26105003012
26105003011,26105003013
26105003012,26105003021
26105003013,26105003016
26105003013,26105003018
26105003013,26105003020
26105003014,26105003015
26105003014,26105009012
26105003014,26105009014
26105003015,26105003016
26105003015,26105008006
26105003015,26105009012
26105003016,26105003017
26105003016,26105003018
26105003016,26105008006
26105003017,26105003018
26105003017,26105003019
26105003017,26105003020
26105003017,26105008006
26105003018,26105003019
26105003018,26105003020
26105003019,26105003020
26105003019,26105008006
26105003021,26105003022
26105003021,26105003029
26105003022,26105003023
26105003022,26105003024
26105003022,26105003026
26105003022,26105003029
26105003022,26110012032
26105003022,26110012033
26105003022,26110012034
26105003023,26105003024
26105003024,26110011005
26105003024,26110012032
26105003026,26105003027
26105003026,26105003028
26105003026,26105003029
26105003026,26110012027
26105003026,26110012032
26105003026,26110012033
26105003027,26105003028
26105003027,26105003029
26105003027,26105009015
26105003028,26105009015
26105003028,26105011041
26105003028,26110012027
26105003029,26105009015
26105004001,26105004003
26105004001,26105004004
26105004001,26105004007
26105004001,26105004015
26105004001,26110011005
26105004002,26105004003
26105004002,26105004006
26105004002,26105006030
26105004003,26105004004
26105004003,26105004006
26105004003,26105004007
26105004003,26105004011
26105004003,26105006030
26105004004,26105004005
26105004004,26105004011
26105004005,26105004011
26105004005,26105006018
26105004005,26105006019
26105004006,26105004008
26105004006,26105004010
26105004006,26105004011
26105004006,26105006024
26105004006,26105006028
26105004006,26105006030
26105004007,26105004012
26105004007,26105004015
26105004007,26105006030
26105004007,26110011005
26105004007,26110011021
26105004007,26110011035
26105004008,26105004009
26105004008,26105004011
26105004008,26105006020
26105004008,26105006024
26105004009,26105004011
26105004009,26105006020
26105004009,26105006029
26105004009,26105006032
26105004010,26105006028
26105004010,26105006030
26105004011,26105006019
26105004011,26105006029
26105004012,26105006030
26105004012,26110011035
26105005001,26105005015
26105005001,26105005018
26105005001,26105006009
26105005001,26105006031
26105005002,26105005003
26105005002,26105005015
26105005002,26105005018
26105005003,26105005004
26105005003,26105005015
26105005003,26105005018
26105005004,26105005005
26105005004,26105005012
26105005004,26105005015
26105005004,26105005018
26105005005,26105005006
26105005005,26105005009
26105005005,26105005012
26105005005,26105005018
26105005005,26109021003
26105005006,26105005007
26105005006,26105005009
26105005006,26109021003
26105005006,26109021027
26105005007,26105005008
26105005007,26109021003
26105005007,26109021004
26105005007,26109021006
26105005007,26109021020
26105005007,26109021027
26105005008,26109021006
26105005008,26109021007
26105005008,26109021020
26105005008,26109021021
26105005008,26109021022
26105005009,26105005010
26105005009,26105005011
26105005009,26105005012
26105005009,26109021027
26105005009,26109022007
26105005009,26109022029
26105005010,26105005011
26105005010,26107008007
26105005010,26107008011
26105005010,26109022007
26105005010,26109022009
26105005010,26109022029
26105005011,26105005012
26105005011,26105005014
26105005011,26107008011
26105005012,26105005014
26105005012,26105005015
26105005013,26105005014
26105005013,26105005015
26105005013,26105006006
26105005013,26105006008
26105005013,26105006009
26105005013,26106023002
26105005014,26105005015
26105005014,26106023002
26105005014,26107007011
26105005014,26107008008
26105005014,26107008010
26105005014,26107008011
26105005015,26105005018
26105005015,26105006009
26105005016,26105005017
26105005016,26105005018
26105005016,26105006028
26105005016,26105006030
26105005016,26105006033
26105005016,26109021001
26105005016,26109021019
26105005017,26105006030
26105005018,26105005019
26105005018,26105006025
26105005018,26105006026
26105005018,26105006027
26105005018,26105006031
26105005018,26105006033
26105005018,26109021001
26105005018,26109021002
26105005018,26109021003
26105005018,26109021005
26105005019,26105006025
26105005019,26105006028
26105005019,26105006033
26105006001,26105006002
26105006001,26105006010
26105006001,26105007009
26105006001,26105007015
26105006001,26105007023
26105006001,26105007024
26105006002,26105006003
26105006002,26105006010
26105006002,26105006011
26105006002,26105006012
26105006002,26105006014
26105006002,26105007023
26105006003,26105006004
26105006003,26105006006
26105006003,26105006010
26105006003,26105006013
26105006003,26105006014
26105006003,26105006015
26105006003,26105006021
26105006003,26105006022
26105006004,26105006005
26105006004,26105006006
26105006004,26105006022
26105006005,26105006006
26105006005,26105006007
26105006005,26105006022
26105006005,26105006023
26105006005,26105006032
26105006006,26105006007
26105006006,26105006008
26105006006,26105006010
26105006006,26106023001
26105006006,26106023002
26105006007,26105006008
26105006007,26105006027
26105006007,26105006032
26105006008,26105006009
26105006008,26105006027
26105006008,26105006031
26105006009,26105006031
26105006010,26105007024
26105006010,26106023001
26105006011,26105006012
26105006011,26105006018
26105006011,26105007023
26105006012,26105006013
26105006012,26105006014
26105006012,26105006018
26105006013,26105006014
26105006013,26105006015
26105006013,26105006018
26105006015,26105006016
26105006015,26105006018
26105006015,26105006021
26105006016,26105006017
26105006016,26105006018
26105006016,26105006021
26105006017,26105006018
26105006017,26105006019
26105006017,26105006021
26105006017,26105006032
26105006018,26105006019
26105006018,26105007002
26105006018,26105007022
26105006018,26105007023
26105006019,26105006029
26105006019,26105006032
26105006020,26105006024
26105006020,26105006032
26105006021,26105006022
26105006021,26105006032
26105006022,26105006023
26105006022,26105006032
26105006023,26105006032
26105006024,26105006025
26105006024,26105006026
26105006024,26105006027
26105006024,26105006028
26105006024,26105006032
26105006025,26105006026
26105006025,26105006028
26105006026,26105006027
26105006026,26105006031
26105006027,26105006031
26105006027,26105006032
26105006028,26105006030
26105006028,26105006033
26105006029,26105006032
26105006030,26109021019
26105006030,26110011030
26105006030,26110011035
26105007001,26105007002
26105007001,26105007022
26105007001,26105007025
26105007002,26105007022
26105007002,26105007023
26105007002,26105007025
26105007003,26105007004
26105007003,26105007010
26105007003,26105007011
26105007003,26105007016
26105007003,26105007021
26105007004,26105007005
26105007004,26105007010
26105007005,26105007006
26105007005,26105007010
26105007005,26105007012
26105007005,26105007013
26105007006,26105007007
26105007006,26105007013
26105007006,26105007022
26105007006,26105007025
26105007007,26105007008
26105007007,26105007013
26105007007,26105007014
26105007007,26105007025
26105007008,26105007009
26105007008,26105007014
26105007008,26105007015
26105007008,26105007025
26105007009,26105007015
26105007009,26105007023
26105007009,26105007025
26105007010,26105007011
26105007010,26105007012
26105007010,26105007017
26105007010,26105007018
26105007011,26105007016
26105007011,26105007017
26105007012,26105007013
26105007012,26105007018
26105007012,26105007020
26105007013,26105007014
26105007013,26105007018
26105007013,26105007020
26105007014,26105007015
26105007014,26105007020
26105007014,26106022005
26105007014,26106022023
26105007015,26105007024
26105007015,26106022005
26105007015,26106022006
26105007015,26106022026
26105007016,26105007017
26105007016,26105007021
26105007017,26105007018
26105007017,26105007019
26105007017,26105008017
26105007017,26106019006
26105007017,26106020002
26105007017,26106022013
26105007018,26105007019
26105007018,26105007020
26105007019,26105007020
26105007019,26106022001
26105007019,26106022003
26105007019,26106022013
26105007020,26106022001
26105007020,26106022002
26105007020,26106022003
26105007020,26106022005
26105007020,26106022023
26105007021,26105008002
26105007021,26105008017
26105007021,26105008020
26105007022,26105007025
26105007023,26105007025
26105007024,26106022016
26105007024,26106022026
26105007024,26106023001
26105008001,26105008002
26105008001,26105008019
26105008001,26105008020
26105008001,26105008022
26105008001,26105008023
26105008002,26105008020
26105008003,26105008004
26105008003,26105008006
26105008003,26105008010
26105008003,26105009012
26105008003,26105009013
26105008004,26105008005
26105008004,26105008006
26105008004,26105008007
26105008004,26105008010
26105008004,26105008021
26105008005,26105008006
26105008005,26105008008
26105008005,26105008009
26105008005,26105008011
26105008005,26105008021
26105008006,26105008009
26105008006,26105008014
26105008006,26105009012
26105008007,26105008010
26105008007,26105008021
26105008008,26105008009
26105008008,26105008011
26105008008,26105008012
26105008009,26105008012
26105008009,26105008013
26105008009,26105008014
26105008010,26105008011
26105008010,26105008021
26105008010,26105009004
26105008010,26105009013
26105008010,26106019001
26105008011,26105008012
26105008011,26105008021
26105008011,26106019001
26105008011,26106019002
26105008012,26105008013
26105008012,26106019002
26105008012,26106019003
26105008013,26105008014
26105008013,26106019003
26105008013,26106019004
26105008014,26105008015
26105008014,26105008018
26105008014,26106019004
26105008015,26105008016
26105008015,26105008018
26105008015,26105008023
26105008015,26106019004
26105008015,26106019005
26105008016,26105008017
26105008016,26105008019
26105008016,26105008023
26105008016,26106019005
26105008016,26106019006
26105008017,26105008019
26105008017,26105008020
26105008017,26106019006
26105008018,26105008023
26105008019,26105008020
26105008019,26105008023
26105008022,26105008023
26105009001,26105009002
26105009001,26105009007
26105009001,26105009009
26105009001,26105010005
26105009001,26105010012
26105009001,26105010016
26105009002,26105009003
26105009002,26105009004
26105009002,26105009009
26105009002,26105009010
26105009002,26105009013
26105009003,26105009010
26105009003,26105009011
26105009003,26105009013
26105009004,26105009013
26105009004,26106019001
26105009005,26105009006
26105009005,26105009011
26105009005,26105009015
26105009005,26105010009
26105009005,26105010013
26105009005,26105010014
26105009005,26105011003
26105009005,26105011037
26105009005,26105011038
26105009005,26105011041
26105009006,26105009007
26105009006,26105009008
26105009006,26105009011
26105009006,26105010014
26105009006,26105010015
26105009007,26105009008
26105009007,26105009009
26105009007,26105010015
26105009007,26105010016
26105009008,26105009009
26105009008,26105009010
26105009008,26105009011
26105009009,26105009010
26105009010,26105009011
26105009011,26105009012
26105009011,26105009013
26105009011,26105009015
26105009011,26105010013
26105009012,26105009013
26105009012,26105009014
26105009012,26105009015
26105009015,26105011041
26105010001,26105010002
26105010001,26105010003
26105010001,26105010007
26105010001,26105011026
26105010002,26105010003
26105010002,26105010004
26105010002,26105010006
26105010002,26105010007
26105010002,26105010012
26105010003,26105010010
26105010003,26105010011
26105010003,26105010012
26105010003,26105011022
26105010003,26105011026
26105010003,26105011027
26105010004,26105010005
26105010004,26105010006
26105010004,26105010012
26105010004,26105010017
26105010005,26105010012
26105010005,26105010017
26105010006,26105010007
26105010006,26105010017
26105010007,26105010008
26105010007,26105011026
26105010008,26105011020
26105010008,26105011025
26105010008,26105011026
26105010008,26105011027
26105010009,26105010010
26105010009,26105010013
26105010009,26105010014
26105010009,26105011003
26105010009,26105011022
26105010009,26105011033
26105010009,26105011034
26105010010,26105010011
26105010010,26105010014
26105010010,26105010015
26105010010,26105011022
26105010011,26105010012
26105010011,26105010014
26105010011,26105010015
26105010011,26105010016
26105010012,26105010016
26105010013,26105010014
26105010014,26105010015
26105010015,26105010016
26105011001,26105011002
26105011001,26105011004
26105011001,26105011013
26105011002,26105011005
26105011002,26105011013
26105011002,26105011014
26105011002,26105011015
26105011002,26105011016
26105011003,26105011015
26105011003,26105011023
26105011003,26105011028
26105011003,26105011029
26105011003,26105011033
26105011003,26105011037
26105011004,26105011012
26105011004,26105011013
26105011005,26105011006
26105011005,26105011015
26105011005,26105011016
26105011006,26105011016
26105011006,26105011018
26105011007,26105011008
26105011007,26105011035
26105011007,26105011039
26105011007,26110012027
26105011008,26110012002
26105011008,26110012027
26105011009,26105011010
26105011009,26105011035
26105011009,26105011039
26105011010,26105011011
26105011010,26105011035
26105011011,26105011012
26105011011,26105011035
26105011011,26105011036
26105011012,26105011013
26105011012,26105011036
26105011012,26105011037
26105011013,26105011014
26105011013,26105011037
26105011014,26105011015
26105011014,26105011037
26105011015,26105011016
26105011015,26105011023
26105011015,26105011037
26105011016,26105011017
26105011016,26105011018
26105011016,26105011023
26105011017,26105011018
26105011017,26105011023
26105011017,26105011024
26105011018,26105011019
26105011018,26105011024
26105011018,26105011025
26105011019,26105011020
26105011019,26105011025
26105011020,26105011025
26105011020,26105011027
26105011021,26105011024
26105011021,26105011025
26105011021,26105011028
26105011021,26105011029
26105011021,26105011031
26105011021,26105011032
26105011022,26105011027
26105011022,26105011030
26105011022,26105011033
26105011022,26105011034
26105011023,26105011024
26105011023,26105011028
26105011024,26105011028
26105011025,26105011027
26105011025,26105011031
26105011026,26105011027
26105011027,26105011030
26105011027,26105011031
26105011028,26105011029
26105011029,26105011030
26105011029,26105011032
26105011029,26105011033
26105011030,26105011031
26105011030,26105011032
26105011030,26105011033
26105011031,26105011032
26105011033,26105011034
26105011035,26105011036
26105011035,26105011038
26105011035,26105011039
26105011035,26110012027
26105011036,26105011037
26105011036,26105011038
26105011037,26105011038
26105011038,26105011041
26105011038,26110012027
26105011041,26110012027
26106001001,26106001002
26106001001,26106001003
26106001001,26106001017
26106001001,26106001021
26106001001,26106017015
26106001001,26106017016
26106001001,26106020013
26106001001,26106020014
26106001001,26106020020
26106001001,26106020023
26106001002,26106001004
26106001002,26106001021
26106001002,26106002015
26106001002,26106020016
26106001002,26106020023
26106001002,26106020027
26106001003,26106001005
26106001003,26106001017
26106001003,26106001021
26106001004,26106001006
26106001004,26106001021
26106001004,26106002015
26106001005,26106001007
26106001005,26106001017
26106001005,26106001018
26106001005,26106001021
26106001005,26106001022
26106001006,26106001008
26106001006,26106001021
26106001006,26106001022
26106001006,26106002015
26106001006,26106002016
26106001007,26106001009
26106001007,26106001018
26106001007,26106001022
26106001008,26106001010
26106001008,26106001022
26106001008,26106002016
26106001009,26106001011
26106001009,26106001018
26106001009,26106001019
26106001009,26106001022
26106001009,26106001023
26106001010,26106001012
26106001010,26106001022
26106001010,26106001023
26106001010,26106002016
26106001010,26106002017
26106001011,26106001012
26106001011,26106001013
26106001011,26106001019
26106001011,26106001023
26106001012,26106001013
26106001012,26106001014
26106001012,26106001023
26106001012,26106002017
26106001013,26106001014
26106001013,26106001015
26106001013,26106001019
26106001013,26106001020
26106001013,26106001024
26106001014,26106001016
26106001014,26106001024
26106001014,26106002017
26106001014,26106002018
26106001015,26106001020
26106001015,26106001024
26106001015,26106013001
26106001016,26106001024
26106001016,26106002018
26106001016,26106013002
26106001017,26106001018
26106001017,26106016004
26106001017,26106017016
26106001018,26106001019
26106001018,26106016004
26106001018,26106016008
26106001018,26106016024
26106001019,26106001020
26106001019,26106016008
26106001019,26106016012
26106001020,26106013001
26106001020,26106013017
26106001020,26106015004
26106001020,26106016012
26106001020,26106016027
26106001021,26106001022
26106001022,26106001023
26106001024,26106013001
26106001024,26106013002
26106002001,26106002002
26106002001,26106002004
26106002001,26106002015
26106002001,26106021010
26106002002,26106002003
26106002002,26106002004
26106002002,26106021010
26106002003,26106002004
26106002003,26106002005
26106002003,26106021010
26106002003,26106021011
26106002003,26106021014
26106002004,26106002005
26106002004,26106002006
26106002004,26106002015
26106002005,26106002006
26106002005,26106021016
26106002005,26106021018
26106002006,26106002007
26106002006,26106002008
26106002006,26106002016
26106002006,26106002019
26106002006,26106002023
26106002006,26106021018
26106002006,26106021019
26106002007,26106002009
26106002007,26106002016
26106002007,26106002019
26106002008,26106002010
26106002008,26106002023
26106002008,26106021019
26106002008,26106021022
26106002009,26106002010
26106002009,26106002011
26106002009,26106002016
26106002009,26106002017
26106002009,26106002019
26106002009,26106002020
26106002009,26106002023
26106002010,26106002011
26106002010,26106002022
26106002010,26106002023
26106002010,26106021022
26106002010,26106021023
26106002011,26106002012
26106002011,26106002013
26106002011,26106002014
26106002011,26106002017
26106002011,26106002020
26106002011,26106002022
26106002011,26106003001
26106002012,26106002013
26106002012,26106002017
26106002012,26106002018
26106002012,26106002021
26106002012,26106013003
26106002013,26106002014
26106002013,26106013003
26106002013,26106013004
26106002014,26106003001
26106002014,26106003005
26106002014,26106003009
26106002014,26106013004
26106002015,26106002016
26106002015,26106020027
26106002015,26106021010
26106002016,26106002017
26106002017,26106002018
26106002017,26106002020
26106002018,26106013002
26106002018,26106013003
26106002018,26106013019
26106002019,26106002023
26106002021,26106013003
26106002022,26106003001
26106002022,26106021023
26106003001,26106003002
26106003001,26106003005
26106003001,26106003029
26106003001,26106004017
26106003001,26106021020
26106003001,26106021023
26106003001,26106021025
26106003002,26106003003
26106003002,26106003006
26106003002,26106003007
26106003002,26106003029
26106003002,26106004017
26106003003,26106003004
26106003003,26106003007
26106003003,26106003035
26106003003,26106004017
26106003004,26106003008
26106003004,26106003035
26106003004,26106003038
26106003004,26106004017
26106003004,26106004020
26106003005,26106003009
26106003005,26106003029
26106003005,26106003030
26106003006,26106003007
26106003006,26106003011
26106003006,26106003029
26106003006,26106003030
26106003006,26106003033
26106003007,26106003012
26106003007,26106003033
26106003007,26106003035
26106003008,26106003013
26106003008,26106003035
26106003008,26106003038
26106003009,26106003010
26106003009,26106003030
26106003009,26106013004
26106003010,26106003011
26106003010,26106003014
26106003010,26106003030
26106003010,26106003031
26106003010,26106013004
26106003010,26106013008
26106003011,26106003012
26106003011,26106003015
26106003011,26106003016
26106003011,26106003020
26106003011,26106003030
26106003011,26106003031
26106003011,26106003033
26106003011,26106003040
26106003012,26106003013
26106003012,26106003016
26106003012,26106003033
26106003012,26106003035
26106003012,26106003036
26106003012,26106003040
26106003013,26106003017
26106003013,26106003035
26106003013,26106003036
26106003013,26106003038
26106003013,26106005012
26106003014,26106003015
26106003014,26106003018
26106003014,26106003031
26106003014,26106013008
26106003014,26106013012
26106003015,26106003018
26106003015,26106003019
26106003015,26106003020
26106003015,26106003031
26106003016,26106003017
26106003016,26106003020
26106003016,26106003036
26106003016,26106003040
26106003017,26106003020
26106003017,26106003021
26106003017,26106003036
26106003017,26106005012
26106003018,26106003019
26106003018,26106003022
26106003018,26106003032
26106003018,26106013012
26106003019,26106003020
26106003019,26106003023
26106003019,26106003032
26106003019,26106003034
26106003020,26106003021
26106003020,26106003024
26106003020,26106003034
26106003020,26106003037
26106003021,26106003025
26106003021,26106003037
26106003021,26106005012
26106003021,26106005013
26106003022,26106003023
26106003022,26106003026
26106003022,26106003027
26106003022,26106003032
26106003022,26106013012
26106003022,26106013016
26106003023,26106003024
26106003023,26106003027
26106003023,26106003032
26106003023,26106003034
26106003024,26106003025
26106003024,26106003027
26106003024,26106003034
26106003024,26106003037
26106003025,26106003027
26106003025,26106003028
26106003025,26106003037
26106003025,26106005013
26106003026,26106003027
26106003026,26106003039
26106003026,26106013016
26106003026,26106013021
26106003027,26106003028
26106003027,26106003039
26106003027,26106005008
26106003027,26106005009
26106003027,26106005015
26106003027,26106005016
26106003027,26106012005
26106003027,26106012007
26106003027,26106012008
26106003027,26106013021
26106003028,26106005013
26106003028,26106005014
26106003028,26106005015
26106003029,26106003030
26106003038,26106004020
26106003038,26106004028
26106003038,26106004029
26106003038,26106005012
26106003038,26106005018
26106003039,26106013021
26106004001,26106004002
26106004001,26106004004
26106004001,26106021001
26106004001,26106021002
26106004001,26106022019
26106004001,26106022020
26106004002,26106004003
26106004002,26106004004
26106004002,26106022019
26106004002,26106022020
26106004003,26106004004
26106004003,26106004005
26106004003,26106004025
26106004003,26106022020
26106004003,26106022021
26106004004,26106004005
26106004004,26106004022
26106004004,26106021001
26106004004,26106021002
26106004005,26106004006
26106004005,26106004022
26106004005,26106004025
26106004006,26106004022
26106004006,26106004025
26106004006,26106004032
26106004007,26106004010
26106004007,26106004021
26106004007,26106004022
26106004007,26106021009
26106004007,26106021013
26106004007,26106021026
26106004008,26106004011
26106004008,26106004021
26106004008,26106004022
26106004008,26106004023
26106004008,26106004032
26106004009,26106004012
26106004009,26106004023
26106004009,26106004025
26106004009,26106004032
26106004010,26106004014
26106004010,26106004021
26106004010,26106021026
26106004010,26106021027
26106004011,26106004015
26106004011,26106004021
26106004011,26106004023
26106004011,26106004024
26106004012,26106004016
26106004012,26106004023
26106004012,26106004024
26106004012,26106004025
26106004012,26106004026
26106004013,26106004025
26106004013,26106004026
26106004013,26106004029
26106004013,26106004030
26106004013,26106023008
26106004014,26106004017
26106004014,26106004021
26106004014,26106021027
26106004015,26106004017
26106004015,26106004021
26106004015,26106004024
26106004016,26106004018
26106004016,26106004024
26106004016,26106004026
26106004017,26106004018
26106004017,26106004019
26106004017,26106004020
26106004017,26106004021
26106004017,26106004024
26106004017,26106021017
26106004017,26106021019
26106004017,26106021025
26106004017,26106021027
26106004017,26106021028
26106004017,26106021029
26106004018,26106004019
26106004018,26106004024
26106004018,26106004026
26106004018,26106004027
26106004019,26106004020
26106004019,26106004027
26106004019,26106004028
26106004020,26106004028
26106004021,26106004022
26106004022,26106004032
26106004022,26106021009
26106004022,26106021024
26106004023,26106004024
26106004023,26106004032
26106004025,26106004026
26106004025,26106004032
26106004025,26106022021
26106004025,26106023003
26106004025,26106023008
26106004026,26106004027
26106004026,26106004029
26106004027,26106004028
26106004027,26106004029
26106004028,26106004029
26106004029,26106004030
26106004029,26106004031
26106004029,26106004033
26106004029,26106005012
26106004029,26106005018
26106004029,26106005020
26106004029,26106005021
26106004029,26106005023
26106004029,26106005024
26106004029,26106005025
26106004029,26106005027
26106004030,26106004031
26106004030,26106004033
26106004030,26106023004
26106004030,26106023005
26106004030,26106023008
26106004031,26106004033
26106004031,26106023005
26106004031,26106023007
26106004031,26107007002
26106004031,26107007006
26106004033,26106005027
26106004033,26107006004
26106004033,26107006008
26106004033,26107007002
26106004033,26107007013
26106005001,26106005002
26106005001,26106005003
26106005001,26106005012
26106005001,26106005013
26106005001,26106005014
26106005001,26106005018
26106005001,26106005020
26106005001,26106005021
26106005001,26106005023
26106005002,26106005005
26106005002,26106005006
26106005002,26106005013
26106005002,26106005014
26106005002,26106005019
26106005003,26106005004
26106005003,26106005005
26106005003,26106005022
26106005003,26106005023
26106005003,26106006001
26106005003,26106006011
26106005004,26106005023
26106005004,26106005026
26106005004,26106006011
26106005004,26107005002
26106005004,26107006013
26106005005,26106005006
26106005005,26106005022
26106005006,26106005007
26106005006,26106005014
26106005006,26106005019
26106005006,26106005022
26106005007,26106005011
26106005007,26106005016
26106005007,26106005019
26106005007,26106005022
26106005007,26106006005
26106005007,26106006008
26106005008,26106005009
26106005008,26106005017
26106005008,26106012008
26106005008,26106012014
26106005009,26106005010
26106005009,26106005016
26106005009,26106005017
26106005009,26106007011
26106005009,26106012014
26106005010,26106005011
26106005010,26106005016
26106005010,26106006010
26106005010,26106007011
26106005011,26106005016
26106005011,26106006008
26106005011,26106006010
26106005012,26106005013
26106005012,26106005018
26106005013,26106005014
26106005014,26106005015
26106005014,26106005019
26106005015,26106005016
26106005015,26106005019
26106005016,26106005019
26106005017,26106007009
26106005017,26106007011
26106005017,26106012014
26106005018,26106005020
26106005020,26106005021
26106005021,26106005023
26106005022,26106006001
26106005022,26106006003
26106005022,26106006005
26106005023,26106005024
26106005023,26106005026
26106005024,26106005025
26106005024,26106005026
26106005025,26106005026
26106005025,26106005027
26106005026,26106005027
26106005026,26107006004
26106005026,26107006013
26106005027,26107006004
26106006001,26106006002
26106006001,26106006003
26106006001,26106006011
26106006002,26106006003
26106006002,26106006004
26106006002,26106006011
26106006003,26106006004
26106006003,26106006005
26106006004,26106006005
26106006004,26106006011
26106006005,26106006006
26106006005,26106006008
26106006005,26106006009
26106006005,26106006011
26106006005,26106006012
26106006006,26106006007
26106006006,26106006011
26106006006,26106006012
26106006007,26106006011
26106006007,26106006012
26106006007,26106006014
26106006008,26106006009
26106006008,26106006010
26106006009,26106006010
26106006009,26106006012
26106006009,26106006013
26106006010,26106006013
26106006010,26106006015
26106006010,26106007011
26106006010,26106007012
26106006010,26106007014
26106006011,26106006014
26106006011,26107005001
26106006011,26107005002
26106006011,26107006013
26106006012,26106006013
26106006012,26106006014
26106006013,26106006014
26106006013,26106006015
26106006013,26107004001
26106006013,26107004002
26106006013,26107004005
26106006014,26107004005
26106006014,26107005001
26106006015,26106007012
26106006015,26106007014
26106007001,26106007004
26106007001,26106007008
26106007001,26106007012
26106007001,26106007013
26106007001,26106007018
26106007001,26106007019
26106007001,26106007020
26106007002,26106007003
26106007002,26106007006
26106007002,26106007013
26106007002,26106010001
26106007002,26106010013
26106007002,26106010014
26106007003,26106007004
26106007003,26106007005
26106007003,26106007013
26106007003,26106010013
26106007003,26106010014
26106007004,26106007005
26106007004,26106007012
26106007004,26106007013
26106007004,26106007014
26106007004,26106008005
26106007004,26106008018
26106007004,26107002002
26106007004,26107003002
26106007005,26106008001
26106007005,26106008005
26106007005,26106010014
26106007006,26106007013
26106007006,26106007017
26106007006,26106007018
26106007006,26106010001
26106007006,26106010013
26106007006,26106011008
26106007006,26106011009
26106007006,26106011012
26106007007,26106007008
26106007007,26106007010
26106007007,26106007020
26106007007,26106012014
26106007007,26106012016
26106007008,26106007009
26106007008,26106007010
26106007008,26106007012
26106007008,26106007020
26106007009,26106007010
26106007009,26106007011
26106007009,26106007012
26106007009,26106012014
26106007010,26106012014
26106007011,26106007012
26106007012,26106007014
26106007013,26106007018
26106007014,26107002001
26106007014,26107002002
26106007014,26107003002
26106007014,26107004003
26106007015,26106007016
26106007015,26106007020
26106007015,26106011008
26106007015,26106011013
26106007015,26106012016
26106007016,26106007017
26106007016,26106007018
26106007016,26106007019
26106007016,26106007020
26106007016,26106011008
26106007017,26106007018
26106007017,26106007019
26106007017,26106011008
26106007018,26106007019
26106007019,26106007020
26106007020,26106012016
26106008001,26106008002
26106008001,26106008005
26106008001,26106008006
26106008001,26106008007
26106008001,26106010014
26106008001,26106010015
26106008002,26106008003
26106008002,26106008007
26106008002,26106010014
26106008002,26106010015
26106008002,26106010016
26106008003,26106008004
26106008003,26106008007
26106008003,26106010016
26106008004,26106008007
26106008004,26106008008
26106008004,26106009001
26106008004,26106009003
26106008004,26106010016
26106008004,26106010017
26106008005,26106008006
26106008005,26106008014
26106008005,26106008018
26106008006,26106008007
26106008006,26106008012
26106008006,26106008013
26106008006,26106008014
26106008007,26106008008
26106008007,26106008009
26106008007,26106008012
26106008007,26106008013
26106008008,26106008009
26106008008,26106008012
26106008008,26106009003
26106008008,26106009005
26106008009,26106008010
26106008009,26106008012
26106008009,26106009005
26106008010,26106008011
26106008010,26106008012
26106008010,26106008016
26106008010,26106008017
26106008010,26106009005
26106008010,26106009006
26106008010,26106009007
26106008011,26106008016
26106008011,26106008017
26106008011,26106009006
26106008011,26106009007
26106008011,26107014002
26106008012,26106008013
26106008012,26106008016
26106008013,26106008014
26106008013,26106008015
26106008013,26106008016
26106008014,26106008015
26106008014,26106008018
26106008015,26106008016
26106008015,26106008017
26106008015,26106008018
26106008016,26106008017
26106008017,26106008018
26106008017,26107014002
26106008017,26107015001
26106008017,26107015006
26106008017,26107015008
26106008018,26107002002
26106008018,26107015001
26106008018,26107015014
26106009001,26106009002
26106009001,26106009003
26106009001,26106010017
26106009001,26106010018
26106009002,26106009003
26106009002,26106009004
26106009002,26106010018
26106009002,26108010007
26106009003,26106009004
26106009003,26106009005
26106009004,26106009005
26106009004,26106009006
26106009004,26107014001
26106009004,26107014003
26106009004,26108010007
26106009004,26108010010
26106009004,26108010011
26106009005,26106009006
26106009005,26107014001
26106009006,26106009007
26106009006,26107014001
26106009007,26107014001
26106009007,26107014002
26106010001,26106010002
26106010001,26106010013
26106010002,26106010003
26106010002,26106010005
26106010002,26106010012
26106010002,26106010013
26106010002,26106011012
26106010003,26106010004
26106010003,26106010005
26106010003,26106010006
26106010003,26106010012
26106010003,26106010013
26106010004,26106010006
26106010004,26106010007
26106010004,26106010008
26106010004,26106010011
26106010004,26106010012
26106010005,26106010006
26106010005,26106011011
26106010005,26106011012
26106010006,26106010007
26106010007,26106010008
26106010007,26108009011
26106010007,26108009015
26106010008,26106010009
26106010008,26106010011
26106010008,26108009011
26106010008,26108009016
26106010009,26106010010
26106010009,26106010011
26106010009,26108009016
26106010009,26108009023
26106010009,26108009024
26106010009,26108010026
26106010009,26108010027
26106010010,26106010011
26106010010,26106010017
26106010010,26106010018
26106010010,26108010007
26106010010,26108010027
26106010011,26106010012
26106010011,26106010016
26106010011,26106010017
26106010012,26106010013
26106010012,26106010014
26106010012,26106010015
26106010012,26106010016
26106010012,26106010017
26106010013,26106010014
26106010013,26106010015
26106010014,26106010015
26106010015,26106010016
26106010016,26106010017
26106010017,26106010018
26106010018,26108010007
26106011001,26106011002
26106011001,26106011003
26106011001,26106012010
26106011001,26106012011
26106011001,26106012015
26106011002,26106011003
26106011002,26106011005
26106011002,26106011007
26106011002,26106011013
26106011002,26106012014
26106011002,26106012015
26106011003,26106011004
26106011003,26106011006
26106011003,26106011007
26106011003,26106012010
26106011004,26106011006
26106011004,26106012009
26106011004,26106012010
26106011005,26106011007
26106011005,26106011008
26106011005,26106011013
26106011006,26106011007
26106011006,26106011008
26106011006,26106011010
26106011007,26106011008
26106011008,26106011009
26106011008,26106011010
26106011008,26106011013
26106011009,26106011010
26106011009,26106011011
26106011009,26106011012
26106011010,26106011011
26106011010,26106011012
26106011011,26106011012
26106011013,26106012014
26106011013,26106012016
26106012001,26106012002
26106012001,26106012003
26106012001,26106013021
26106012001,26106014016
26106012001,26106014025
26106012001,26106014026
26106012002,26106012003
26106012002,26106012009
26106012002,26106012010
26106012002,26106014016
26106012002,26106014027
26106012003,26106012004
26106012003,26106012005
26106012003,26106013021
26106012004,26106012005
26106012004,26106012006
26106012004,26106012010
26106012004,26106012011
26106012005,26106012006
26106012005,26106012007
26106012005,26106013021
26106012006,26106012007
26106012006,26106012011
26106012006,26106012015
26106012007,26106012008
26106012007,26106012012
26106012007,26106012015
26106012008,26106012012
26106012008,26106012013
26106012008,26106012014
26106012009,26106012010
26106012009,26106014027
26106012010,26106012011
26106012011,26106012015
26106012012,26106012013
26106012012,26106012014
26106012012,26106012015
26106012013,26106012014
26106012014,26106012015
26106012014,26106012016
26106013001,26106013002
26106013001,26106013005
26106013001,26106013017
26106013002,26106013005
26106013002,26106013006
26106013002,26106013019
26106013003,26106013004
26106013003,26106013007
26106013003,26106013008
26106013003,26106013019
26106013004,26106013008
26106013005,26106013006
26106013005,26106013009
26106013005,26106013010
26106013005,26106013017
26106013006,26106013009
26106013006,26106013010
26106013006,26106013019
26106013006,26106013020
26106013007,26106013008
26106013007,26106013011
26106013007,26106013012
26106013007,26106013019
26106013007,26106013020
26106013008,26106013011
26106013008,26106013012
26106013009,26106013010
26106013009,26106013013
26106013009,26106013017
26106013009,26106013018
26106013009,26106015009
26106013010,26106013011
26106013010,26106013013
26106013010,26106013014
26106013010,26106013015
26106013010,26106013020
26106013011,26106013012
26106013011,26106013015
26106013011,26106013020
26106013012,26106013016
26106013013,26106013014
26106013013,26106013018
26106013013,26106013023
26106013014,26106013015
26106013014,26106013021
26106013014,26106013023
26106013015,26106013016
26106013015,26106013021
26106013016,26106013021
26106013017,26106015004
26106013017,26106015005
26106013017,26106015009
26106013018,26106013021
26106013018,26106013023
26106013018,26106014025
26106013018,26106014026
26106013018,26106015009
26106013018,26106015013
26106013018,26106015017
26106013019,26106013020
26106013021,26106013023
26106013021,26106014026
26106014001,26106014005
26106014001,26106014017
26106014001,26106014019
26106014001,26106015014
26106014002,26106014006
26106014002,26106014019
26106014002,26106014021
26106014002,26106015015
26106014003,26106014007
26106014003,26106014021
26106014003,26106014023
26106014003,26106015016
26106014004,26106014008
26106014004,26106014023
26106014004,26106014025
26106014004,26106015018
26106014005,26106014006
26106014005,26106014009
26106014005,26106014017
26106014005,26106014018
26106014005,26106014019
26106014005,26106014020
26106014006,26106014010
26106014006,26106014019
26106014006,26106014020
26106014006,26106014021
26106014006,26106014022
26106014007,26106014008
26106014007,26106014011
26106014007,26106014021
26106014007,26106014022
26106014007,26106014023
26106014007,26106014024
26106014008,26106014012
26106014008,26106014023
26106014008,26106014024
26106014008,26106014025
26106014009,26106014013
26106014009,26106014018
26106014009,26106014020
26106014010,26106014014
26106014010,26106014020
26106014010,26106014022
26106014011,26106014012
26106014011,26106014015
26106014011,26106014022
26106014011,26106014024
26106014012,26106014015
26106014012,26106014016
26106014012,26106014024
26106014012,26106014025
26106014013,26106014014
26106014013,26106014018
26106014013,26106014020
26106014013,26106014027
26106014014,26106014015
26106014014,26106014020
26106014014,26106014022
26106014014,26106014027
26106014015,26106014016
26106014015,26106014022
26106014015,26106014027
26106014016,26106014025
26106014016,26106014027
26106014017,26106014018
26106014017,26106015014
26106014019,26106015014
26106014019,26106015015
26106014021,26106014022
26106014021,26106015015
26106014021,26106015016
26106014023,26106015016
26106014023,26106015018
26106014025,26106014026
26106014025,26106015017
26106014025,26106015018
26106015001,26106015019
26106015001,26106015022
26106015001,26106016015
26106015001,26106016018
26106015001,26106016019
26106015002,26106015003
26106015002,26106015007
26106015002,26106015022
26106015002,26106015025
26106015002,26106016018
26106015002,26106016022
26106015003,26106015004
26106015003,26106015025
26106015003,26106015027
26106015003,26106016022
26106015003,26106016026
26106015004,26106015005
26106015004,26106015027
26106015004,26106016026
26106015004,26106016027
26106015005,26106015009
26106015005,26106015027
26106015006,26106015010
26106015006,26106015019
26106015006,26106015021
26106015006,26106015022
26106015006,26106015023
26106015006,26106015024
26106015007,26106015008
26106015007,26106015011
26106015007,26106015022
26106015007,26106015023
26106015007,26106015024
26106015007,26106015025
26106015007,26106015026
26106015008,26106015009
26106015008,26106015012
26106015008,26106015025
26106015008,26106015026
26106015008,26106015027
26106015008,26106015028
26106015009,26106015013
26106015009,26106015027
26106015009,26106015028
26106015010,26106015014
26106015010,26106015021
26106015010,26106015024
26106015011,26106015012
26106015011,26106015015
26106015011,26106015016
26106015011,26106015024
26106015011,26106015026
26106015012,26106015016
26106015012,26106015026
26106015012,26106015028
26106015013,26106015017
26106015013,26106015028
26106015014,26106015015
26106015014,26106015021
26106015014,26106015024
26106015015,26106015016
26106015015,26106015024
26106015016,26106015018
26106015016,26106015028
26106015017,26106015018
26106015017,26106015028
26106015018,26106015028
26106015019,26106015020
26106015019,26106015021
26106015019,26106016015
26106015020,26106015021
26106015022,26106015023
26106015022,26106016018
26106015023,26106015024
26106015025,26106015027
26106016001,26106016002
26106016001,26106016013
26106016001,26106016016
26106016001,26106017019
26106016001,26106017022
26106016002,26106016003
26106016002,26106016006
26106016002,26106016016
26106016002,26106016020
26106016002,26106017022
26106016002,26106017026
26106016003,26106016007
26106016003,26106016020
26106016003,26106016023
26106016003,26106017026
26106016003,26106017029
26106016004,26106016023
26106016004,26106016024
26106016004,26106017016
26106016004,26106017029
26106016005,26106016006
26106016005,26106016009
26106016005,26106016013
26106016005,26106016014
26106016005,26106016016
26106016005,26106016017
26106016006,26106016010
26106016006,26106016016
26106016006,26106016017
26106016006,26106016020
26106016006,26106016021
26106016007,26106016008
26106016007,26106016020
26106016007,26106016021
26106016007,26106016023
26106016007,26106016025
26106016008,26106016023
26106016008,26106016024
26106016008,26106016025
26106016009,26106016010
26106016009,26106016014
26106016009,26106016015
26106016009,26106016017
26106016009,26106016018
26106016009,26106016019
26106016010,26106016017
26106016010,26106016018
26106016010,26106016021
26106016010,26106016022
26106016011,26106016021
26106016011,26106016022
26106016011,26106016025
26106016011,26106016026
26106016012,26106016025
26106016012,26106016026
26106016012,26106016027
26106016013,26106016014
26106016013,26106016016
26106016013,26106017019
26106016014,26106016015
26106016015,26106016019
26106016018,26106016019
26106016018,26106016022
26106016020,26106016021
26106016021,26106016022
26106016021,26106016025
26106016022,26106016026
26106016023,26106016024
26106016023,26106017016
26106016023,26106017029
26106016025,26106016026
26106016026,26106016027
26106017001,26106017005
26106017001,26106017017
26106017001,26106017020
26106017001,26106018013
26106017001,26106018018
26106017001,26106018020
26106017002,26106017008
26106017002,26106017020
26106017002,26106017023
26106017002,26106018014
26106017002,26106018020
26106017002,26106018022
26106017003,26106017004
26106017003,26106017009
26106017003,26106017023
26106017003,26106017027
26106017003,26106018015
26106017003,26106018022
26106017003,26106018024
26106017004,26106017006
26106017004,26106017027
26106017004,26106018016
26106017004,26106018024
26106017004,26106020018
26106017004,26106020019
26106017005,26106017007
26106017005,26106017017
26106017005,26106017020
26106017006,26106017010
26106017006,26106017027
26106017006,26106020019
26106017007,26106017012
26106017007,26106017017
26106017007,26106017018
26106017007,26106017020
26106017007,26106017021
26106017008,26106017020
26106017008,26106017021
26106017008,26106017024
26106017009,26106017010
26106017009,26106017011
26106017009,26106017014
26106017009,26106017023
26106017009,26106017024
26106017009,26106017025
26106017009,26106017027
26106017009,26106017028
26106017010,26106017011
26106017010,26106017027
26106017010,26106020019
26106017010,26106020020
26106017011,26106017015
26106017011,26106017028
26106017011,26106020020
26106017012,26106017013
26106017012,26106017018
26106017012,26106017019
26106017012,26106017021
26106017012,26106017022
26106017013,26106017021
26106017013,26106017022
26106017013,26106017024
26106017013,26106017025
26106017013,26106017026
26106017014,26106017015
26106017014,26106017016
26106017014,26106017025
26106017014,26106017028
26106017014,26106017029
26106017015,26106017016
26106017015,26106017028
26106017015,26106020020
26106017016,26106017029
26106017017,26106017018
26106017017,26106018018
26106017018,26106017019
26106017019,26106017022
26106017020,26106017021
26106017020,26106018020
26106017021,26106017024
26106017022,26106017026
26106017023,26106017024
26106017023,26106018022
26106017024,26106017025
26106017025,26106017026
26106017025,26106017029
26106017026,26106017029
26106018001,26106018002
26106018001,26106018005
26106018001,26106018017
26106018001,26106018019
26106018001,26106019012
26106018001,26106019013
26106018001,26106019017
26106018001,26106019019
26106018001,26106019021
26106018002,26106018003
26106018002,26106018006
26106018002,26106018019
26106018002,26106018021
26106018002,26106019013
26106018003,26106018004
26106018003,26106018007
26106018003,26106018021
26106018003,26106018023
26106018003,26106019013
26106018003,26106019015
26106018004,26106018008
26106018004,26106018023
26106018004,26106019015
26106018004,26106019020
26106018004,26106020001
26106018004,26106020017
26106018005,26106018009
26106018005,26106018017
26106018005,26106018019
26106018006,26106018010
26106018006,26106018019
26106018006,26106018021
26106018007,26106018011
26106018007,26106018021
26106018007,26106018023
26106018008,26106018012
26106018008,26106018023
26106018008,26106020017
26106018009,26106018010
26106018009,26106018013
26106018009,26106018017
26106018009,26106018018
26106018009,26106018019
26106018009,26106018020
26106018010,26106018014
26106018010,26106018019
26106018010,26106018020
26106018010,26106018021
26106018010,26106018022
26106018011,26106018012
26106018011,26106018015
26106018011,26106018021
26106018011,26106018022
26106018011,26106018023
26106018011,26106018024
26106018012,26106018016
26106018012,26106018023
26106018012,26106018024
26106018012,26106020017
26106018012,26106020018
26106018013,26106018018
26106018013,26106018020
26106018014,26106018020
26106018014,26106018022
26106018015,26106018022
26106018015,26106018024
26106018016,26106018024
26106018016,26106020018
26106018017,26106018018
26106018021,26106018022
26106019001,26106019002
26106019001,26106019007
26106019001,26106019008
26106019001,26106019016
26106019001,26106019017
26106019002,26106019003
26106019002,26106019008
26106019002,26106019009
26106019003,26106019004
26106019003,26106019008
26106019003,26106019009
26106019004,26106019005
26106019004,26106019009
26106019004,26106019014
26106019005,26106019006
26106019005,26106019010
26106019005,26106019014
26106019005,26106020002
26106019006,26106019010
26106019006,26106020002
26106019007,26106019008
26106019007,26106019011
26106019007,26106019012
26106019007,26106019017
26106019008,26106019009
26106019008,26106019012
26106019008,26106019013
26106019009,26106019013
26106019009,26106019014
26106019010,26106019014
26106019010,26106019020
26106019010,26106020001
26106019010,26106020002
26106019011,26106019012
26106019011,26106019017
26106019012,26106019013
26106019012,26106019017
26106019013,26106019014
26106019013,26106019015
26106019014,26106019015
26106019014,26106019020
26106019015,26106019020
26106019016,26106019017
26106019017,26106019021
26106019019,26106019021
26106019020,26106020001
26106020001,26106020002
26106020001,26106020003
26106020001,26106020004
26106020001,26106020017
26106020002,26106020004
26106020002,26106020024
26106020002,26106022013
26106020002,26106022018
26106020002,26106022022
26106020002,26106022028
26106020003,26106020004
26106020003,26106020005
26106020003,26106020017
26106020003,26106020021
26106020004,26106020006
26106020004,26106020021
26106020004,26106020024
26106020004,26106020025
26106020004,26106021003
26106020005,26106020007
26106020005,26106020017
26106020005,26106020018
26106020005,26106020021
26106020006,26106020008
26106020006,26106020021
26106020006,26106020025
26106020006,26106020026
26106020007,26106020009
26106020007,26106020018
26106020007,26106020021
26106020008,26106020010
26106020008,26106020021
26106020008,26106020026
26106020009,26106020011
26106020009,26106020018
26106020009,26106020019
26106020009,26106020021
26106020010,26106020012
26106020010,26106020021
26106020010,26106020026
26106020011,26106020013
26106020011,26106020019
26106020011,26106020021
26106020011,26106020022
26106020012,26106020015
26106020012,26106020021
26106020012,26106020022
26106020012,26106020026
26106020013,26106020014
26106020013,26106020019
26106020013,26106020020
26106020013,26106020022
26106020014,26106020022
26106020014,26106020023
26106020015,26106020016
26106020015,26106020022
26106020015,26106020023
26106020015,26106020026
26106020015,26106020027
26106020016,26106020023
26106020016,26106020027
26106020017,26106020018
26106020018,26106020019
26106020019,26106020020
26106020021,26106020022
26106020022,26106020023
26106020024,26106020025
26106020024,26106021003
26106020024,26106022022
26106020025,26106020026
26106020025,26106021003
26106020026,26106020027
26106020026,26106021003
26106020026,26106021006
26106020026,26106021011
26106020027,26106021010
26106020027,26106021011
26106021001,26106021002
26106021001,26106021003
26106021001,26106022019
26106021002,26106021003
26106021002,26106021005
26106021002,26106021024
26106021003,26106021004
26106021003,26106021005
26106021003,26106021006
26106021003,26106021007
26106021003,26106022017
26106021003,26106022019
26106021003,26106022022
26106021004,26106021007
26106021004,26106021008
26106021004,26106021009
26106021004,26106021021
26106021005,26106021009
26106021005,26106021024
26106021006,26106021007
26106021006,26106021011
26106021007,26106021008
26106021007,26106021011
26106021007,26106021012
26106021007,26106021021
26106021008,26106021009
26106021008,26106021011
26106021008,26106021012
26106021008,26106021013
26106021008,26106021021
26106021009,26106021012
26106021009,26106021013
26106021009,26106021024
26106021010,26106021011
26106021011,26106021012
26106021011,26106021014
26106021012,26106021013
26106021012,26106021014
26106021012,26106021015
26106021013,26106021014
26106021013,26106021015
26106021013,26106021026
26106021014,26106021015
26106021014,26106021016
26106021014,26106021017
26106021015,26106021017
26106021015,26106021026
26106021015,26106021027
26106021016,26106021017
26106021016,26106021018
26106021017,26106021018
26106021017,26106021027
26106021017,26106021029
26106021018,26106021019
26106021018,26106021028
26106021018,26106021029
26106021019,26106021020
26106021019,26106021022
26106021019,26106021025
26106021019,26106021028
26106021019,26106021029
26106021020,26106021022
26106021020,26106021023
26106021020,26106021025
26106021022,26106021023
26106021026,26106021027
26106021028,26106021029
26106022001,26106022002
26106022001,26106022003
26106022001,26106022004
26106022001,26106022010
26106022001,26106022025
26106022002,26106022010
26106022002,26106022023
26106022003,26106022004
26106022003,26106022013
26106022004,26106022013
26106022004,26106022025
26106022005,26106022006
26106022005,26106022008
26106022005,26106022009
26106022005,26106022023
26106022005,26106022024
26106022006,26106022008
26106022006,26106022009
26106022006,26106022026
26106022007,26106022010
26106022007,26106022015
26106022007,26106022023
26106022008,26106022009
26106022008,26106022012
26106022008,26106022024
26106022008,26106022027
26106022009,26106022012
26106022009,26106022026
26106022009,26106022027
26106022010,26106022011
26106022010,26106022015
26106022010,26106022023
26106022010,26106022025
26106022011,26106022014
26106022011,26106022015
26106022011,26106022018
26106022011,26106022019
26106022011,26106022025
26106022012,26106022020
26106022012,26106022021
26106022012,26106022024
26106022012,26106022027
26106022013,26106022018
26106022013,26106022025
26106022013,26106022028
26106022014,26106022018
26106022014,26106022019
26106022015,26106022019
26106022015,26106022023
26106022016,26106022026
26106022016,26106022027
26106022016,26106023001
26106022017,26106022018
26106022017,26106022019
26106022017,26106022022
26106022018,26106022019
26106022018,26106022022
26106022018,26106022025
26106022018,26106022028
26106022019,26106022020
26106022019,26106022023
26106022019,26106022024
26106022020,26106022021
26106022020,26106022023
26106022020,26106022024
26106022020,26106022027
26106022021,26106022027
26106022021,26106023003
26106022021,26106023004
26106022022,26106022028
26106022023,26106022024
26106022026,26106022027
26106022027,26106023001
26106022027,26106023003
26106022027,26106023004
26106023001,26106023002
26106023001,26106023004
26106023001,26106023005
26106023001,26106023006
26106023002,26106023005
26106023002,26106023006
26106023002,26107007007
26106023002,26107007010
26106023002,26107007011
26106023003,26106023004
26106023003,26106023008
26106023004,26106023005
26106023004,26106023008
26106023005,26106023006
26106023005,26106023007
26106023006,26106023007
26106023006,26107007007
26106023006,26107007010
26106023007,26107007004
26106023007,26107007007
26106023007,26107007008
26107001001,26107001003
26107001001,26107001013
26107001001,26107005010
26107001001,26107005011
26107001001,26107006001
26107001001,26107006007
26107001002,26107001003
26107001002,26107001004
26107001002,26107001005
26107001002,26107001007
26107001002,26107001012
26107001002,26107002005
26107001002,26107003003
26107001002,26107004004
26107001002,26107005010
26107001003,26107001004
26107001003,26107001005
26107001003,26107001013
26107001003,26107005010
26107001004,26107001005
26107001004,26107001006
26107001004,26107001012
26107001004,26107010008
26107001005,26107001006
26107001005,26107001013
26107001006,26107001013
26107001006,26107006005
26107001006,26107006006
26107001006,26107010006
26107001006,26107010008
26107001006,26107010010
26107001006,26107010011
26107001007,26107001008
26107001007,26107001009
26107001007,26107001012
26107001007,26107002005
26107001008,26107001009
26107001008,26107001010
26107001008,26107002005
26107001009,26107001010
26107001009,26107001011
26107001009,26107001012
26107001010,26107001011
26107001010,26107002005
26107001010,26107010009
26107001010,26107010051
26107001010,26107015003
26107001010,26107015011
26107001010,26107015016
26107001011,26107001012
26107001011,26107010007
26107001011,26107010008
26107001011,26107010051
26107001012,26107010008
26107001013,26107006006
26107001013,26107006007
26107002001,26107003002
26107002001,26107003003
26107002001,26107004003
26107002002,26107002003
26107002002,26107002004
26107002002,26107003001
26107002002,26107003002
26107002002,26107015012
26107002002,26107015014
26107002003,26107002004
26107002003,26107003001
26107002003,26107003003
26107002004,26107002005
26107002004,26107003003
26107002004,26107015012
26107002004,26107015014
26107002005,26107003003
26107002005,26107015011
26107002005,26107015012
26107003001,26107003002
26107003001,26107003003
26107003002,26107003003
26107003003,26107004003
26107003003,26107004004
26107004001,26107004002
26107004001,26107004005
26107004001,26107005009
26107004002,26107004003
26107004002,26107005009
26107004003,26107004004
26107004003,26107005009
26107004004,26107005006
26107004004,26107005007
26107004004,26107005008
26107004004,26107005009
26107004004,26107005010
26107004005,26107005001
26107004005,26107005009
26107005001,26107005002
26107005001,26107005003
26107005001,26107005009
26107005002,26107005003
26107005002,26107006013
26107005003,26107005004
26107005003,26107005007
26107005003,26107005008
26107005003,26107005009
26107005003,26107006012
26107005003,26107006013
26107005004,26107005005
26107005004,26107005006
26107005004,26107005007
26107005004,26107005008
26107005004,26107006009
26107005004,26107006010
26107005004,26107006012
26107005005,26107005006
26107005005,26107005010
26107005005,26107005011
26107005005,26107006010
26107005006,26107005007
26107005006,26107005010
26107005007,26107005008
26107005008,26107005009
26107005010,26107005011
26107005010,26107006010
26107005011,26107006001
26107005011,26107006009
26107005011,26107006010
26107006001,26107006002
26107006001,26107006007
26107006001,26107006009
26107006002,26107006003
26107006002,26107006007
26107006002,26107006009
26107006002,26107009001
26107006002,26107009010
26107006002,26107009014
26107006003,26107006008
26107006003,26107006009
26107006003,26107006011
26107006003,26107006012
26107006003,26107007001
26107006003,26107007003
26107006003,26107009010
26107006003,26107009016
26107006004,26107006008
26107006004,26107006011
26107006004,26107006012
26107006004,26107006013
26107006005,26107006006
26107006005,26107009015
26107006005,26107010004
26107006005,26107010006
26107006005,26107010011
26107006006,26107006007
26107006006,26107009014
26107006006,26107009015
26107006007,26107009014
26107006007,26107009015
26107006008,26107006011
26107006008,26107007003
26107006008,26107007013
26107006009,26107006010
26107006009,26107006011
26107006009,26107006012
26107006011,26107006012
26107006012,26107006013
26107007001,26107007003
26107007001,26107009016
26107007002,26107007003
26107007002,26107007006
26107007002,26107007012
26107007002,26107007013
26107007003,26107007012
26107007003,26107007013
26107007003,26107009003
26107007003,26107009016
26107007004,26107007005
26107007004,26107007006
26107007004,26107007008
26107007005,26107007006
26107007005,26107007007
26107007005,26107007008
26107007005,26107007009
26107007005,26107007012
26107007005,26107008001
26107007005,26107008010
26107007005,26107009003
26107007006,26107007012
26107007007,26107007008
26107007007,26107007009
26107007007,26107007010
26107007009,26107007010
26107007009,26107007011
26107007009,26107008001
26107007009,26107008010
26107007010,26107007011
26107007011,26107008010
26107007012,26107008001
26107007012,26107009003
26107007012,26107009016
26107008001,26107008002
26107008001,26107008003
26107008001,26107008010
26107008001,26107009002
26107008001,26107009003
26107008002,26107008003
26107008002,26107008004
26107008002,26107008005
26107008002,26107009002
26107008002,26107009003
26107008003,26107008004
26107008003,26107008006
26107008003,26107008009
26107008003,26107008010
26107008004,26107008005
26107008004,26107008007
26107008004,26107008009
26107008005,26107008007
26107008005,26107009002
26107008005,26107009007
26107008005,26107009008
26107008006,26107008008
26107008006,26107008009
26107008006,26107008010
26107008007,26107008009
26107008007,26107008011
26107008007,26107009008
26107008007,26107009009
26107008007,26107010001
26107008007,26109022009
26107008007,26109022015
26107008008,26107008009
26107008008,26107008010
26107008008,26107008011
26107008009,26107008011
26107008011,26109022009
26107009001,26107009010
26107009001,26107009014
26107009002,26107009003
26107009002,26107009004
26107009002,26107009007
26107009003,26107009004
26107009003,26107009016
26107009004,26107009005
26107009004,26107009006
26107009004,26107009007
26107009004,26107009016
26107009005,26107009006
26107009005,26107009007
26107009005,26107009008
26107009005,26107009011
26107009005,26107009012
26107009006,26107009010
26107009006,26107009011
26107009006,26107009012
26107009006,26107009014
26107009006,26107009016
26107009007,26107009008
26107009008,26107009009
26107009008,26107009012
26107009009,26107009012
26107009009,26107009013
26107009009,26107010001
26107009009,26107010002
26107009010,26107009014
26107009010,26107009016
26107009011,26107009012
26107009011,26107009013
26107009011,26107009014
26107009011,26107009015
26107009012,26107009013
26107009013,26107009015
26107009013,26107010002
26107009013,26107010004
26107009014,26107009015
26107009015,26107010004
26107009015,26107010006
26107010001,26107010002
26107010001,26107010003
26107010001,26109022009
26107010001,26109022015
26107010002,26107010003
26107010002,26107010004
26107010002,26107010005
26107010003,26107010005
26107010003,26109001001
26107010003,26109022015
26107010003,26109022028
26107010004,26107010005
26107010004,26107010006
26107010005,26107010006
26107010005,26109001001
26107010005,26109001002
26107010006,26107010011
26107010006,26107010043
26107010006,26109001001
26107010006,26109001002
26107010007,26107010008
26107010007,26107010010
26107010007,26107010048
26107010007,26107010051
26107010008,26107010010
26107010008,26107010048
26107010009,26107010051
26107010009,26107013018
26107010009,26107015016
26107010010,26107010011
26107010010,26107010012
26107010010,26107010013
26107010010,26107010043
26107010010,26107010048
26107010011,26107010012
26107010011,26107010043
26107010012,26107010013
26107010012,26107010043
26107010012,26107010044
26107010012,26107010046
26107010012,26107010048
26107010012,26107010049
26107010013,26107010046
26107010013,26107010048
26107010013,26107010049
26107010013,26107010052
26107010013,26107010053
26107010013,26107010054
26107010014,26107010015
26107010014,26107010018
26107010014,26107010019
26107010014,26107010047
26107010014,26107010050
26107010015,26107010016
26107010015,26107010017
26107010015,26107010018
26107010015,26107010021
26107010015,26107010023
26107010015,26107010045
26107010015,26107010047
26107010016,26107010017
26107010016,26107010045
26107010016,26109001002
26107010017,26107010021
26107010017,26107010023
26107010017,26107010027
26107010017,26109001002
26107010018,26107010019
26107010018,26107010021
26107010019,26107010020
26107010019,26107010021
26107010019,26107010028
26107010019,26107010050
26107010019,26107010055
26107010020,26107010021
26107010020,26107010022
26107010020,26107010025
26107010020,26107010026
26107010020,26107010028
26107010020,26107010029
26107010020,26107010030
26107010021,26107010022
26107010021,26107010023
26107010022,26107010023
26107010022,26107010024
26107010022,26107010025
26107010023,26107010024
26107010023,26107010027
26107010024,26107010025
26107010024,26107010027
26107010025,26107010026
26107010025,26107010027
26107010026,26107010027
26107010026,26107010029
26107010026,26107010030
26107010026,26107010037
26107010027,26107010037
26107010027,26109001002
26107010027,26109001003
26107010027,26109001024
26107010027,26109001028
26107010027,26109001032
26107010027,26109004035
26107010027,26109004042
26107010028,26107010029
26107010028,26107010031
26107010028,26107010036
26107010028,26107010055
26107010029,26107010030
26107010029,26107010031
26107010029,26107010038
26107010030,26107010037
26107010030,26107010038
26107010031,26107010032
26107010031,26107010034
26107010031,26107010036
26107010031,26107010038
26107010032,26107010033
26107010032,26107010034
26107010032,26107010038
26107010032,26107010058
26107010033,26107010034
26107010033,26107010035
26107010033,26107010058
26107010033,26107012003
26107010033,26107012014
26107010034,26107010035
26107010034,26107010036
26107010034,26107010057
26107010035,26107010057
26107010035,26107012003
26107010035,26107012022
26107010036,26107010055
26107010036,26107010057
26107010037,26107010038
26107010037,26107010059
26107010037,26107010064
26107010037,26109004035
26107010037,26109004042
26107010038,26107010058
26107010038,26107010064
26107010039,26107010040
26107010039,26107010058
26107010039,26107012014
26107010039,26107012015
26107010039,26107012016
26107010039,26107012017
26107010040,26107010058
26107010040,26107010063
26107010040,26107010064
26107010040,26107012017
26107010040,26107012036
26107010041,26107010042
26107010041,26107010059
26107010041,26107010061
26107010041,26107010062
26107010041,26107010063
26107010041,26107010064
26107010042,26107010059
26107010042,26107010062
26107010042,26109004036
26107010043,26107010044
26107010043,26107010046
26107010043,26109001002
26107010044,26107010045
26107010044,26107010046
26107010044,26109001002
26107010045,26107010046
26107010045,26107010047
26107010045,26109001002
26107010046,26107010047
26107010046,26107010049
26107010046,26107010050
26107010047,26107010049
26107010047,26107010050
26107010048,26107010051
26107010048,26107010052
26107010049,26107010054
26107010049,26107010055
26107010050,26107010055
26107010051,26107010052
26107010051,26107013018
26107010051,26107013027
26107010051,26107013028
26107010052,26107010053
26107010052,26107012027
26107010052,26107013028
26107010053,26107010054
26107010053,26107012027
26107010053,26107013028
26107010054,26107010055
26107010054,26107010056
26107010054,26107012027
26107010055,26107010056
26107010055,26107010057
26107010056,26107010057
26107010056,26107012005
26107010056,26107012022
26107010056,26107012027
26107010057,26107012005
26107010057,26107012022
26107010058,26107010064
26107010058,26107012014
26107010059,26107010064
26107010059,26109004013
26107010059,26109004015
26107010059,26109004042
26107010061,26107010063
26107010061,26107010064
26107010062,26107010063
26107010062,26107011007
26107010062,26107012036
26107010062,26109004036
26107010062,26109005001
26107010062,26109005002
26107010062,26109005003
26107010063,26107010064
26107010063,26107012036
26107011001,26107011002
26107011001,26107011006
26107011001,26107011008
26107011001,26107012008
26107011001,26107012030
26107011001,26107012032
26107011001,26107014011
26107011001,26111009008
26107011001,26111009009
26107011001,26111009023
26107011002,26107011003
26107011002,26107011004
26107011002,26107011006
26107011002,26107011010
26107011002,26107011011
26107011002,26107011012
26107011002,26111009008
26107011002,26111009015
26107011002,26111009020
26107011003,26107011010
26107011003,26111008001
26107011003,26111008011
26107011003,26111008019
26107011003,26111008020
26107011003,26111009015
26107011003,26208202012
26107011003,26208202041
26107011004,26107011005
26107011004,26107011006
26107011004,26107011012
26107011005,26107011006
26107011005,26107011009
26107011005,26107011012
26107011005,26107011013
26107011005,26107011014
26107011005,26208202011
26107011005,26208303002
26107011005,26208303011
26107011005,26208303014
26107011006,26107011007
26107011006,26107011008
26107011006,26107011009
26107011006,26109005001
26107011007,26107011008
26107011007,26107012034
26107011007,26107012035
26107011007,26107012036
26107011007,26109005001
26107011008,26107012032
26107011008,26107012034
26107011009,26109005001
26107011009,26109005002
26107011009,26109005003
26107011009,26109005007
26107011009,26208303002
26107011009,26208303010
26107011009,26208303012
26107011009,26208404005
26107011009,26208404017
26107011009,26208404019
26107011009,26208404026
26107011010,26107011011
26107011010,26107011014
26107011010,26208202010
26107011010,26208202012
26107011010,26208202022
26107011010,26208202028
26107011011,26107011012
26107011011,26107011013
26107011011,26107011014
26107011012,26107011013
26107011013,26107011014
26107011014,26208202003
26107011014,26208202010
26107011014,26208202011
26107011014,26208202019
26107012001,26107012002
26107012001,26107012005
26107012001,26107012019
26107012001,26107013015
26107012001,26107013016
26107012001,26107013026
26107012002,26107012004
26107012002,26107012005
26107012002,26107012020
26107012002,26107012021
26107012002,26107012022
26107012002,26107013026
26107012003,26107012014
26107012003,26107012015
26107012003,26107012020
26107012003,26107012021
26107012003,26107012022
26107012003,26107012029
26107012004,26107012009
26107012004,26107012010
26107012004,26107012021
26107012004,26107013024
26107012004,26107013026
26107012005,26107012019
26107012005,26107012020
26107012005,26107012022
26107012006,26107012007
26107012006,26107012011
26107012006,26107013019
26107012006,26107013022
26107012006,26107014011
26107012007,26107012008
26107012007,26107012011
26107012007,26107014011
26107012008,26107012009
26107012008,26107012011
26107012008,26107012013
26107012008,26107012023
26107012008,26107012026
26107012008,26107012030
26107012008,26107014011
26107012008,26111009023
26107012009,26107012010
26107012009,26107012011
26107012009,26107012012
26107012009,26107012021
26107012009,26107012024
26107012009,26107012026
26107012010,26107012011
26107012010,26107013022
26107012010,26107013024
26107012011,26107013022
26107012012,26107012021
26107012012,26107012024
26107012012,26107012025
26107012012,26107012029
26107012013,26107014011
26107012014,26107012015
26107012014,26107012016
26107012014,26107012029
26107012015,26107012016
26107012015,26107012025
26107012015,26107012029
26107012015,26107012037
26107012016,26107012017
26107012016,26107012037
26107012017,26107012035
26107012017,26107012036
26107012017,26107012037
26107012018,26107012023
26107012018,26107012024
26107012018,26107012034
26107012018,26107012037
26107012019,26107012027
26107012019,26107013016
26107012020,26107012021
26107012020,26107012022
26107012021,26107012029
26107012023,26107012024
26107012023,26107012026
26107012023,26107012030
26107012023,26107012032
26107012023,26107012034
26107012024,26107012025
26107012024,26107012026
26107012024,26107012037
26107012025,26107012029
26107012025,26107012037
26107012027,26107013016
26107012027,26107013028
26107012030,26107012032
26107012032,26107012034
26107012034,26107012035
26107012034,26107012037
26107012035,26107012036
26107012035,26107012037
26107013002,26107013003
26107013002,26107014016
26107013002,26107014017
26107013002,26107015007
26107013002,26107015009
26107013003,26107013005
26107013003,26107013008
26107013003,26107013017
26107013003,26107014014
26107013003,26107014017
26107013003,26107015007
26107013003,26107015010
26107013004,26107013005
26107013004,26107013007
26107013004,26107015004
26107013004,26107015005
26107013004,26107015010
26107013004,26107015013
26107013005,26107013007
26107013005,26107013017
26107013005,26107015010
26107013006,26107013008
26107013006,26107013009
26107013006,26107013011
26107013006,26107013012
26107013006,26107013014
26107013006,26107013017
26107013007,26107013013
26107013007,26107013017
26107013007,26107015005
26107013008,26107013009
26107013008,26107013017
26107013008,26107014012
26107013008,26107014014
26107013008,26107014017
26107013009,26107013010
26107013009,26107013011
26107013009,26107014012
26107013009,26107014013
26107013009,26107014014
26107013010,26107013011
26107013010,26107013019
26107013010,26107014010
26107013010,26107014012
26107013010,26107014013
26107013011,26107013012
26107013011,26107013015
26107013011,26107013019
26107013011,26107013020
26107013011,26107013021
26107013011,26107013025
26107013012,26107013014
26107013012,26107013015
26107013012,26107013025
26107013013,26107013017
26107013013,26107013018
26107013013,26107013027
26107013013,26107015005
26107013014,26107013015
26107013014,26107013016
26107013014,26107013017
26107013014,26107013027
26107013015,26107013016
26107013015,26107013023
26107013015,26107013025
26107013015,26107013026
26107013016,26107013026
26107013016,26107013027
26107013016,26107013028
26107013017,26107013027
26107013018,26107013027
26107013018,26107015005
26107013018,26107015016
26107013019,26107013020
26107013019,26107013022
26107013019,26107014010
26107013019,26107014011
26107013020,26107013021
26107013020,26107013022
26107013021,26107013022
26107013021,26107013024
26107013021,26107013025
26107013022,26107013024
26107013022,26107013025
26107013023,26107013024
26107013023,26107013025
26107013023,26107013026
26107013024,26107013025
26107013024,26107013026
26107013027,26107013028
26107014001,26107014002
26107014001,26107014003
26107014001,26107014004
26107014001,26107014029
26107014002,26107014014
26107014002,26107014029
26107014002,26107015008
26107014002,26107015009
26107014003,26107014004
26107014003,26107014005
26107014003,26107014018
26107014003,26107014019
26107014003,26108010011
26107014003,26108010012
26107014004,26107014018
26107014004,26107014029
26107014005,26107014019
26107014005,26107014020
26107014005,26108010012
26107014005,26108010013
26107014005,26108010020
26107014006,26107014007
26107014006,26107014018
26107014006,26107014024
26107014006,26107014025
26107014006,26107014029
26107014006,26107014030
26107014007,26107014009
26107014007,26107014010
26107014007,26107014012
26107014007,26107014013
26107014007,26107014029
26107014007,26107014030
26107014008,26107014011
26107014008,26107014025
26107014008,26107014028
26107014008,26107014030
26107014008,26108011022
26107014008,26111007013
26107014008,26111009007
26107014008,26111009009
26107014008,26111009022
26107014009,26107014030
26107014010,26107014011
26107014010,26107014013
26107014010,26107014030
26107014011,26107014030
26107014011,26111009009
26107014011,26111009023
26107014011,26111009024
26107014012,26107014013
26107014012,26107014014
26107014012,26107014029
26107014014,26107014016
26107014014,26107014017
26107014014,26107014029
26107014014,26107015009
26107014016,26107014017
26107014016,26107015009
26107014018,26107014019
26107014018,26107014021
26107014018,26107014024
26107014018,26107014029
26107014019,26107014020
26107014019,26107014021
26107014019,26107014022
26107014019,26107014023
26107014020,26107014023
26107014020,26108010020
26107014020,26108010023
26107014021,26107014022
26107014021,26107014024
26107014022,26107014023
26107014022,26107014024
26107014023,26107014024
26107014023,26107014025
26107014023,26107014026
26107014023,26107014027
26107014023,26108010023
26107014024,26107014025
26107014024,26107014026
26107014025,26107014026
26107014025,26107014028
26107014025,26107014030
26107014026,26107014027
26107014026,26107014028
26107014027,26107014028
26107014027,26108010023
26107014027,26108011002
26107014028,26108011002
26107014028,26108011011
26107014028,26108011022
26107014029,26107015009
26107015001,26107015002
26107015001,26107015006
26107015001,26107015012
26107015001,26107015014
26107015001,26107015015
26107015002,26107015006
26107015002,26107015011
26107015002,26107015012
26107015002,26107015013
26107015002,26107015014
26107015002,26107015015
26107015003,26107015004
26107015003,26107015011
26107015003,26107015016
26107015004,26107015005
26107015004,26107015011
26107015004,26107015013
26107015004,26107015016
26107015005,26107015016
26107015006,26107015008
26107015006,26107015015
26107015007,26107015008
26107015007,26107015009
26107015007,26107015010
26107015007,26107015015
26107015008,26107015009
26107015008,26107015015
26107015010,26107015013
26107015010,26107015015
26107015011,26107015012
26107015011,26107015013
26107015012,26107015014
26107015013,26107015015
26108001001,26108001002
26108001001,26108001004
26108001001,26108001005
26108001001,26108001031
26108001001,26108001032
26108001001,26108004001
26108001001,26108004007
26108001001,26108004028
26108001001,26108004029
26108001002,26108001003
26108001002,26108001004
26108001002,26108001034
26108001002,26108004001
26108001002,26108004037
26108001002,26108005017
26108001002,26108006003
26108001003,26108001004
26108001003,26108001008
26108001003,26108001009
26108001003,26108006003
26108001003,26108006010
26108001003,26108006011
26108001004,26108001005
26108001004,26108001006
26108001004,26108001007
26108001004,26108001008
26108001005,26108001006
26108001005,26108001022
26108001005,26108001031
26108001005,26108001032
26108001006,26108001007
26108001006,26108001013
26108001006,26108001022
26108001006,26108001031
26108001007,26108001008
26108001007,26108001012
26108001007,26108001013
26108001008,26108001009
26108001008,26108001010
26108001008,26108001011
26108001008,26108001012
26108001009,26108001010
26108001009,26108006010
26108001009,26108006011
26108001009,26108006018
26108001010,26108001011
26108001010,26108006018
26108001010,26108007014
26108001011,26108001012
26108001011,26108001015
26108001011,26108001016
26108001011,26108001017
26108001011,26108006018
26108001011,26108007016
26108001012,26108001013
26108001012,26108001014
26108001012,26108001015
26108001012,26108001016
26108001012,26108001020
26108001013,26108001014
26108001013,26108001021
26108001013,26108001022
26108001014,26108001020
26108001014,26108001021
26108001015,26108001016
26108001015,26108001020
26108001015,26108001035
26108001015,26108001036
26108001016,26108001017
26108001016,26108001035
26108001017,26108001035
26108001017,26108006018
26108001017,26108007016
26108001017,26108012002
26108001018,26108001019
26108001018,26108001021
26108001018,26108001025
26108001018,26108001037
26108001018,26108002002
26108001018,26108002003
26108001018,26108002004
26108001018,26108002006
26108001019,26108001020
26108001019,26108001021
26108001019,26108001037
26108001019,26108002002
26108001020,26108001021
26108001020,26108001036
26108001020,26108001037
26108001021,26108001022
26108001021,26108001025
26108001021,26108002003
26108001022,26108001023
26108001022,26108001024
26108001022,26108001025
26108001022,26108001031
26108001022,26108001033
26108001023,26108001024
26108001023,26108001028
26108001023,26108001030
26108001023,26108001031
26108001023,26108001033
26108001024,26108001025
26108001024,26108001027
26108001024,26108001028
26108001024,26108002003
26108001024,26108002006
26108001025,26108002003
26108001026,26108001027
26108001026,26108001028
26108001026,26108002007
26108001026,26108002011
26108001026,26108002012
26108001026,26108003019
26108001026,26108003022
26108001027,26108001028
26108001027,26108002006
26108001027,26108002007
26108001028,26108001030
26108001028,26108003019
26108001029,26108001030
26108001029,26108003018
26108001029,26108004005
26108001029,26108004006
26108001030,26108001031
26108001030,26108001033
26108001030,26108003018
26108001030,26108003019
26108001030,26108003021
26108001030,26108004006
26108001031,26108001032
26108001031,26108001033
26108001031,26108004006
26108001032,26108004006
26108001032,26108004007
26108001034,26108004037
26108001034,26108005017
26108001034,26108022003
26108001035,26108001036
26108001035,26108012002
26108001035,26108014015
26108001036,26108001037
26108001036,26108002001
26108001036,26108014015
26108001037,26108002001
26108001037,26108002004
26108002001,26108002004
26108002001,26108014002
26108002001,26108014015
26108002002,26108002003
26108002002,26108002004
26108002002,26108002006
26108002003,26108002006
26108002004,26108002005
26108002004,26108002006
26108002004,26108014002
26108002005,26108002006
26108002005,26108002007
26108002005,26108002008
26108002005,26108014002
26108002005,26108014003
26108002006,26108002007
26108002007,26108002008
26108002007,26108002009
26108002007,26108002011
26108002008,26108002009
26108002008,26108014003
26108002009,26108002010
26108002009,26108002011
26108002009,26108014003
26108002009,26108014010
26108002010,26108002011
26108002010,26108003013
26108002010,26108014010
26108002011,26108002012
26108002011,26108003013
26108002012,26108003008
26108002012,26108003013
26108002012,26108003022
26108003001,26108003002
26108003001,26108004002
26108003001,26108004003
26108003001,26108004011
26108003001,26108016002
26108003001,26108016004
26108003001,26108016010
26108003002,26108003003
26108003002,26108003004
26108003002,26108003005
26108003002,26108004002
26108003002,26108015006
26108003002,26108016004
26108003002,26108016010
26108003003,26108003004
26108003003,26108003006
26108003003,26108015004
26108003003,26108015006
26108003004,26108003005
26108003004,26108003006
26108003004,26108003007
26108003005,26108003007
26108003005,26108003020
26108003005,26108003021
26108003005,26108003022
26108003005,26108004002
26108003006,26108003007
26108003006,26108003017
26108003006,26108015003
26108003006,26108015004
26108003007,26108003008
26108003007,26108003022
26108003008,26108003012
26108003008,26108003013
26108003008,26108003017
26108003008,26108003022
26108003009,26108003010
26108003009,26108003011
26108003009,26108003012
26108003009,26108003016
26108003009,26108003017
26108003010,26108003011
26108003010,26108003012
26108003010,26108003014
26108003010,26108003015
26108003010,26108014009
26108003010,26108014011
26108003010,26108014012
26108003011,26108003016
26108003011,26108014011
26108003011,26108014012
26108003011,26108015017
26108003012,26108003013
26108003012,26108003014
26108003012,26108003017
26108003013,26108003014
26108003013,26108003015
26108003013,26108014010
26108003014,26108003015
26108003015,26108014009
26108003015,26108014010
26108003016,26108003017
26108003016,26108015015
26108003016,26108015016
26108003016,26108015017
26108003017,26108015003
26108003017,26108015015
26108003018,26108003021
26108003018,26108004004
26108003018,26108004005
26108003019,26108003020
26108003019,26108003022
26108003020,26108003021
26108003020,26108003022
26108003021,26108004002
26108003021,26108004004
26108004001,26108004029
26108004001,26108004037
26108004002,26108004003
26108004002,26108004004
26108004003,26108004004
26108004003,26108004009
26108004003,26108004011
26108004003,26108016002
26108004004,26108004005
26108004004,26108004009
26108004005,26108004006
26108004005,26108004009
26108004005,26108004017
26108004005,26108004019
26108004005,26108004020
26108004006,26108004007
26108004006,26108004020
26108004006,26108004021
26108004007,26108004021
26108004007,26108004024
26108004007,26108004028
26108004008,26108004009
26108004008,26108004010
26108004008,26108004017
26108004008,26108004018
26108004008,26108021001
26108004008,26108021034
26108004008,26108021039
26108004009,26108004010
26108004009,26108004011
26108004009,26108004017
26108004010,26108004011
26108004010,26108004012
26108004010,26108021034
26108004010,26108021035
26108004011,26108004012
26108004011,26108016002
26108004012,26108004013
26108004012,26108004036
26108004012,26108016002
26108004012,26108021035
26108004013,26108004014
26108004013,26108004036
26108004013,26108016001
26108004013,26108016002
26108004013,26108016004
26108004013,26108021035
26108004014,26108016001
26108004014,26108021014
26108004014,26108021035
26108004014,26108021036
26108004017,26108004018
26108004017,26108004019
26108004018,26108004019
26108004018,26108021017
26108004018,26108021018
26108004018,26108021039
26108004019,26108004020
26108004019,26108004023
26108004019,26108021017
26108004020,26108004021
26108004020,26108004022
26108004020,26108004023
26108004021,26108004022
26108004021,26108004024
26108004021,26108004025
26108004022,26108004023
26108004022,26108004025
26108004022,26108004026
26108004023,26108004025
26108004023,26108004026
26108004023,26108021017
26108004023,26108021020
26108004023,26108021023
26108004024,26108004025
26108004024,26108004028
26108004025,26108004026
26108004025,26108004027
26108004025,26108004028
26108004026,26108004027
26108004026,26108004031
26108004026,26108021002
26108004026,26108021023
26108004026,26108021032
26108004026,26108021044
26108004027,26108004028
26108004027,26108004029
26108004027,26108004030
26108004027,26108004031
26108004027,26108021002
26108004027,26108021041
26108004028,26108004029
26108004029,26108004030
26108004029,26108004037
26108004030,26108004037
26108004030,26108021041
26108004030,26108022001
26108004030,26108022003
26108004030,26108022036
26108004031,26108021002
26108004031,26108021041
26108004036,26108021035
26108004037,26108022003
26108005001,26108005002
26108005001,26108005018
26108005002,26108005004
26108005002,26108005005
26108005002,26108005010
26108005002,26108005018
26108005003,26108005004
26108005003,26108005018
26108005003,26108022006
26108005003,26108022007
26108005003,26108022030
26108005004,26108005010
26108005004,26108005011
26108005004,26108005013
26108005004,26108005018
26108005004,26108022007
26108005005,26108005006
26108005005,26108005010
26108005006,26108005007
26108005006,26108005008
26108005006,26108005010
26108005007,26108005008
26108005007,26108005009
26108005007,26108005010
26108005007,26108005011
26108005007,26108005012
26108005007,26108006002
26108005007,26108006005
26108005007,26108006006
26108005008,26108005009
26108005008,26108006006
26108005009,26108006006
26108005009,26108006007
26108005010,26108005011
26108005010,26108005012
26108005011,26108005012
26108005011,26108005013
26108005011,26108006001
26108005011,26108022007
26108005012,26108005013
26108005012,26108006001
26108005012,26108006002
26108005013,26108005014
26108005013,26108006001
26108005013,26108022007
26108005014,26108005015
26108005014,26108006001
26108005014,26108006002
26108005014,26108022005
26108005014,26108022007
26108005015,26108005016
26108005015,26108006002
26108005015,26108006003
26108005015,26108022005
26108005016,26108005017
26108005016,26108006003
26108005016,26108022002
26108005016,26108022003
26108005016,26108022004
26108005016,26108022005
26108005017,26108006003
26108005017,26108022003
26108006001,26108006002
26108006002,26108006003
26108006002,26108006004
26108006002,26108006005
26108006002,26108006006
26108006003,26108006004
26108006003,26108006010
26108006003,26108006012
26108006004,26108006005
26108006004,26108006008
26108006004,26108006009
26108006004,26108006012
26108006005,26108006006
26108006005,26108006007
26108006005,26108006008
26108006006,26108006007
26108006007,26108006008
26108006007,26108006013
26108006007,26108006014
26108006008,26108006009
26108006008,26108006013
26108006008,26108006014
26108006009,26108006012
26108006009,26108006013
26108006010,26108006011
26108006010,26108006012
26108006011,26108006012
26108006011,26108006013
26108006011,26108006017
26108006011,26108006018
26108006011,26108007014
26108006012,26108006013
26108006013,26108006014
26108006013,26108006015
26108006013,26108006016
26108006013,26108006017
26108006014,26108006015
26108006014,26108006016
26108006015,26108006016
26108006015,26108007004
26108006016,26108006017
26108006016,26108007004
26108006017,26108007004
26108006017,26108007014
26108006018,26108007014
26108006018,26108007015
26108006018,26108007016
26108007001,26108007012
26108007001,26108007013
26108007001,26108007015
26108007001,26108007016
26108007001,26108007021
26108007002,26108007003
26108007002,26108007006
26108007002,26108007007
26108007002,26108007008
26108007002,26108008010
26108007002,26108008014
26108007003,26108007008
26108007003,26108007017
26108007003,26108007022
26108007003,26108008010
26108007003,26108008020
26108007004,26108007005
26108007004,26108007010
26108007004,26108007014
26108007005,26108007006
26108007005,26108007010
26108007006,26108007007
26108007006,26108007010
26108007006,26108007011
26108007007,26108007008
26108007007,26108007009
26108007007,26108007011
26108007007,26108007012
26108007008,26108007009
26108007008,26108007017
26108007008,26108007022
26108007009,26108007012
26108007009,26108007013
26108007009,26108007022
26108007010,26108007011
26108007010,26108007014
26108007011,26108007012
26108007011,26108007014
26108007011,26108007015
26108007012,26108007013
26108007012,26108007015
26108007012,26108007016
26108007013,26108007019
26108007013,26108007021
26108007013,26108007022
26108007014,26108007015
26108007015,26108007016
26108007016,26108007021
26108007016,26108012002
26108007017,26108007018
26108007017,26108007022
26108007017,26108008010
26108007017,26108008011
26108007017,26108008012
26108007018,26108007019
26108007018,26108007022
26108007018,26108008012
26108007018,26108008013
26108007018,26108009001
26108007018,26108009002
26108007019,26108007021
26108007019,26108007022
26108007019,26108009001
26108007019,26108009002
26108007019,26108012001
26108007021,26108012001
26108007021,26108012002
26108008001,26108008002
26108008001,26108008003
26108008001,26108008006
26108008002,26108008003
26108008002,26108008004
26108008002,26108008005
26108008003,26108008004
26108008003,26108008005
26108008003,26108008006
26108008003,26108008007
26108008003,26108008008
26108008004,26108008005
26108008004,26108008009
26108008004,26108008016
26108008004,26108009007
26108008005,26108008008
26108008005,26108008009
26108008006,26108008007
26108008006,26108008010
26108008007,26108008008
26108008007,26108008010
26108008008,26108008009
26108008008,26108008010
26108008008,26108008011
26108008009,26108008011
26108008009,26108008012
26108008009,26108008017
26108008009,26108009007
26108008009,26108009019
26108008010,26108008011
26108008010,26108008014
26108008010,26108008020
26108008011,26108008012
26108008012,26108008013
26108008012,26108008015
26108008012,26108008017
26108008013,26108008015
26108008013,26108009001
26108008013,26108009003
26108008013,26108009004
26108008013,26108009006
26108008013,26108009028
26108008015,26108008017
26108008015,26108009006
26108008015,26108009019
26108008015,26108009029
26108008016,26108009007
26108008017,26108008019
26108008017,26108009019
26108008017,26108009029
26108008019,26108009019
26108008019,26108009029
26108009001,26108009002
26108009001,26108009004
26108009002,26108009005
26108009002,26108012001
26108009002,26108012003
26108009003,26108009004
26108009003,26108009006
26108009003,26108009017
26108009003,26108009018
26108009003,26108009021
26108009003,26108009026
26108009003,26108009028
26108009004,26108009005
26108009004,26108009028
26108009004,26108010002
26108009004,26108012019
26108009005,26108010002
26108009005,26108012003
26108009005,26108012013
26108009005,26108012017
26108009005,26108012019
26108009006,26108009018
26108009006,26108009019
26108009006,26108009029
26108009007,26108009008
26108009007,26108009012
26108009007,26108009019
26108009008,26108009009
26108009008,26108009012
26108009009,26108009010
26108009009,26108009012
26108009009,26108009013
26108009010,26108009013
26108009010,26108009014
26108009010,26108009015
26108009011,26108009015
26108009011,26108009016
26108009012,26108009013
26108009012,26108009017
26108009012,26108009019
26108009013,26108009014
26108009013,26108009017
26108009013,26108009020
26108009014,26108009015
26108009014,26108009020
26108009015,26108009016
26108009015,26108009020
26108009015,26108009022
26108009015,26108009023
26108009016,26108009023
26108009017,26108009018
26108009017,26108009019
26108009017,26108009020
26108009017,26108009021
26108009018,26108009019
26108009018,26108009021
26108009019,26108009029
26108009020,26108009021
26108009020,26108009022
26108009021,26108009022
26108009021,26108009026
26108009022,26108009023
26108009022,26108009024
26108009022,26108009025
26108009022,26108009026
26108009023,26108009024
26108009024,26108009025
26108009024,26108010001
26108009024,26108010026
26108009025,26108009026
26108009025,26108009027
26108009025,26108009028
26108009025,26108010001
26108009025,26108010004
26108009025,26108010026
26108009026,26108009027
26108009026,26108009028
26108009027,26108009028
26108009027,26108010002
26108009027,26108010004
26108009027,26108010026
26108009028,26108010002
26108010001,26108010026
26108010002,26108010003
26108010002,26108010004
26108010002,26108010024
26108010002,26108010025
26108010002,26108012018
26108010002,26108012019
26108010003,26108010004
26108010003,26108010005
26108010003,26108010008
26108010003,26108010025
26108010003,26108010027
26108010004,26108010025
26108010004,26108010026
26108010005,26108010006
26108010005,26108010007
26108010005,26108010008
26108010005,26108010009
26108010005,26108010027
26108010006,26108010007
26108010006,26108010027
26108010007,26108010008
26108010007,26108010009
26108010007,26108010010
26108010007,26108010027
26108010008,26108010009
26108010008,26108010016
26108010008,26108010025
26108010009,26108010010
26108010009,26108010014
26108010009,26108010015
26108010009,26108010016
26108010010,26108010011
26108010010,26108010012
26108010010,26108010014
26108010011,26108010012
26108010012,26108010013
26108010012,26108010014
26108010013,26108010014
26108010013,26108010017
26108010013,26108010019
26108010013,26108010020
26108010014,26108010015
26108010014,26108010017
26108010015,26108010016
26108010015,26108010017
26108010015,26108010018
26108010016,26108010018
26108010016,26108010024
26108010016,26108010025
26108010017,26108010018
26108010017,26108010019
26108010018,26108010019
26108010018,26108010021
26108010018,26108010022
26108010018,26108010024
26108010018,26108011001
26108010019,26108010020
26108010019,26108011001
26108010020,26108010023
26108010020,26108011001
26108010020,26108011019
26108010021,26108010022
26108010021,26108010024
26108010021,26108011001
26108010021,26108011015
26108010021,26108011017
26108010023,26108011019
26108010024,26108010025
26108010024,26108011016
26108010024,26108011017
26108010024,26108012004
26108010024,26108012018
26108010026,26108010027
26108011001,26108011005
26108011001,26108011007
26108011001,26108011015
26108011001,26108011019
26108011002,26108011011
26108011002,26108011019
26108011003,26108011004
26108011003,26108011005
26108011003,26108011009
26108011003,26108011010
26108011003,26108011012
26108011003,26108011015
26108011003,26108011021
26108011004,26108011005
26108011004,26108011007
26108011004,26108011009
26108011005,26108011007
26108011005,26108011015
26108011006,26108011007
26108011006,26108011009
26108011006,26108011019
26108011007,26108011009
26108011007,26108011019
26108011008,26108011009
26108011008,26108011011
26108011008,26108011012
26108011008,26108011019
26108011009,26108011012
26108011009,26108011019
26108011010,26108011012
26108011010,26108011013
26108011010,26108011014
26108011010,26108011015
26108011010,26108011021
26108011010,26108011023
26108011011,26108011012
26108011011,26108011019
26108011011,26108011021
26108011011,26108011022
26108011012,26108011021
26108011013,26108011014
26108011013,26108011015
26108011013,26108012015
26108011013,26108012016
26108011013,26108012023
26108011014,26108011023
26108011014,26108011024
26108011014,26108012021
26108011014,26108012023
26108011015,26108011017
26108011015,26108011018
26108011015,26108012015
26108011015,26108012016
26108011016,26108011017
26108011016,26108011018
26108011016,26108012004
26108011016,26108012016
26108011017,26108011018
26108011018,26108012016
26108011021,26108011022
26108011021,26108011023
26108011021,26108011024
26108011021,26111007014
26108011022,26111007011
26108011022,26111007013
26108011022,26111007014
26108011022,26111009007
26108011023,26108011024
26108011024,26108012021
26108011024,26108012024
26108011024,26111005010
26108011024,26111007002
26108011024,26111007014
26108012001,26108012002
26108012001,26108012003
26108012001,26108012011
26108012002,26108012003
26108012002,26108012009
26108012002,26108012011
26108012002,26108012020
26108012002,26108013010
26108012002,26108014015
26108012003,26108012011
26108012003,26108012013
26108012004,26108012016
26108012004,26108012017
26108012004,26108012018
26108012005,26108012006
26108012005,26108012007
26108012005,26108012009
26108012005,26108013006
26108012006,26108012007
26108012006,26108012008
26108012006,26108013006
26108012006,26111004023
26108012007,26108012008
26108012007,26108012009
26108012007,26108012010
26108012008,26108012010
26108012008,26108012014
26108012008,26108012016
26108012008,26111004024
26108012008,26111005010
26108012009,26108012010
26108012009,26108012011
26108012009,26108012012
26108012009,26108012020
26108012009,26108013006
26108012009,26108013008
26108012009,26108013010
26108012010,26108012011
26108012010,26108012012
26108012010,26108012014
26108012010,26108012016
26108012011,26108012012
26108012011,26108012013
26108012011,26108012020
26108012012,26108012013
26108012012,26108012016
26108012012,26108012017
26108012013,26108012016
26108012013,26108012017
26108012013,26108012019
26108012014,26108012015
26108012014,26108012016
26108012014,26108012024
26108012014,26111005010
26108012015,26108012016
26108012015,26108012023
26108012015,26108012024
26108012016,26108012017
26108012017,26108012018
26108012017,26108012019
26108012018,26108012019
26108012020,26108013010
26108012021,26108012023
26108012021,26108012024
26108012023,26108012024
26108012024,26111005010
26108013001,26108013002
26108013001,26108013003
26108013001,26108013011
26108013001,26108013019
26108013002,26108013003
26108013002,26108013004
26108013002,26108013005
26108013002,26108013019
26108013002,26111004017
26108013003,26108013004
26108013003,26108013011
26108013003,26108013012
26108013003,26108014004
26108013003,26108014005
26108013004,26108013012
26108013004,26108013013
26108013004,26108013015
26108013004,26108013016
26108013004,26108013017
26108013004,26108014005
26108013004,26108014006
26108013004,26111004017
26108013005,26108013006
26108013005,26108013007
26108013005,26108013019
26108013005,26111004017
26108013005,26111004023
26108013006,26108013007
26108013006,26108013008
26108013006,26108013010
26108013006,26111004023
26108013007,26108013008
26108013007,26108013009
26108013007,26108013019
26108013008,26108013009
26108013008,26108013010
26108013009,26108013010
26108013009,26108013018
26108013009,26108013019
26108013009,26108014002
26108013009,26108014015
26108013010,26108014015
26108013011,26108013018
26108013011,26108013019
26108013011,26108014003
26108013011,26108014004
26108013011,26108014005
26108013012,26108014005
26108013013,26108013014
26108013013,26108013015
26108013013,26108014005
26108013013,26108014006
26108013013,26108014012
26108013014,26108013015
26108013014,26108013016
26108013014,26108013017
26108013014,26108014011
26108013014,26108014012
26108013015,26108013016
26108013016,26108013017
26108013017,26108014011
26108013017,26111001014
26108013017,26111001017
26108013017,26111001018
26108013017,26111001020
26108013017,26111002003
26108013017,26111002004
26108013017,26111002011
26108013017,26111004015
26108013017,26111004017
26108013018,26108013019
26108013018,26108014002
26108013018,26108014003
26108014002,26108014003
26108014002,26108014015
26108014003,26108014004
26108014003,26108014007
26108014003,26108014010
26108014004,26108014005
26108014004,26108014007
26108014004,26108014010
26108014005,26108014006
26108014005,26108014007
26108014005,26108014008
26108014006,26108014008
26108014006,26108014012
26108014007,26108014008
26108014007,26108014009
26108014007,26108014010
26108014008,26108014009
26108014008,26108014012
26108014009,26108014010
26108014009,26108014012
26108014011,26108014012
26108014011,26108015017
26108014011,26111001017
26108015001,26108015008
26108015001,26108015010
26108015001,26108016009
26108015001,26108017053
26108015002,26108015010
26108015002,26108017055
26108015003,26108015004
26108015003,26108015005
26108015003,26108015014
26108015003,26108015015
26108015004,26108015005
26108015004,26108015006
26108015004,26108015007
26108015005,26108015007
26108015005,26108015008
26108015005,26108015009
26108015005,26108015010
26108015005,26108015012
26108015005,26108015013
26108015005,26108015014
26108015006,26108015007
26108015006,26108016010
26108015006,26108016011
26108015007,26108015008
26108015007,26108016011
26108015007,26108016012
26108015008,26108015009
26108015008,26108015010
26108015008,26108016009
26108015008,26108016011
26108015008,26108016012
26108015009,26108015010
26108015010,26108015011
26108015010,26108015012
26108015010,26108016009
26108015010,26108017053
26108015010,26108017054
26108015010,26108017055
26108015011,26108015012
26108015011,26108015013
26108015011,26108017055
26108015011,26108017056
26108015012,26108015013
26108015013,26108015014
26108015013,26108015017
26108015013,26108017056
26108015013,26111001006
26108015013,26111001015
26108015014,26108015015
26108015014,26108015016
26108015014,26108015017
26108015015,26108015016
26108015016,26108015017
26108015017,26111001015
26108015017,26111001016
26108015017,26111001017
26108016001,26108016003
26108016001,26108016004
26108016001,26108016013
26108016001,26108017075
26108016001,26108021036
26108016001,26108021037
26108016002,26108016004
26108016003,26108016004
26108016003,26108016005
26108016003,26108016006
26108016003,26108017075
26108016004,26108016006
26108016004,26108016010
26108016005,26108016006
26108016005,26108016007
26108016005,26108016008
26108016005,26108016014
26108016005,26108017028
26108016005,26108017029
26108016005,26108017075
26108016006,26108016007
26108016006,26108016009
26108016006,26108016010
26108016006,26108016011
26108016007,26108016008
26108016007,26108016009
26108016007,26108017002
26108016007,26108017003
26108016007,26108017052
26108016008,26108017001
26108016008,26108017002
26108016008,26108017027
26108016008,26108017028
26108016009,26108016011
26108016009,26108016012
26108016009,26108017052
26108016009,26108017053
26108016010,26108016011
26108016011,26108016012
26108016013,26108021036
26108016014,26108017028
26108016014,26108017029
26108016014,26108017075
26108017001,26108017002
26108017001,26108017027
26108017002,26108017003
26108017002,26108017004
26108017002,26108017025
26108017002,26108017027
26108017003,26108017004
26108017003,26108017005
26108017003,26108017006
26108017003,26108017052
26108017003,26108017059
26108017004,26108017006
26108017004,26108017021
26108017004,26108017025
26108017005,26108017006
26108017005,26108017007
26108017005,26108017059
26108017005,26108017060
26108017006,26108017007
26108017006,26108017020
26108017006,26108017021
26108017007,26108017008
26108017007,26108017009
26108017007,26108017020
26108017007,26108017060
26108017008,26108017009
26108017008,26108017060
26108017008,26108017064
26108017008,26108017066
26108017008,26108017067
26108017009,26108017010
26108017009,26108017011
26108017009,26108017020
26108017009,26108017067
26108017010,26108017011
26108017010,26108017012
26108017010,26108017013
26108017010,26108017017
26108017010,26108017019
26108017010,26108017020
26108017011,26108017012
26108017011,26108017050
26108017011,26108017067
26108017011,26108017068
26108017011,26108017071
26108017012,26108017013
26108017012,26108017014
26108017012,26108017050
26108017013,26108017014
26108017013,26108017017
26108017013,26108017019
26108017014,26108017015
26108017014,26108017017
26108017014,26108017018
26108017014,26108017050
26108017015,26108017016
26108017015,26108017017
26108017015,26108017018
26108017015,26108017038
26108017015,26108017041
26108017016,26108017018
26108017016,26108017041
26108017016,26108017048
26108017016,26108017050
26108017017,26108017019
26108017017,26108017038
26108017018,26108017050
26108017019,26108017020
26108017019,26108017038
26108017020,26108017021
26108017020,26108017022
26108017020,26108017038
26108017021,26108017022
26108017021,26108017024
26108017021,26108017025
26108017021,26108017026
26108017022,26108017023
26108017022,26108017024
26108017022,26108017038
26108017022,26108017040
26108017023,26108017024
26108017023,26108017040
26108017024,26108017026
26108017024,26108017036
26108017024,26108017037
26108017024,26108017040
26108017025,26108017026
26108017025,26108017027
26108017026,26108017027
26108017026,26108017032
26108017026,26108017035
26108017026,26108017036
26108017027,26108017028
26108017027,26108017035
26108017028,26108017029
26108017028,26108017035
26108017029,26108017030
26108017029,26108017031
26108017029,26108017035
26108017029,26108017075
26108017030,26108017031
26108017030,26108017033
26108017030,26108017039
26108017030,26108017075
26108017031,26108017032
26108017031,26108017033
26108017031,26108017034
26108017031,26108017035
26108017032,26108017034
26108017032,26108017035
26108017032,26108017036
26108017033,26108017034
26108017033,26108017039
26108017033,26108017076
26108017034,26108017036
26108017034,26108017076
26108017036,26108017037
26108017036,26108017076
26108017037,26108017040
26108017037,26108017076
26108017038,26108017040
26108017038,26108017041
26108017039,26108017075
26108017039,26108017076
26108017039,26108020002
26108017039,26108021033
26108017040,26108017041
26108017040,26108017042
26108017040,26108017076
26108017040,26108020019
26108017041,26108017042
26108017041,26108017048
26108017041,26108017049
26108017042,26108017043
26108017042,26108017044
26108017042,26108017048
26108017042,26108017049
26108017042,26108017079
26108017042,26108017081
26108017042,26108017082
26108017042,26108020019
26108017043,26108017044
26108017043,26108017081
26108017044,26108017046
26108017044,26108017047
26108017044,26108017049
26108017044,26108017081
26108017044,26108018002
26108017046,26108017080
26108017046,26108017081
26108017046,26108018002
26108017047,26108017049
26108017047,26108018002
26108017048,26108017049
26108017048,26108017050
26108017049,26108017050
26108017049,26108018002
26108017049,26108018005
26108017049,26111001022
26108017050,26108017071
26108017050,26108017073
26108017050,26111001021
26108017050,26111001022
26108017052,26108017053
26108017052,26108017054
26108017052,26108017059
26108017053,26108017054
26108017054,26108017055
26108017054,26108017058
26108017054,26108017059
26108017055,26108017056
26108017055,26108017057
26108017055,26108017058
26108017056,26108017057
26108017056,26108017062
26108017056,26108017072
26108017056,26111001006
26108017057,26108017058
26108017057,26108017061
26108017057,26108017062
26108017058,26108017059
26108017058,26108017060
26108017058,26108017061
26108017058,26108017062
26108017059,26108017060
26108017060,26108017061
26108017060,26108017064
26108017061,26108017062
26108017061,26108017063
26108017061,26108017064
26108017062,26108017063
26108017062,26108017072
26108017063,26108017064
26108017063,26108017065
26108017063,26108017070
26108017063,26108017072
26108017063,26108017073
26108017063,26111001021
26108017064,26108017065
26108017064,26108017066
26108017065,26108017066
26108017065,26108017069
26108017065,26108017070
26108017066,26108017067
26108017066,26108017068
26108017066,26108017069
26108017067,26108017068
26108017068,26108017069
26108017068,26108017071
26108017069,26108017070
26108017069,26108017071
26108017070,26108017071
26108017070,26108017073
26108017071,26108017073
26108017072,26111001001
26108017072,26111001006
26108017072,26111001021
26108017073,26111001021
26108017073,26111001022
26108017075,26108021033
26108017075,26108021036
26108017075,26108021037
26108017076,26108020002
26108017076,26108020013
26108017076,26108020017
26108017076,26108020019
26108017079,26108017080
26108017079,26108017081
26108017079,26108017082
26108017079,26108020037
26108017080,26108017081
26108017080,26108018002
26108017080,26108020037
26108017080,26108028005
26108017082,26108020019
26108017082,26108020037
26108018001,26108018002
26108018001,26108018003
26108018001,26206046007
26108018002,26108018003
26108018002,26108018005
26108018002,26108019004
26108018002,26108028005
26108018002,26206046007
26108018003,26108018004
26108018003,26108018005
26108018003,26206046007
26108018004,26108018005
26108018004,26206046007
26108018005,26111001022
26108018005,26206046007
26108019001,26108019002
26108019001,26108019004
26108019001,26206046007
26108019002,26108019003
26108019002,26108019004
26108019002,26108019006
26108019002,26206042001
26108019002,26206044004
26108019002,26206046007
26108019003,26108019004
26108019003,26108019005
26108019003,26108019006
26108019003,26108019012
26108019004,26108019005
26108019004,26108019011
26108019004,26108019012
26108019004,26108028005
26108019004,26206046007
26108019005,26108019006
26108019005,26108019011
26108019005,26108019012
26108019006,26108019007
26108019006,26108019008
26108019006,26108019009
26108019006,26108019011
26108019006,26206042001
26108019006,26206043001
26108019007,26108019009
26108019007,26206043001
26108019008,26108019009
26108019008,26108019011
26108019008,26108028005
26108019009,26108019010
26108019009,26108028005
26108019009,26206043001
26108019009,26206043003
26108019009,26213016002
26108019010,26108028005
26108019010,26213016002
26108019011,26108028005
26108020001,26108020002
26108020001,26108020003
26108020001,26108020004
26108020001,26108020005
26108020001,26108020006
26108020001,26108020007
26108020001,26108020008
26108020001,26108020010
26108020001,26108020014
26108020001,26108020015
26108020001,26108020016
26108020001,26108020035
26108020001,26108021012
26108020001,26108021024
26108020002,26108020003
26108020002,26108020004
26108020002,26108020007
26108020002,26108020008
26108020002,26108020009
26108020002,26108020012
26108020002,26108020013
26108020002,26108020014
26108020002,26108021012
26108020002,26108021014
26108020002,26108021033
26108020002,26108021037
26108020003,26108020004
26108020004,26108020005
26108020004,26108020006
26108020004,26108020007
26108020005,26108020006
26108020005,26108020007
26108020006,26108020007
26108020007,26108020008
26108020008,26108020009
26108020008,26108020010
26108020009,26108020010
26108020009,26108020011
26108020009,26108020012
26108020010,26108020011
26108020010,26108020014
26108020011,26108020012
26108020011,26108020013
26108020011,26108020014
26108020012,26108020013
26108020013,26108020014
26108020013,26108020015
26108020013,26108020017
26108020014,26108020015
26108020015,26108020016
26108020015,26108020017
26108020016,26108020017
26108020016,26108020018
26108020016,26108020021
26108020016,26108020035
26108020017,26108020018
26108020017,26108020019
26108020018,26108020019
26108020018,26108020021
26108020019,26108020020
26108020019,26108020021
26108020019,26108020031
26108020019,26108020037
26108020020,26108020021
26108020020,26108020022
26108020020,26108020023
26108020020,26108020024
26108020020,26108020026
26108020020,26108020028
26108020020,26108020029
26108020020,26108020031
26108020020,26108020032
26108020020,26108020033
26108020020,26108020035
26108020020,26108020037
26108020021,26108020035
26108020022,26108020023
26108020022,26108020024
26108020023,26108020024
26108020023,26108020026
26108020024,26108020026
26108020024,26108020027
26108020024,26108020028
26108020024,26108020029
26108020024,26108020032
26108020025,26108020027
26108020025,26108020028
26108020025,26108020029
26108020025,26108020030
26108020025,26108020034
26108020025,26108020036
26108020025,26108020037
26108020027,26108020028
26108020027,26108020029
26108020027,26108020030
26108020027,26108020032
26108020028,26108020030
26108020028,26108020032
26108020028,26108020033
26108020029,26108020037
26108020030,26108020033
26108020030,26108020034
26108020030,26108020036
26108020031,26108020037
26108020033,26108020034
26108020033,26108020035
26108020033,26108020036
26108020034,26108020035
26108020034,26108020036
26108020034,26108020037
26108020034,26108021024
26108020034,26108028003
26108020035,26108021024
26108020037,26108028003
26108020037,26108028005
26108021001,26108021014
26108021001,26108021026
26108021001,26108021034
26108021001,26108021036
26108021001,26108021038
26108021001,26108021039
26108021002,26108021032
26108021002,26108021040
26108021002,26108021041
26108021003,26108021004
26108021003,26108021005
26108021003,26108022018
26108021004,26108021005
26108021004,26108021007
26108021004,26108022018
26108021005,26108021007
26108021005,26108021031
26108021005,26108022018
26108021005,26108022019
26108021006,26108021007
26108021006,26108021029
26108021006,26108021031
26108021006,26108021032
26108021007,26108021016
26108021007,26108021024
26108021007,26108021029
26108021007,26108021030
26108021007,26108021031
26108021007,26108022018
26108021008,26108021010
26108021008,26108021024
26108021008,26108021025
26108021008,26108021028
26108021008,26108021030
26108021009,26108021010
26108021009,26108021011
26108021009,26108021016
26108021009,26108021025
26108021009,26108021028
26108021010,26108021011
26108021010,26108021012
26108021010,26108021013
26108021010,26108021014
26108021010,26108021024
26108021010,26108021025
26108021011,26108021012
26108021011,26108021014
26108021011,26108021016
26108021012,26108021013
26108021012,26108021014
26108021012,26108021024
26108021013,26108021024
26108021014,26108021015
26108021014,26108021016
26108021014,26108021019
26108021014,26108021021
26108021014,26108021026
26108021014,26108021027
26108021014,26108021033
26108021014,26108021034
26108021014,26108021035
26108021014,26108021036
26108021014,26108021037
26108021014,26108021038
26108021016,26108021022
26108021016,26108021027
26108021016,26108021028
26108021016,26108021029
26108021016,26108021030
26108021017,26108021018
26108021017,26108021020
26108021017,26108021021
26108021017,26108021022
26108021017,26108021026
26108021018,26108021026
26108021018,26108021039
26108021019,26108021021
26108021019,26108021022
26108021019,26108021027
26108021020,26108021021
26108021020,26108021022
26108021020,26108021023
26108021021,26108021022
26108021021,26108021026
26108021022,26108021023
26108021022,26108021027
26108021022,26108021029
26108021023,26108021029
26108021023,26108021044
26108021024,26108021030
26108021024,26108022018
26108021024,26108022035
26108021025,26108021028
26108021026,26108021039
26108021028,26108021030
26108021029,26108021032
26108021029,26108021044
26108021031,26108021032
26108021031,26108022014
26108021031,26108022015
26108021031,26108022019
26108021031,26108022036
26108021032,26108021040
26108021032,26108021044
26108021032,26108022036
26108021033,26108021037
26108021034,26108021035
26108021034,26108021039
26108021036,26108021037
26108021040,26108021041
26108021040,26108021043
26108021040,26108022036
26108021041,26108021042
26108021041,26108021043
26108021041,26108022036
26108021043,26108022036
26108022001,26108022003
26108022001,26108022036
26108022002,26108022003
26108022002,26108022004
26108022002,26108022005
26108022003,26108022004
26108022003,26108022036
26108022004,26108022005
26108022004,26108022009
26108022004,26108022036
26108022005,26108022007
26108022005,26108022008
26108022005,26108022009
26108022005,26108022010
26108022006,26108022007
26108022006,26108022030
26108022006,26108022031
26108022007,26108022010
26108022007,26108022031
26108022007,26108022032
26108022007,26108022033
26108022008,26108022009
26108022008,26108022010
26108022008,26108022011
26108022008,26108022012
26108022008,26108022015
26108022008,26108022017
26108022009,26108022015
26108022009,26108022017
26108022009,26108022036
26108022010,26108022011
26108022010,26108022033
26108022011,26108022012
26108022011,26108022017
26108022011,26108022033
26108022012,26108022013
26108022012,26108022017
26108022012,26108022027
26108022012,26108022029
26108022012,26108022033
26108022013,26108022026
26108022013,26108022027
26108022013,26108022032
26108022013,26108022033
26108022014,26108022015
26108022014,26108022016
26108022014,26108022018
26108022014,26108022019
26108022015,26108022016
26108022015,26108022017
26108022015,26108022036
26108022016,26108022017
26108022016,26108022018
26108022017,26108022018
26108022017,26108022029
26108022017,26108022033
26108022018,26108022019
26108022018,26108022028
26108022018,26108022029
26108022018,26108022035
26108022020,26108022021
26108022020,26108022022
26108022020,26108022023
26108022020,26108022035
26108022020,26108022038
26108022021,26108022022
26108022021,26108022026
26108022021,26108022027
26108022021,26108022029
26108022021,26108022035
26108022022,26108022023
26108022022,26108022025
26108022022,26108022026
26108022023,26108022024
26108022023,26108022025
26108022024,26108022025
26108022024,26108022034
26108022025,26108022026
26108022025,26108022032
26108022025,26108022034
26108022026,26108022027
26108022026,26108022032
26108022027,26108022029
26108022028,26108022029
26108022028,26108022035
26108022029,26108022033
26108022029,26108022035
26108022030,26108022031
26108022030,26108022034
26108022031,26108022032
26108022031,26108022034
26108022032,26108022033
26108022032,26108022034
26108022035,26108022038
26108023001,26108023002
26108023001,26108023006
26108023001,26108024003
26108023002,26108023003
26108023002,26108023004
26108023002,26108023005
26108023002,26108023006
26108023003,26108023004
26108023003,26108023005
26108023004,26108023005
26108023005,26108023006
26108023005,26108024001
26108023006,26108024001
26108023006,26108024003
26108024001,26108024002
26108024001,26108024003
26108024001,26108025001
26108024002,26108024003
26108024002,26108025001
26108024002,26108025004
26108024003,26108024004
26108024003,26108025004
26108024004,26108024005
26108024004,26108024006
26108024004,26108024007
26108024004,26108025004
26108024004,26108025005
26108024005,26108024006
26108024005,26108024007
26108024006,26108024007
26108024006,26108024008
26108024007,26108024008
26108024007,26108024009
26108024007,26108025005
26108024007,26108025007
26108024007,26108025008
26108024008,26108024009
26108024008,26108024010
26108024008,26108028001
26108024009,26108024010
26108024009,26108025008
26108024009,26108025009
26108024009,26108026008
26108024010,26108026008
26108024010,26108026009
26108024010,26108026010
26108024010,26108026012
26108024010,26108026013
26108024010,26108028001
26108024010,26108028004
26108025001,26108025002
26108025001,26108025004
26108025001,26213001004
26108025001,26213001010
26108025001,26213002007
26108025001,26213003001
26108025002,26108025003
26108025002,26108025004
26108025002,26213003001
26108025003,26108025004
26108025003,26108025006
26108025003,26108025011
26108025003,26108025012
26108025003,26213003001
26108025004,26108025005
26108025004,26108025006
26108025005,26108025006
26108025005,26108025007
26108025006,26108025007
26108025006,26108025011
26108025006,26108025012
26108025007,26108025008
26108025007,26108025012
26108025008,26108025009
26108025008,26108025010
26108025008,26108025012
26108025008,26108026006
26108025009,26108025010
26108025009,26108026008
26108025010,26108026006
26108025010,26108026008
26108025011,26108025012
26108025012,26108025013
26108025012,26108026004
26108025012,26108026005
26108025012,26108026006
26108025012,26213003001
26108025012,26213018012
26108025012,26213018015
26108025013,26213003001
26108025013,26213018015
26108026001,26108026002
26108026001,26108026003
26108026001,26108027007
26108026001,26108027008
26108026001,26213017003
26108026001,26213017004
26108026002,26108026003
26108026002,26108026007
26108026002,26108027005
26108026002,26108027006
26108026002,26108027007
26108026003,26108026004
26108026003,26108026005
26108026003,26108026007
26108026003,26213017003
26108026004,26108026005
26108026004,26108026006
26108026004,26108026007
26108026005,26213017003
26108026005,26213018015
26108026006,26108026007
26108026006,26108026008
26108026007,26108026008
26108026007,26108026009
26108026007,26108026010
26108026007,26108027001
26108026007,26108027005
26108026008,26108026009
26108026009,26108026010
26108026009,26108026018
26108026010,26108026011
26108026010,26108026012
26108026010,26108026018
26108026010,26108027001
26108026011,26108026012
26108026011,26108027001
26108026012,26108026013
26108026012,26108026016
26108026012,26108026017
26108026012,26108027001
26108026013,26108026015
26108026013,26108026017
26108026013,26108028004
26108026014,26108026015
26108026014,26108026016
26108026014,26108026017
26108026015,26108026016
26108026015,26108026017
26108026015,26108028004
26108026016,26108026017
26108026016,26108027001
26108026016,26108028004
26108026016,26108028005
26108027001,26108027002
26108027001,26108027003
26108027001,26108027005
26108027001,26108028005
26108027002,26108027003
26108027002,26108028005
26108027002,26108028006
26108027003,26108027004
26108027003,26108027005
26108027003,26108028006
26108027003,26213016002
26108027004,26108027005
26108027004,26108027006
26108027004,26108027007
26108027004,26108027008
26108027004,26213016001
26108027004,26213016002
26108027005,26108027006
26108027006,26108027007
26108027007,26108027008
26108027008,26213016001
26108027008,26213017004
26108027008,26213017006
26108028001,26108028002
26108028001,26108028003
26108028001,26108028004
26108028002,26108028003
26108028003,26108028004
26108028003,26108028005
26108028004,26108028005
26108028005,26108028006
26108028005,26213016002
26108028006,26213016002
26109001001,26109001002
26109001001,26109001003
26109001001,26109022028
26109001002,26109001003
26109001003,26109001004
26109001003,26109001005
26109001003,26109001024
26109001003,26109001038
26109001003,26109022014
26109001003,26109022028
26109001004,26109001005
26109001004,26109001006
26109001004,26109001012
26109001004,26109001038
26109001004,26109001039
26109001004,26109022014
26109001005,26109001006
26109001005,26109022014
26109001005,26109022026
26109001005,26109022031
26109001006,26109001007
26109001006,26109001011
26109001006,26109001039
26109001006,26109022031
26109001006,26109023035
26109001006,26109023049
26109001007,26109001008
26109001007,26109001010
26109001007,26109001011
26109001007,26109001012
26109001007,26109001039
26109001008,26109001010
26109001008,26109001012
26109001008,26109001025
26109001008,26109001027
26109001008,26109001038
26109001010,26109001011
26109001010,26109001015
26109001010,26109001025
26109001010,26109001027
26109001010,26109001033
26109001011,26109001015
26109001011,26109001033
26109001011,26109023033
26109001011,26109023034
26109001011,26109023035
26109001011,26109023052
26109001011,26109024035
26109001011,26109024037
26109001011,26109024039
26109001012,26109001038
26109001012,26109001039
26109001015,26109001016
26109001015,26109001033
26109001015,26109001034
26109001015,26109024039
26109001016,26109001023
26109001016,26109001034
26109001016,26109001036
26109001016,26109002043
26109001016,26109024038
26109001016,26109024039
26109001023,26109002032
26109001023,26109002043
26109001023,26109024038
26109001024,26109001026
26109001024,26109001031
26109001024,26109001032
26109001024,26109001038
26109001025,26109001027
26109001025,26109001031
26109001025,26109001038
26109001026,26109001027
26109001026,26109001029
26109001026,26109001031
26109001026,26109001032
26109001026,26109001033
26109001027,26109001031
26109001027,26109001033
26109001028,26109001029
26109001028,26109001032
26109001028,26109004039
26109001028,26109004042
26109001029,26109001032
26109001029,26109001033
26109001029,26109004039
26109001029,26109004047
26109001029,26109004052
26109001030,26109001034
26109001030,26109001035
26109001030,26109001036
26109001030,26109001037
26109001030,26109002049
26109001030,26109004047
26109001030,26109004048
26109001030,26109004052
26109001031,26109001038
26109001032,26109004042
26109001033,26109001034
26109001033,26109004047
26109001034,26109001036
26109001034,26109004047
26109001035,26109001037
26109001035,26109004040
26109001035,26109004041
26109001035,26109004048
26109001035,26109004049
26109001036,26109001037
26109001036,26109002043
26109001036,26109002049
26109001036,26109004047
26109001037,26109002049
26109001037,26109002051
26109001037,26109004040
26109001037,26109004041
26109001037,26109004048
26109002001,26109002002
26109002001,26109024024
26109002001,26109024025
26109002001,26109024026
26109002001,26109024027
26109002001,26109024030
26109002002,26109002003
26109002002,26109024025
26109002002,26109024030
26109002002,26109024031
26109002002,26109024032
26109002003,26109002004
26109002003,26109002008
26109002003,26109018012
26109002003,26109024025
26109002003,26109024032
26109002004,26109002008
26109002004,26109002009
26109002004,26109002013
26109002004,26109024032
26109002004,26109024034
26109002005,26109002006
26109002005,26109002007
26109002005,26109002010
26109002005,26109002011
26109002005,26109003043
26109002005,26109003052
26109002005,26109018008
26109002006,26109002007
26109002006,26109018008
26109002006,26109018010
26109002007,26109002008
26109002007,26109002010
26109002007,26109002011
26109002007,26109002012
26109002007,26109018010
26109002008,26109002012
26109002008,26109002013
26109002008,26109002048
26109002008,26109018010
26109002008,26109018011
26109002008,26109018012
26109002009,26109002013
26109002009,26109002016
26109002009,26109024023
26109002009,26109024034
26109002010,26109002011
26109002010,26109002014
26109002010,26109002015
26109002010,26109003043
26109002010,26109003052
26109002010,26109003059
26109002011,26109002012
26109002011,26109002014
26109002011,26109002015
26109002011,26109002016
26109002012,26109002013
26109002012,26109002016
26109002013,26109002016
26109002014,26109002015
26109002014,26109002022
26109002014,26109002023
26109002014,26109003052
26109002014,26109003059
26109002015,26109002016
26109002015,26109002019
26109002015,26109002021
26109002015,26109002022
26109002016,26109002018
26109002016,26109002019
26109002016,26109024023
26109002017,26109002018
26109002017,26109024023
26109002018,26109002019
26109002018,26109002020
26109002018,26109002027
26109002018,26109002029
26109002018,26109024023
26109002018,26109024036
26109002018,26109024038
26109002019,26109002020
26109002019,26109002021
26109002020,26109002021
26109002020,26109002026
26109002020,26109002027
26109002020,26109002028
26109002021,26109002022
26109002021,26109002028
26109002022,26109002023
26109002022,26109002028
26109002023,26109002024
26109002023,26109002028
26109002023,26109003059
26109002023,26109003067
26109002024,26109002025
26109002024,26109002026
26109002024,26109002028
26109002024,26109003067
26109002025,26109002026
26109002025,26109002039
26109002025,26109002040
26109002025,26109003020
26109002025,26109003067
26109002026,26109002027
26109002026,26109002028
26109002026,26109002038
26109002026,26109002039
26109002026,26109002040
26109002027,26109002028
26109002027,26109002029
26109002027,26109002038
26109002029,26109002030
26109002029,26109002031
26109002029,26109002033
26109002029,26109002036
26109002029,26109002038
26109002029,26109024038
26109002030,26109002031
26109002030,26109024038
26109002031,26109002032
26109002031,26109002033
26109002031,26109002043
26109002031,26109024038
26109002032,26109002043
26109002032,26109024038
26109002033,26109002034
26109002033,26109002036
26109002033,26109002043
26109002034,26109002035
26109002034,26109002036
26109002034,26109002043
26109002035,26109002036
26109002035,26109002037
26109002035,26109002041
26109002035,26109002043
26109002035,26109002044
26109002036,26109002037
26109002036,26109002038
26109002036,26109002039
26109002037,26109002039
26109002037,26109002040
26109002037,26109002041
26109002037,26109002042
26109002038,26109002039
26109002039,26109002040
26109002040,26109002042
26109002040,26109003019
26109002040,26109003020
26109002040,26109003021
26109002041,26109002042
26109002041,26109002044
26109002041,26109003022
26109002041,26109003023
26109002041,26109003024
26109002042,26109003021
26109002042,26109003022
26109002043,26109002044
26109002043,26109002049
26109002043,26109002051
26109002044,26109002050
26109002044,26109002051
26109002044,26109003024
26109002044,26109003028
26109002044,26109003029
26109002044,26109003042
26109002048,26109018011
26109002048,26109018012
26109002049,26109002051
26109002049,26109004041
26109002050,26109002051
26109002050,26109002052
26109002050,26109003040
26109002050,26109003042
26109002050,26109003076
26109002050,26109003077
26109002050,26109003079
26109002050,26109004041
26109002051,26109004041
26109002052,26109003040
26109002052,26109003077
26109002052,26109003079
26109003001,26109003002
26109003001,26109003003
26109003001,26109003011
26109003001,26109003012
26109003001,26109003016
26109003001,26109003069
26109003002,26109003003
26109003002,26109003069
26109003002,26109003070
26109003002,26109003071
26109003002,26109003072
26109003003,26109003008
26109003003,26109003011
26109003003,26109003072
26109003004,26109003005
26109003004,26109003072
26109003004,26109003073
26109003004,26109003074
26109003004,26109012027
26109003005,26109003006
26109003005,26109003007
26109003005,26109003008
26109003005,26109003072
26109003005,26109012027
26109003005,26109012029
26109003006,26109003007
26109003006,26109012029
26109003006,26109012032
26109003006,26109012036
26109003006,26109012038
26109003007,26109003008
26109003007,26109003009
26109003007,26109003010
26109003007,26109003037
26109003007,26109003039
26109003007,26109012038
26109003008,26109003009
26109003008,26109003011
26109003008,26109003072
26109003009,26109003010
26109003009,26109003011
26109003010,26109003011
26109003010,26109003033
26109003010,26109003037
26109003011,26109003012
26109003011,26109003031
26109003011,26109003033
26109003012,26109003016
26109003012,26109003017
26109003012,26109003026
26109003012,26109003031
26109003013,26109003014
26109003013,26109003015
26109003013,26109003016
26109003013,26109003019
26109003013,26109003020
26109003013,26109003021
26109003013,26109003069
26109003014,26109003015
26109003014,26109003016
26109003014,26109003018
26109003015,26109003018
26109003015,26109003021
26109003015,26109003022
26109003016,26109003017
26109003016,26109003018
26109003016,26109003069
26109003017,26109003018
26109003017,26109003025
26109003017,26109003026
26109003018,26109003022
26109003018,26109003023
26109003018,26109003025
26109003019,26109003020
26109003019,26109003021
26109003020,26109003067
26109003020,26109003069
26109003021,26109003022
26109003022,26109003023
26109003023,26109003024
26109003023,26109003025
26109003024,26109003025
26109003024,26109003028
26109003025,26109003026
26109003025,26109003027
26109003025,26109003028
26109003026,26109003027
26109003026,26109003028
26109003026,26109003031
26109003027,26109003028
26109003027,26109003029
26109003027,26109003030
26109003027,26109003031
26109003027,26109003032
26109003028,26109003029
26109003029,26109003030
26109003029,26109003042
26109003030,26109003032
26109003030,26109003042
26109003031,26109003032
26109003031,26109003033
26109003032,26109003033
26109003032,26109003034
26109003032,26109003035
26109003032,26109003042
26109003033,26109003034
26109003033,26109003037
26109003034,26109003035
26109003034,26109003036
26109003034,26109003037
26109003035,26109003036
26109003035,26109003040
26109003035,26109003042
26109003035,26109004002
26109003035,26109012062
26109003036,26109003037
26109003036,26109003038
26109003036,26109012062
26109003037,26109003038
26109003037,26109003039
26109003038,26109003039
26109003038,26109012039
26109003038,26109012041
26109003038,26109012062
26109003039,26109012038
26109003039,26109012039
26109003040,26109003042
26109003040,26109003077
26109003040,26109003079
26109003040,26109004002
26109003040,26109004068
26109003040,26109012062
26109003043,26109003044
26109003043,26109003052
26109003043,26109003053
26109003043,26109018008
26109003044,26109003045
26109003044,26109003052
26109003044,26109003053
26109003044,26109003054
26109003044,26109018006
26109003045,26109003046
26109003045,26109003053
26109003045,26109003054
26109003045,26109003055
26109003045,26109018006
26109003046,26109003047
26109003046,26109003054
26109003046,26109003055
26109003046,26109018004
26109003046,26109018006
26109003047,26109003049
26109003047,26109003056
26109003047,26109003057
26109003047,26109018004
26109003048,26109003049
26109003048,26109003050
26109003048,26109003057
26109003048,26109003058
26109003048,26109003075
26109003048,26109012004
26109003048,26109012011
26109003048,26109018001
26109003049,26109003056
26109003049,26109003057
26109003049,26109003075
26109003049,26109018001
26109003049,26109018004
26109003050,26109003051
26109003050,26109012011
26109003050,26109012024
26109003050,26109018001
26109003050,26109018026
26109003051,26109012012
26109003051,26109012024
26109003051,26109012025
26109003051,26109018001
26109003051,26109018002
26109003051,26109018003
26109003051,26109018021
26109003051,26109018022
26109003052,26109003053
26109003052,26109003059
26109003052,26109003060
26109003053,26109003054
26109003053,26109003059
26109003053,26109003060
26109003053,26109003061
26109003054,26109003055
26109003054,26109003060
26109003054,26109003061
26109003055,26109003056
26109003055,26109003061
26109003055,26109003062
26109003056,26109003057
26109003056,26109003062
26109003056,26109003063
26109003057,26109003058
26109003057,26109003064
26109003058,26109003064
26109003058,26109003065
26109003058,26109012004
26109003058,26109012008
26109003058,26109012011
26109003059,26109003060
26109003059,26109003066
26109003059,26109003067
26109003060,26109003061
26109003060,26109003066
26109003061,26109003062
26109003061,26109003066
26109003061,26109003068
26109003061,26109003069
26109003062,26109003063
26109003062,26109003069
26109003062,26109003070
26109003063,26109003064
26109003063,26109003070
26109003063,26109003071
26109003064,26109003065
26109003064,26109003071
26109003064,26109003073
26109003065,26109003073
26109003065,26109003074
26109003065,26109012008
26109003066,26109003067
26109003066,26109003068
26109003066,26109003069
26109003067,26109003069
26109003068,26109003069
26109003069,26109003070
26109003070,26109003071
26109003071,26109003072
26109003071,26109003073
26109003072,26109003073
26109003073,26109003074
26109003074,26109012008
26109003074,26109012021
26109003074,26109012027
26109003074,26109012070
26109003075,26109018001
26109003076,26109003077
26109003076,26109004041
26109003076,26109004067
26109003077,26109003078
26109003077,26109004023
26109003077,26109004067
26109003077,26109004068
26109003078,26109004023
26109003078,26109004068
26109004001,26109004002
26109004001,26109004057
26109004002,26109004032
26109004002,26109004057
26109004002,26109004068
26109004002,26109004069
26109004002,26109012062
26109004002,26109012065
26109004013,26109004014
26109004013,26109004015
26109004013,26109004042
26109004013,26109004043
26109004013,26109004045
26109004013,26109004050
26109004014,26109004015
26109004014,26109004016
26109004014,26109004022
26109004014,26109004050
26109004014,26109004053
26109004015,26109004016
26109004015,26109004036
26109004016,26109004022
26109004016,26109004036
26109004016,26109004037
26109004016,26109004058
26109004016,26109004059
26109004016,26109004060
26109004016,26109011002
26109004016,26109011011
26109004022,26109004024
26109004022,26109004053
26109004022,26109004054
26109004022,26109004056
26109004022,26109004058
26109004022,26109004061
26109004022,26109004062
26109004023,26109004024
26109004023,26109004029
26109004023,26109004032
26109004023,26109004038
26109004023,26109004056
26109004023,26109004067
26109004023,26109004068
26109004024,26109004029
26109004024,26109004038
26109004024,26109004056
26109004024,26109004062
26109004024,26109004063
26109004026,26109004027
26109004026,26109004029
26109004026,26109004033
26109004026,26109004038
26109004026,26109011015
26109004026,26109011028
26109004026,26109011030
26109004027,26109004029
26109004027,26109004063
26109004027,26109004064
26109004027,26109004065
26109004027,26109004066
26109004027,26109011012
26109004027,26109011014
26109004027,26109011015
26109004027,26109011030
26109004029,26109004038
26109004029,26109004062
26109004029,26109004063
26109004032,26109004033
26109004032,26109004038
26109004032,26109004057
26109004032,26109004068
26109004033,26109004038
26109004033,26109004057
26109004033,26109011028
26109004033,26109011029
26109004033,26109012065
26109004035,26109004042
26109004036,26109004037
26109004036,26109005003
26109004036,26109005006
26109004037,26109005006
26109004037,26109006003
26109004037,26109011002
26109004039,26109004042
26109004039,26109004043
26109004039,26109004046
26109004039,26109004052
26109004040,26109004041
26109004040,26109004049
26109004040,26109004050
26109004040,26109004053
26109004040,26109004054
26109004041,26109004054
26109004041,26109004067
26109004042,26109004043
26109004043,26109004045
26109004043,26109004046
26109004045,26109004046
26109004045,26109004049
26109004045,26109004050
26109004046,26109004048
26109004046,26109004049
26109004046,26109004050
26109004046,26109004052
26109004047,26109004048
26109004047,26109004052
26109004048,26109004049
26109004048,26109004052
26109004049,26109004050
26109004049,26109004053
26109004050,26109004053
26109004053,26109004054
26109004054,26109004056
26109004054,26109004067
26109004056,26109004067
26109004057,26109004069
26109004057,26109012065
26109004058,26109004059
26109004058,26109004061
26109004059,26109004060
26109004059,26109004061
26109004059,26109004063
26109004059,26109004064
26109004060,26109004064
26109004060,26109004065
26109004060,26109004066
26109004060,26109011011
26109004061,26109004062
26109004061,26109004063
26109004062,26109004063
26109004063,26109004064
26109004064,26109004065
26109004065,26109004066
26109004066,26109011011
26109004066,26109011012
26109004067,26109004068
26109004069,26109012062
26109004069,26109012065
26109005001,26109005002
26109005002,26109005003
26109005003,26109005004
26109005003,26109005005
26109005003,26109005006
26109005003,26109005007
26109005003,26109006001
26109005004,26109005005
26109005004,26109006001
26109005005,26109005006
26109005005,26109006001
26109005005,26109006002
26109005005,26109006003
26109005006,26109006003
26109005007,26109006001
26109005007,26109006004
26109005007,26109007001
26109005007,26109007002
26109005007,26208404026
26109006001,26109006002
26109006001,26109006004
26109006001,26109007002
26109006001,26109007003
26109006002,26109006003
26109006002,26109007002
26109006002,26109007003
26109006003,26109007003
26109006003,26109011002
26109006003,26109011003
26109006004,26109007002
26109007001,26109007002
26109007001,26208404009
26109007001,26208404026
26109007002,26109007003
26109007002,26109007004
26109007002,26208404009
26109007002,26208505001
26109007002,26208505016
26109007002,26208505022
26109007002,26208505033
26109007002,26208505034
26109007002,26208505050
26109007002,26208505056
26109007002,26208505060
26109007002,26209001003
26109007003,26109007004
26109007003,26109011003
26109007004,26109008001
26109007004,26109011003
26109007004,26109011004
26109007004,26109011010
26109007004,26109011038
26109007004,26209001003
26109007004,26209002004
26109008001,26109008002
26109008001,26109010001
26109008001,26109010013
26109008001,26109011010
26109008001,26109011038
26109008001,26209002004
26109008001,26209002005
26109008002,26109008003
26109008002,26109008009
26109008002,26109010001
26109008002,26109010013
26109008002,26209002005
26109008002,26209003002
26109008003,26109008004
26109008003,26109008007
26109008003,26109008009
26109008003,26109009001
26109008003,26209003002
26109008003,26303003015
26109008004,26109008006
26109008004,26109008007
26109008004,26109009001
26109008004,26322001001
26109008005,26109008006
26109008005,26322001001
26109008005,26322001002
26109008005,26322001003
26109008006,26109008007
26109008006,26322001001
26109008006,26322001003
26109008007,26109008008
26109008007,26109008009
26109008007,26322001003
26109008007,26322001005
26109008008,26109008009
26109008008,26109010001
26109008008,26109010012
26109008008,26322001005
26109008009,26109010001
26109009001,26109009002
26109009001,262107110
26109009001,26210712001
26109009001,26303003015
26109009001,26322001001
26109009002,26109009003
26109009002,262107110
26109009002,26210712001
26109009002,26210712002
26109009002,26322003004
26109009003,262107110
26109009003,26210712002
26109009003,262107210
26109009003,262107220
26109009003,262107310
26109009003,26322004001
26109009003,26322004011
26109009003,26322017001
26109010001,26109010002
26109010001,26109010003
26109010001,26109010004
26109010001,26109010005
26109010001,26109010008
26109010001,26109010011
26109010001,26109010012
26109010001,26109010013
26109010001,26109010014
26109010002,26109010003
26109010002,26109010005
26109010003,26109010004
26109010003,26109010005
26109010004,26109010005
26109010004,26109010006
26109010004,26109010011
26109010005,26109010006
26109010005,26109010007
26109010005,26109010008
26109010006,26109010007
26109010006,26109010011
26109010007,26109010008
26109010007,26109010009
26109010007,26109010010
26109010007,26109010011
26109010008,26109010009
26109010008,26109010013
26109010009,26109010010
26109010009,26109010013
26109010009,26109011023
26109010010,26109010011
26109010010,26109011023
26109010010,26109011025
26109010010,26109011042
26109010011,26109010014
26109010011,26109011027
26109010011,26109011042
26109010012,26109010014
26109010012,26109014012
26109010012,26322001005
26109010012,26322008001
26109010012,26322010001
26109010013,26109011023
26109010013,26109011038
26109010014,26109011027
26109010014,26109014012
26109010014,26109014013
26109011001,26109011028
26109011001,26109011031
26109011002,26109011003
26109011002,26109011005
26109011002,26109011006
26109011002,26109011011
26109011003,26109011004
26109011003,26109011006
26109011003,26109011007
26109011003,26109011008
26109011004,26109011008
26109011004,26109011010
26109011005,26109011006
26109011005,26109011009
26109011005,26109011011
26109011005,26109011017
26109011006,26109011007
26109011006,26109011009
26109011007,26109011008
26109011007,26109011009
26109011007,26109011020
26109011008,26109011010
26109011008,26109011020
26109011008,26109011021
26109011009,26109011011
26109011009,26109011017
26109011009,26109011019
26109011009,26109011020
26109011010,26109011021
26109011010,26109011023
26109011010,26109011024
26109011010,26109011038
26109011011,26109011012
26109011011,26109011013
26109011011,26109011017
26109011012,26109011013
26109011012,26109011014
26109011013,26109011014
26109011013,26109011016
26109011013,26109011017
26109011013,26109011018
26109011013,26109011034
26109011014,26109011015
26109011014,26109011016
26109011015,26109011016
26109011015,26109011030
26109011015,26109011032
26109011015,26109011034
26109011016,26109011034
26109011017,26109011018
26109011017,26109011019
26109011018,26109011019
26109011018,26109011022
26109011018,26109011034
26109011019,26109011020
26109011019,26109011021
26109011019,26109011022
26109011020,26109011021
26109011021,26109011022
26109011021,26109011024
26109011021,26109011041
26109011022,26109011034
26109011022,26109011040
26109011022,26109011041
26109011023,26109011024
26109011023,26109011025
26109011023,26109011038
26109011023,26109011039
26109011024,26109011025
26109011024,26109011039
26109011024,26109011041
26109011024,26109011042
26109011025,26109011039
26109011025,26109011042
26109011026,26109011027
26109011026,26109011034
26109011026,26109011040
26109011026,26109011041
26109011026,26109011042
26109011027,26109011034
26109011027,26109011042
26109011027,26109014012
26109011027,26109014013
26109011027,26109014023
26109011028,26109011029
26109011028,26109011030
26109011028,26109011031
26109011029,26109011031
26109011029,26109011033
26109011029,26109012064
26109011029,26109012065
26109011029,26109012066
26109011030,26109011031
26109011030,26109011032
26109011031,26109011032
26109011031,26109011033
26109011032,26109011033
26109011032,26109011034
26109011033,26109011034
26109011033,26109012064
26109011033,26109014022
26109011034,26109011040
26109011034,26109014022
26109011034,26109014023
26109011040,26109011041
26109011041,26109011042
26109012001,26109012002
26109012001,26109012005
26109012001,26109012009
26109012001,26109012018
26109012001,26109012059
26109012002,26109012003
26109012002,26109012005
26109012002,26109012006
26109012002,26109012007
26109012002,26109012009
26109012002,26109012010
26109012003,26109012007
26109012003,26109012010
26109012003,26109012022
26109012004,26109012008
26109012004,26109012011
26109012004,26109012022
26109012005,26109012006
26109012005,26109012018
26109012005,26109012019
26109012006,26109012007
26109012006,26109012019
26109012007,26109012008
26109012007,26109012019
26109012007,26109012022
26109012007,26109012030
26109012007,26109012070
26109012008,26109012021
26109012008,26109012022
26109012008,26109012070
26109012009,26109012010
26109012009,26109012015
26109012009,26109012017
26109012009,26109012059
26109012009,26109012069
26109012010,26109012011
26109012010,26109012022
26109012010,26109012023
26109012010,26109012069
26109012011,26109012022
26109012011,26109012023
26109012011,26109012024
26109012012,26109012013
26109012012,26109012025
26109012012,26109012067
26109012012,26109018022
26109012012,26109018024
26109012012,26109018026
26109012012,26109018027
26109012013,26109012067
26109012013,26109012068
26109012013,26109018027
26109012013,26109018037
26109012014,26109012015
26109012014,26109012016
26109012014,26109012017
26109012014,26109012067
26109012014,26109013009
26109012014,26109013013
26109012014,26109014003
26109012014,26109018027
26109012015,26109012017
26109012015,26109012067
26109012015,26109012068
26109012015,26109012069
26109012016,26109012017
26109012016,26109012059
26109012016,26109014003
26109012017,26109012059
26109012018,26109012019
26109012018,26109012020
26109012018,26109012058
26109012018,26109012059
26109012019,26109012020
26109012019,26109012030
26109012020,26109012026
26109012020,26109012030
26109012020,26109012055
26109012020,26109012058
26109012021,26109012070
26109012023,26109012024
26109012023,26109012025
26109012023,26109012068
26109012023,26109012069
26109012024,26109012025
26109012025,26109012067
26109012025,26109012068
26109012026,26109012030
26109012026,26109012033
26109012026,26109012034
26109012026,26109012035
26109012026,26109012044
26109012026,26109012055
26109012026,26109012056
26109012027,26109012028
26109012027,26109012029
26109012027,26109012030
26109012027,26109012031
26109012027,26109012070
26109012028,26109012029
26109012028,26109012031
26109012029,26109012031
26109012029,26109012032
26109012030,26109012031
26109012030,26109012033
26109012030,26109012070
26109012031,26109012032
26109012031,26109012033
26109012031,26109012034
26109012032,26109012034
26109012032,26109012035
26109012032,26109012036
26109012032,26109012037
26109012033,26109012034
26109012034,26109012035
26109012035,26109012037
26109012035,26109012044
26109012036,26109012037
26109012036,26109012038
26109012037,26109012038
26109012037,26109012043
26109012037,26109012044
26109012038,26109012039
26109012038,26109012042
26109012038,26109012043
26109012039,26109012040
26109012039,26109012041
26109012039,26109012042
26109012040,26109012041
26109012040,26109012042
26109012040,26109012051
26109012040,26109012062
26109012040,26109012063
26109012040,26109012065
26109012041,26109012062
26109012042,26109012043
26109012042,26109012045
26109012042,26109012051
26109012043,26109012044
26109012043,26109012045
26109012043,26109012046
26109012043,26109012051
26109012044,26109012046
26109012044,26109012049
26109012044,26109012056
26109012045,26109012046
26109012045,26109012047
26109012045,26109012050
26109012045,26109012051
26109012045,26109012063
26109012046,26109012047
26109012046,26109012049
26109012047,26109012049
26109012047,26109012050
26109012048,26109012049
26109012048,26109012050
26109012048,26109012053
26109012048,26109012057
26109012048,26109012058
26109012048,26109012061
26109012049,26109012050
26109012049,26109012056
26109012049,26109012057
26109012050,26109012052
26109012050,26109012063
26109012051,26109012063
26109012051,26109012066
26109012052,26109012053
26109012052,26109012063
26109012052,26109012064
26109012052,26109012066
26109012053,26109012061
26109012053,26109012064
26109012054,26109012061
26109012054,26109012064
26109012054,26109012071
26109012055,26109012056
26109012055,26109012057
26109012055,26109012058
26109012056,26109012057
26109012057,26109012058
26109012058,26109012059
26109012058,26109012061
26109012058,26109014007
26109012058,26109014010
26109012059,26109014003
26109012059,26109014007
26109012060,26109012061
26109012061,26109012064
26109012061,26109012071
26109012061,26109014010
26109012061,26109014011
26109012062,26109012065
26109012063,26109012065
26109012063,26109012066
26109012064,26109012066
26109012064,26109012071
26109012064,26109014011
26109012064,26109014022
26109012065,26109012066
26109012067,26109012068
26109012067,26109018027
26109012067,26109018037
26109012068,26109012069
26109012068,26109018027
26109012068,26109018037
26109012071,26109014011
26109013001,26109013002
26109013001,26109017001
26109013001,26109020003
26109013001,26204005033
26109013001,26204038018
26109013002,26109013003
26109013002,26109017001
26109013002,26109017002
26109013002,26109020003
26109013003,26109013004
26109013003,26109017001
26109013003,26109017002
26109013003,26109020003
26109013003,26109020005
26109013004,26109013005
26109013004,26109013012
26109013004,26109017002
26109013004,26109017003
26109013004,26109017004
26109013004,26109020005
26109013005,26109013006
26109013005,26109013012
26109013005,26109020005
26109013006,26109013007
26109013006,26109013012
26109013006,26109017004
26109013006,26109018028
26109013006,26109020004
26109013006,26109020005
26109013007,26109013008
26109013007,26109013012
26109013007,26109017004
26109013007,26109018028
26109013008,26109013009
26109013008,26109013011
26109013008,26109013012
26109013008,26109014001
26109013008,26109014006
26109013008,26109018027
26109013008,26109018028
26109013009,26109013010
26109013009,26109013011
26109013009,26109013013
26109013009,26109014002
26109013009,26109014006
26109013009,26109018027
26109013010,26109013013
26109013010,26109014002
26109013010,26109014003
26109013011,26109014006
26109013012,26109014018
26109013012,26109017004
26109013013,26109014003
26109013013,26109014014
26109014001,26109014005
26109014001,26109014006
26109014002,26109014003
26109014002,26109014004
26109014002,26109014006
26109014003,26109014004
26109014003,26109014007
26109014003,26109014014
26109014003,26109014015
26109014004,26109014005
26109014004,26109014006
26109014004,26109014007
26109014004,26109014014
26109014004,26109014015
26109014004,261090160
26109014005,26109014006
26109014005,26109014007
26109014005,26109014008
26109014005,26109014009
26109014005,26109014018
26109014005,26109015001
26109014005,26109015002
26109014005,261090160
26109014005,26204038009
26109014005,26204038024
26109014007,26109014008
26109014007,26109014010
26109014007,26109014015
26109014007,26109014017
26109014008,26109014009
26109014008,26109014017
26109014008,26109014019
26109014009,26109014019
26109014009,26109014020
26109014009,26109014021
26109014009,26204038023
26109014009,26204038024
26109014009,26322015015
26109014010,26109014011
26109014010,26109014017
26109014011,26109014016
26109014011,26109014017
26109014011,26109014022
26109014012,26109014013
26109014012,26322008001
26109014012,26322008004
26109014012,26322008005
26109014013,26109014016
26109014013,26109014020
26109014013,26109014022
26109014013,26109014023
26109014013,26322008004
26109014014,26109014015
26109014016,26109014017
26109014016,26109014019
26109014016,26109014020
26109014016,26109014022
26109014017,26109014019
26109014017,26109014020
26109014018,26109015002
26109014018,26109017004
26109014019,26109014020
26109014019,26109014021
26109014020,26109014021
26109014020,26322008004
26109014020,26322008007
26109014021,26204038023
26109014021,26322008007
26109014021,26322008008
26109014021,26322015015
26109014022,26109014023
26109015001,26109015002
26109015001,261090160
26109015001,26204038009
26109015001,26204038034
26109015002,261090160
26109015002,26109017001
26109015002,26109017002
26109015002,26109017003
26109015002,26109017004
26109015002,26204038009
26109015002,26204038018
26109015002,26204038034
26109017001,26109017002
26109017001,26204038018
26109017001,26204038034
26109017002,26109017003
26109017003,26109017004
26109018001,26109018003
26109018001,26109018004
26109018001,26109018026
26109018002,26109018003
26109018002,26109018005
26109018002,26109018021
26109018003,26109018004
26109018003,26109018005
26109018003,26109018006
26109018004,26109018005
26109018004,26109018006
26109018005,26109018006
26109018005,26109018007
26109018005,26109018008
26109018005,26109018014
26109018005,26109018018
26109018005,26109018021
26109018006,26109018007
26109018006,26109018008
26109018007,26109018008
26109018007,26109018009
26109018007,26109018010
26109018007,26109018014
26109018007,26109018018
26109018007,26109018019
26109018008,26109018009
26109018008,26109018010
26109018009,26109018010
26109018009,26109018011
26109018009,26109018019
26109018010,26109018011
26109018011,26109018012
26109018011,26109018013
26109018011,26109018019
26109018012,26109018013
26109018012,26109024021
26109018012,26109024024
26109018012,26109024025
26109018013,26109018019
26109018013,26109018034
26109018013,26109024019
26109018013,26109024020
26109018013,26109024021
26109018013,26109025004
26109018013,26109025005
26109018013,26109025013
26109018014,26109018015
26109018014,26109018016
26109018014,26109018018
26109018014,26109018021
26109018015,26109018016
26109018015,26109018020
26109018015,26109018021
26109018015,26109018030
26109018015,26109018035
26109018016,26109018017
26109018016,26109018032
26109018016,26109018035
26109018017,26109018018
26109018017,26109018019
26109018017,26109018032
26109018017,26109018034
26109018017,26109018035
26109018018,26109018019
26109018019,26109018034
26109018020,26109018021
26109018020,26109018022
26109018020,26109018023
26109018020,26109018030
26109018020,26109018035
26109018021,26109018022
26109018022,26109018023
26109018022,26109018024
26109018023,26109018024
26109018023,26109018030
26109018024,26109018025
26109018024,26109018026
26109018024,26109018027
26109018024,26109018030
26109018025,26109018027
26109018025,26109018028
26109018025,26109018030
26109018026,26109018027
26109018026,26109018037
26109018027,26109018028
26109018027,26109018037
26109018028,26109018029
26109018028,26109018030
26109018028,26109018033
26109018028,26109020004
26109018029,26109018031
26109018029,26109018033
26109018029,26109019001
26109018029,26109019005
26109018029,26109020004
26109018030,26109018031
26109018030,26109018033
26109018030,26109018035
26109018030,26109018036
26109018030,26109018038
26109018031,26109018038
26109018031,26109018039
26109018031,26109019001
26109018031,26109019005
26109018032,26109018034
26109018032,26109018035
26109018032,26109018036
26109018032,26109018038
26109018032,26109018039
26109018032,26109019005
26109018032,26109025003
26109018032,26109025004
26109018032,26109025005
26109018032,26109025008
26109018032,26109025016
26109018032,26109025017
26109018034,26109025005
26109018035,26109018036
26109018036,26109018038
26109018038,26109018039
26109018039,26109019005
26109018039,26109025017
26109019001,26109019002
26109019001,26109019003
26109019001,26109019005
26109019001,26109020001
26109019001,26109020004
26109019002,26109019003
26109019002,26109019004
26109019002,26109019005
26109019002,26109019007
26109019002,26109019020
26109019002,26109019023
26109019002,26109020001
26109019002,26109020002
26109019002,26109020004
26109019003,26109019004
26109019003,26109019005
26109019004,26109019005
26109019005,26109019007
26109019005,26109019020
26109019005,26109019021
26109019005,26109019022
26109019005,26109025008
26109019005,26109025017
26109019006,26109019007
26109019006,26109019008
26109019006,26109019013
26109019006,26109019020
26109019007,26109019008
26109019007,26109019017
26109019007,26109019020
26109019007,26109019023
26109019007,26109020002
26109019007,26109020003
26109019008,26109019009
26109019008,26109019013
26109019008,26109019017
26109019009,26109019010
26109019009,26109019013
26109019009,26109019015
26109019009,26109019017
26109019010,26109019011
26109019010,26109019015
26109019010,26109019017
26109019011,26109019012
26109019011,26109019014
26109019011,26109019015
26109019011,26109019017
26109019012,26109019014
26109019012,26109019015
26109019012,26109019017
26109019012,26204001001
26109019012,26204001004
26109019012,26204001005
26109019013,26109019015
26109019013,26109019016
26109019013,26109019020
26109019013,26109019021
26109019014,26109019015
26109019015,26109019016
26109019015,26109019019
26109019015,26204001005
26109019016,26109019018
26109019016,26109019019
26109019016,26109019021
26109019016,26109025006
26109019016,26109032006
26109019017,26109020003
26109019017,26204001004
26109019018,26109019019
26109019018,26109032006
26109019019,26109031001
26109019019,26109031002
26109019019,26109032006
26109019019,26109033003
26109019019,26204001005
26109019020,26109019021
26109019020,26109019022
26109019021,26109025008
26109019021,26109025016
26109019021,26109025017
26109019023,26109020002
26109020001,26109020002
26109020001,26109020004
26109020002,26109020003
26109020002,26109020004
26109020002,26109020005
26109020003,26109020005
26109020003,26204001004
26109020003,26204003011
26109020003,26204005033
26109020003,26204005039
26109020004,26109020005
26109021001,26109021002
26109021001,26109021005
26109021001,26109021006
26109021001,26109021019
26109021002,26109021003
26109021002,26109021004
26109021002,26109021006
26109021003,26109021004
26109021004,26109021006
26109021004,26109021009
26109021006,26109021007
26109021006,26109021008
26109021006,26109021009
26109021006,26109021014
26109021006,26109021015
26109021006,26109021019
26109021007,26109021008
26109021007,26109021022
26109021007,26109021023
26109021008,26109021015
26109021008,26109021023
26109021009,26109021014
26109021009,26109021019
26109021010,26109021011
26109021010,26109021012
26109021010,26109021018
26109021010,26109021019
26109021010,26109023042
26109021011,26109021018
26109021011,26109021019
26109021012,26109021013
26109021012,26109021019
26109021012,26109023011
26109021012,26109023014
26109021012,26109023042
26109021012,26109023044
26109021013,26109021019
26109021013,26109023044
26109021013,26109023045
26109021013,26110010036
26109021013,26110011030
26109021014,26109021015
26109021014,26109021016
26109021014,26109021017
26109021014,26109021018
26109021014,26109021019
26109021015,26109021017
26109021015,26109021023
26109021015,26109022011
26109021015,26109022016
26109021016,26109021017
26109021016,26109021018
26109021016,26109021025
26109021016,26109022001
26109021016,26109022018
26109021017,26109021024
26109021017,26109022001
26109021017,26109022016
26109021017,26109022017
26109021017,26109022019
26109021018,26109021019
26109021018,26109021025
26109021018,26109021028
26109021018,26109023001
26109021018,26109023042
26109021019,26110011030
26109021020,26109021021
26109021020,26109021027
26109021020,26109022002
26109021020,26109022005
26109021020,26109022030
26109021021,26109021022
26109021021,26109022002
26109021021,26109022005
26109021022,26109021023
26109021022,26109022005
26109021022,26109022006
26109021022,26109022010
26109021023,26109022010
26109021023,26109022011
26109021024,26109022016
26109021024,26109022017
26109021025,26109021028
26109021025,26109022001
26109021025,26109022018
26109021025,26109023001
26109021025,26109023003
26109021027,26109022002
26109021027,26109022030
26109021028,26109023001
26109022001,26109022018
26109022001,26109022019
26109022002,26109022003
26109022002,26109022004
26109022002,26109022005
26109022002,26109022030
26109022003,26109022004
26109022003,26109022005
26109022003,26109022007
26109022003,26109022008
26109022004,26109022007
26109022004,26109022008
26109022004,26109022029
26109022004,26109022030
26109022005,26109022006
26109022005,26109022008
26109022006,26109022008
26109022006,26109022010
26109022007,26109022008
26109022007,26109022009
26109022007,26109022029
26109022008,26109022009
26109022008,26109022010
26109022008,26109022012
26109022008,26109022013
26109022008,26109022014
26109022009,26109022014
26109022009,26109022015
26109022010,26109022011
26109022010,26109022012
26109022011,26109022012
26109022011,26109022016
26109022011,26109022021
26109022012,26109022013
26109022012,26109022021
26109022013,26109022014
26109022013,26109022021
26109022013,26109022027
26109022014,26109022015
26109022014,26109022026
26109022014,26109022027
26109022014,26109022028
26109022015,26109022028
26109022016,26109022017
26109022016,26109022021
26109022017,26109022019
26109022017,26109022021
26109022017,26109022022
26109022017,26109022036
26109022018,26109022019
26109022018,26109022020
26109022018,26109023003
26109022019,26109022020
26109022019,26109022022
26109022020,26109022022
26109022020,26109022023
26109022020,26109023003
26109022020,26109023006
26109022021,26109022022
26109022021,26109022023
26109022021,26109022026
26109022021,26109022027
26109022021,26109022032
26109022021,26109022033
26109022021,26109022034
26109022021,26109022036
26109022022,26109022023
26109022022,26109022036
26109022023,26109022024
26109022023,26109022034
26109022023,26109023006
26109022023,26109023007
26109022024,26109022025
26109022024,26109022034
26109022024,26109023007
26109022024,26109023008
26109022025,26109022034
26109022025,26109023008
26109022025,26109023023
26109022025,26109023028
26109022025,26109023046
26109022026,26109022027
26109022026,26109022031
26109022026,26109022032
26109022029,26109022030
26109022031,26109022032
26109022031,26109023048
26109022031,26109023049
26109022032,26109022033
26109022032,26109023048
26109022032,26109023049
26109022033,26109022034
26109022033,26109023046
26109022033,26109023047
26109022033,26109023048
26109022034,26109023046
26109022034,26109023047
26109023001,26109023003
26109023001,26109023004
26109023001,26109023011
26109023001,26109023042
26109023002,26109023014
26109023002,26109023015
26109023002,26109023018
26109023002,26109023020
26109023002,26109023043
26109023003,26109023004
26109023003,26109023005
26109023003,26109023006
26109023003,26109023007
26109023004,26109023005
26109023004,26109023009
26109023004,26109023010
26109023004,26109023011
26109023005,26109023007
26109023005,26109023008
26109023005,26109023009
26109023005,26109023010
26109023006,26109023007
26109023007,26109023008
26109023008,26109023009
26109023008,26109023023
26109023009,26109023010
26109023009,26109023022
26109023009,26109023023
26109023009,26109023024
26109023010,26109023011
26109023010,26109023012
26109023010,26109023022
26109023011,26109023012
26109023011,26109023013
26109023011,26109023014
26109023011,26109023042
26109023012,26109023013
26109023012,26109023021
26109023012,26109023022
26109023013,26109023014
26109023013,26109023015
26109023013,26109023021
26109023014,26109023015
26109023014,26109023021
26109023014,26109023043
26109023014,26109023044
26109023015,26109023016
26109023015,26109023019
26109023015,26109023020
26109023015,26109023021
26109023016,26109023017
26109023016,26109023019
26109023016,26109023020
26109023016,26109023054
26109023016,26109025018
26109023017,26109023019
26109023017,26109025018
26109023017,26109025019
26109023018,26109023020
26109023018,26109023043
26109023018,26109023045
26109023018,26110010035
26109023018,26110010036
26109023019,26109023021
26109023019,26109023050
26109023019,26109024012
26109023019,26109025002
26109023019,26109025019
26109023020,26109023054
26109023020,26109025018
26109023020,26109032003
26109023020,26110010035
26109023021,26109023022
26109023021,26109023027
26109023021,26109023050
26109023021,26109023051
26109023021,26109024013
26109023022,26109023024
26109023022,26109023025
26109023022,26109023027
26109023023,26109023024
26109023023,26109023028
26109023024,26109023025
26109023024,26109023028
26109023025,26109023026
26109023025,26109023027
26109023025,26109023028
26109023025,26109023030
26109023026,26109023027
26109023026,26109023030
26109023026,26109023031
26109023026,26109023036
26109023026,26109023038
26109023026,26109023040
26109023027,26109023036
26109023027,26109023040
26109023027,26109023051
26109023028,26109023029
26109023028,26109023030
26109023028,26109023046
26109023029,26109023030
26109023029,26109023031
26109023029,26109023032
26109023029,26109023046
26109023030,26109023031
26109023031,26109023032
26109023031,26109023038
26109023031,26109023046
26109023032,26109023038
26109023032,26109023041
26109023032,26109023046
26109023033,26109023034
26109023033,26109023035
26109023033,26109023041
26109023033,26109023048
26109023033,26109023049
26109023034,26109023041
26109023034,26109023052
26109023034,26109024008
26109023034,26109024033
26109023034,26109024035
26109023035,26109023049
26109023036,26109023037
26109023036,26109023038
26109023036,26109023040
26109023037,26109023038
26109023037,26109023039
26109023037,26109023040
26109023037,26109024002
26109023037,26109024003
26109023037,26109024004
26109023037,26109024007
26109023038,26109023039
26109023038,26109023041
26109023039,26109023041
26109023039,26109024004
26109023039,26109024007
26109023039,26109024008
26109023039,26109024009
26109023040,26109023051
26109023040,26109024003
26109023040,26109024016
26109023041,26109023046
26109023041,26109023047
26109023041,26109023048
26109023041,26109024008
26109023043,26109023044
26109023043,26109023045
26109023044,26109023045
26109023045,26110010036
26109023046,26109023047
26109023047,26109023048
26109023048,26109023049
26109023050,26109023051
26109023050,26109024012
26109023051,26109024003
26109023051,26109024012
26109023051,26109024013
26109023051,26109024016
26109023052,26109024035
26109024002,26109024003
26109024002,26109024004
26109024002,26109024005
26109024002,26109024006
26109024003,26109024006
26109024003,26109024016
26109024003,26109024018
26109024003,26109024022
26109024004,26109024005
26109024004,26109024007
26109024004,26109024010
26109024005,26109024006
26109024005,26109024007
26109024005,26109024010
26109024005,26109024022
26109024005,26109024026
26109024005,26109024027
26109024005,26109024028
26109024005,26109024029
26109024006,26109024022
26109024007,26109024009
26109024007,26109024010
26109024008,26109024009
26109024008,26109024033
26109024009,26109024010
26109024009,26109024031
26109024009,26109024033
26109024010,26109024028
26109024010,26109024029
26109024010,26109024031
26109024011,26109024019
26109024011,26109025004
26109024011,26109025012
26109024012,26109024013
26109024012,26109024014
26109024012,26109025002
26109024013,26109024014
26109024013,26109024016
26109024014,26109024016
26109024014,26109025002
26109024014,26109025009
26109024014,26109025010
26109024014,26109025011
26109024015,26109024016
26109024015,26109024017
26109024015,26109024018
26109024015,26109025010
26109024015,26109025012
26109024016,26109024017
26109024016,26109024018
26109024016,26109025010
26109024016,26109025011
26109024017,26109024018
26109024017,26109024019
26109024017,26109025012
26109024018,26109024019
26109024018,26109024020
26109024018,26109024022
26109024018,26109024024
26109024019,26109024020
26109024019,26109025004
26109024019,26109025012
26109024019,26109025013
26109024020,26109024021
26109024020,26109024022
26109024020,26109024024
26109024021,26109024024
26109024022,26109024024
26109024022,26109024026
26109024023,26109024034
26109024023,26109024036
26109024024,26109024025
26109024024,26109024026
26109024026,26109024027
26109024026,26109024028
26109024026,26109024030
26109024027,26109024028
26109024028,26109024029
26109024028,26109024030
26109024029,26109024030
26109024029,26109024031
26109024030,26109024031
26109024031,26109024032
26109024031,26109024033
26109024031,26109024034
26109024032,26109024033
26109024032,26109024034
26109024033,26109024034
26109024033,26109024035
26109024033,26109024036
26109024034,26109024036
26109024035,26109024036
26109024035,26109024037
26109024036,26109024037
26109024036,26109024038
26109024037,26109024038
26109024037,26109024039
26109024038,26109024039
26109025002,26109025009
26109025002,26109025014
26109025002,26109025019
26109025003,26109025004
26109025003,26109025006
26109025003,26109025007
26109025003,26109025012
26109025003,26109025016
26109025004,26109025005
26109025004,26109025012
26109025004,26109025013
26109025006,26109025007
26109025006,26109025015
26109025006,26109025016
26109025006,26109032006
26109025007,26109025012
26109025007,26109025014
26109025007,26109025015
26109025008,26109025016
26109025008,26109025017
26109025009,26109025010
26109025009,26109025012
26109025009,26109025014
26109025009,26109025019
26109025010,26109025011
26109025010,26109025012
26109025012,26109025014
26109025014,26109025015
26109025014,26109025018
26109025014,26109025019
26109025014,26109032006
26109025015,26109032006
26109025018,26109025019
26109025018,26109032003
26109025018,26109032006
26109026001,26109026002
26109026001,26109026007
26109026001,26109026009
26109026001,26109028007
26109026001,26110010008
26109026002,26109027002
26109026002,26109028007
26109026002,26109028009
26109026002,26110010008
26109026002,26110010011
26109026002,26110010032
26109026003,26109026004
26109026003,26109026005
26109026003,26109026006
26109026003,26109026010
26109026003,26109026014
26109026004,26109026010
26109026004,26109026014
26109026004,26109028021
26109026005,26109026006
26109026005,26109026010
26109026005,26109026013
26109026005,26109026014
26109026005,26110010009
26109026006,26109026007
26109026006,26109026008
26109026006,26109026009
26109026006,26109026010
26109026006,26109028003
26109026006,26110010008
26109026006,26110010009
26109026007,26109026008
26109026007,26109026009
26109026007,26109028007
26109026008,26109026009
26109026008,26109026010
26109026008,26109028003
26109026008,26109028004
26109026008,26109028005
26109026008,26109028007
26109026009,26110010008
26109026009,26110010009
26109026010,26109028003
26109026010,26109028021
26109026011,26109026012
26109026011,26109026013
26109026011,26109026014
26109026011,26110009019
26109026011,26110010010
26109026012,26109026014
26109026012,26109028026
26109026012,26110009019
26109026012,26110009024
26109026013,26109026014
26109026013,26110010009
26109026013,26110010010
26109026014,26109028021
26109026014,26109028026
26109027001,26109027002
26109027001,26110010032
26109027002,26109027003
26109027002,26109027004
26109027002,26109027005
26109027002,26109027008
26109027002,26109028007
26109027002,26109028009
26109027002,26109028010
26109027002,26109028014
26109027002,26110010032
26109027003,26109027005
26109027003,26109027007
26109027003,26109028014
26109027003,26109030001
26109027004,26109027005
26109027004,26109027006
26109027004,26109027007
26109027004,26109027008
26109027004,26110010018
26109027004,26110010032
26109027005,26109027007
26109027006,26109027007
26109027006,26109029001
26109027006,26109029007
26109027006,26109029008
26109027006,26109029011
26109027006,26109032010
26109027006,26110010018
26109027007,26109029001
26109027007,26109030001
26109027007,26109030003
26109028001,26109028002
26109028001,26109028021
26109028001,26204020010
26109028002,26109028018
26109028002,26204020010
26109028003,26109028004
26109028003,26109028021
26109028004,26109028005
26109028004,26109028006
26109028004,26109028008
26109028004,26109028021
26109028004,26109028022
26109028005,26109028007
26109028005,26109028008
26109028006,26109028008
26109028006,26109028020
26109028006,26109028022
26109028006,26109028025
26109028007,26109028008
26109028007,26109028009
26109028007,26109028010
26109028008,26109028010
26109028008,26109028013
26109028008,26109028014
26109028008,26109028020
26109028009,26109028010
26109028010,26109028014
26109028011,26109028012
26109028011,26109028013
26109028011,26109028020
26109028011,26109028023
26109028011,26109028024
26109028011,26109034007
26109028012,26109028013
26109028012,26109028017
26109028012,26109028024
26109028013,26109028014
26109028013,26109028015
26109028013,26109028016
26109028013,26109028017
26109028013,26109028020
26109028014,26109028015
26109028014,26109030001
26109028015,26109028016
26109028015,26109028017
26109028015,26109030001
26109028015,26109030005
26109028016,26109028017
26109028016,26109028019
26109028016,26109030001
26109028016,26109030005
26109028017,26109028019
26109028017,26109028024
26109028017,26109034001
26109028017,26109034002
26109028017,26109034003
26109028018,26204020010
26109028019,26109028030
26109028019,26109030005
26109028019,26109030007
26109028019,26109030008
26109028019,26109034001
26109028019,26109034005
26109028019,26109035001
26109028019,26109035002
26109028020,26109028021
26109028020,26109028023
26109028020,26109028025
26109028021,26109028022
26109028021,26109028023
26109028021,26109028025
26109028021,26109028026
26109028021,26109028027
26109028021,26110008036
26109028021,26110008041
26109028021,26110008042
26109028021,26110008043
26109028021,26110009022
26109028021,26110009023
26109028021,26204020009
26109028021,26204020010
26109028022,26109028025
26109028023,26109034007
26109028023,26204012004
26109028023,26204012006
26109028023,26204020006
26109028023,26204020009
26109028023,26204020016
26109028023,26204020018
26109028024,26109034002
26109028024,26109034007
26109028026,26109028027
26109028026,26110009024
26109028027,26110009023
26109028027,26110009024
26109028030,26109030008
26109029001,26109029003
26109029001,26109029008
26109029001,26109029010
26109029001,26109029011
26109029001,26109030003
26109029002,26109029003
26109029002,26109029004
26109029002,26109030009
26109029002,26109030010
26109029002,26109030011
26109029003,26109029004
26109029003,26109029006
26109029003,26109029008
26109029003,26109029009
26109029003,26109029010
26109029003,26109030009
26109029003,26109030010
26109029004,26109029006
26109029004,26109030011
26109029004,26109031003
26109029004,26109033002
26109029004,26109033003
26109029004,26109033006
26109029004,26109033007
26109029004,26109035009
26109029004,26109035010
26109029005,26109029006
26109029005,26109032001
26109029005,26109032002
26109029005,26109032005
26109029006,26109029009
26109029006,26109031003
26109029006,26109032001
26109029006,26109032002
26109029006,26109032004
26109029006,26109032005
26109029007,26109029008
26109029007,26109029009
26109029007,26109032002
26109029007,26109032007
26109029007,26109032008
26109029007,26109032010
26109029008,26109029009
26109029008,26109029011
26109029008,26109032010
26109029009,26109032002
26109029010,26109030003
26109029010,26109030004
26109030001,26109030003
26109030001,26109030004
26109030001,26109030005
26109030001,26109030006
26109030002,26109030011
26109030002,26109035009
26109030003,26109030004
26109030003,26109030006
26109030004,26109030006
26109030004,26109030010
26109030005,26109030006
26109030005,26109030007
26109030005,26109030008
26109030006,26109030007
26109030006,26109030010
26109030007,26109030008
26109030007,26109030009
26109030007,26109030010
26109030008,26109030009
26109030008,26109030011
26109030008,26109035001
26109030009,26109030010
26109030009,26109030011
26109030009,26109035001
26109030011,26109035001
26109030011,26109035009
26109031001,26109031002
26109031001,26109031003
26109031001,26109032004
26109031001,26109032005
26109031001,26109033003
26109031002,26109032004
26109031002,26109032006
26109031003,26109032005
26109031003,26109033003
26109031003,26109033007
26109032001,26109032002
26109032001,26109032003
26109032001,26109032004
26109032001,26109032005
26109032002,26109032003
26109032002,26109032008
26109032003,26109032004
26109032003,26109032006
26109032003,26109032008
26109032003,26110010035
26109032004,26109032005
26109032004,26109032006
26109032007,26109032008
26109032007,26109032009
26109032007,26109032010
26109032008,26109032009
26109032008,26110010035
26109032009,26109032010
26109032009,26109032011
26109032009,26110010035
26109032010,26109032011
26109032010,26110010018
26109032010,26110010035
26109032011,26110010035
26109033001,26109033002
26109033001,26109033003
26109033001,26109033004
26109033001,26109033005
26109033001,26109035008
26109033001,26204001005
26109033001,26204001007
26109033002,26109033003
26109033002,26109035007
26109033002,26109035008
26109033002,26109035010
26109033003,26109033004
26109033003,26109033005
26109033003,26109033006
26109033003,26109033007
26109033003,26204001005
26109033004,26109033005
26109033005,26204001005
26109033005,26204001007
26109033006,26109033007
26109034001,26109034003
26109034001,26109034005
26109034002,26109034003
26109034002,26109034007
26109034003,26109034004
26109034003,26109034005
26109034003,26109034007
26109034004,26109034005
26109034004,26109034007
26109034004,26109034020
26109034004,26109034026
26109034005,26109034020
26109034005,26109035001
26109034005,26109035002
26109034005,26109035003
26109034006,26109034010
26109034006,26109034020
26109034006,26109035003
26109034007,26109034020
26109034007,26109034021
26109034007,26109034022
26109034007,26109034025
26109034007,26109034026
26109034007,26204012004
26109034008,26109034009
26109034008,26109034012
26109034008,26109034014
26109034008,26109034021
26109034008,26109034022
26109034008,26109034023
26109034009,26109034010
26109034009,26109034012
26109034009,26109034013
26109034009,26109034020
26109034009,26109034021
26109034009,26109034024
26109034010,26109034012
26109034010,26109034013
26109034010,26109034019
26109034010,26109034020
26109034010,26109035003
26109034011,26109034012
26109034011,26109034013
26109034011,26109034016
26109034011,26109034017
26109034012,26109034013
26109034012,26109034014
26109034012,26109034015
26109034012,26109034016
26109034012,26109034023
26109034013,26109034017
26109034013,26109034018
26109034013,26109034019
26109034013,26109035006
26109034014,26109034023
26109034015,26109034016
26109034015,26109034023
26109034016,26109034017
26109034016,26109034023
26109034016,26204003014
26109034016,26204003022
26109034016,26204004002
26109034016,26204004003
26109034017,26109035006
26109034017,26204003022
26109034018,26109034019
26109034018,26109035005
26109034018,26109035006
26109034019,26109035003
26109034019,26109035005
26109034019,26109035012
26109034020,26109034021
26109034020,26109034024
26109034020,26109034026
26109034020,26109035003
26109034021,26109034022
26109034021,26109034024
26109034022,26109034023
26109034022,26109034025
26109034023,26109034025
26109034023,26204003009
26109034023,26204003014
26109034025,26204003009
26109034025,26204012001
26109034025,26204012004
26109035001,26109035002
26109035001,26109035004
26109035001,26109035007
26109035001,26109035009
26109035001,26109035013
26109035002,26109035003
26109035002,26109035004
26109035003,26109035004
26109035003,26109035012
26109035004,26109035006
26109035004,26109035007
26109035004,26109035012
26109035004,26109035013
26109035005,26109035006
26109035005,26109035012
26109035006,26109035007
26109035006,26109035008
26109035006,26109035012
26109035006,26204001007
26109035006,26204003018
26109035006,26204003022
26109035007,26109035008
26109035007,26109035009
26109035007,26109035010
26109035008,26204001007
26109035009,26109035010
26110001002,26110001003
26110001002,26110001004
26110001002,26110001011
26110001002,26110001012
26110001002,26110002008
26110001002,26110010037
26110001003,26110001010
26110001003,26110001011
26110001003,26110009028
26110001003,26110010001
26110001003,26110010002
26110001003,26110010014
26110001004,26110001006
26110001004,26110001009
26110001004,26110001011
26110001004,26110002007
26110001004,26110002008
26110001005,26110001006
26110001005,26110001007
26110001005,26110002007
26110001005,26110009001
26110001005,26110009025
26110001005,26110009026
26110001006,26110001007
26110001006,26110001008
26110001006,26110001009
26110001006,26110002007
26110001007,26110001008
26110001007,26110001009
26110001007,26110009025
26110001007,26110009026
26110001007,26110009027
26110001008,26110001009
26110001008,26110009026
26110001008,26110009027
26110001009,26110001010
26110001009,26110001011
26110001009,26110009027
26110001009,26110009028
26110001010,26110001011
26110001010,26110009028
26110001010,26110010001
26110001012,26110001013
26110001012,26110001014
26110001012,26110001020
26110001012,26110002008
26110001012,26110010037
26110001013,26110001014
26110001013,26110001019
26110001013,26110001020
26110001013,26110001021
26110001014,26110001015
26110001014,26110001018
26110001014,26110001019
26110001014,26110010037
26110001014,26110010040
26110001015,26110001017
26110001015,26110001018
26110001015,26110010027
26110001015,26110010034
26110001015,26110010040
26110001015,26110010041
26110001017,26110001018
26110001017,26110010034
26110001017,26110011023
26110001018,26110001019
26110001018,26110011023
26110001018,26110011024
26110001018,26110011025
26110001019,26110001020
26110001019,26110001021
26110001019,26110001023
26110001019,26110002013
26110001019,26110002015
26110001019,26110011025
26110001019,26110011027
26110001019,26110011036
26110001019,26110011037
26110001020,26110001021
26110001020,26110001022
26110001020,26110001023
26110001020,26110002008
26110001020,26110002013
26110001022,26110001023
26110001022,26110002008
26110001022,26110002013
26110001023,26110002013
26110002001,26110002003
26110002001,26110002006
26110002001,26110002016
26110002001,26110004001
26110002001,26110004005
26110002002,26110002004
26110002002,26110002005
26110002002,26110004002
26110002002,26110005009
26110002002,26110005013
26110002003,26110002006
26110002003,26110002008
26110002003,26110002014
26110002003,26110002015
26110002003,26110002016
26110002003,26110002017
26110002003,26110011018
26110002004,26110002005
26110002004,26110002006
26110002004,26110002008
26110002004,26110004002
26110002004,26110004005
26110002005,26110002008
26110002005,26110002011
26110002005,26110005009
26110002005,26110005013
26110002006,26110002008
26110002006,26110004005
26110002007,26110002008
26110002007,26110002011
26110002007,26110002012
26110002007,26110009001
26110002007,26110009005
26110002007,26110009025
26110002008,26110002011
26110002008,26110002013
26110002008,26110002014
26110002009,26110002010
26110002009,26110002011
26110002009,26110002012
26110002009,26110009002
26110002009,26110009004
26110002009,26110009005
26110002010,26110002011
26110002010,26110005015
26110002010,26110005016
26110002010,26110009002
26110002010,26110009004
26110002011,26110002012
26110002011,26110005013
26110002011,26110005015
26110002011,26110005016
26110002012,26110009001
26110002012,26110009002
26110002012,26110009005
26110002013,26110002014
26110002013,26110002015
26110002014,26110002015
26110002015,26110002017
26110002015,26110011036
26110002016,26110003021
26110002016,26110004001
26110002016,26110004009
26110002016,26110011018
26110002017,26110011018
26110002017,26110011027
26110002017,26110011028
26110002017,26110011036
26110003001,26110003002
26110003001,26110003007
26110003001,26110003013
26110003001,26110003014
26110003001,26110012023
26110003001,26110012025
26110003001,26110012026
26110003001,26110013020
26110003001,26110013023
26110003002,26110003014
26110003002,26110013023
26110003003,26110003004
26110003003,26110003005
26110003003,26110003017
26110003003,26110003023
26110003003,26110004006
26110003003,26110004007
26110003004,26110003021
26110003004,26110003022
26110003004,26110003023
26110003004,26110004007
26110003004,26110004009
26110003005,26110003016
26110003005,26110003017
26110003005,26110004003
26110003005,26110004006
26110003005,26110004008
26110003005,26110005002
26110003005,26110005014
26110003005,26110005019
26110003006,26110003011
26110003006,26110003025
26110003007,26110003008
26110003007,26110003010
26110003007,26110003012
26110003007,26110003013
26110003007,26110003014
26110003007,26110012021
26110003007,26110012023
26110003008,26110003012
26110003008,26110003014
26110003008,26110003018
26110003009,26110003011
26110003009,26110003020
26110003009,26110012013
26110003009,26110012022
26110003010,26110003011
26110003010,26110003012
26110003010,26110012021
26110003011,26110003012
26110003011,26110003019
26110003011,26110003025
26110003011,26110003030
26110003011,26110012006
26110003011,26110012021
26110003011,26110012022
26110003012,26110003018
26110003012,26110003019
26110003013,26110012023
26110003014,26110003015
26110003014,26110003016
26110003014,26110003018
26110003014,26110005001
26110003014,26110005002
26110003014,26110013017
26110003014,26110013023
26110003015,26110003016
26110003015,26110005002
26110003016,26110003017
26110003016,26110003018
26110003016,26110005002
26110003016,26110005019
26110003017,26110003018
26110003017,26110003019
26110003017,26110003023
26110003018,26110003019
26110003018,26110003023
26110003019,26110003023
26110003019,26110003030
26110003020,26110003025
26110003020,26110012013
26110003021,26110003022
26110003021,26110003023
26110003021,26110003030
26110003021,26110003031
26110003021,26110003032
26110003021,26110004007
26110003021,26110004009
26110003021,26110011001
26110003021,26110011008
26110003021,26110011018
26110003022,26110004007
26110003022,26110004009
26110003023,26110003030
26110003024,26110003025
26110003024,26110003026
26110003024,26110003030
26110003024,26110003032
26110003025,26110003026
26110003025,26110003030
26110003025,26110012013
26110003025,26110012028
26110003025,26110012029
26110003025,26110012030
26110003026,26110003027
26110003026,26110003029
26110003026,26110003032
26110003026,26110012029
26110003026,26110012030
26110003026,26110012032
26110003027,26110003028
26110003027,26110003029
26110003027,26110003031
26110003027,26110003032
26110003027,26110003033
26110003028,26110003029
26110003028,26110003033
26110003028,26110003034
26110003028,26110011003
26110003028,26110011005
26110003029,26110003034
26110003029,26110011005
26110003029,26110012032
26110003030,26110003032
26110003031,26110003032
26110003031,26110003033
26110003031,26110003035
26110003031,26110011002
26110003031,26110011004
26110003031,26110011008
26110003032,26110003033
26110003033,26110003034
26110003033,26110003035
26110003033,26110011006
26110003033,26110011007
26110003034,26110011003
26110003034,26110011005
26110003034,26110011006
26110003035,26110011004
26110003035,26110011007
26110004001,26110004005
26110004001,26110004006
26110004001,26110004007
26110004001,26110004009
26110004002,26110004004
26110004002,26110004005
26110004002,26110005009
26110004002,26110005012
26110004002,26110005013
26110004003,26110004004
26110004003,26110004005
26110004003,26110004006
26110004003,26110004008
26110004003,26110005011
26110004003,26110005012
26110004003,26110005014
26110004004,26110004005
26110004004,26110005011
26110004004,26110005012
26110004005,26110004006
26110004006,26110004007
26110004006,26110004008
26110004007,26110004009
26110005001,26110005002
26110005001,26110005003
26110005001,26110005007
26110005001,26110013017
26110005001,26110013028
26110005002,26110005003
26110005002,26110005005
26110005002,26110005014
26110005002,26110005019
26110005003,26110005004
26110005003,26110005005
26110005003,26110005007
26110005003,26110005008
26110005003,26110006002
26110005003,26110006005
26110005003,26110007013
26110005003,26110013027
26110005003,26110013028
26110005004,26110005005
26110005004,26110005006
26110005004,26110005008
26110005005,26110005006
26110005005,26110005014
26110005006,26110005008
26110005006,26110005010
26110005006,26110005014
26110005006,26110005016
26110005006,26110005017
26110005007,26110013017
26110005007,26110013028
26110005008,26110005017
26110005008,26110005020
26110005008,26110006005
26110005008,26110006009
26110005008,26110006018
26110005009,26110005013
26110005010,26110005011
26110005010,26110005012
26110005010,26110005013
26110005010,26110005014
26110005010,26110005016
26110005011,26110005012
26110005011,26110005014
26110005012,26110005013
26110005013,26110005016
26110005015,26110005016
26110005015,26110005018
26110005015,26110009004
26110005015,26110009006
26110005016,26110005017
26110005016,26110005018
26110005016,26110006001
26110005016,26110006019
26110005017,26110006001
26110005017,26110006009
26110005017,26110006019
26110005018,26110006012
26110005018,26110006016
26110005018,26110006019
26110005018,26110008003
26110005018,26110008005
26110005018,26110008006
26110005018,26110009006
26110005020,26110006009
26110006001,26110006008
26110006001,26110006009
26110006001,26110006019
26110006002,26110006003
26110006002,26110006005
26110006002,26110007013
26110006002,26110013027
26110006003,26110006004
26110006003,26110006005
26110006003,26110006017
26110006003,26110007013
26110006003,26110007014
26110006003,26110007020
26110006004,26110006005
26110006004,26110006017
26110006004,26110006018
26110006005,26110006018
26110006005,26110007013
26110006006,26110006007
26110006006,26110006015
26110006006,26110006016
26110006006,26110007019
26110006006,26110008018
26110006006,26110008027
26110006006,26110008028
26110006007,26110006016
26110006007,26110008027
26110006007,26110008028
26110006007,26110008035
26110006008,26110006009
26110006008,26110006010
26110006008,26110006011
26110006008,26110006019
26110006009,26110006010
26110006009,26110006018
26110006010,26110006011
26110006010,26110006014
26110006010,26110006017
26110006010,26110006018
26110006011,26110006012
26110006011,26110006013
26110006011,26110006014
26110006011,26110006019
26110006012,26110006013
26110006012,26110006016
26110006012,26110006019
26110006013,26110006014
26110006013,26110006016
26110006014,26110006015
26110006014,26110006016
26110006014,26110006017
26110006014,26110007018
26110006014,26110007021
26110006015,26110006016
26110006015,26110007018
26110006015,26110007019
26110006016,26110008003
26110006016,26110008005
26110006016,26110008006
26110006016,26110008035
26110006017,26110006018
26110006017,26110007018
26110006017,26110007021
26110006017,26110007022
26110007001,26110007002
26110007001,26110007003
26110007001,26110007004
26110007001,26110007005
26110007001,26110007006
26110007002,26110007003
26110007002,26110007004
26110007002,26110007006
26110007002,26110007013
26110007002,26110013027
26110007003,26110007005
26110007003,26110013003
26110007003,26110013016
26110007003,26110013027
26110007004,26110007005
26110007004,26110007006
26110007004,26110007010
26110007004,26110007011
26110007004,26110007012
26110007005,26110007007
26110007005,26110007008
26110007005,26110007009
26110007005,26110007010
26110007005,26110007016
26110007005,26110013003
26110007005,26110013016
26110007006,26110007012
26110007006,26110007013
26110007007,26110007008
26110007007,26110007017
26110007007,26110013016
26110007008,26110007016
26110007008,26110007017
26110007008,26110013016
26110007009,26110007010
26110007009,26110007016
26110007010,26110007011
26110007011,26110007012
26110007012,26110007013
26110007012,26110007015
26110007013,26110007014
26110007013,26110007015
26110007013,26110013027
26110007014,26110007015
26110007014,26110007020
26110007014,26110008001
26110007014,26110008037
26110007015,26110008001
26110007016,26110007017
26110007018,26110007019
26110007018,26110007021
26110007019,26110007021
26110007019,26110008018
26110007019,26110008027
26110007019,26110008034
26110007020,26110007022
26110007020,26110008037
26110007020,26110008052
26110007021,26110007022
26110007021,26110008034
26110007021,26110008039
26110007021,26110008040
26110007022,26110008040
26110007022,26110008052
26110008001,26110008002
26110008001,26110008037
26110008002,26110008026
26110008002,26110008032
26110008002,26110008037
26110008002,26110008038
26110008003,26110008005
26110008003,26110008006
26110008003,26110008008
26110008003,26110008009
26110008003,26110008010
26110008004,26110008016
26110008004,26110008017
26110008004,26110008029
26110008004,26110008047
26110008004,26110008050
26110008005,26110008006
26110008005,26110008008
26110008005,26110008016
26110008005,26110008028
26110008005,26110008029
26110008005,26110008035
26110008006,26110008007
26110008006,26110008010
26110008006,26110008011
26110008006,26110009006
26110008007,26110008008
26110008007,26110008009
26110008007,26110008010
26110008007,26110008011
26110008007,26110008012
26110008007,26110008013
26110008008,26110008009
26110008008,26110008012
26110008008,26110008029
26110008009,26110008010
26110008009,26110008012
26110008010,26110008011
26110008011,26110008013
26110008011,26110008014
26110008011,26110009006
26110008011,26110009007
26110008011,26110009015
26110008012,26110008013
26110008012,26110008014
26110008012,26110008029
26110008012,26110009021
26110008013,26110008014
26110008013,26110008029
26110008014,26110009008
26110008014,26110009011
26110008014,26110009015
26110008014,26110009021
26110008015,26110008017
26110008015,26110008021
26110008015,26110008050
26110008016,26110008017
26110008016,26110008019
26110008016,26110008020
26110008016,26110008027
26110008016,26110008028
26110008016,26110008029
26110008017,26110008020
26110008017,26110008021
26110008017,26110008022
26110008017,26110008050
26110008018,26110008019
26110008018,26110008024
26110008018,26110008027
26110008018,26110008034
26110008018,26110008037
26110008018,26110008039
26110008019,26110008020
26110008019,26110008024
26110008019,26110008027
26110008020,26110008022
26110008020,26110008024
26110008021,26110008022
26110008021,26110008023
26110008021,26110008024
26110008021,26110008050
26110008022,26110008024
26110008023,26110008024
26110008023,26110008030
26110008023,26110008031
26110008023,26110008032
26110008023,26110008033
26110008023,26110008049
26110008023,26110008050
26110008024,26110008025
26110008024,26110008030
26110008024,26110008037
26110008025,26110008026
26110008025,26110008030
26110008025,26110008037
26110008026,26110008030
26110008026,26110008033
26110008026,26110008037
26110008026,26110008038
26110008027,26110008028
26110008028,26110008035
26110008029,26110008047
26110008029,26110009021
26110008030,26110008033
26110008031,26110008032
26110008032,26110008033
26110008032,26110008038
26110008033,26110008038
26110008034,26110008039
26110008036,26110008041
26110008036,26110008043
26110008036,26110008048
26110008036,26110009022
26110008037,26110008039
26110008037,26110008040
26110008037,26110008052
26110008039,26110008040
26110008040,26110008052
26110008041,26110008042
26110008041,26110008043
26110008042,26110008043
26110008044,26110008045
26110008044,26110008050
26110008044,26110008051
26110008045,26110008046
26110008047,26110008048
26110008047,26110008050
26110008047,26110009021
26110008047,26110009022
26110008048,26110008050
26110008048,26110008051
26110008048,26110009022
26110008049,26110008050
26110008050,26110008051
26110009001,26110009003
26110009001,26110009005
26110009001,26110009006
26110009001,26110009025
26110009002,26110009004
26110009002,26110009005
26110009002,26110009006
26110009003,26110009005
26110009003,26110009006
26110009003,26110009007
26110009003,26110009025
26110009003,26110009026
26110009004,26110009006
26110009005,26110009006
26110009006,26110009007
26110009007,26110009015
26110009007,26110009026
26110009008,26110009009
26110009008,26110009011
26110009008,26110009021
26110009008,26110009023
26110009009,26110009010
26110009009,26110009011
26110009009,26110009014
26110009009,26110009015
26110009009,26110009023
26110009010,26110009012
26110009010,26110009013
26110009010,26110009014
26110009010,26110009016
26110009010,26110009017
26110009010,26110009023
26110009011,26110009014
26110009011,26110009015
26110009012,26110009016
26110009012,26110009017
26110009012,26110009018
26110009012,26110009019
26110009012,26110010012
26110009013,26110009014
26110009013,26110009016
26110009013,26110009020
26110009013,26110009029
26110009014,26110009015
26110009014,26110009020
26110009014,26110009027
26110009015,26110009026
26110009015,26110009027
26110009016,26110009029
26110009016,26110009030
26110009016,26110010012
26110009017,26110009018
26110009017,26110009023
26110009018,26110009019
26110009018,26110009023
26110009018,26110009024
26110009019,26110009024
26110009019,26110010010
26110009019,26110010012
26110009020,26110009027
26110009020,26110009029
26110009020,26110010001
26110009021,26110009022
26110009021,26110009023
26110009022,26110009023
26110009023,26110009024
26110009025,26110009026
26110009026,26110009027
26110009027,26110009028
26110009027,26110010001
26110009028,26110010001
26110009029,26110009030
26110009029,26110010001
26110009030,26110010001
26110009030,26110010012
26110009030,26110010013
26110009030,26110010015
26110010001,26110010002
26110010001,26110010014
26110010001,26110010015
26110010002,26110010014
26110010002,26110010038
26110010003,26110010004
26110010003,26110010005
26110010003,26110010006
26110010003,26110010007
26110010003,26110010013
26110010003,26110010014
26110010004,26110010005
26110010004,26110010006
26110010004,26110010008
26110010004,26110010009
26110010004,26110010010
26110010004,26110010011
26110010005,26110010010
26110010005,26110010012
26110010005,26110010013
26110010006,26110010007
26110010006,26110010011
26110010006,26110010016
26110010006,26110010017
26110010006,26110010019
26110010007,26110010013
26110010007,26110010014
26110010007,26110010016
26110010007,26110010038
26110010008,26110010009
26110010008,26110010011
26110010009,26110010010
26110010009,26110010011
26110010010,26110010012
26110010011,26110010019
26110010011,26110010032
26110010012,26110010013
26110010013,26110010014
26110010013,26110010015
26110010014,26110010015
26110010014,26110010016
26110010014,26110010038
26110010016,26110010017
26110010016,26110010021
26110010016,26110010038
26110010016,26110010039
26110010017,26110010019
26110010017,26110010020
26110010017,26110010021
26110010018,26110010020
26110010018,26110010024
26110010018,26110010032
26110010018,26110010035
26110010019,26110010020
26110010019,26110010021
26110010019,26110010032
26110010020,26110010021
26110010020,26110010023
26110010020,26110010024
26110010020,26110010032
26110010021,26110010022
26110010021,26110010023
26110010021,26110010038
26110010021,26110010039
26110010022,26110010023
26110010022,26110010039
26110010022,26110010040
26110010022,26110010041
26110010023,26110010024
26110010023,26110010025
26110010023,26110010039
26110010023,26110010041
26110010024,26110010025
26110010024,26110010031
26110010024,26110010035
26110010025,26110010026
26110010025,26110010027
26110010025,26110010028
26110010025,26110010031
26110010025,26110010036
26110010025,26110010041
26110010026,26110010027
26110010026,26110010028
26110010026,26110010031
26110010026,26110010034
26110010026,26110010036
26110010026,26110011022
26110010026,26110011023
26110010027,26110010034
26110010027,26110010036
26110010027,26110010041
26110010028,26110010030
26110010028,26110010031
26110010028,26110010036
26110010029,26110010030
26110010029,26110010031
26110010029,26110010035
26110010030,26110010031
26110010030,26110010035
26110010030,26110010036
26110010031,26110010035
26110010031,26110010036
26110010034,26110011023
26110010035,26110010036
26110010036,26110011023
26110010036,26110011030
26110010037,26110010038
26110010037,26110010039
26110010037,26110010040
26110010038,26110010039
26110010039,26110010040
26110010040,26110010041
26110011001,26110011008
26110011002,26110011004
26110011002,26110011008
26110011002,26110011010
26110011002,26110011018
26110011003,26110011005
26110011003,26110011006
26110011004,26110011007
26110011004,26110011010
26110011004,26110011011
26110011004,26110011018
26110011005,26110011006
26110011005,26110011007
26110011005,26110011021
26110011005,26110012032
26110011006,26110011007
26110011007,26110011011
26110011007,26110011015
26110011007,26110011021
26110011007,26110011033
26110011008,26110011009
26110011008,26110011010
26110011008,26110011013
26110011008,26110011018
26110011009,26110011013
26110011009,26110011018
26110011009,26110011028
26110011009,26110011029
26110011010,26110011011
26110011010,26110011013
26110011010,26110011018
26110011011,26110011013
26110011011,26110011014
26110011011,26110011015
26110011011,26110011018
26110011012,26110011015
26110011012,26110011016
26110011012,26110011017
26110011012,26110011020
26110011012,26110011026
26110011012,26110011033
26110011013,26110011014
26110011013,26110011018
26110011013,26110011027
26110011013,26110011029
26110011014,26110011015
26110011014,26110011018
26110011014,26110011019
26110011014,26110011026
26110011014,26110011027
26110011015,26110011016
26110011015,26110011018
26110011015,26110011019
26110011015,26110011026
26110011015,26110011033
26110011016,26110011033
26110011017,26110011020
26110011017,26110011033
26110011018,26110011027
26110011018,26110011028
26110011019,26110011026
26110011020,26110011026
26110011020,26110011030
26110011020,26110011033
26110011021,26110011033
26110011021,26110011035
26110011022,26110011023
26110011023,26110011024
26110011023,26110011025
26110011023,26110011026
26110011023,26110011030
26110011024,26110011025
26110011025,26110011026
26110011025,26110011027
26110011026,26110011027
26110011026,26110011030
26110011026,26110011031
26110011027,26110011028
26110011027,26110011029
26110011027,26110011036
26110011027,26110011037
26110011028,26110011029
26110011030,26110011031
26110011030,26110011033
26110011030,26110011035
26110011033,26110011035
26110011036,26110011037
26110012001,26110012002
26110012001,26110012013
26110012001,26110012027
26110012002,26110012004
26110012002,26110012013
26110012002,26110012015
26110012002,26110012017
26110012002,26110012027
26110012002,26110012031
26110012003,26110012004
26110012003,26110012005
26110012003,26110012006
26110012003,26110012008
26110012003,26110012010
26110012003,26110012013
26110012003,26110012014
26110012003,26110012022
26110012004,26110012005
26110012004,26110012008
26110012004,26110012013
26110012004,26110012017
26110012004,26110012031
26110012005,26110012006
26110012005,26110012010
26110012005,26110012013
26110012005,26110012031
26110012006,26110012007
26110012006,26110012010
26110012006,26110012013
26110012006,26110012021
26110012006,26110012022
26110012006,26110012031
26110012006,26110012032
26110012007,26110012013
26110012007,26110012022
26110012007,26110012028
26110012007,26110012029
26110012007,26110012031
26110012007,26110012032
26110012008,26110012010
26110012008,26110012011
26110012008,26110012013
26110012008,26110012014
26110012008,26110012015
26110012008,26110012016
26110012008,26110012017
26110012009,26110012021
26110012009,26110012023
26110012010,26110012016
26110012010,26110012019
26110012010,26110012021
26110012010,26110012022
26110012011,26110012012
26110012011,26110012015
26110012011,26110012016
26110012011,26110012018
26110012012,26110012016
26110012012,26110012018
26110012012,26110012020
26110012013,26110012017
26110012013,26110012022
26110012013,26110012027
26110012013,26110012028
26110012013,26110012031
26110012014,26110012017
26110012015,26110012016
26110012015,26110012017
26110012015,26110012018
26110012015,26110013010
26110012016,26110012019
26110012016,26110012020
26110012018,26110012020
26110012018,26110012024
26110012018,26110012025
26110012018,26110013010
26110012019,26110012020
26110012019,26110012021
26110012020,26110012023
26110012020,26110012024
26110012020,26110012025
26110012021,26110012022
26110012021,26110012023
26110012023,26110012024
26110012023,26110012025
26110012023,26110012026
26110012024,26110012025
26110012025,26110012026
26110012025,26110013010
26110012025,26110013018
26110012025,26110013019
26110012025,26110013020
26110012027,26110012031
26110012027,26110012032
26110012028,26110012029
26110012029,26110012030
26110012029,26110012031
26110012030,26110012031
26110012030,26110012032
26110012031,26110012032
26110012032,26110012033
26110012032,26110012034
26110012033,26110012034
26110013001,26110013002
26110013001,26110013004
26110013001,26110013008
26110013001,26110013009
26110013001,26110013011
26110013001,26110013012
26110013001,26110013030
26110013002,26110013003
26110013002,26110013004
26110013002,26110013005
26110013002,26110013006
26110013002,26110013007
26110013002,26110013008
26110013002,26110013027
26110013002,26110013028
26110013003,26110013005
26110013003,26110013013
26110013003,26110013015
26110013003,26110013016
26110013003,26110013027
26110013004,26110013005
26110013004,26110013012
26110013004,26110013013
26110013005,26110013013
26110013006,26110013007
26110013006,26110013027
26110013006,26110013028
26110013007,26110013008
26110013007,26110013024
26110013007,26110013026
26110013007,26110013028
26110013007,26110013030
26110013008,26110013030
26110013009,26110013011
26110013009,26110013021
26110013009,26110013024
26110013009,26110013030
26110013010,26110013012
26110013010,26110013014
26110013010,26110013016
26110013010,26110013018
26110013010,26110013021
26110013010,26110013022
26110013011,26110013012
26110013011,26110013018
26110013011,26110013021
26110013012,26110013013
26110013012,26110013014
26110013012,26110013015
26110013012,26110013021
26110013013,26110013015
26110013014,26110013015
26110013014,26110013016
26110013014,26110013022
26110013015,26110013016
26110013015,26110013021
26110013017,26110013023
26110013017,26110013026
26110013017,26110013028
26110013018,26110013019
26110013018,26110013020
26110013018,26110013021
26110013018,26110013025
26110013019,26110013020
26110013019,26110013021
26110013019,26110013023
26110013019,26110013025
26110013019,26110013026
26110013019,26110013031
26110013020,26110013023
26110013020,26110013025
26110013021,26110013024
26110013021,26110013026
26110013021,26110013031
26110013023,26110013025
26110013023,26110013026
26110013023,26110013028
26110013024,26110013026
26110013024,26110013030
26110013026,26110013028
26110013027,26110013028
26111001001,26111001002
26111001001,26111001003
26111001001,26111001004
26111001001,26111001005
26111001001,26111001006
26111001001,26111001007
26111001001,26111001008
26111001001,26111001021
26111001002,26111001021
26111001003,26111001004
26111001003,26111001006
26111001004,26111001005
26111001004,26111001006
26111001004,26111001008
26111001005,26111001006
26111001005,26111001008
26111001005,26111001015
26111001006,26111001015
26111001007,26111001008
26111001007,26111001009
26111001007,26111001021
26111001008,26111001009
26111001008,26111001010
26111001008,26111001015
26111001008,26111001016
26111001009,26111001010
26111001009,26111001019
26111001009,26111001021
26111001010,26111001016
26111001010,26111001017
26111001010,26111001018
26111001010,26111001019
26111001011,26111001012
26111001011,26111001013
26111001011,26111001019
26111001011,26111001020
26111001011,26111001021
26111001012,26111001013
26111001012,26111001014
26111001012,26111001020
26111001013,26111001014
26111001013,26111001021
26111001013,26111002001
26111001013,26111002002
26111001013,26111002021
26111001014,26111001020
26111001014,26111002002
26111001014,26111002003
26111001015,26111001016
26111001016,26111001017
26111001017,26111001018
26111001017,26111001019
26111001018,26111001019
26111001018,26111001020
26111001019,26111001020
26111001019,26111001021
26111001021,26111001022
26111001021,26111002021
26111001021,26111002028
26111001022,26111002028
26111001022,26111002029
26111001022,26206046007
26111001022,26206048001
26111001022,26206048003
26111002001,26111002002
26111002001,26111002004
26111002001,26111002005
26111002001,26111002006
26111002001,26111002007
26111002001,26111002021
26111002002,26111002003
26111002002,26111002004
26111002003,26111002004
26111002004,26111002005
26111002004,26111002009
26111002004,26111002010
26111002004,26111002011
26111002005,26111002006
26111002005,26111002009
26111002006,26111002007
26111002006,26111002008
26111002006,26111002009
26111002007,26111002008
26111002007,26111002012
26111002007,26111002014
26111002007,26111002016
26111002007,26111002021
26111002008,26111002009
26111002008,26111002010
26111002008,26111002014
26111002008,26111002020
26111002009,26111002010
26111002010,26111002011
26111002010,26111002020
26111002011,26111002017
26111002011,26111002018
26111002011,26111002019
26111002011,26111004001
26111002011,26111004015
26111002012,26111002016
26111002012,26111002021
26111002013,26111002014
26111002013,26111002015
26111002013,26111002020
26111002013,26111002026
26111002014,26111002015
26111002014,26111002016
26111002014,26111002020
26111002014,26111002025
26111002015,26111002024
26111002015,26111002025
26111002015,26111002026
26111002016,26111002021
26111002016,26111002025
26111002016,26111002027
26111002016,26111002032
26111002016,26111002035
26111002016,26111002036
26111002017,26111002018
26111002017,26111004001
26111002017,26111004002
26111002017,26111004010
26111002018,26111002019
26111002018,26111004010
26111002018,26111004011
26111002019,26111002020
26111002019,26111002022
26111002019,26111002023
26111002019,26111004011
26111002019,26111004013
26111002020,26111002023
26111002020,26111002026
26111002021,26111002028
26111002021,26111002030
26111002021,26111002032
26111002021,26111002035
26111002022,26111002023
26111002022,26111003008
26111002022,26111003009
26111002022,26111004013
26111002023,26111002026
26111002023,26111003009
26111002024,26111002025
26111002024,26111002026
26111002024,26111002027
26111002024,26111003013
26111002024,26111003014
26111002025,26111002027
26111002026,26111003009
26111002026,26111003014
26111002027,26111002036
26111002027,26111003013
26111002027,26111003016
26111002028,26111002029
26111002028,26111002030
26111002029,26111002030
26111002029,26206048001
26111002030,26111002032
26111002030,26111002035
26111002030,26111011004
26111002030,26111012018
26111002030,26206048001
26111002032,26111002034
26111002032,26111002035
26111002032,26111002036
26111002032,26111003034
26111002032,26111011004
26111002032,26111011007
26111002032,26111012014
26111002032,26111012018
26111002032,26206048001
26111002034,26111003034
26111002034,26111012014
26111002035,26111012018
26111002036,26111003016
26111002036,26111003029
26111002036,26111003034
26111003001,26111003002
26111003001,26111003003
26111003001,26111003020
26111003001,26111003021
26111003001,26111006011
26111003001,26111006012
26111003002,26111003003
26111003002,26111003004
26111003002,26111003005
26111003002,26111003011
26111003002,26111003012
26111003002,26111003015
26111003002,26111003020
26111003003,26111003004
26111003003,26111006011
26111003003,26111006012
26111003004,26111003005
26111003004,26111006008
26111003004,26111006009
26111003004,26111006012
26111003005,26111003006
26111003005,26111003011
26111003005,26111006009
26111003006,26111003007
26111003006,26111003010
26111003006,26111003011
26111003006,26111004014
26111003006,26111006009
26111003007,26111003008
26111003007,26111003010
26111003007,26111003011
26111003007,26111004014
26111003008,26111003009
26111003008,26111003010
26111003008,26111004013
26111003008,26111004014
26111003009,26111003010
26111003009,26111003014
26111003010,26111003011
26111003010,26111003013
26111003010,26111003014
26111003011,26111003012
26111003011,26111003013
26111003011,26111003015
26111003011,26111003016
26111003012,26111003015
26111003013,26111003014
26111003013,26111003016
26111003015,26111003016
26111003015,26111003019
26111003015,26111003020
26111003015,26111003028
26111003015,26111003029
26111003016,26111003029
26111003016,26111003033
26111003017,26111003018
26111003017,26111003019
26111003017,26111003025
26111003017,26111003026
26111003017,26111003027
26111003018,26111003019
26111003018,26111003020
26111003018,26111003022
26111003018,26111003023
26111003018,26111003025
26111003018,26111010005
26111003019,26111003020
26111003019,26111003027
26111003019,26111003028
26111003020,26111003021
26111003020,26111003022
26111003021,26111003022
26111003021,26111003023
26111003021,26111003024
26111003021,26111006011
26111003021,26111006013
26111003022,26111003023
26111003023,26111003024
26111003023,26111010005
26111003024,26111006013
26111003024,26111010004
26111003024,26111010005
26111003024,26111010051
26111003024,26111010059
26111003025,26111003026
26111003025,26111003031
26111003025,26111003035
26111003025,26111010005
26111003025,26111010028
26111003025,26111010029
26111003026,26111003027
26111003026,26111003035
26111003027,26111003028
26111003027,26111003033
26111003027,26111003035
26111003028,26111003029
26111003028,26111003031
26111003028,26111003033
26111003028,26111003035
26111003028,26111011003
26111003028,26111012015
26111003029,26111003033
26111003029,26111003034
26111003031,26111003035
26111003031,26111010029
26111003031,26111011003
26111003033,26111003034
26111003033,26111003035
26111003033,26111012014
26111003033,26111012015
26111003034,26111012014
26111004001,26111004002
26111004001,26111004003
26111004001,26111004015
26111004001,26111004017
26111004001,26111004018
26111004002,26111004003
26111004002,26111004010
26111004003,26111004004
26111004003,26111004010
26111004003,26111004018
26111004003,26111004021
26111004004,26111004008
26111004004,26111004010
26111004004,26111004016
26111004004,26111004021
26111004004,26111004022
26111004004,26111005001
26111004004,26111005014
26111004006,26111004008
26111004006,26111004009
26111004006,26111005002
26111004006,26111005003
26111004007,26111004008
26111004007,26111004009
26111004007,26111004010
26111004007,26111004011
26111004008,26111004009
26111004008,26111004010
26111004009,26111004011
26111004009,26111004012
26111004009,26111005002
26111004009,26111005003
26111004009,26111006001
26111004010,26111004011
26111004011,26111004012
26111004011,26111004013
26111004012,26111004013
26111004012,26111004014
26111004012,26111006001
26111004012,26111006002
26111004012,26111006009
26111004013,26111004014
26111004014,26111006009
26111004015,26111004017
26111004016,26111004021
26111004016,26111004022
26111004016,26111004024
26111004016,26111005001
26111004016,26111005009
26111004016,26111005010
26111004016,26111005014
26111004017,26111004018
26111004017,26111004019
26111004017,26111004020
26111004017,26111004022
26111004017,26111004023
26111004017,26111004025
26111004018,26111004019
26111004018,26111004020
26111004018,26111004021
26111004018,26111004022
26111004019,26111004020
26111004020,26111004021
26111004020,26111004022
26111004020,26111004025
26111004021,26111004022
26111004022,26111004025
26111004023,26111004024
26111004023,26111004025
26111004024,26111004025
26111004024,26111005010
26111005001,26111005002
26111005001,26111005004
26111005001,26111005011
26111005001,26111005014
26111005001,26111005015
26111005002,26111005003
26111005002,26111005004
26111005002,26111005006
26111005003,26111005006
26111005003,26111006001
26111005003,26111006010
26111005004,26111005005
26111005004,26111005006
26111005004,26111005007
26111005004,26111005011
26111005004,26111005015
26111005004,26111007001
26111005004,26111007004
26111005005,26111005011
26111005005,26111007001
26111005006,26111005007
26111005006,26111006001
26111005006,26111006003
26111005006,26111006010
26111005007,26111005008
26111005007,26111006001
26111005007,26111006003
26111005007,26111006004
26111005007,26111006010
26111005007,26111007004
26111005007,26111007005
26111005008,26111006003
26111005008,26111006004
26111005008,26111007004
26111005008,26111007005
26111005009,26111005010
26111005009,26111005011
26111005009,26111005014
26111005009,26111005015
26111005009,26111005016
26111005010,26111005016
26111005010,26111007002
26111005011,26111005015
26111005011,26111005016
26111005011,26111007001
26111005011,26111007020
26111005014,26111005015
26111005016,26111007001
26111005016,26111007002
26111005016,26111007020
26111006001,26111006002
26111006001,26111006003
26111006001,26111006009
26111006001,26111006010
26111006002,26111006009
26111006003,26111006004
26111006003,26111006005
26111006003,26111006010
26111006004,26111006005
26111006004,26111006006
26111006004,26111006010
26111006004,26111007005
26111006005,26111006006
26111006005,26111006007
26111006005,26111006008
26111006005,26111006009
26111006005,26111006010
26111006006,26111006007
26111006006,26111006008
26111006006,26111007005
26111006006,26111007007
26111006006,26111008012
26111006007,26111006008
26111006007,26111006011
26111006007,26111006013
26111006007,26111008010
26111006007,26111008012
26111006007,26111010051
26111006008,26111006009
26111006008,26111006010
26111006008,26111006011
26111006008,26111006012
26111006009,26111006010
26111006011,26111006012
26111006011,26111006013
26111006013,26111010051
26111007001,26111007002
26111007001,26111007003
26111007001,26111007004
26111007001,26111007006
26111007001,26111007020
26111007002,26111007003
26111007002,26111007014
26111007002,26111007020
26111007003,26111007006
26111007003,26111007008
26111007003,26111007009
26111007003,26111007010
26111007003,26111007011
26111007003,26111007014
26111007004,26111007005
26111007004,26111007006
26111007005,26111007006
26111007005,26111007007
26111007006,26111007007
26111007006,26111007008
26111007007,26111007008
26111007007,26111007019
26111007007,26111008002
26111007007,26111008012
26111007008,26111007009
26111007008,26111007010
26111007008,26111007019
26111007008,26111008002
26111007008,26111008008
26111007009,26111007010
26111007009,26111007012
26111007009,26111008008
26111007009,26111009001
26111007010,26111007011
26111007010,26111007012
26111007010,26111007016
26111007010,26111007018
26111007011,26111007013
26111007011,26111007014
26111007011,26111007016
26111007012,26111007018
26111007012,26111008008
26111007012,26111009001
26111007012,26111009002
26111007013,26111007016
26111007013,26111009007
26111007016,26111007017
26111007016,26111007018
26111007017,26111007018
26111007017,26111009007
26111007017,26111009010
26111007017,26111009017
26111007018,26111009002
26111007018,26111009010
26111007019,26111008002
26111008001,26111008011
26111008001,26111010047
26111008001,26111010057
26111008001,26111010058
26111008001,26208202023
26111008001,26208202041
26111008001,26208202049
26111008002,26111008003
26111008002,26111008004
26111008002,26111008007
26111008002,26111008008
26111008002,26111008012
26111008003,26111008004
26111008003,26111008009
26111008003,26111008012
26111008004,26111008007
26111008004,26111008009
26111008004,26111008012
26111008004,26111010048
26111008004,26111010049
26111008005,26111008006
26111008005,26111008007
26111008005,26111008011
26111008005,26111008018
26111008005,26111008019
26111008005,26111010050
26111008005,26111010054
26111008005,26111010055
26111008006,26111008007
26111008006,26111008008
26111008006,26111008014
26111008006,26111008018
26111008007,26111008008
26111008007,26111010049
26111008007,26111010055
26111008008,26111008013
26111008008,26111008014
26111008008,26111009001
26111008009,26111008010
26111008009,26111008012
26111008009,26111010001
26111008009,26111010013
26111008009,26111010027
26111008009,26111010048
26111008009,26111010051
26111008010,26111008012
26111008010,26111010051
26111008011,26111008019
26111008011,26111010054
26111008011,26111010056
26111008011,26111010057
26111008013,26111008014
26111008013,26111008015
26111008013,26111009001
26111008013,26111009002
26111008013,26111009011
26111008014,26111008015
26111008014,26111008017
26111008014,26111008018
26111008015,26111008016
26111008015,26111008017
26111008015,26111008018
26111008015,26111008021
26111008015,26111009011
26111008015,26111009012
26111008016,26111008018
26111008016,26111008020
26111008016,26111008021
26111008016,26111009012
26111008016,26111009013
26111008016,26111009014
26111008016,26111009015
26111008017,26111008018
26111008017,26111008021
26111008018,26111008019
26111008018,26111008020
26111008018,26111008021
26111008019,26111008020
26111008020,26111009015
26111009001,26111009002
26111009002,26111009010
26111009002,26111009011
26111009003,26111009004
26111009003,26111009005
26111009003,26111009006
26111009003,26111009009
26111009003,26111009016
26111009003,26111009017
26111009004,26111009005
26111009004,26111009009
26111009004,26111009019
26111009005,26111009006
26111009005,26111009019
26111009006,26111009008
26111009006,26111009013
26111009006,26111009016
26111009006,26111009018
26111009006,26111009019
26111009006,26111009020
26111009007,26111009017
26111009007,26111009022
26111009008,26111009009
26111009008,26111009019
26111009008,26111009020
26111009009,26111009017
26111009009,26111009019
26111009009,26111009022
26111009009,26111009023
26111009009,26111009024
26111009010,26111009011
26111009010,26111009016
26111009010,26111009017
26111009011,26111009012
26111009011,26111009013
26111009011,26111009016
26111009012,26111009013
26111009013,26111009014
26111009013,26111009016
26111009013,26111009018
26111009014,26111009015
26111009014,26111009018
26111009014,26111009020
26111009015,26111009020
26111009016,26111009017
26111009016,26111009018
26111009017,26111009022
26111009018,26111009020
26111009023,26111009024
26111010001,26111010006
26111010001,26111010013
26111010001,26111010027
26111010001,26111010048
26111010002,26111010004
26111010002,26111010005
26111010002,26111010007
26111010002,26111010008
26111010003,26111010005
26111010003,26111010009
26111010003,26111010019
26111010003,26111010028
26111010003,26111010029
26111010004,26111010005
26111010004,26111010006
26111010004,26111010007
26111010004,26111010027
26111010004,26111010051
26111010005,26111010008
26111010005,26111010009
26111010005,26111010028
26111010006,26111010007
26111010006,26111010013
26111010006,26111010014
26111010006,26111010027
26111010006,26111010046
26111010007,26111010008
26111010007,26111010014
26111010008,26111010009
26111010008,26111010011
26111010008,26111010014
26111010009,26111010011
26111010009,26111010012
26111010009,26111010019
26111010010,26111010012
26111010010,26111010015
26111010010,26111010016
26111010010,26111010018
26111010010,26111010020
26111010010,26111010031
26111010010,26111010033
26111010011,26111010012
26111010011,26111010014
26111010011,26111010018
26111010011,26111010031
26111010012,26111010019
26111010012,26111010031
26111010012,26111010033
26111010013,26111010014
26111010013,26111010046
26111010013,26111010048
26111010014,26111010017
26111010014,26111010018
26111010014,26111010022
26111010014,26111010031
26111010014,26111010046
26111010015,26111010016
26111010015,26111010020
26111010015,26111010025
26111010015,26111010034
26111010015,26111010038
26111010016,26111010017
26111010016,26111010018
26111010016,26111010025
26111010016,26111010030
26111010017,26111010018
26111010017,26111010022
26111010017,26111010023
26111010017,26111010030
26111010017,26111010044
26111010018,26111010030
26111010018,26111010031
26111010019,26111010029
26111010019,26111010032
26111010019,26111010033
26111010019,26111011003
26111010020,26111010033
26111010020,26111010038
26111010020,26111010040
26111010020,26111010061
26111010021,26111010026
26111010021,26111010030
26111010021,26111010036
26111010021,26111010037
26111010021,26208101007
26111010021,26208101008
26111010022,26111010044
26111010022,26111010045
26111010022,26111010046
26111010023,26111010030
26111010023,26111010037
26111010023,26111010043
26111010023,26111010044
26111010024,26111010041
26111010024,26111010042
26111010024,26111010045
26111010024,26111010048
26111010025,26111010026
26111010025,26111010030
26111010025,26111010034
26111010026,26111010030
26111010026,26111010034
26111010026,26111010037
26111010026,26208101007
26111010026,26208101008
26111010027,26111010051
26111010028,26111010029
26111010029,26111011003
26111010030,26111010037
26111010032,26111010033
26111010032,26111011003
26111010032,26111013002
26111010032,26208101016
26111010033,26111010035
26111010033,26111010040
26111010033,26208101016
26111010034,26111010038
26111010034,26208101003
26111010034,26208101007
26111010035,26111010038
26111010035,26111010040
26111010035,26111010061
26111010035,26208101003
26111010035,26208101016
26111010036,26111010037
26111010036,26111010039
26111010036,26111010053
26111010036,26208101008
26111010037,26111010039
26111010037,26111010042
26111010037,26111010043
26111010038,26111010061
26111010038,26208101003
26111010039,26111010041
26111010039,26111010042
26111010039,26111010053
26111010040,26111010061
26111010041,26111010042
26111010041,26111010048
26111010041,26111010053
26111010042,26111010043
26111010042,26111010045
26111010042,26111010048
26111010043,26111010044
26111010043,26111010045
26111010044,26111010045
26111010044,26111010046
26111010045,26111010046
26111010045,26111010048
26111010046,26111010048
26111010047,26111010058
26111010047,26208202001
26111010047,26208202023
26111010048,26111010049
26111010048,26111010053
26111010049,26111010053
26111010049,26111010055
26111010050,26111010054
26111010050,26111010055
26111010051,26111010059
26111010052,26111010053
26111010052,26111010057
26111010052,26111010058
26111010052,26208101008
26111010052,26208101021
26111010052,26208202042
26111010053,26111010055
26111010053,26111010056
26111010053,26111010057
26111010053,26208101008
26111010054,26111010055
26111010054,26111010056
26111010055,26111010056
26111010056,26111010057
26111010057,26111010058
26111010057,26208101008
26111010058,26208202001
26111010058,26208202042
26111011001,26111011002
26111011001,26111011004
26111011001,26111011007
26111011001,26111012001
26111011001,26111012003
26111011001,26111012004
26111011001,26111012005
26111011001,26111012006
26111011001,26111012007
26111011001,26111012018
26111011001,26111012019
26111011001,26111013001
26111011001,26111013003
26111011001,26111017001
26111011001,26206048001
26111011001,26206048024
26111011002,26111011003
26111011002,26111012011
26111011002,26111012015
26111011002,26111012016
26111011002,26111012019
26111011002,26111013003
26111011002,26111013004
26111011002,26111013009
26111011002,26111013010
26111011003,26111012015
26111011003,26111013002
26111011003,26111013010
26111011004,26111011007
26111011004,26111012018
26111011007,26206048001
26111012001,26111012002
26111012001,26111012003
26111012001,26111012018
26111012002,26111012003
26111012002,26111012004
26111012002,26111012008
26111012002,26111012018
26111012003,26111012004
26111012004,26111012005
26111012004,26111012008
26111012004,26111012012
26111012004,26111012013
26111012005,26111012006
26111012005,26111012007
26111012005,26111012011
26111012005,26111012012
26111012005,26111012013
26111012006,26111012007
26111012007,26111012011
26111012007,26111012019
26111012008,26111012009
26111012008,26111012012
26111012008,26111012013
26111012008,26111012018
26111012009,26111012010
26111012009,26111012011
26111012009,26111012012
26111012009,26111012013
26111012009,26111012018
26111012010,26111012011
26111012010,26111012012
26111012010,26111012014
26111012010,26111012016
26111012010,26111012018
26111012011,26111012012
26111012011,26111012016
26111012011,26111012019
26111012012,26111012013
26111012014,26111012015
26111012014,26111012016
26111012014,26111012018
26111012015,26111012016
26111013001,26111013003
26111013001,26111013008
26111013001,26111015001
26111013001,26111017001
26111013002,26111013010
26111013002,26111014001
26111013002,26111014002
26111013002,26208101016
26111013003,26111013004
26111013003,26111013005
26111013003,26111013008
26111013004,26111013005
26111013004,26111013006
26111013004,26111013009
26111013005,26111013006
26111013005,26111013007
26111013005,26111013008
26111013006,26111013007
26111013006,26111013009
26111013006,26111013011
26111013006,26111015002
26111013007,26111013008
26111013007,26111015002
26111013008,26111015001
26111013008,26111015002
26111013009,26111013010
26111013009,26111013011
26111013010,26111013011
26111013010,26111014001
26111013010,26111015005
26111013010,26111015006
26111013011,26111015002
26111013011,26111015005
26111014001,26111014002
26111014001,26111014003
26111014001,26111014004
26111014001,26111015006
26111014002,26111014003
26111014002,26111014005
26111014002,26111014006
26111014002,26208101016
26111014003,26111014004
26111014003,26111014005
26111014004,26111014005
26111014004,26111015006
26111014004,26111016004
26111014005,26111014006
26111014005,26111014007
26111014005,26111016004
26111014005,26111016005
26111014006,26111014007
26111014006,26111017003
26111014006,26111017016
26111014006,26208101016
26111014006,26208202021
26111014007,26111016005
26111014007,26111017003
26111015001,26111015002
26111015001,26111015003
26111015001,26111015004
26111015001,26111017001
26111015002,26111015003
26111015002,26111015005
26111015003,26111015004
26111015003,26111015005
26111015003,26111015007
26111015003,26111016001
26111015003,26111016002
26111015003,26111016003
26111015004,26111016001
26111015004,26111016003
26111015004,26111017001
26111015005,26111015006
26111015005,26111015007
26111015006,26111015007
26111015006,26111016004
26111015007,26111016002
26111015007,26111016004
26111016001,26111016002
26111016001,26111016003
26111016001,26111017001
26111016001,26111017002
26111016001,26111017003
26111016002,26111016003
26111016002,26111016004
26111016002,26111016005
26111016002,26111016006
26111016002,26111017003
26111016004,26111016005
26111016004,26111016006
26111016005,26111016006
26111016005,26111017003
26111016006,26111017003
26111017001,26111017002
26111017001,26111017010
26111017001,26206048001
26111017002,26111017003
26111017002,26111017006
26111017002,26111017007
26111017002,26111017010
26111017003,26111017004
26111017003,26111017006
26111017003,26111017008
26111017003,26111017012
26111017003,26111017015
26111017003,26111017016
26111017003,26208202021
26111017004,26111017005
26111017004,26111017008
26111017004,26111017012
26111017004,26111017013
26111017004,26111017014
26111017004,26111017015
26111017004,26111017016
26111017004,262088060
26111017004,262090140
26111017004,262090220
26111017004,26209066002
26111017005,26111017008
26111017005,26209011006
26111017005,262090140
26111017006,26111017007
26111017006,26111017008
26111017006,26111017009
26111017007,26111017008
26111017007,26111017009
26111017007,26111017010
26111017007,26111017011
26111017007,26209006001
26111017007,26209011006
26111017007,26209013001
26111017008,26111017009
26111017008,26209011006
26111017010,26206048001
26111017012,26111017013
26111017012,26111017015
26111017013,26111017014
26111017013,26111017015
26111017014,26111017015
26111017016,26208202005
26111017016,26208202014
26111017016,26208202021
26111017016,26208202026
26111017016,262088020
26111017016,262088060
26201001001,26201001002
26201001001,26201001003
26201001001,26201001004
26201001001,26201001006
26201001001,26201001014
26201001001,26201001015
26201001001,26201001016
26201001001,26201001017
26201001001,26201006006
26201001002,26201001003
26201001002,26201006001
26201001002,26201006006
26201001003,26201001004
26201001003,26201001005
26201001003,26201002001
26201001003,26201002002
26201001003,26201006001
26201001003,26201006006
26201001004,26201001005
26201001004,26201001006
26201001005,26201001006
26201001005,26201001007
26201001005,26201002002
26201001006,26201001007
26201001006,26201001008
26201001006,26201001017
26201001006,26201001018
26201001007,26201001008
26201001007,26201002002
26201001007,26201002003
26201001007,26201002004
26201001008,26201001009
26201001008,26201001010
26201001008,26201001018
26201001008,26201001020
26201001008,26201002003
26201001008,26201002004
26201001009,26201001010
26201001009,26201001012
26201001009,26201001020
26201001010,26201001012
26201001010,26201002004
26201001010,26201002005
26201001010,26201002009
26201001010,26201002012
26201001010,26201002013
26201001011,26201001012
26201001011,26201001013
26201001011,26201001018
26201001011,26201001019
26201001012,26201001013
26201001012,26201001019
26201001012,26201001020
26201001012,26201002009
26201001012,26201002011
26201001013,26201001018
26201001013,26201001022
26201001013,26201001024
26201001013,26201001026
26201001013,26201001028
26201001013,26201001031
26201001013,26201002010
26201001013,26201002011
26201001013,26201002017
26201001013,26201002021
26201001014,26201001015
26201001014,26201001016
26201001014,26201001021
26201001014,26201001022
26201001014,26201003014
26201001014,26201006006
26201001015,26201001016
26201001016,26201001017
26201001016,26201001018
26201001016,26201001019
26201001016,26201001022
26201001017,26201001018
26201001018,26201001019
26201001018,26201001020
26201001018,26201001022
26201001019,26201001020
26201001021,26201001022
26201001021,26201001023
26201001021,26201003013
26201001021,26201003014
26201001021,26201003015
26201001022,26201001024
26201001022,26201001025
26201001022,26201003013
26201001023,26201003014
26201001023,26201003015
26201001024,26201001025
26201001024,26201001029
26201001024,26201001031
26201001024,26201003013
26201001025,26201001029
26201001025,26201001030
26201001025,26201001035
26201001025,26201001036
26201001025,26201003001
26201001025,26201003010
26201001025,26201003012
26201001025,26201003013
26201001026,26201001027
26201001026,26201001028
26201001026,26201001029
26201001026,26201001031
26201001026,26201002018
26201001026,26201002021
26201001027,26201001029
26201001027,26201001032
26201001027,26201002018
26201001029,26201001030
26201001029,26201001031
26201001029,26201001032
26201001030,26201001032
26201001030,26201001035
26201001032,26201001033
26201001032,26201001034
26201001032,26201001035
26201001032,26201001037
26201001032,26201002018
26201001033,26201001034
26201001034,26201001037
26201001034,26201002018
26201001034,26201003001
26201001035,26201001036
26201001035,26201001037
26201001035,26201003001
26201001036,26201003001
26201001036,26201003010
26201001037,26201003001
26201002001,26201002002
26201002001,26201006001
26201002001,26201006002
26201002002,26201002003
26201002002,26201002005
26201002002,26201006002
26201002003,26201002004
26201002003,26201002005
26201002004,26201002005
26201002005,26201002006
26201002005,26201002013
26201002005,26201006002
26201002005,26201006003
26201002006,26201002007
26201002006,26201002008
26201002006,26201002013
26201002006,26201006003
26201002006,26201006004
26201002007,26201002008
26201002007,26201002014
26201002007,26201002023
26201002007,26201006004
26201002007,26201008001
26201002008,26201002012
26201002008,26201002013
26201002008,26201002017
26201002008,26201002023
26201002009,26201002011
26201002009,26201002012
26201002010,26201002011
26201002010,26201002012
26201002010,26201002017
26201002011,26201002012
26201002012,26201002013
26201002012,26201002017
26201002014,26201002017
26201002014,26201002023
26201002014,26201008001
26201002014,26201008004
26201002014,26201008014
26201002014,26201008015
26201002016,26201002017
26201002016,26201002019
26201002016,26201002021
26201002016,26201002024
26201002016,26201008013
26201002017,26201002021
26201002017,26201002023
26201002017,26201008013
26201002017,26201008015
26201002018,26201002019
26201002018,26201002020
26201002018,26201002021
26201002018,26201002022
26201002018,26201003001
26201002018,26201008016
26201002019,26201002020
26201002019,26201002021
26201002019,26201002024
26201002019,26201002025
26201002020,26201002022
26201002020,26201002024
26201002020,26201002025
26201002020,26201008016
26201002022,26201008016
26201002024,26201002025
26201002024,26201008013
26201002024,26201008016
26201003001,26201003002
26201003001,26201003003
26201003001,26201003005
26201003001,26201003007
26201003001,26201003010
26201003001,26201003011
26201003001,26201008016
26201003001,26201008017
26201003001,26201008018
26201003001,26201012007
26201003001,26201013008
26201003002,26201003003
26201003002,26201003004
26201003002,26201003005
26201003002,26201013005
26201003002,26201013008
26201003004,26201003005
26201003004,26201004001
26201003004,26201013005
26201003004,26201013008
26201003004,262010190
26201003005,26201003006
26201003005,26201003007
26201003005,26201003016
26201003005,26201004001
26201003006,26201003007
26201003006,26201003008
26201003006,26201003016
26201003007,26201003008
26201003007,26201003009
26201003007,26201003011
26201003008,26201003009
26201003008,26201003012
26201003008,26201003013
26201003008,26201003014
26201003008,26201003015
26201003008,26201003016
26201003009,26201003010
26201003009,26201003011
26201003009,26201003012
26201003010,26201003011
26201003010,26201003012
26201003012,26201003013
26201003013,26201003015
26201003014,26201003015
26201003014,26201003016
26201003014,26201004004
26201003014,26201004011
26201003014,26201006006
26201003016,26201004001
26201003016,26201004004
26201004001,26201004002
26201004001,26201004004
26201004001,262010190
26201004002,26201004003
26201004002,26201004004
26201004002,262010190
26201004003,26201004004
26201004003,26201004005
26201004003,26201004011
26201004003,262010190
26201004004,26201004011
26201004005,26201004007
26201004005,26201004008
26201004005,26201004010
26201004005,26201004011
26201004005,26201005007
26201004005,262010190
26201004006,26201004007
26201004006,26201004008
26201004006,26201004009
26201004006,262010190
26201004006,26201020001
26201004007,26201004008
26201004007,26201004010
26201004007,26201005002
26201004007,26201005003
26201004007,26201005007
26201004007,26201020001
26201004008,26201004009
26201004008,262010190
26201004009,262010190
26201004010,26201005002
26201004010,26201005007
26201004011,26201005007
26201004011,26201006006
26201004011,26201007001
26201004011,26201007002
26201005001,26201005002
26201005001,26201005003
26201005001,26201005004
26201005001,26201005007
26201005002,26201005003
26201005002,26201005004
26201005002,26201005007
26201005002,26201005008
26201005002,26201020004
26201005003,26201005008
26201005003,26201020001
26201005003,26201020002
26201005004,26201005006
26201005004,26201005007
26201005004,26201013001
26201005004,26201020004
26201005005,26201005006
26201005005,26201005007
26201005005,26201013001
26201005005,26203009005
26201005006,26201005007
26201005006,26201013001
26201005007,26201007001
26201005007,26203009005
26201005007,26203010019
26201005007,26203010022
26201005008,26201020002
26201005008,26201020004
26201006001,26201006002
26201006001,26201006003
26201006001,26201006004
26201006001,26201006006
26201006002,26201006003
26201006003,26201006004
26201006003,26201006005
26201006004,26201006005
26201006004,26201006006
26201006004,26201008001
26201006004,26201008002
26201006006,26201006007
26201006006,26201006008
26201006006,26201007002
26201006006,26201008002
26201006006,26201009001
26201006006,26201009006
26201006006,26201009007
26201006006,26201009008
26201006006,26201040006
26201006006,26201040007
26201006006,26201040008
26201006006,26201040009
26201006007,26201006008
26201006007,26201009004
26201006007,26201009006
26201006008,26201009001
26201006008,26201009004
26201007001,26201007002
26201007001,26203010022
26201007002,26201007003
26201007002,26201007004
26201007002,26201040004
26201007002,26201040007
26201007002,26203010014
26201007002,26203010022
26201008001,26201008002
26201008001,26201008004
26201008002,26201008003
26201008002,26201008004
26201008002,26201008007
26201008002,26201008020
26201008002,26201009005
26201008002,26201009007
26201008002,26201009008
26201008003,26201008004
26201008003,26201008019
26201008004,26201008005
26201008004,26201008007
26201008004,26201008014
26201008004,26201008019
26201008005,26201008006
26201008005,26201008007
26201008005,26201008014
26201008006,26201008007
26201008006,26201008010
26201008006,26201008012
26201008006,26201008013
26201008006,26201008014
26201008007,26201008008
26201008007,26201008010
26201008007,26201008011
26201008007,26201008012
26201008007,26201008014
26201008007,26201009005
26201008007,26201010004
26201008007,26201014004
26201008009,26201008010
26201008009,26201008011
26201008009,26201008012
26201008009,26201008017
26201008010,26201008011
26201008010,26201008012
26201008011,26201008017
26201008011,26201010004
26201008011,26201010011
26201008012,26201008013
26201008012,26201008017
26201008013,26201008014
26201008013,26201008015
26201008013,26201008016
26201008013,26201008017
26201008014,26201008015
26201008016,26201008017
26201008016,26201008018
26201008017,26201008018
26201008017,26201010011
26201008017,26201010012
26201009001,26201009002
26201009001,26201009003
26201009001,26201009004
26201009001,26201009005
26201009001,26201014010
26201009001,26201014011
26201009001,26201039006
26201009001,26201040008
26201009002,26201009003
26201009002,26201014011
26201009002,26201017001
26201009002,26201039003
26201009002,26201039004
26201009002,26201039006
26201009003,26201014011
26201009004,26201009005
26201009004,26201009006
26201009005,26201009006
26201009005,26201009007
26201009005,26201014002
26201009005,26201014004
26201009005,26201014010
26201009006,26201009007
26201009007,26201009008
26201010001,26201010003
26201010001,26201010004
26201010001,26201010011
26201010001,26201010012
26201010001,26201010013
26201010002,26201010003
26201010002,26201010004
26201010002,26201010006
26201010002,26201010008
26201010002,26201010009
26201010002,26201010010
26201010002,26201010012
26201010003,26201010004
26201010003,26201010012
26201010003,26201010013
26201010004,26201010005
26201010004,26201010006
26201010004,26201010008
26201010004,26201010011
26201010004,26201014004
26201010004,26201015001
26201010004,26201028017
26201010005,26201010006
26201010005,26201010008
26201010006,26201010007
26201010006,26201010008
26201010006,26201010012
26201010006,26201028017
26201010007,26201010012
26201010008,26201010012
26201010009,26201010010
26201010009,26201010012
26201010010,26201010012
26201010011,26201010012
26201010012,26201010013
26201011001,26201011002
26201011001,26201011003
26201011001,26201011004
26201011001,26201011006
26201011001,26201022014
26201011002,26201011003
26201011002,26201011004
26201011002,26201011006
26201011002,26201011007
26201011002,26201011008
26201011002,26201011009
26201011002,26201011010
26201011002,26201012001
26201011002,26201012009
26201011002,26201022012
26201011002,26201022014
26201011003,26201011004
26201011004,26201011006
26201011004,26201011009
26201011006,26201011007
26201011006,26201011008
26201011006,26201011009
26201011006,26201011010
26201011006,26201013001
26201011006,26201022014
26201011006,26201023019
26201011006,26201023020
26201011006,26203009005
26201011007,26201011008
26201011008,26201012001
26201011008,26201012007
26201011008,26201012009
26201011008,26201013001
26201011009,26201011010
26201012001,26201012002
26201012001,26201012007
26201012001,26201012009
26201012002,26201012003
26201012002,26201012004
26201012002,26201012007
26201012002,26201012009
26201012003,26201012004
26201012003,26201012007
26201012003,26201012008
26201012003,26201012009
26201012004,26201012005
26201012004,26201012009
26201012005,26201012006
26201012005,26201012009
26201012006,26201012009
26201012007,26201012008
26201012007,26201013001
26201012007,26201013002
26201012007,26201013004
26201012007,26201013005
26201012007,26201013008
26201012008,26201012009
26201012009,26201022012
26201012009,26201022013
26201013001,26201013002
26201013001,26201013003
26201013001,26201013007
26201013001,26201013010
26201013001,26201020003
26201013001,26201020004
26201013001,26201020005
26201013001,26203009005
26201013002,26201013003
26201013002,26201013004
26201013002,26201013007
26201013002,26201013010
26201013002,262010190
26201013003,26201013004
26201013003,26201013010
26201013003,262010190
26201013004,26201013005
26201013004,26201013006
26201013004,262010190
26201013005,26201013006
26201013005,26201013008
26201013005,262010190
26201013006,262010190
26201013007,262010190
26201013007,26201020003
26201013007,26201020005
26201014001,26201014002
26201014001,26201014003
26201014001,26201014004
26201014001,26201014007
26201014001,26201014008
26201014001,26201014009
26201014001,26201014010
26201014002,26201014003
26201014002,26201014004
26201014002,26201014010
26201014003,26201014004
26201014004,26201014005
26201014004,26201014006
26201014004,26201014007
26201014004,26201015001
26201014004,26201015006
26201014005,26201014006
26201014005,26201015006
26201014006,26201014007
26201014006,26201015004
26201014006,26201015005
26201014006,26201015006
26201014007,26201014008
26201014007,26201014009
26201014007,26201015004
26201014009,26201014010
26201014009,26201015004
26201014009,26201016001
26201014009,26201016002
26201014009,26201016004
26201014010,26201014011
26201014010,26201016001
26201014011,26201016001
26201014011,26201016008
26201014011,26201017001
26201015001,26201015002
26201015001,26201015003
26201015001,26201015004
26201015001,26201015005
26201015001,26201015006
26201015001,26201015007
26201015001,262010260
26201015001,26201028017
26201015002,26201015003
26201015002,26201015004
26201015002,262010260
26201015003,26201015004
26201015004,26201015005
26201015004,26201015006
26201015004,26201015007
26201015004,26201016003
26201015004,26201016004
26201015004,26201024006
26201015004,262010250
26201015004,262010260
26201015005,26201015006
26201015005,26201015007
26201016001,26201016002
26201016001,26201016003
26201016001,26201016005
26201016001,26201016007
26201016001,26201016008
26201016002,26201016003
26201016002,26201016004
26201016003,26201016004
26201016003,26201016007
26201016003,26201024006
26201016003,26201024007
26201016005,26201016006
26201016005,26201016007
26201016006,26201016007
26201016007,26201016008
26201016007,26201017003
26201016007,262010180
26201016007,26201024001
26201016007,26201024007
26201016008,26201017001
26201016008,26201017003
26201016008,26201017005
26201017001,26201017002
26201017001,26201017003
26201017001,26201017004
26201017001,26201017005
26201017001,26201017006
26201017001,26201017007
26201017001,262010180
26201017001,26201038003
26201017001,26201038004
26201017001,26201038005
26201017001,26201038009
26201017001,26201039003
26201017001,26465014004
26201017002,26201017003
26201017002,26201017004
26201017002,262010180
26201017003,26201017004
26201017003,26201017005
26201017003,26201017006
26201017003,262010180
26201017004,262010180
26201017005,26201017006
26201017006,26201017007
262010180,26465014002
262010180,26465014004
262010190,26201020001
262010190,26201020005
26201020001,26201020002
26201020001,26201020003
26201020001,26201020005
26201020002,26201020003
26201020002,26201020004
26201020003,26201020004
26201020003,26201020005
26201021001,26201021002
26201021001,26201021003
26201021001,26201021004
26201021001,26201022009
26201021001,26201022010
26201021002,26201022008
26201021002,26201022009
26201021003,26201021004
26201021003,26201021005
26201021003,26201021006
26201021003,26201022010
26201021003,26201022015
26201021003,26201023018
26201021003,26201023020
26201021003,26201023021
26201021004,26201021005
26201021005,26201021006
26201021005,264070380
26201021006,26201023021
26201021006,264070370
26201021006,264070380
26201021006,264070500
26201022007,26201022008
26201022007,26201022009
26201022007,26201022013
26201022008,26201022009
26201022009,26201022010
26201022009,26201022013
26201022010,26201022011
26201022010,26201022012
26201022010,26201022013
26201022010,26201022015
26201022011,26201022012
26201022011,26201022013
26201022011,26201022014
26201022011,26201022015
26201022011,26201022022
26201022011,26201023020
26201022012,26201022013
26201022012,26201022014
26201022012,26201022022
26201022014,26201023020
26201022015,26201023020
26201023016,26201023017
26201023016,26201023018
26201023016,26203004010
26201023016,264070490
26201023016,264070500
26201023016,264070800
26201023016,264070810
26201023017,26201023018
26201023017,26203004010
26201023017,26203008033
26201023018,26201023019
26201023018,26201023020
26201023018,26201023021
26201023018,26203008033
26201023018,264070500
26201023019,26201023020
26201023019,26203008033
26201023019,26203009005
26201023021,264070500
26201024001,26201024002
26201024001,26201024007
26201024001,26201034028
26201024001,26201034030
26201024001,26201034031
26201024002,26201024003
26201024002,26201024004
26201024002,26201024007
26201024002,26201034028
26201024003,26201024004
26201024003,26201024006
26201024003,26201024007
26201024004,26201024005
26201024004,26201024006
26201024004,26201034024
26201024004,26201034026
26201024004,26201034028
26201024005,26201024006
26201024005,262010250
26201024005,26201027013
26201024005,26201034024
26201024006,26201024007
26201024006,262010250
262010250,262010260
262010250,26201027013
262010260,26201027010
262010260,26201027011
262010260,26201027013
262010260,26201027014
262010260,26201028016
262010260,26201028017
26201027010,26201027011
26201027010,26201027014
26201027011,26201027012
26201027011,26201027013
26201027011,26201027014
26201027012,26201027013
26201027012,26201027014
26201027012,262010290
26201027013,262010290
26201027013,262010320
26201027013,26201034024
26201027014,26201028015
26201027014,26201028016
26201027014,26201028017
26201027014,262010290
26201028015,26201028016
26201028015,26201028017
26201028015,262010290
26201028015,262010300
26201028016,26201028017
262010290,262010300
262010290,262010310
262010290,262010320
262010300,262010310
262010300,262010330
262010310,262010320
262010310,262010330
262010320,262010330
262010320,26201034023
262010320,26201034024
262010320,26201036041
262010320,26201036042
262010320,26201036043
262010320,26201036044
262010330,26201036043
262010330,26201036044
262010330,26201036045
26201034023,26201034024
26201034023,26201034025
26201034023,26201035000
26201034023,26201035033
26201034023,26201035035
26201034023,26201036041
26201034024,26201034025
26201034024,26201034026
26201034025,26201034026
26201034025,26201034027
26201034025,26201034029
26201034025,26201035035
26201034026,26201034027
26201034026,26201034028
26201034027,26201034028
26201034027,26201034029
26201034028,26201034029
26201034028,26201034030
26201034029,26201034030
26201034029,26201035035
26201034029,26201035037
26201034030,26201034031
26201034030,26201035037
26201034030,26201035038
26201034030,26201035039
26201034031,26201034032
26201034031,26201035039
26201034032,26201035040
26201035000,26201035033
26201035000,26201035035
26201035000,26201036041
26201035033,26201035035
26201035033,26201036041
26201035033,26201036042
26201035033,26201036043
26201035035,26201035036
26201035035,26201035037
26201035035,26201036043
26201035035,26201036045
26201035036,26201035037
26201035037,26201035038
26201035038,26201035039
26201035038,26201035040
26201035039,26201035040
26201036041,26201036042
26201036042,26201036043
26201036042,26201036044
26201036043,26201036044
26201036043,26201036045
26201036044,26201036045
26201036044,26201036046
26201036045,26201036046
26201037001,26201037002
26201037001,26201037003
26201037001,26201038006
26201037001,26201038007
26201037001,26201041005
26201037001,26201041006
26201037001,26201041008
26201037002,26201037003
26201037002,26201037006
26201037002,26201037007
26201037002,26201040001
26201037002,26201041001
26201037002,26201041005
26201037003,26201037004
26201037003,26201037005
26201037003,26201037006
26201037003,26201037007
26201037003,26201038007
26201037003,26201038008
26201037004,26201037005
26201037004,26201038008
26201037005,26201037006
26201037005,26201038008
26201037006,26201037007
26201037006,26201038008
26201037006,26201039002
26201037007,26201037008
26201037007,26201039002
26201037007,26201040001
26201037008,26201039001
26201037008,26201039002
26201037008,26201040001
26201038001,26201038002
26201038001,26201038003
26201038001,26201038004
26201038001,26202017009
26201038001,26205008001
26201038001,26465014003
26201038002,26201038004
26201038002,26202017009
26201038003,26201038004
26201038003,26465014003
26201038003,26465014004
26201038004,26201038005
26201038004,26202017009
26201038005,26201038006
26201038005,26201038009
26201038005,26201042004
26201038005,26202017009
26201038006,26201038007
26201038006,26201038009
26201038006,26201041008
26201038006,26201042004
26201038007,26201038008
26201038007,26201038009
26201038007,26201038010
26201038008,26201038009
26201038008,26201038010
26201038008,26201039002
26201038009,26201039002
26201038009,26201039003
26201039001,26201039002
26201039001,26201039003
26201039001,26201039004
26201039001,26201040001
26201039001,26201040002
26201039002,26201039003
26201039003,26201039004
26201039004,26201039006
26201039004,26201040002
26201039004,26201040005
26201039004,26201040006
26201039004,26201040008
26201039006,26201040008
26201040001,26201040002
26201040001,26201040003
26201040001,26201040004
26201040001,26201041001
26201040001,26201041002
26201040001,26203011001
26201040002,26201040003
26201040002,26201040005
26201040003,26201040004
26201040003,26201040005
26201040003,26201040007
26201040004,26201040007
26201040004,26203010014
26201040004,26203011001
26201040005,26201040006
26201040005,26201040007
26201040006,26201040007
26201040006,26201040008
26201040008,26201040009
26201041001,26201041002
26201041001,26201041005
26201041002,26201041003
26201041002,26201041005
26201041002,26201041006
26201041002,26203011001
26201041003,26201041004
26201041003,26201041006
26201041003,26201041007
26201041003,26203011001
26201041003,26203012001
26201041004,26201041007
26201041004,26201042001
26201041004,26201042002
26201041004,26201042003
26201041004,26203012001
26201041005,26201041006
26201041006,26201041007
26201041006,26201041008
26201041007,26201041008
26201041007,26201042001
26201041008,26201042001
26201041008,26201042004
26201042001,26201042002
26201042001,26201042004
26201042002,26201042003
26201042002,26201042004
26201042002,26201042005
26201042002,26202017001
26201042002,26202017009
26201042003,26202017009
26201042003,26203012001
26201042004,26201042005
26201042004,26202017009
26201042005,26202017001
26201042005,26202017005
26201042005,26202017009
26202001001,26202001002
26202001001,26202001013
26202001001,26202002001
26202001001,26202002002
26202001001,26202002004
26202001002,26202001003
26202001002,26202001004
26202001002,26202001013
26202001003,26202001004
26202001003,26202001006
26202001003,26202001013
26202001004,26202001005
26202001004,26202001006
26202001004,26202001013
26202001005,26202001008
26202001005,26202001012
26202001005,26202001013
26202001005,26202002016
26202001006,26202001007
26202001006,26202001013
26202001007,26202001013
26202001008,26202001013
26202001009,26202001013
26202001010,26202001013
26202001011,26202001013
26202001012,26202001013
26202001012,26202002016
26202001013,26202002001
26202001013,26202002004
26202001013,26202002005
26202001013,26202002016
26202001013,26202003019
26202002001,26202002002
26202002001,26202002003
26202002001,26202003002
26202002001,26202003018
26202002001,26202003019
26202002001,262020220
26202002002,26202002003
26202002002,26202002004
26202002002,26202002006
26202002002,262020220
26202002003,262020220
26202002004,26202002005
26202002004,26202002006
26202002004,26202002016
26202002005,26202002016
26202002006,26202002007
26202002006,26202002016
26202002006,262020220
26202002007,26202002008
26202002007,26202002016
26202002007,262020220
26202002008,26202002009
26202002008,26202002016
26202002008,262020220
26202002009,26202002010
26202002009,26202002016
26202002009,262020220
26202002010,26202002016
26202002010,26202002017
26202002010,262020220
26202002012,26202002016
26202002013,26202002014
26202002013,26202002016
26202002014,26202002016
26202002015,26202002016
26202002015,26202002017
26202002015,262020220
26202002016,26202002017
26202002017,262020220
26202003001,26202003002
26202003001,26202003017
26202003001,26202003018
26202003001,26202003025
26202003001,262020220
26202003002,26202003003
26202003002,26202003016
26202003002,26202003017
26202003002,26202003018
26202003002,26202003019
26202003002,26202003025
26202003003,26202003004
26202003003,26202003017
26202003003,26202003019
26202003003,26202003020
26202003004,26202003005
26202003004,26202003006
26202003004,26202003007
26202003004,26202003008
26202003004,26202003010
26202003004,26202003017
26202003004,26202003019
26202003004,26202003020
26202003004,26202003023
26202003004,26202003024
26202003005,26202003007
26202003005,26202003010
26202003005,26202003011
26202003005,26202003014
26202003005,26202003019
26202003005,26202003024
26202003006,26202003007
26202003006,26202003019
26202003006,26202003023
26202003007,26202003019
26202003008,26202003019
26202003010,26202003011
26202003010,26202003019
26202003011,26202003014
26202003011,26202003015
26202003011,26202003019
26202003011,26202004006
26202003011,26202004023
26202003012,26202003013
26202003012,26202003019
26202003013,26202003019
26202003013,26202004012
26202003014,26202003019
26202003015,26202003019
26202003016,26202003019
26202003017,26202003019
26202003017,26202003020
26202003017,26202003021
26202003017,26202003023
26202003017,26202004023
26202003017,26202008053
26202003017,26202008054
26202003017,262020220
26202003018,262020220
26202003019,26202003023
26202003019,26202004006
26202003019,26202004011
26202003019,26202004012
26202003019,26202004023
26202004001,26202004003
26202004001,26202004017
26202004001,26202004020
26202004001,26202004023
26202004001,26202008049
26202004001,26202008050
26202004001,26202008051
26202004002,26202004003
26202004002,26202004004
26202004003,26202004004
26202004003,26202004017
26202004003,26202004023
26202004003,26202007010
26202004004,26202004005
26202004004,26202004023
26202004004,26202007010
26202004005,26202004006
26202004005,26202004007
26202004005,26202004008
26202004005,26202004015
26202004005,26202004018
26202004005,26202004019
26202004005,26202004023
26202004005,26202007010
26202004006,26202004010
26202004006,26202004011
26202004006,26202004013
26202004006,26202004014
26202004006,26202004015
26202004006,26202004016
26202004006,26202004019
26202004006,26202004021
26202004006,26202004022
26202004006,26202004023
26202004007,26202004008
26202004007,26202004010
26202004007,26202004015
26202004007,26202004018
26202004007,26202007008
26202004007,26202007010
26202004008,26202007010
26202004009,26202004010
26202004009,26202004015
26202004010,26202004011
26202004010,26202004012
26202004010,26202004015
26202004010,26202007008
26202004010,26202007010
26202004011,26202004012
26202004013,26202004014
26202004014,26202004016
26202004015,26202004019
26202004015,26202004021
26202004015,26202004022
26202004017,26202004020
26202004017,26202007010
26202004017,26202008043
26202004017,26202008048
26202004017,26202008049
26202004019,26202004021
26202004021,26202004022
26202004023,26202008047
26202004023,26202008049
26202004023,26202008050
26202004023,26202008051
26202004023,26202008053
26202004023,26202008054
26202004023,26202008068
26202005001,26202005002
26202005001,26202005003
26202005001,26202005008
26202005001,26202005009
26202005001,26202006058
26202005001,26202006063
26202005002,26202005003
26202005002,26202005004
26202005002,26202005005
26202005002,26202005009
26202005003,26202005004
26202005003,26202005008
26202005004,26202005005
26202005004,26202005008
26202005004,26202005010
26202005005,26202005006
26202005005,26202005009
26202005005,26202005010
26202005005,26202006034
26202005005,26202006038
26202005006,26202005007
26202005006,26202005009
26202005007,26202005009
26202005008,26202006038
26202005008,26202006048
26202005008,26202006063
26202005009,26202006034
26202005009,26202006058
26202005009,26202007010
26202005009,26202016007
26202005009,26202016008
26202005009,26203001013
26202005009,26203002001
26202006001,26202006002
26202006001,26202006003
26202006001,26202006004
26202006001,26202006005
26202006001,26202006060
26202006001,26202007010
26202006001,26202008034
26202006001,26202008035
26202006001,26202008037
26202006001,26202008070
26202006002,26202006003
26202006002,26202006005
26202006002,26202006025
26202006002,26202007010
26202006003,26202006004
26202006003,26202006005
26202006004,26202006005
26202006004,26202006024
26202006004,26202006044
26202006004,26202006045
26202006004,26202006060
26202006005,26202006025
26202006005,26202006042
26202006005,26202006043
26202006005,26202006044
26202006005,26202007010
26202006008,26202006009
26202006008,26202006010
26202006008,26202006011
26202006008,26202006023
26202006008,26202006024
26202006008,26202006060
26202006009,26202006010
26202006009,26202006011
26202006009,26202006012
26202006009,26202006058
26202006009,26202006060
26202006009,26202008030
26202006009,26202008031
26202006010,26202006011
26202006010,26202006019
26202006010,26202006020
26202006010,26202006022
26202006010,26202006023
26202006011,26202006012
26202006011,26202006015
26202006011,26202006019
26202006011,26202006058
26202006012,26202006013
26202006012,26202006051
26202006012,26202006058
26202006012,26202006059
26202006013,26202006014
26202006013,26202006051
26202006013,26202006052
26202006013,26202006058
26202006013,26202006059
26202006014,26202006058
26202006015,26202006016
26202006015,26202006019
26202006015,26202006058
26202006016,26202006017
26202006016,26202006018
26202006016,26202006019
26202006016,26202006058
26202006017,26202006018
26202006017,26202006058
26202006018,26202006019
26202006018,26202006048
26202006018,26202006056
26202006018,26202006058
26202006019,26202006020
26202006019,26202006022
26202006019,26202006048
26202006020,26202006021
26202006020,26202006022
26202006020,26202006047
26202006020,26202006048
26202006021,26202006047
26202006021,26202006048
26202006022,26202006023
26202006022,26202006046
26202006022,26202006047
26202006023,26202006024
26202006023,26202006046
26202006024,26202006045
26202006024,26202006046
26202006024,26202006060
26202006025,26202006042
26202006025,26202006050
26202006025,26202007010
26202006026,26202006042
26202006026,26202006057
26202006026,26202007010
26202006027,26202006031
26202006027,26202006057
26202006027,26202006064
26202006027,26202007010
26202006029,26202006030
26202006029,26202006032
26202006029,26202006033
26202006029,26202006034
26202006029,26202006039
26202006029,26202006040
26202006029,26202006053
26202006029,26202006054
26202006029,26202007010
26202006030,26202006031
26202006030,26202006032
26202006030,26202007010
26202006031,26202006032
26202006031,26202006054
26202006031,26202006064
26202006031,26202007010
26202006032,26202006054
26202006033,26202006034
26202006033,26202006039
26202006033,26202007010
26202006033,26202007011
26202006034,26202006035
26202006034,26202006036
26202006034,26202006037
26202006034,26202006038
26202006034,26202006039
26202006034,26202006040
26202006034,26202007010
26202006034,26202007011
26202006035,26202006038
26202006035,26202006039
26202006036,26202006037
26202006036,26202006038
26202006037,26202006038
26202006038,26202006039
26202006038,26202006047
26202006038,26202006048
26202006038,26202006063
26202006039,26202006040
26202006039,26202006046
26202006039,26202006047
26202006039,26202006048
26202006040,26202006041
26202006040,26202006046
26202006040,26202006047
26202006040,26202006053
26202006041,26202006042
26202006041,26202006043
26202006041,26202006044
26202006041,26202006045
26202006041,26202006046
26202006041,26202006053
26202006042,26202006043
26202006042,26202006050
26202006042,26202006053
26202006042,26202006057
26202006042,26202006064
26202006043,26202006044
26202006044,26202006045
26202006044,26202006046
26202006045,26202006046
26202006045,26202006060
26202006046,26202006047
26202006047,26202006048
26202006048,26202006056
26202006048,26202006062
26202006048,26202006063
26202006050,26202007010
26202006051,26202006052
26202006051,26202006058
26202006051,26202006059
26202006051,26202006061
26202006052,26202006058
26202006053,26202006054
26202006053,26202006064
26202006054,26202006064
26202006056,26202006058
26202006056,26202006062
26202006056,26202006063
26202006057,26202006064
26202006057,26202007010
26202006058,26202006061
26202006058,26202006063
26202006058,26202008031
26202006058,26202008064
26202006058,26202009016
26202006058,26202012030
26202006058,26202016007
26202006058,26202016010
26202006060,26202008030
26202006060,26202008070
26202006062,26202006063
26202007001,26202007002
26202007001,26202007003
26202007001,26202007010
26202007001,26202008041
26202007001,26202008042
26202007001,26202008046
26202007002,26202007003
26202007002,26202007010
26202007002,26202008037
26202007002,26202008041
26202007003,26202007004
26202007003,26202007006
26202007003,26202007010
26202007004,26202007005
26202007004,26202007006
26202007004,26202007010
26202007005,26202007006
26202007005,26202007010
26202007005,26202007011
26202007006,26202007010
26202007006,26202007011
26202007008,26202007009
26202007008,26202007010
26202007008,26202007011
26202007009,26202007010
26202007010,26202007011
26202007010,26202008037
26202007010,26202008043
26202007010,26202008045
26202007010,26202008046
26202007010,26203001013
26202008001,26202008002
26202008001,26202008055
26202008001,26202008064
26202008002,26202008003
26202008002,26202008004
26202008002,26202008064
26202008003,26202008004
26202008003,26202008064
26202008004,26202008007
26202008004,26202008064
26202008005,26202008006
26202008005,26202008007
26202008005,26202008011
26202008005,26202008016
26202008005,26202008064
26202008005,26202008065
26202008005,26202008072
26202008006,26202008007
26202008006,26202008016
26202008006,26202008017
26202008006,26202008022
26202008006,26202008064
26202008007,26202008064
26202008008,26202008056
26202008008,26202008058
26202008008,26202008064
26202008008,26202008072
26202008008,26202010023
26202008010,26202008063
26202008010,26202008072
26202008011,26202008012
26202008011,26202008016
26202008011,26202008027
26202008011,26202008065
26202008011,26202008072
26202008011,262020220
26202008012,26202008013
26202008012,26202008014
26202008012,26202008027
26202008012,262020220
26202008013,26202008014
26202008013,26202008036
26202008013,262020220
26202008014,26202008015
26202008014,26202008019
26202008014,26202008020
26202008014,26202008021
26202008014,26202008027
26202008014,26202008036
26202008014,26202008037
26202008015,26202008019
26202008015,26202008020
26202008016,26202008017
26202008016,26202008018
26202008016,26202008027
26202008017,26202008018
26202008017,26202008022
26202008017,26202008023
26202008018,26202008023
26202008018,26202008027
26202008019,26202008020
26202008019,26202008024
26202008019,26202008027
26202008020,26202008021
26202008020,26202008024
26202008020,26202008025
26202008021,26202008025
26202008021,26202008037
26202008022,26202008023
26202008022,26202008028
26202008022,26202008059
26202008022,26202008064
26202008023,26202008026
26202008023,26202008027
26202008023,26202008028
26202008024,26202008025
26202008024,26202008026
26202008024,26202008027
26202008024,26202008032
26202008024,26202008033
26202008024,26202008034
26202008025,26202008034
26202008025,26202008035
26202008025,26202008037
26202008026,26202008027
26202008026,26202008028
26202008026,26202008032
26202008026,26202008070
26202008028,26202008030
26202008028,26202008059
26202008028,26202008064
26202008028,26202008070
26202008030,26202008031
26202008030,26202008057
26202008030,26202008059
26202008030,26202008064
26202008030,26202008070
26202008031,26202008057
26202008031,26202008064
26202008032,26202008033
26202008032,26202008070
26202008033,26202008034
26202008033,26202008070
26202008034,26202008035
26202008034,26202008070
26202008035,26202008037
26202008036,26202008037
26202008036,26202008038
26202008036,26202008039
26202008036,26202008060
26202008036,262020220
26202008037,26202008038
26202008037,26202008041
26202008038,26202008039
26202008038,26202008041
26202008039,26202008040
26202008039,26202008041
26202008039,26202008060
26202008039,262020220
26202008040,26202008041
26202008040,26202008042
26202008040,26202008047
26202008040,262020220
26202008041,26202008042
26202008042,26202008043
26202008042,26202008046
26202008042,26202008047
26202008042,26202008048
26202008043,26202008044
26202008043,26202008045
26202008043,26202008046
26202008043,26202008048
26202008044,26202008045
26202008044,26202008046
26202008045,26202008046
26202008046,26202008066
26202008046,26202008071
26202008047,26202008048
26202008047,26202008049
26202008047,26202008053
26202008047,262020220
26202008048,26202008049
26202008048,26202008067
26202008049,26202008050
26202008050,26202008051
26202008050,26202008068
26202008051,26202008068
26202008053,26202008054
26202008053,262020220
26202008055,26202008064
26202008056,26202008064
26202008057,26202008064
26202008058,26202008064
26202008059,26202008064
26202008062,26202008063
26202008062,26202008072
26202008062,262020220
26202008063,26202008072
26202008063,262020220
26202008064,26202008072
26202008064,26202009016
26202008064,26202010023
26202008070,26202008073
26202008072,26202010023
26202008072,262020220
26202009001,26202009002
26202009001,26202009003
26202009001,26202009016
26202009002,26202009003
26202009002,26202009006
26202009002,26202009016
26202009003,26202009005
26202009003,26202009006
26202009003,26202009016
26202009004,26202009005
26202009004,26202009006
26202009004,26202009007
26202009004,26202009011
26202009004,26202009016
26202009005,26202009006
26202009005,26202009011
26202009005,26202009016
26202009006,26202009016
26202009007,26202009008
26202009007,26202009011
26202009007,26202009016
26202009008,26202009009
26202009008,26202009010
26202009008,26202009011
26202009008,26202009014
26202009008,26202009016
26202009009,26202009010
26202009009,26202009012
26202009009,26202009013
26202009009,26202009014
26202009009,26202009015
26202009010,26202009011
26202009010,26202009012
26202009011,26202009012
26202009011,26202009016
26202009012,26202009013
26202009012,26202009016
26202009013,26202009015
26202009013,26202009016
26202009013,26202010002
26202009013,26202010004
26202009013,26202010007
26202009013,26202010021
26202009014,26202009015
26202009014,26202009016
26202009014,26202010002
26202009014,26202010023
26202009015,26202010002
26202009016,26202010021
26202009016,26202010023
26202009016,26202012026
26202009016,26202012030
26202010002,26202010003
26202010002,26202010004
26202010002,26202010023
26202010003,26202010004
26202010003,26202010018
26202010003,26202010023
26202010003,26202010024
26202010003,26202010025
26202010004,26202010005
26202010004,26202010007
26202010004,26202010018
26202010004,26202010024
26202010004,26202010025
26202010005,26202010006
26202010005,26202010007
26202010005,26202010018
26202010006,26202010007
26202010006,26202010008
26202010006,26202010010
26202010006,26202010018
26202010007,26202010008
26202010007,26202010021
26202010008,26202010009
26202010008,26202010010
26202010008,26202010021
26202010009,26202010010
26202010009,26202010011
26202010009,26202010012
26202010009,26202010015
26202010009,26202010021
26202010010,26202010011
26202010010,26202010018
26202010011,26202010013
26202010011,26202010014
26202010011,26202010015
26202010011,26202010018
26202010011,26202010020
26202010012,26202010015
26202010012,26202010016
26202010012,26202010021
26202010013,26202010018
26202010013,26202010019
26202010013,26202010020
26202010014,26202010015
26202010014,26202010020
26202010014,262020220
26202010015,26202010016
26202010015,26202010021
26202010015,26202012022
26202010015,26202012026
26202010015,262020220
26202010016,26202010021
26202010017,26202010019
26202010017,26202010020
26202010017,262020220
26202010018,26202010019
26202010018,26202010020
26202010018,26202010023
26202010018,26202010024
26202010018,262020220
26202010019,26202010020
26202010019,262020220
26202010020,262020220
26202010021,26202012022
26202010021,26202012026
26202010021,262020220
26202010023,262020220
26202010024,26202010025
26202011001,26202011002
26202011001,26202011003
26202011001,26202011004
26202011001,26202011008
26202011001,26202012021
26202011001,26202012026
26202011001,262020220
26202011002,26202011003
26202011002,26202012026
26202011003,26202011004
26202011003,26202011007
26202011003,26202012026
26202011004,26202011005
26202011004,26202011006
26202011004,26202011007
26202011004,262020220
26202011005,26202011006
26202011005,26202012022
26202011005,26202012026
26202011005,262020220
26202011006,26202011007
26202011006,26202012026
26202011007,26202012026
26202011008,26202011009
26202011008,26202011010
26202011008,26202011020
26202011008,26202012021
26202011008,262020220
26202011009,26202011011
26202011009,26202011019
26202011009,26202011020
26202011009,26202011026
26202011009,262020220
26202011010,262020220
26202011011,26202011018
26202011011,26202011019
26202011011,26202011022
26202011011,26202011023
26202011011,26202011024
26202011011,26202011025
26202011011,26202011026
26202011012,26202011013
26202011012,26202011014
26202011012,26202011016
26202011012,26202011046
26202011012,26202012004
26202011012,26202012028
26202011013,26202011015
26202011013,26202011016
26202011013,26202011021
26202011013,26202011041
26202011013,26202012004
26202011013,26202012020
26202011014,26202011016
26202011014,26202011046
26202011014,26202011051
26202011015,26202011016
26202011015,26202011017
26202011015,26202011018
26202011015,26202011019
26202011015,26202011021
26202011015,26202011040
26202011015,26202011041
26202011016,26202011017
26202011016,26202011041
26202011016,26202011046
26202011016,26202011051
26202011016,26202011053
26202011016,26202015022
26202011017,26202011040
26202011017,26202011041
26202011017,26202011048
26202011017,26202011062
26202011017,26202015022
26202011018,26202011019
26202011018,26202011022
26202011018,26202011025
26202011018,26202011027
26202011018,26202011034
26202011018,26202011040
26202011018,26202011042
26202011018,26202011047
26202011019,26202011020
26202011019,26202011021
26202011019,26202011022
26202011019,26202011047
26202011020,26202011021
26202011020,26202012021
26202011021,26202012020
26202011021,26202012021
26202011023,26202011024
26202011023,26202011025
26202011023,26202011026
26202011024,26202011025
26202011025,26202011026
26202011025,26202011027
26202011026,26202011027
26202011026,26202011029
26202011026,262020220
26202011027,26202011028
26202011027,26202011029
26202011027,26202011031
26202011027,26202011033
26202011027,26202011034
26202011028,26202011029
26202011028,26202011030
26202011028,26202011031
26202011028,26202011032
26202011029,26202011030
26202011029,26202011049
26202011029,262020220
26202011030,26202011032
26202011030,26202011049
26202011031,26202011032
26202011031,26202011033
26202011032,26202011033
26202011032,26202011049
26202011032,26202011050
26202011032,26202013003
26202011032,26202013013
26202011033,26202011034
26202011033,26202011035
26202011033,26202011050
26202011034,26202011035
26202011034,26202011038
26202011034,26202011042
26202011035,26202011036
26202011035,26202011038
26202011035,26202011050
26202011036,26202011037
26202011036,26202011038
26202011036,26202011050
26202011037,26202011038
26202011037,26202011039
26202011037,26202011050
26202011038,26202011039
26202011038,26202011042
26202011038,26202011043
26202011038,26202011044
26202011039,26202011044
26202011039,26202011045
26202011039,26202011050
26202011039,26202011055
26202011039,26202015008
26202011039,26202015009
26202011040,26202011041
26202011040,26202011042
26202011040,26202011043
26202011040,26202011044
26202011040,26202011045
26202011040,26202011065
26202011041,26202011045
26202011041,26202011048
26202011041,26202011062
26202011041,26202015022
26202011042,26202011043
26202011043,26202011044
26202011044,26202011045
26202011045,26202011055
26202011045,26202011056
26202011045,26202015022
26202011046,26202011052
26202011046,26202011053
26202011046,26202011058
26202011046,26202011063
26202011046,26202011064
26202011046,26202012028
26202011049,26202013003
26202011049,26202013012
26202011049,262020220
26202011050,26202013013
26202011050,26202015008
26202011053,26202011057
26202011053,26202011058
26202011053,26202011063
26202011053,26202011064
26202011053,26202015022
26202011055,26202011056
26202011055,26202015009
26202011056,26202015007
26202011056,26202015009
26202011056,26202015010
26202011056,26202015022
26202011057,26202011058
26202011057,26202012028
26202011057,26202015010
26202011057,26202015022
26202011057,26202015023
26202011058,26202011063
26202011058,26202011064
26202011058,26202012028
26202011059,26202011060
26202011059,26202015022
26202011060,26202011061
26202011060,26202015010
26202011060,26202015022
26202011061,26202015010
26202011061,26202015022
26202011061,26202015040
26202011063,26202011064
26202012001,26202012002
26202012001,26202012003
26202012001,26202012006
26202012001,26202012007
26202012001,26202012028
26202012001,26202012030
26202012001,26202012034
26202012002,26202012007
26202012002,26202012034
26202012003,26202012004
26202012003,26202012007
26202012003,26202012015
26202012003,26202012016
26202012003,26202012025
26202012003,26202012028
26202012004,26202012015
26202012004,26202012020
26202012004,26202012025
26202012004,26202012028
26202012005,26202012009
26202012005,26202012010
26202012005,26202012012
26202012005,26202012030
26202012005,26202012034
26202012006,26202012008
26202012006,26202012030
26202012006,26202012034
26202012007,26202012016
26202012007,26202012030
26202012007,26202012034
26202012008,26202012030
26202012009,26202012010
26202012009,26202012012
26202012009,26202012013
26202012009,26202012015
26202012009,26202012023
26202012009,26202012030
26202012009,26202012032
26202012010,26202012015
26202012010,26202012030
26202012012,26202012023
26202012012,26202012030
26202012012,26202012032
26202012013,26202012014
26202012013,26202012030
26202012013,26202012032
26202012014,26202012030
26202012014,26202012032
26202012014,26202012035
26202012015,26202012016
26202012015,26202012017
26202012015,26202012018
26202012015,26202012019
26202012015,26202012020
26202012015,26202012026
26202012015,26202012027
26202012015,26202012030
26202012015,26202012031
26202012016,26202012030
26202012017,26202012018
26202012017,26202012026
26202012018,26202012020
26202012018,26202012026
26202012019,26202012026
26202012020,26202012021
26202012020,26202012024
26202012020,26202012026
26202012021,26202012026
26202012022,26202012026
26202012022,26202012036
26202012022,262020220
26202012024,26202012026
26202012024,26202012029
26202012025,26202012028
26202012026,26202012027
26202012026,26202012029
26202012026,26202012030
26202012026,26202012031
26202012028,26202012030
26202012028,26202015010
26202012028,26202015011
26202012030,26202012032
26202012030,26202012034
26202012030,26202015011
26202012030,26202016010
26202012032,26202012035
26202012036,262020220
26202013001,26202013002
26202013001,26202013013
26202013001,26202020012
26202013002,26202013003
26202013002,26202013004
26202013002,26202013005
26202013002,26202013006
26202013002,26202013011
26202013002,26202013012
26202013002,26202013013
26202013003,26202013004
26202013003,26202013012
26202013003,26202013013
26202013004,26202013012
26202013005,26202013011
26202013006,26202013007
26202013006,26202013011
26202013006,26202013013
26202013006,26202013014
26202013006,262020220
26202013007,26202013013
26202013007,26202020012
26202013007,262020220
26202013008,26202013013
26202013008,262020220
26202013009,26202013013
26202013009,262020220
26202013010,26202013013
26202013010,262020220
26202013011,26202013012
26202013011,26202013014
26202013011,262020220
26202013012,262020220
26202013013,26202014008
26202013013,26202015008
26202013013,26202020012
26202013013,26202021004
26202013013,26202021005
26202013013,262020220
26202013014,262020220
26202014001,26202014008
26202014001,26202014013
26202014001,26202015030
26202014002,26202014005
26202014002,26202014006
26202014002,26202014008
26202014002,26202014009
26202014002,26202014013
26202014002,26202014014
26202014002,26202014015
26202014004,26202014008
26202014004,26202014014
26202014005,26202014008
26202014005,26202014009
26202014005,26202015007
26202014005,26202015008
26202014006,26202014008
26202014008,26202014013
26202014008,26202014014
26202014008,26202015007
26202014008,26202015008
26202014008,26202015030
26202014008,26202019002
26202014008,26202019005
26202014008,26202020012
26202014008,26203005008
26202014008,26203012001
26202014009,26202014011
26202014009,26202014015
26202014009,26202015003
26202014009,26202015007
26202014009,26202015060
26202014011,26202014013
26202014011,26202014015
26202014011,26202015012
26202014011,26202015060
26202014013,26202014015
26202014013,26202015003
26202014013,26202015004
26202014013,26202015012
26202014013,26202015030
26202015001,26202015003
26202015001,26202015030
26202015001,26203005021
26202015002,26202015003
26202015002,26202015030
26202015003,26202015004
26202015003,26202015006
26202015003,26202015007
26202015003,26202015012
26202015003,26202015030
26202015003,26202015060
26202015003,26202016001
26202015003,26202016010
26202015004,26202015012
26202015006,26202015007
26202015006,26202015010
26202015006,26202015011
26202015006,26202015013
26202015006,26202015014
26202015006,26202016001
26202015007,26202015008
26202015007,26202015009
26202015007,26202015010
26202015008,26202015009
26202015008,26202015050
26202015009,26202015050
26202015010,26202015011
26202015010,26202015013
26202015010,26202015022
26202015010,26202015040
26202015011,26202015013
26202015011,26202015014
26202015011,26202016001
26202015011,26202016010
26202015012,26202015060
26202015013,26202015014
26202015022,26202015023
26202015022,26202015040
26202015030,26202016010
26202015030,26203005008
26202015030,26203005017
26202015030,26203005021
26202016001,26202016002
26202016001,26202016004
26202016001,26202016010
26202016002,26202016003
26202016002,26202016004
26202016002,26202016010
26202016003,26202016004
26202016003,26202016010
26202016004,26202016005
26202016004,26202016010
26202016005,26202016006
26202016005,26202016010
26202016006,26202016007
26202016006,26202016010
26202016007,26202016008
26202016007,26202016010
26202016007,26203002001
26202016008,26202016009
26202016008,26202016010
26202016008,26203002001
26202016009,26202016010
26202016010,26203002001
26202016010,26203005017
26202017001,26202017002
26202017001,26202017005
26202017001,26202017009
26202017002,26202017003
26202017002,26202017004
26202017002,26202017005
26202017002,26202017009
26202017003,26202017009
26202017004,26202017005
26202017004,26202017009
26202017004,26202018001
26202017004,26202019003
26202017005,26202017006
26202017005,26202017007
26202017005,26202017009
26202017005,26202018001
26202017005,26202018003
26202017006,26202017007
26202017006,26202017008
26202017006,26202017009
26202017006,26202018001
26202017006,26202018003
26202017007,26202017009
26202017007,26205008001
26202017008,26202017009
26202017008,26202018003
26202017008,26205008001
26202017009,26202019003
26202017009,26202019005
26202017009,26203012001
26202017009,26205008001
26202018001,26202018002
26202018001,26202018003
26202018001,26202018009
26202018001,26202019003
26202018001,26202019005
26202018002,26202018009
26202018003,26202018004
26202018003,26202018005
26202018003,26202018009
26202018003,26205008001
26202018003,26205009001
26202018004,26202018005
26202018004,26202018006
26202018004,26202018009
26202018005,26202018009
26202018005,26205009001
26202018006,26202018007
26202018006,26202018009
26202018007,26202018009
26202018007,26205009001
26202018008,26202018009
26202018008,26202020012
26202018008,26205010001
26202018008,26205010005
26202018009,26202019003
26202018009,26202019005
26202018009,26202020012
26202018009,26205009001
26202018009,26205009002
26202018009,26205010001
26202019001,26202019002
26202019001,26202019003
26202019001,26202019005
26202019002,26202019003
26202019002,26202019005
26202019002,26202020006
26202019002,26202020012
26202019003,26202019004
26202019003,26202019005
26202019003,26202020006
26202019004,26202019005
26202019004,26202020004
26202019004,26202020005
26202019004,26202020006
26202019005,26202020005
26202019005,26202020012
26202019005,26203012001
26202020001,26202020002
26202020001,26202020009
26202020001,26202020010
26202020001,26202020011
26202020001,26202020012
26202020001,26202021003
26202020001,26202021005
26202020001,26205010005
26202020001,26205010006
26202020002,26202020003
26202020002,26202020007
26202020002,26202020008
26202020002,26202020009
26202020002,26202020012
26202020003,26202020004
26202020003,26202020007
26202020003,26202020012
26202020004,26202020005
26202020004,26202020006
26202020004,26202020007
26202020004,26202020012
26202020005,26202020012
26202020006,26202020007
26202020006,26202020012
26202020007,26202020008
26202020007,26202020012
26202020008,26202020009
26202020008,26202020010
26202020008,26202020012
26202020009,26202020010
26202020010,26202020011
26202020010,26202020012
26202020011,26202020012
26202020011,26202021005
26202020012,26202021005
26202020012,26205010005
26202021001,26202021002
26202021001,26202021005
26202021002,26202021004
26202021002,26202021005
26202021002,26205010004
26202021002,26205010005
26202021003,26202021004
26202021003,26202021005
26202021003,26205010006
26202021004,26202021005
26202021004,26205010005
26202021004,26205010006
26202021005,262020220
26203001001,26203001002
26203001001,26203001003
26203001001,26203001004
26203001001,26203001013
26203001001,26203002001
26203001001,26203002017
26203001001,26203002018
26203001002,26203001003
26203001002,26203001004
26203001002,26203001008
26203001002,26203002006
26203001002,26203002017
26203001002,26203002018
26203001003,26203001004
26203001003,26203001007
26203001003,26203001013
26203001004,26203001005
26203001004,26203001007
26203001004,26203001008
26203001005,26203001006
26203001005,26203001007
26203001005,26203001008
26203001006,26203001008
26203001007,26203001008
26203001007,26203001013
26203001008,26203001009
26203001008,26203001010
26203001008,26203001011
26203001008,26203001012
26203001008,26203001013
26203001008,26203001014
26203001008,26203001015
26203001008,26203002006
26203001008,26213004011
26203001008,26213004018
26203001008,264070720
26203001008,264070730
26203001009,26203001010
26203001009,26203001012
26203001009,26203001013
26203001010,26203001011
26203001012,26203001013
26203001013,26203001014
26203001013,26203001015
26203001013,26203002001
26203001014,26203001015
26203002001,26203002003
26203002001,26203002004
26203002001,26203002005
26203002001,26203002006
26203002001,26203002007
26203002001,26203002008
26203002001,26203002009
26203002001,26203002010
26203002001,26203002011
26203002001,26203002017
26203002001,26203002019
26203002001,26203002020
26203002001,26203002021
26203002001,26203002022
26203002001,26203002023
26203002001,26203002024
26203002001,26203002025
26203002001,26203003003
26203002001,26203003005
26203002001,26203005017
26203002002,26203002003
26203002002,26203002006
26203002003,26203002004
26203002003,26203002006
26203002004,26203002005
26203002004,26203002006
26203002005,26203002006
26203002006,26203002007
26203002006,26203002011
26203002006,26203002012
26203002006,26203002013
26203002006,26203002014
26203002006,26203002015
26203002006,26203002016
26203002006,26203002017
26203002006,26203002018
26203002006,26203003003
26203002006,26203003007
26203002006,264070690
26203002006,264070720
26203002007,26203002008
26203002007,26203002012
26203002008,26203002009
26203002008,26203002012
26203002008,26203002026
26203002009,26203002010
26203002009,26203002012
26203002009,26203002015
26203002010,26203002011
26203002010,26203002015
26203002010,26203002016
26203002011,26203002015
26203002011,26203002016
26203002011,26203002017
26203002012,26203002013
26203002012,26203002015
26203002013,26203002014
26203002013,26203002015
26203002014,26203002015
26203002015,26203002016
26203002017,26203002018
26203002017,26203002019
26203002019,26203002020
26203002020,26203002021
26203002021,26203002022
26203002022,26203002023
26203002022,26203002024
26203002023,26203002024
26203002024,26203002025
26203003001,26203003002
26203003001,26203003005
26203003001,26203003007
26203003001,26203004002
26203003001,26203004005
26203003001,26203004007
26203003002,26203003003
26203003002,26203003004
26203003002,26203003005
26203003002,26203003007
26203003002,26203003009
26203003003,26203003004
26203003003,26203003005
26203003003,26203003007
26203003003,26203003009
26203003003,26203003010
26203003004,26203003006
26203003004,26203003007
26203003005,26203003009
26203003005,26203003010
26203003005,26203004005
26203003005,26203004007
26203003005,26203005017
26203003006,26203003007
26203003007,26203003008
26203003007,26203004002
26203003007,264070690
26203003007,264070760
26203003007,264070780
26203004001,26203004002
26203004001,26203004011
26203004001,26203004012
26203004001,264070790
26203004002,26203004003
26203004002,26203004004
26203004002,26203004005
26203004002,26203004011
26203004002,264070780
26203004002,264070790
26203004003,26203004004
26203004003,26203004006
26203004003,26203004011
26203004004,26203004005
26203004004,26203004006
26203004004,26203004007
26203004005,26203004007
26203004006,26203004007
26203004006,26203004011
26203004007,26203004008
26203004007,26203004010
26203004007,26203004011
26203004007,26203005017
26203004007,26203006005
26203004007,26203006006
26203004007,26203008032
26203004008,26203004009
26203004008,26203004010
26203004008,26203008032
26203004008,26203008033
26203004009,26203004010
26203004009,26203008033
26203004010,26203004011
26203004010,26203004012
26203004010,26203008033
26203004010,264070810
26203004011,26203004012
26203004012,264070790
26203004012,264070810
26203005001,26203005002
26203005001,26203005017
26203005001,26203006004
26203005001,26203006005
26203005002,26203005005
26203005002,26203005006
26203005002,26203005017
26203005002,26203005024
26203005002,26203006003
26203005002,26203006004
26203005003,26203005004
26203005003,26203005009
26203005003,26203005023
26203005003,26203005024
26203005003,26203006003
26203005004,26203005005
26203005004,26203005024
26203005004,26203006003
26203005005,26203005006
26203005005,26203005024
26203005005,26203006003
26203005006,26203005024
26203005007,26203005017
26203005007,26203005024
26203005008,26203005009
26203005008,26203005010
26203005008,26203005015
26203005008,26203005016
26203005008,26203005021
26203005008,26203005022
26203005008,26203006002
26203005008,26203006003
26203005008,26203012001
26203005009,26203005010
26203005009,26203005017
26203005009,26203005023
26203005009,26203005024
26203005009,26203006002
26203005009,26203006003
26203005010,26203005011
26203005010,26203005015
26203005010,26203005017
26203005011,26203005012
26203005011,26203005014
26203005011,26203005015
26203005011,26203005017
26203005012,26203005013
26203005012,26203005014
26203005012,26203005017
26203005013,26203005014
26203005013,26203005017
26203005014,26203005015
26203005014,26203005017
26203005015,26203005016
26203005015,26203005017
26203005015,26203005020
26203005016,26203005017
26203005016,26203005020
26203005016,26203005021
26203005017,26203005018
26203005017,26203005019
26203005017,26203005020
26203005017,26203005021
26203005017,26203005024
26203005017,26203006005
26203005018,26203005019
26203005021,26203005022
26203006001,26203006002
26203006001,26203006003
26203006002,26203006003
26203006003,26203006004
26203006003,26203007101
26203006003,26203007201
26203006003,26203011005
26203006003,26203012001
26203006004,26203006005
26203006004,26203007101
26203006005,26203006006
26203006005,26203006009
26203006005,26203007101
26203006006,26203006009
26203006006,26203007101
26203006006,26203007102
26203006006,26203007204
26203006006,26203008032
26203007101,26203007102
26203007101,26203007201
26203007101,26203007204
26203007201,26203007202
26203007201,26203007203
26203007201,26203007204
26203007201,26203007205
26203007201,26203007206
26203007201,26203007207
26203007201,26203010001
26203007201,26203011005
26203007202,26203007203
26203007202,26203007204
26203007202,26203008030
26203007202,26203008032
26203007202,26203010001
26203007203,26203007204
26203007203,26203007207
26203007204,26203007207
26203007204,26203008032
26203007205,26203007206
26203008001,26203008002
26203008001,26203008011
26203008001,26203008012
26203008001,26203008015
26203008002,26203008003
26203008002,26203008011
26203008002,26203008015
26203008002,26203008018
26203008002,26203008022
26203008003,26203008004
26203008003,26203008005
26203008003,26203008011
26203008003,26203008020
26203008003,26203008022
26203008004,26203008005
26203008004,26203008009
26203008004,26203008011
26203008004,26203008021
26203008004,26203008030
26203008004,26203008031
26203008004,26203008042
26203008004,26203008062
26203008005,26203008006
26203008005,26203008007
26203008005,26203008009
26203008005,26203008020
26203008006,26203008007
26203008006,26203008008
26203008006,26203008009
26203008006,26203008021
26203008007,26203008008
26203008007,26203008010
26203008007,26203008020
26203008007,26203008024
26203008008,26203008009
26203008008,26203008010
26203008008,26203008020
26203008008,26203008021
26203008008,26203008023
26203008008,26203008024
26203008008,26203008028
26203008009,26203008021
26203008010,26203008024
26203008010,26203008025
26203008010,26203008028
26203008011,26203008012
26203008011,26203008014
26203008011,26203008031
26203008012,26203008013
26203008012,26203008014
26203008012,26203008015
26203008013,26203008014
26203008013,26203008015
26203008013,26203008016
26203008013,26203008017
26203008013,26203008032
26203008013,26203008034
26203008013,26203008066
26203008014,26203008030
26203008014,26203008031
26203008014,26203008032
26203008015,26203008017
26203008015,26203008018
26203008016,26203008017
26203008016,26203008018
26203008016,26203008026
26203008016,26203008033
26203008016,26203008035
26203008016,26203008039
26203008016,26203008065
26203008016,26203008066
26203008017,26203008018
26203008018,26203008019
26203008018,26203008022
26203008018,26203008026
26203008019,26203008022
26203008019,26203008026
26203008020,26203008022
26203008020,26203008023
26203008021,26203008028
26203008021,26203008042
26203008022,26203008023
26203008022,26203008026
26203008023,26203008024
26203008023,26203008026
26203008023,26203008038
26203008024,26203008025
26203008024,26203008038
26203008025,26203008028
26203008025,26203008029
26203008025,26203008038
26203008026,26203008033
26203008026,26203008038
26203008027,26203008029
26203008027,26203008033
26203008027,26203008037
26203008027,26203008038
26203008028,26203008029
26203008028,26203008030
26203008028,26203008042
26203008028,26203008043
26203008028,26203008059
26203008028,26203008061
26203008028,26203008062
26203008028,26203009001
26203008028,26203009002
26203008028,26203010001
26203008028,26203010003
26203008029,26203008037
26203008029,26203008038
26203008029,26203009001
26203008030,26203008031
26203008030,26203008032
26203008030,26203008043
26203008030,26203008062
26203008030,26203008063
26203008030,26203008064
26203008030,26203010001
26203008032,26203008033
26203008032,26203008034
26203008032,26203008041
26203008032,26203008060
26203008033,26203008034
26203008033,26203008035
26203008033,26203008037
26203008033,26203008038
26203008033,26203008039
26203008033,26203009003
26203008033,26203009005
26203008033,26203009006
26203008033,26203009008
26203008034,26203008039
26203008034,26203008066
26203008037,26203008038
26203008037,26203009001
26203008037,26203009008
26203008039,26203008066
26203008042,26203008062
26203008043,26203008059
26203008059,26203008061
26203008062,26203008063
26203008063,26203008064
26203009001,26203009002
26203009001,26203009003
26203009001,26203009007
26203009001,26203009008
26203009002,26203009007
26203009002,26203009009
26203009002,26203010001
26203009002,26203010003
26203009003,26203009005
26203009003,26203009006
26203009003,26203009007
26203009003,26203009008
26203009003,26203009009
26203009005,26203009006
26203009005,26203009009
26203009005,26203009010
26203009005,26203009011
26203009005,26203009012
26203009005,26203009013
26203009005,26203010006
26203009005,26203010007
26203009005,26203010018
26203009005,26203010019
26203009007,26203009009
26203009009,26203009010
26203009009,26203010003
26203009009,26203010006
26203009010,26203009011
26203009011,26203009013
26203009012,26203009013
26203010001,26203010002
26203010001,26203010003
26203010001,26203010004
26203010001,26203010012
26203010001,26203011005
26203010002,26203010003
26203010003,26203010004
26203010003,26203010005
26203010003,26203010006
26203010003,26203010023
26203010004,26203010005
26203010004,26203010008
26203010004,26203010010
26203010004,26203010012
26203010005,26203010006
26203010005,26203010007
26203010005,26203010008
26203010006,26203010007
26203010007,26203010008
26203010007,26203010018
26203010007,26203010020
26203010008,26203010009
26203010008,26203010010
26203010008,26203010020
26203010009,26203010010
26203010009,26203010014
26203010009,26203010020
26203010010,26203010011
26203010010,26203010012
26203010010,26203010013
26203010010,26203010014
26203010010,26203010024
26203010010,26203010026
26203010011,26203010012
26203010011,26203010013
26203010011,26203010014
26203010011,26203010024
26203010012,26203010014
26203010012,26203010024
26203010012,26203011005
26203010013,26203010014
26203010014,26203010015
26203010014,26203010016
26203010014,26203010017
26203010014,26203010020
26203010014,26203010021
26203010014,26203010022
26203010014,26203010025
26203010014,26203011001
26203010014,26203011005
26203010015,26203010016
26203010015,26203010017
26203010016,26203010017
26203010018,26203010019
26203010018,26203010020
26203010018,26203010021
26203010019,26203010021
26203010019,26203010022
26203010020,26203010021
26203010021,26203010022
26203011001,26203011002
26203011001,26203011003
26203011001,26203011004
26203011001,26203011005
26203011001,26203011006
26203011001,26203012001
26203011002,26203011004
26203011002,26203011006
26203011002,26203012001
26203011002,26203012002
26203011003,26203011004
26203011003,26203011005
26203011003,26203011007
26203011004,26203011007
26203011004,26203012002
26203011005,26203011007
26203011005,26203012001
26203011005,26203012003
26203011007,26203012001
26203011007,26203012002
26203011007,26203012003
26203012001,26203012002
26203012001,26203012003
26203012001,26203012004
26203012001,26203012005
26203012001,26203012006
26203012001,26203012007
26203012001,26203012008
26203012001,26203012009
26203012001,26203012010
26203012002,26203012003
26203012003,26203012004
26203012003,26203012005
26203012004,26203012005
26203012006,26203012007
26203012007,26203012008
26203012008,26203012009
26203012009,26203012010
26204001001,26204001002
26204001001,26204001004
26204001001,26204001005
26204001001,26204001006
26204001001,26204001007
26204001002,26204001003
26204001002,26204001004
26204001002,26204001006
26204001002,26204001007
26204001002,26204003005
26204001003,26204001004
26204001003,26204001007
26204001003,26204003007
26204001003,26204003012
26204001004,26204003007
26204001004,26204003011
26204001005,26204001006
26204001005,26204001007
26204001005,26204003018
26204001005,26204003025
26204001006,26204001007
26204001006,26204003005
26204001006,26204003013
26204001007,26204003005
26204001007,26204003012
26204001007,26204003013
26204001007,26204003018
26204001007,26204003025
26204003001,26204003003
26204003001,26204003006
26204003001,26204003013
26204003001,26204003018
26204003001,26204003019
26204003001,26204003025
26204003002,26204003004
26204003002,26204003011
26204003002,26204003015
26204003002,26204003016
26204003002,26204003017
26204003003,26204003006
26204003003,26204003018
26204003003,26204003022
26204003004,26204003010
26204003004,26204003015
26204003004,26204003017
26204003004,26204003020
26204003004,26204003029
26204003005,26204003013
26204003006,26204003008
26204003006,26204003019
26204003006,26204003022
26204003006,26204003028
26204003007,26204003011
26204003007,26204003012
26204003007,26204003017
26204003007,26204003020
26204003008,26204003012
26204003008,26204003019
26204003008,26204003020
26204003008,26204003021
26204003008,26204003028
26204003009,26204003014
26204003009,26204003024
26204003009,26204012001
26204003010,26204003020
26204003010,26204003021
26204003010,26204003028
26204003010,26204003029
26204003011,26204003015
26204003011,26204003016
26204003011,26204003017
26204003011,26204003026
26204003011,26204005008
26204003011,26204005015
26204003011,26204005026
26204003011,26204005034
26204003011,26204005039
26204003012,26204003013
26204003012,26204003017
26204003012,26204003019
26204003012,26204003020
26204003013,26204003019
26204003013,26204003025
26204003014,26204003022
26204003014,26204003024
26204003014,26204003027
26204003014,26204003028
26204003014,26204004001
26204003014,26204004003
26204003014,26204004004
26204003015,26204003016
26204003015,26204003026
26204003015,26204003028
26204003015,26204003029
26204003017,26204003020
26204003018,26204003022
26204003018,26204003025
26204003019,26204003020
26204003020,26204003021
26204003021,26204003028
26204003022,26204003028
26204003022,26204004001
26204003022,26204004002
26204003022,26204004004
26204003024,26204003027
26204003024,26204005024
26204003024,26204007013
26204003024,26204007027
26204003024,26204012001
26204003026,26204003028
26204003026,26204003029
26204003026,26204005008
26204003026,26204005020
26204003026,26204005026
26204003027,26204003028
26204003027,26204005024
26204003027,26204005040
26204003028,26204003029
26204003028,26204005020
26204003028,26204005040
26204004001,26204004002
26204004001,26204004004
26204004002,26204004003
26204004002,26204004004
26204004003,26204004004
26204005002,26204005005
26204005002,26204005013
26204005002,26204005021
26204005003,26204005011
26204005003,26204005017
26204005003,26204005031
26204005003,26204005041
26204005003,26204007024
26204005003,26204007028
26204005003,26204008001
26204005003,26204008003
26204005004,26204005010
26204005004,26204005029
26204005004,26204005038
26204005004,26204005041
26204005004,26204007030
26204005005,26204005006
26204005005,26204005007
26204005005,26204005009
26204005005,26204005013
26204005005,26204005016
26204005005,26204005021
26204005005,26204005025
26204005005,26204005032
26204005005,26204005033
26204005005,26204005035
26204005005,26204005042
26204005005,26204038013
26204005005,26204038017
26204005005,26204038018
26204005005,26204038019
26204005005,26204038025
26204005006,26204005009
26204005006,26204005010
26204005006,26204005013
26204005006,26204005016
26204005006,26204005029
26204005006,26204005036
26204005007,26204005008
26204005007,26204005020
26204005007,26204005032
26204005007,26204005035
26204005008,26204005015
26204005008,26204005020
26204005008,26204005026
26204005008,26204005028
26204005008,26204005032
26204005008,26204005035
26204005009,26204005036
26204005009,26204038017
26204005010,26204005013
26204005010,26204005029
26204005010,26204005038
26204005011,26204005013
26204005011,26204005031
26204005011,26204005037
26204005011,26204005038
26204005011,26204005041
26204005013,26204005016
26204005013,26204005021
26204005013,26204005037
26204005013,26204005038
26204005015,26204005026
26204005015,26204005028
26204005015,26204005034
26204005015,26204005042
26204005017,26204005019
26204005017,26204005024
26204005017,26204005031
26204005017,26204007013
26204005017,26204007015
26204005017,26204007021
26204005017,26204007025
26204005017,26204008002
26204005017,26204008003
26204005017,26204008004
26204005019,26204005020
26204005019,26204005021
26204005019,26204005024
26204005019,26204005031
26204005019,26204005032
26204005019,26204005037
26204005020,26204005024
26204005020,26204005026
26204005020,26204005032
26204005020,26204005040
26204005021,26204005032
26204005021,26204005037
26204005024,26204005040
26204005024,26204007013
26204005025,26204005035
26204005025,26204005042
26204005028,26204005035
26204005028,26204005042
26204005029,26204005036
26204005029,26204007030
26204005029,26204038007
26204005029,26204038012
26204005029,26204038029
26204005031,26204005037
26204005033,26204005034
26204005033,26204005039
26204005033,26204005042
26204005033,26204038018
26204005034,26204005039
26204005034,26204005042
26204005035,26204005042
26204005036,26204038016
26204005036,26204038017
26204005036,26204038029
26204005038,26204005041
26204005041,26204007024
26204005041,26204007030
26204007001,26204007004
26204007001,26204007014
26204007001,26204007031
26204007001,26204007034
26204007001,26204024005
26204007002,26204007004
26204007002,26204007006
26204007002,26204007016
26204007002,26204007032
26204007002,26204007034
26204007002,26204007036
26204007002,26204022001
26204007003,26204007015
26204007003,26204007018
26204007003,26204007025
26204007003,26204007028
26204007003,26204008002
26204007004,26204007006
26204007004,26204007032
26204007004,26204007034
26204007004,26204024005
26204007004,26204024027
26204007004,26204024033
26204007005,26204007008
26204007005,26204007012
26204007005,26204007015
26204007005,26204007018
26204007005,26204007020
26204007005,26204007026
26204007006,26204007007
26204007006,26204007010
26204007006,26204007016
26204007006,26204007032
26204007006,26204007036
26204007006,26204010002
26204007006,26204010005
26204007006,26204010011
26204007006,26204010012
26204007006,26204022001
26204007006,26204022002
26204007006,26204022003
26204007006,26204024010
26204007006,26204024033
26204007007,26204007010
26204007007,26204007012
26204007007,26204007016
26204007008,26204007012
26204007008,26204007016
26204007008,26204007020
26204007008,26204007034
26204007009,26204007019
26204007009,26204007030
26204007009,26204007031
26204007009,26204007033
26204007009,26204038007
26204007009,26204038010
26204007009,26204038026
26204007009,26204038035
26204007010,26204007012
26204007010,26204007021
26204007010,26204007022
26204007010,26204010002
26204007010,26204010005
26204007010,26204010010
26204007011,26204007013
26204007011,26204007022
26204007011,26204010009
26204007011,26204010010
26204007011,26204012012
26204007011,26204016003
26204007011,26204016005
26204007012,26204007015
26204007012,26204007016
26204007012,26204007021
26204007013,26204007021
26204007013,26204007022
26204007013,26204007027
26204007013,26204012001
26204007013,26204012011
26204007013,26204012012
26204007014,26204007017
26204007014,26204007031
26204007014,26204007034
26204007015,26204007018
26204007015,26204007021
26204007015,26204007025
26204007016,26204007034
26204007017,26204007019
26204007017,26204007020
26204007017,26204007031
26204007017,26204007034
26204007018,26204007023
26204007018,26204007025
26204007018,26204007026
26204007018,26204007028
26204007018,26204007035
26204007018,26204008002
26204007019,26204007020
26204007019,26204007031
26204007019,26204007033
26204007019,26204007035
26204007020,26204007023
26204007020,26204007026
26204007020,26204007034
26204007020,26204007035
26204007021,26204007022
26204007022,26204010010
26204007023,26204007026
26204007023,26204007028
26204007023,26204007035
26204007024,26204007028
26204007024,26204007030
26204007024,26204007033
26204007024,26204007035
26204007025,26204008002
26204007027,26204012001
26204007028,26204007033
26204007028,26204007035
26204007028,26204008001
26204007028,26204008002
26204007030,26204007033
26204007030,26204038007
26204007031,26204024005
26204007031,26204024014
26204007031,26204038004
26204007031,26204038007
26204007031,26204038010
26204007031,26204038020
26204007032,26204010011
26204007032,26204022001
26204007032,26204022002
26204007032,26204022004
26204007032,26204024010
26204007032,26204024033
26204007033,26204007035
26204007036,26204022001
26204007036,26204022002
26204007036,26204022003
26204008001,26204008002
26204008001,26204008003
26204008002,26204008003
26204008003,26204008004
26204010001,26204038031
26204010001,26344001001
26204010002,26204010005
26204010002,26204010013
26204010002,26204010014
26204010003,26204010004
26204010003,26204010006
26204010003,26204016003
26204010003,26344001001
26204010004,26204016003
26204010004,26204016008
26204010004,26344001001
26204010004,26344002008
26204010005,26204010010
26204010005,26204010011
26204010005,26204010013
26204010005,26204010014
26204010006,26204016003
26204010006,26204038030
26204010006,26344001001
26204010007,26204038031
26204010007,26204038036
26204010008,26204010009
26204010008,26204010011
26204010008,26204010018
26204010008,26204016003
26204010008,26204024008
26204010008,26204038030
26204010008,26204038031
26204010009,26204010010
26204010009,26204010015
26204010009,26204010018
26204010009,26204016003
26204010010,26204010014
26204010010,26204010015
26204010011,26204010012
26204010011,26204010013
26204010011,26204010016
26204010011,26204010017
26204010011,26204010018
26204010011,26204022002
26204010011,26204022003
26204010011,26204024008
26204010011,26204024010
26204010012,26204022003
26204010012,26204024010
26204010013,26204010014
26204010013,26204010016
26204010014,26204010015
26204010014,26204010016
26204010015,26204010016
26204010015,26204010018
26204010016,26204010017
26204010016,26204010018
26204010017,26204010018
26204012001,26204012003
26204012001,26204012004
26204012001,26204012007
26204012001,26204012008
26204012001,26204012010
26204012001,26204012011
26204012001,26204012014
26204012002,26204012004
26204012002,26204012006
26204012002,26204012010
26204012002,26204012013
26204012003,26204012006
26204012003,26204012007
26204012003,26204012008
26204012004,26204012006
26204012004,26204012010
26204012004,26204012013
26204012005,26204012009
26204012005,26204012011
26204012005,26204012012
26204012006,26204012007
26204012006,26204012008
26204012006,26204012009
26204012006,26204012010
26204012006,26204020016
26204012007,26204012010
26204012008,26204012009
26204012008,26204012014
26204012009,26204012011
26204012009,26204012012
26204012009,26204012014
26204012009,26204020016
26204012010,26204012013
26204012011,26204012012
26204012011,26204012014
26204012012,26204014001
26204012012,26204014004
26204012012,26204014010
26204012012,26204014015
26204012012,26204016004
26204012012,26204016005
26204012012,26204020016
26204014001,26204014004
26204014001,26204014007
26204014001,26204014012
26204014001,26204020003
26204014001,26204020016
26204014002,26204014007
26204014002,26204014008
26204014002,26204014013
26204014002,26204014014
26204014002,26204014015
26204014002,26204014017
26204014003,26204014004
26204014003,26204014007
26204014003,26204014010
26204014003,26204014011
26204014003,26204014015
26204014003,26204014017
26204014003,26204016001
26204014004,26204014007
26204014004,26204014010
26204014004,26204014015
26204014005,26204014008
26204014005,26204014013
26204014006,26204014008
26204014006,26204014011
26204014006,26204014017
26204014007,26204014012
26204014007,26204014014
26204014007,26204014015
26204014007,26204014017
26204014008,26204014013
26204014008,26204014014
26204014008,26204014017
26204014009,26204014012
26204014009,26204014013
26204014009,26204014016
26204014009,26204020003
26204014009,26204020015
26204014010,26204014011
26204014010,26204014015
26204014010,26204016001
26204014010,26204016004
26204014010,26204016006
26204014011,26204014017
26204014011,26204016001
26204014011,26204016007
26204014012,26204014013
26204014012,26204014014
26204014012,26204020003
26204014012,26204020016
26204014013,26204014014
26204014015,26204014017
26204014016,26204020003
26204014016,26204020015
26204016001,26204016004
26204016001,26204016006
26204016001,26204016007
26204016002,26204016007
26204016002,26204016008
26204016003,26204016004
26204016003,26204016005
26204016003,26204016006
26204016003,26204016008
26204016003,26204038030
26204016004,26204016005
26204016004,26204016006
26204016006,26204016007
26204016006,26204016008
26204016007,26204016008
26204016007,26344002008
26204016008,26344002008
26204018001,26204018003
26204018001,26204018004
26204018001,26204018005
26204018001,26204018009
26204018001,26204020004
26204018001,26204020010
26204018001,26204020011
26204018001,26204020014
26204018001,26204020017
26204018002,26204018003
26204018002,26204018006
26204018002,26204018008
26204018002,26204018011
26204018002,26204018013
26204018003,26204018008
26204018003,26204018009
26204018003,26204018011
26204018003,26204018013
26204018003,26204020010
26204018004,26204018009
26204018005,26204020014
26204018006,26204018008
26204018006,26204018011
26204018007,26204018008
26204018007,26204018010
26204018007,26204018014
26204018007,26204018015
26204018008,26204018010
26204018008,26204018011
26204018008,26204018014
26204018008,26204020010
26204018009,26204018011
26204018009,26204018015
26204018009,26204020003
26204018009,26204020011
26204018010,26204018015
26204018011,26204018013
26204018011,26204018014
26204018011,26204018015
26204018011,26204020003
26204018014,26204018015
26204018015,26204020003
26204018015,26204020015
26204020001,26204020002
26204020001,26204020009
26204020001,26204020014
26204020002,26204020009
26204020002,26204020014
26204020003,26204020007
26204020003,26204020008
26204020003,26204020011
26204020003,26204020013
26204020003,26204020015
26204020003,26204020016
26204020004,26204020006
26204020004,26204020011
26204020004,26204020012
26204020004,26204020017
26204020005,26204020006
26204020005,26204020014
26204020005,26204020017
26204020005,26204020018
26204020006,26204020011
26204020006,26204020012
26204020006,26204020013
26204020006,26204020016
26204020006,26204020017
26204020006,26204020018
26204020007,26204020008
26204020007,26204020016
26204020008,26204020016
26204020009,26204020010
26204020009,26204020014
26204020009,26204020018
26204020010,26204020014
26204020011,26204020012
26204020011,26204020013
26204020013,26204020016
26204020014,26204020017
26204020014,26204020018
26204022001,26204022002
26204022001,26204022004
26204022002,26204022003
26204022002,26204022004
26204024001,26204024012
26204024001,26204024017
26204024001,26204024022
26204024001,26204029001
26204024001,26204029002
26204024002,26204024003
26204024002,26204024016
26204024002,26204024018
26204024002,26204024022
26204024002,26204024026
26204024002,26204024030
26204024002,26204024035
26204024003,26204024020
26204024003,26204024030
26204024003,26204024035
26204024004,26204024006
26204024004,26204024016
26204024004,26204024023
26204024004,26204024026
26204024004,26204026001
26204024004,26204026002
26204024004,26204026003
26204024004,26204048003
26204024005,26204024014
26204024005,26204024027
26204024006,26204024016
26204024006,26204026001
26204024006,26204026002
26204024006,26204028001
26204024006,26204028002
26204024006,26204028004
26204024006,26204030015
26204024006,26204030017
26204024006,26204048003
26204024006,26204048017
26204024007,26204024011
26204024007,26204024019
26204024007,26204024024
26204024007,26204024031
26204024007,26204040009
26204024007,26204040016
26204024008,26204024010
26204024008,26204024015
26204024008,26204030002
26204024008,26204030007
26204024008,26204030012
26204024008,26204030019
26204024008,26204038031
26204024008,26204038036
26204024010,26204024015
26204024010,26204024021
26204024010,26204024027
26204024010,26204024029
26204024010,26204024032
26204024010,26204024033
26204024011,26204024017
26204024011,26204024019
26204024011,26204029003
26204024011,26204036001
26204024011,26204036004
26204024011,26204036005
26204024011,26204040010
26204024011,26204040016
26204024012,26204024019
26204024012,26204024022
26204024012,26204024031
26204024012,26204029001
26204024013,26204024014
26204024013,26204024020
26204024013,26204024025
26204024013,26204038004
26204024013,26204038020
26204024014,26204024020
26204024014,26204024027
26204024014,26204024030
26204024014,26204024034
26204024014,26204038020
26204024015,26204024021
26204024015,26204030003
26204024015,26204030009
26204024015,26204030012
26204024015,26204030014
26204024015,26204030015
26204024015,26204030016
26204024016,26204024018
26204024016,26204024026
26204024016,26204024028
26204024016,26204028002
26204024017,26204024022
26204024017,26204029002
26204024017,26204029003
26204024017,26204032004
26204024017,26204036003
26204024017,26204036004
26204024017,26204040003
26204024018,26204024021
26204024018,26204024028
26204024018,26204024030
26204024019,26204024031
26204024019,26204029001
26204024019,26204029003
26204024019,26204036005
26204024020,26204024025
26204024020,26204024030
26204024020,26204024031
26204024020,26204024035
26204024021,26204024028
26204024021,26204024029
26204024021,26204024030
26204024021,26204024032
26204024021,26204024034
26204024021,26204030010
26204024021,26204030014
26204024021,26204030015
26204024022,26204024023
26204024022,26204024026
26204024022,26204024031
26204024022,26204024035
26204024022,26204032001
26204024022,26204032004
26204024023,26204024026
26204024023,26204026003
26204024023,26204032001
26204024023,26204048003
26204024024,26204024025
26204024024,26204024031
26204024024,26204038020
26204024024,26204040008
26204024024,26204040009
26204024025,26204024031
26204024025,26204038004
26204024025,26204038020
26204024025,26204038021
26204024026,26204026001
26204024026,26204026003
26204024027,26204024029
26204024027,26204024033
26204024027,26204024034
26204024028,26204028002
26204024028,26204028003
26204024028,26204030014
26204024029,26204024032
26204024029,26204024034
26204024030,26204024034
26204024031,26204024035
26204024032,26204024034
26204026001,26204026002
26204026001,26204026003
26204026002,26204026003
26204026002,26204048003
26204028001,26204028002
26204028001,26204028004
26204028002,26204028003
26204028002,26204028004
26204028003,26204028004
26204028003,26204030014
26204028003,26204030015
26204028004,26204030009
26204028004,26204030015
26204029001,26204029002
26204029001,26204029003
26204029002,26204029003
26204030002,26204030007
26204030002,26204030008
26204030002,26204030017
26204030002,26204030018
26204030002,26204030019
26204030003,26204030011
26204030003,26204030012
26204030003,26204030016
26204030004,26204030017
26204030004,26204030021
26204030004,26204030023
26204030005,26204030006
26204030005,26204030009
26204030005,26204030011
26204030005,26204030015
26204030005,26204030017
26204030005,26204030020
26204030005,26204030021
26204030005,26204030022
26204030005,26204030023
26204030005,26204048017
26204030005,26207004001
26204030005,26207004004
26204030006,26204030011
26204030006,26204030012
26204030006,26204030020
26204030007,26204030013
26204030007,26204030017
26204030007,26204030018
26204030007,26204030022
26204030007,26204038036
26204030007,26322013008
26204030008,26204030018
26204030008,26204030019
26204030009,26204030010
26204030009,26204030011
26204030009,26204030015
26204030010,26204030011
26204030010,26204030015
26204030010,26204030016
26204030011,26204030012
26204030011,26204030016
26204030012,26204030017
26204030012,26204030019
26204030012,26204030020
26204030012,26204030021
26204030013,26204030017
26204030013,26204030018
26204030014,26204030015
26204030015,26204030017
26204030015,26204030023
26204030017,26204030018
26204030017,26204030019
26204030017,26204030021
26204030017,26204030022
26204030017,26204030023
26204030017,26204048017
26204030020,26204030021
26204030021,26204030023
26204030022,26207004001
26204030022,26207006001
26204030022,26207006004
26204030022,26322013008
26204032001,26204032002
26204032001,26204032003
26204032001,26204032004
26204032001,26204048003
26204032002,26204032003
26204032002,26204048003
26204032002,26204048005
26204032003,26204032004
26204032003,262040460
26204032003,26204048005
26204032004,262040340
26204032004,26204036001
26204032004,26204036002
26204032004,26204040003
26204032004,26204040013
26204032004,262040460
262040340,26204036001
262040340,26204040013
262040340,26204042004
262040340,26204042014
262040340,26204042018
262040340,262040460
26204036001,26204036002
26204036001,26204036005
26204036001,26204040010
26204036001,26204040013
26204036002,26204036003
26204036002,26204036004
26204036002,26204036005
26204036002,26204040003
26204036003,26204036004
26204036003,26204036005
26204036003,26204040003
26204036004,26204036005
26204038001,26204038002
26204038001,26204038005
26204038001,26204038006
26204038001,26204038014
26204038001,26204038020
26204038001,26204038022
26204038001,26204038032
26204038001,26204040005
26204038001,26204040006
26204038001,26204040008
26204038002,26204038005
26204038002,26204038012
26204038002,26204038022
26204038002,26204038026
26204038002,26204038029
26204038003,26204038004
26204038003,26204038008
26204038003,26204038011
26204038003,26204038014
26204038003,26204038020
26204038003,26204038021
26204038004,26204038008
26204038004,26204038010
26204038004,26204038020
26204038004,26204038021
26204038005,26204038008
26204038005,26204038014
26204038005,26204038026
26204038006,26204038015
26204038006,26204038022
26204038006,26204038032
26204038007,26204038012
26204038007,26204038026
26204038008,26204038010
26204038008,26204038011
26204038008,26204038014
26204038008,26204038026
26204038008,26204038035
26204038009,26204038015
26204038009,26204038024
26204038009,26204038028
26204038009,26204038032
26204038009,26204038033
26204038009,26204038034
26204038010,26204038026
26204038010,26204038035
26204038011,26204038014
26204038011,26204038020
26204038012,26204038026
26204038012,26204038029
26204038013,26204038019
26204038013,26204038025
26204038013,26204038033
26204038013,26204038034
26204038014,26204038020
26204038015,26204038016
26204038015,26204038022
26204038015,26204038029
26204038015,26204038032
26204038015,26204038033
26204038016,26204038017
26204038016,26204038033
26204038017,26204038025
26204038017,26204038033
26204038018,26204038019
26204038018,26204038034
26204038019,26204038034
26204038020,26204038021
26204038020,26204040008
26204038022,26204038029
26204038023,26204038024
26204038023,26204038027
26204038023,26204038028
26204038023,26322015015
26204038023,26322015016
26204038024,26204038027
26204038024,26204038028
26204038025,26204038033
26204038026,26204038035
26204038027,26204038028
26204038027,26204040002
26204038027,26204040007
26204038027,26204040012
26204038027,26322015015
26204038027,26322015016
26204038028,26204038032
26204038028,26204040002
26204038028,26204040007
26204038030,26204038031
26204038030,26344001001
26204038031,26204038036
26204038031,26344001001
26204038031,26344001003
26204038032,26204040005
26204038032,26204040007
26204038033,26204038034
26204038036,26322013008
26204038036,26344001003
26204040001,26204040004
26204040001,26204040006
26204040001,26204040009
26204040001,26204040011
26204040001,26204040014
26204040001,26204040016
26204040002,26204040007
26204040002,26204040012
26204040002,26204040015
26204040002,26204040017
26204040002,26204042016
26204040002,26204042017
26204040004,26204040011
26204040004,26204040014
26204040004,26204040018
26204040004,26204040020
26204040005,26204040006
26204040005,26204040007
26204040005,26204040008
26204040005,26204040015
26204040006,26204040008
26204040006,26204040009
26204040006,26204040011
26204040006,26204040015
26204040007,26204040015
26204040007,26204040017
26204040008,26204040009
26204040009,26204040014
26204040009,26204040016
26204040010,26204040013
26204040010,26204040014
26204040010,26204040016
26204040011,26204040015
26204040011,26204040017
26204040011,26204040018
26204040011,26204040019
26204040012,26204042007
26204040012,26204042016
26204040012,26322015016
26204040012,26322015017
26204040013,26204040014
26204040013,26204042004
26204040014,26204040016
26204040014,26204040020
26204040014,26204042004
26204040014,26204042006
26204040015,26204040017
26204040015,26204040019
26204040017,26204040019
26204040017,26204042016
26204040017,26204042017
26204040018,26204040019
26204040018,26204040020
26204040018,26204042019
26204040019,26204042012
26204040019,26204042017
26204040019,26204042019
26204040020,26204042001
26204040020,26204042006
26204040020,26204042008
26204040020,26204042019
26204042001,26204042002
26204042001,26204042008
26204042001,26204042010
26204042001,26204042011
26204042001,26204042013
26204042001,26204042019
26204042002,26204042008
26204042002,26204042009
26204042002,26204042011
26204042002,26204042013
26204042002,26204042018
26204042002,26204048014
26204042003,26204042010
26204042003,26204042013
26204042003,26204042022
26204042003,26204042023
26204042003,26204044003
26204042003,26322013001
26204042004,26204042006
26204042004,26204042014
26204042004,26204042020
26204042005,26204042009
26204042005,26204042011
26204042005,26204042021
26204042005,26204048006
26204042005,26322013002
26204042005,26322018001
26204042006,26204042008
26204042006,26204042020
26204042007,26204042012
26204042007,26204042016
26204042007,26322015017
26204042007,26322015018
26204042008,26204042014
26204042008,26204042018
26204042008,26204042019
26204042008,26204042020
26204042009,26204042011
26204042009,26204042021
26204042009,26204048006
26204042009,26204048014
26204042009,26322018001
26204042010,26204042012
26204042010,26204042013
26204042010,26204042015
26204042010,26204042019
26204042010,26204042023
26204042010,26204044001
26204042010,26204044003
26204042011,26204042013
26204042011,26204042021
26204042011,26204042022
26204042011,26204048006
26204042012,26204042015
26204042012,26204042016
26204042012,26204042017
26204042012,26204042019
26204042012,26322015018
26204042013,26204042019
26204042013,26204042021
26204042013,26204042022
26204042013,26204042023
26204042014,26204042018
26204042014,26204042020
26204042014,262040460
26204042015,26204044001
26204042015,26204044002
26204042015,26322015018
26204042016,26204042017
26204042018,262040460
26204042018,26204048005
26204042018,26204048012
26204042018,26204048014
26204042021,26204042022
26204042021,26322013001
26204042021,26322013002
26204042022,26204042023
26204042022,26322013001
26204044001,26204044002
26204044001,26204044003
26204044001,26322015012
26204044001,26322015013
26204044001,26322015018
26204044002,26322015011
26204044002,26322015012
26204044002,26322015018
26204044003,26322013001
26204044003,26322015012
26204044003,26322015013
26204044003,26322015014
262040460,26204048005
26204048001,26204048003
26204048001,26204048005
26204048001,26204048013
26204048001,26204048015
26204048003,26204048004
26204048003,26204048005
26204048003,26204048009
26204048003,26204048015
26204048003,26204048017
26204048004,26204048009
26204048004,26204048010
26204048004,26204048015
26204048005,26204048012
26204048005,26204048013
26204048006,26204048011
26204048006,26204048014
26204048006,26204051009
26204048006,26322018001
26204048006,26322018002
26204048007,26204048008
26204048007,26204048012
26204048007,26204048013
26204048007,26204048014
26204048007,26204051004
26204048007,26204051005
26204048007,26204051006
26204048008,26204048010
26204048008,26204048013
26204048008,26204048016
26204048008,26204049001
26204048008,26204049002
26204048008,26204051006
26204048008,26207003001
26204048009,26204048010
26204048009,26204048016
26204048009,26204048017
26204048009,26204049001
26204048009,26204049002
26204048009,26204049003
26204048009,26204051006
26204048009,26207003001
26204048009,26207004001
26204048010,26204048013
26204048010,26204048015
26204048010,26204048016
26204048010,26204048017
26204048011,26204048014
26204048011,26204051008
26204048011,26204051009
26204048012,26204048013
26204048012,26204048014
26204048012,26204051005
26204048013,26204048015
26204048014,26204051002
26204048014,26204051005
26204048014,26204051008
26204048014,26204051009
26204048016,26204049001
26204048016,26204049002
26204048016,26204051006
26204048017,26207004001
26204048017,26207004004
26204049001,26204049002
26204049002,26204049003
26204049002,26207003001
26204049003,26207003001
26204051001,26204051002
26204051001,26204051007
26204051001,26204051010
26204051001,26204051011
26204051001,26322012012
26204051001,26322012015
26204051002,26204051005
26204051002,26204051007
26204051002,26204051009
26204051002,26204051010
26204051002,26204051011
26204051002,26204051012
26204051003,26204051004
26204051003,26204051011
26204051003,26204051012
26204051003,26207002002
26204051003,26207003002
26204051004,26204051005
26204051004,26204051006
26204051004,26204051011
26204051004,26204051012
26204051004,26207003002
26204051005,26204051012
26204051006,26207003001
26204051006,26207003002
26204051007,26204051009
26204051007,26322012012
26204051007,26322014005
26204051008,26204051009
26204051009,26322014005
26204051009,26322014006
26204051009,26322014007
26204051009,26322018002
26204051010,26204051011
26204051010,26207001002
26204051010,26207001003
26204051010,26207002002
26204051010,26322012015
26204051011,26204051012
26204051011,26207002002
26205001001,26205001002
26205001001,26205001004
26205001001,26205001005
26205001001,26205002004
26205001001,26205002009
26205001002,26205001003
26205001002,26205001004
26205001002,26205002001
26205001002,26205002002
26205001002,26205002004
26205001003,26205001004
26205001003,26205002001
26205001003,26463004005
26205001004,26205001005
26205001004,26463004005
26205001004,26463004006
26205001005,26205002007
26205001005,26205002009
26205001005,26205003004
26205001005,26212044016
26205001005,26463004006
26205001005,26463004012
26205002001,26205002002
26205002001,26463001001
26205002001,26463001002
26205002001,26463002001
26205002001,26463002006
26205002001,26463002007
26205002001,26463004004
26205002001,26463004005
26205002002,26205002003
26205002002,26205002004
26205002002,26463001001
26205002003,26205002004
26205002003,26205002005
26205002003,26205002009
26205002004,26205002009
26205002005,26205002006
26205002005,26205002008
26205002005,26205002009
26205002006,26205002007
26205002006,26205002008
26205002006,26205003002
26205002006,26205003003
26205002006,26205004002
26205002007,26205002008
26205002007,26205002009
26205002007,26205003003
26205002007,26205003004
26205002008,26205002009
26205003001,26205003002
26205003001,26205003005
26205003001,26205004002
26205003001,26205005009
26205003001,26212049002
26205003001,264650030
26205003002,26205003003
26205003002,26205003005
26205003002,26205004002
26205003003,26205003004
26205003003,26205003005
26205003004,26205003005
26205003004,26212044016
26205003004,26212049001
26205003005,26212049001
26205003005,26212049002
26205004001,26205004002
26205004001,26205005001
26205004001,26205005003
26205004002,26205005003
26205004002,26205005009
26205005001,26205005002
26205005001,26205005003
26205005002,26205005003
26205005002,26205005004
26205005002,26205006005
26205005003,26205005004
26205005003,26205005009
26205005004,26205005005
26205005004,26205005009
26205005005,26205005006
26205005005,26205005007
26205005005,26205005008
26205005005,26205005009
26205005006,26205005007
26205005006,26205005008
26205005007,26205005008
26205005008,26205005009
26205005008,264650030
26205005009,264650030
26205006001,26205006002
26205006001,26205006003
26205006001,26205006004
26205006001,26205006005
26205006001,26465001001
26205006001,264650110
26205006002,26205006005
26205006003,26205006004
26205006003,26465001001
26205006003,26465001002
26205006003,26465001004
26205006005,26205007012
26205006005,26205007018
26205006005,26205007023
26205006005,264650110
26205007001,26205007002
26205007001,26205007005
26205007001,26205007008
26205007001,26205007009
26205007001,26205007011
26205007001,26205007014
26205007002,26205007003
26205007002,26205007009
26205007002,26205007014
26205007002,26205007015
26205007003,26205007009
26205007003,26205007015
26205007003,26205007016
26205007004,26205007005
26205007004,26205007006
26205007004,26205007007
26205007004,26205007008
26205007005,26205007007
26205007005,26205007008
26205007005,26205007010
26205007005,26205007011
26205007006,26205007007
26205007006,26205007008
26205007006,26205007022
26205007007,26205007010
26205007007,26205007012
26205007007,26205007022
26205007007,26205007023
26205007008,26205007009
26205007008,26205007019
26205007008,26205007022
26205007009,26205007019
26205007010,26205007011
26205007010,26205007012
26205007011,26205007012
26205007011,26205007013
26205007011,26205007014
26205007012,26205007013
26205007012,26205007014
26205007012,26205007017
26205007012,26205007018
26205007012,26205007023
26205007014,26205007015
26205007014,26205007016
26205007014,26205007017
26205007015,26205007016
26205007016,26205007017
26205007017,26205007018
26205007019,26205007020
26205007019,26205007021
26205007019,26205007022
26205007020,26205007021
26205007020,26205007034
26205007020,26205007040
26205007021,26205007022
26205007021,26205007027
26205007021,26205007028
26205007021,26205007030
26205007021,26205007040
26205007022,26205007023
26205007022,26205007024
26205007022,26205007026
26205007022,26205007027
26205007023,26205007024
26205007023,26205008002
26205007023,264650110
26205007024,26205007025
26205007024,26205007026
26205007024,26205007042
26205007024,26205008002
26205007024,26205008006
26205007025,26205008002
26205007025,26205008005
26205007025,26205008006
26205007026,26205007027
26205007026,26205007028
26205007026,26205007029
26205007026,26205007030
26205007026,26205007042
26205007026,26205008003
26205007026,26205008006
26205007026,26205009001
26205007027,26205007028
26205007027,26205007029
26205007028,26205007029
26205007028,26205007030
26205007030,26205007031
26205007030,26205007032
26205007030,26205007035
26205007030,26205007040
26205007030,26205009001
26205007031,26205007032
26205007031,26205007035
26205007031,26205007040
26205007032,26205007033
26205007032,26205007036
26205007032,26205007040
26205007032,26205009001
26205007032,26205009004
26205007033,26205009001
26205007033,26205009003
26205007033,26205009004
26205007034,26205007035
26205007034,26205007040
26205007035,26205007036
26205007035,26205007040
26205007036,26205007037
26205007036,26205007038
26205007036,26205007039
26205007036,26205007040
26205007036,26205007044
26205007036,26205009004
26205007036,26205009005
26205007037,26205007044
26205007038,26205007039
26205007038,26205007043
26205007038,26205009005
26205007038,26205009011
26205007042,26205008006
26205008001,26205008002
26205008001,26205008003
26205008001,26205009001
26205008001,264650110
26205008001,26465013002
26205008001,26465013003
26205008001,26465014003
26205008002,26205008003
26205008002,26205008004
26205008002,26205008005
26205008002,26205008006
26205008002,264650110
26205008003,26205008006
26205008003,26205009001
26205008005,26205008006
26205009001,26205009002
26205009001,26205009003
26205009002,26205009003
26205009002,26205010001
26205009003,26205009004
26205009004,26205009005
26205009005,26205009006
26205009005,26205009011
26205009006,26205009007
26205009006,26205009011
26205009006,26205009012
26205009007,26205009008
26205009007,26205009010
26205009007,26205009011
26205009007,26205009013
26205009008,26205009009
26205009008,26205009010
26205009008,26205009013
26205009009,26205009010
26205009010,26205009011
26205010001,26205010002
26205010001,26205010003
26205010001,26205010004
26205010001,26205010005
26205010002,26205010003
26205010003,26205010004
26205010004,26205010005
26205010005,26205010006
26206001001,26206001037
26206001001,26206001039
26206001001,26206001042
26206001001,262060020
26206001001,26206006006
26206001001,26206006028
26206001001,26206006039
26206001001,26206007007
26206001001,26206007044
26206001001,262060240
26206001001,26206046004
26206001001,26206048005
26206001001,26206048006
26206001037,26206007007
26206001037,26206007044
26206001037,26206048005
26206001037,26206048034
26206001039,26206001042
26206001039,26206006038
26206001039,26206006039
26206001039,26206048006
26206001039,26206050010
26206001042,26206006039
26206001042,26206048005
262060020,262060030
262060020,262060040
262060020,26206006006
262060020,26206007007
262060030,262060040
262060030,262060050
262060030,26206006006
262060030,262060080
262060040,262060050
262060040,26206007007
262060050,26206007007
262060050,262060080
262060050,262060090
262060050,262060100
262060050,262060180
262060050,262060230
26206006006,26206006038
26206006006,26206006039
26206006006,262060080
26206006006,262060120
26206006006,26206014006
26206006006,26206014036
26206006006,26206015014
26206006007,26206006028
26206006007,26206007007
26206006007,262060210
26206006007,262060230
26206006007,262060240
26206006028,26206007007
26206006028,26206007044
26206006028,262060240
26206006038,26206006039
26206006038,26206014006
26206006038,26206014036
26206006038,26206050010
26206007007,26206007044
26206007007,262060230
262060080,262060090
262060080,262060120
262060090,262060100
262060090,262060120
262060100,262060110
262060100,262060120
262060100,262060180
262060110,262060120
262060110,262060170
262060110,262060180
262060120,26206015014
262060120,262060160
262060120,262060170
26206013013,26206013043
26206013013,26206014035
26206013013,26206014043
26206013013,26206015015
26206013013,26206015017
26206013013,26206015018
26206013013,26206015019
26206013013,262060260
26206013013,26206028032
26206013013,26206032001
26206013013,26206032002
26206013013,26206034008
26206013013,26206034013
26206013013,26206048002
26206013013,26206050004
26206013013,26206050006
26206013013,26206050007
26206013013,26206050008
26206013013,26206051001
26206013013,26206051002
26206013013,26206051004
26206013013,26206051005
26206013013,26206051006
26206013013,26206051007
26206013043,26206014035
26206013043,26206014043
26206014006,26206014036
26206014035,26206014036
26206014035,26206014043
26206014035,26206050004
26206014035,26206050007
26206014036,26206014043
26206014036,26206015014
26206014036,26206015015
26206014036,26206015020
26206014036,26206050004
26206014036,26206050010
26206014043,26206015015
26206014043,26206015018
26206015014,26206015015
26206015014,26206015020
26206015014,26206015048
26206015014,262060160
26206015014,262060190
26206015014,26206020024
26206015015,26206015016
26206015015,26206015017
26206015015,26206015018
26206015015,26206015019
26206015015,26206015020
26206015015,26206015048
26206015016,26206015017
26206015016,26206015048
26206015016,26206020024
26206015016,262060260
26206015017,26206020024
26206015017,262060260
26206015048,26206020024
262060160,262060170
262060160,262060190
262060160,26206020024
262060170,262060180
262060170,262060190
262060180,262060190
262060180,262060230
262060190,26206020024
262060190,26206020026
262060190,26206022026
262060190,262060230
26206020024,26206020026
26206020024,26206022026
26206020024,262060260
26206020026,26206020029
26206020026,26206022026
26206020026,262060260
26206020029,26206022026
26206020029,26206022029
26206020029,262060260
262060210,262060230
262060210,262060240
26206022026,26206022029
26206022026,262060230
26206022026,262060250
26206022029,262060250
26206022029,262060260
262060230,262060240
262060230,262060250
262060240,262060250
262060240,262060260
262060240,26206028030
262060240,26206028032
262060240,26206046004
262060250,262060260
262060260,262060270
262060260,26206028030
262060260,26206028032
262060260,262060300
262060270,26206028030
262060270,26206028032
262060270,26206028046
262060270,262060290
262060270,262060300
262060270,26206031040
26206028030,26206028032
26206028030,26206028046
26206028030,262060300
26206028032,262060290
26206028032,262060300
26206028032,26206031040
26206028032,26206031047
26206028032,26206034008
26206028032,26206034009
26206028032,26206035001
26206028032,26206035002
26206028032,26206040001
26206028032,26206046004
262060290,26206031040
262060290,26206031041
262060290,26206031045
262060290,26206031047
262060290,26206040001
262060290,26206045007
262060290,26206046004
26206031040,26206031041
26206031040,26206031045
26206031040,26206031047
26206031041,26206031045
26206031041,26206031047
26206031047,26206040001
26206032001,26206032002
26206032001,26206034013
26206032002,26206032003
26206032002,26206032005
26206032002,26206032012
26206032002,26206034013
26206032003,26206032004
26206032003,26206032005
26206032003,26206032012
26206032003,26206033001
26206032003,26206033002
26206032003,26206034013
26206032004,26206033001
26206032004,26206033003
26206032004,26206033005
26206032004,26206034013
26206032005,26206032006
26206032005,26206032007
26206032005,26206032010
26206032005,26206033002
26206032006,26206032007
26206032006,26206032008
26206032006,26206032011
26206032006,26206033002
26206032007,26206032008
26206032007,26206032010
26206032008,26206032009
26206032008,26206032010
26206032008,26206032013
26206032011,26206033002
26206032011,26206033010
26206033001,26206033002
26206033001,26206033003
26206033002,26206033003
26206033002,26206033010
26206033003,26206033004
26206033003,26206033005
26206033003,26206033006
26206033003,26206033008
26206033004,26206033006
26206033004,26206033007
26206033005,26206033008
26206033005,26206033009
26206033005,26206034013
26206033006,26206033007
26206033006,26206033008
26206033007,26206033008
26206033007,26206033009
26206033007,26206034013
26206033008,26206033009
26206033009,26206034013
26206034001,26206034002
26206034001,26206034003
26206034001,26206034013
26206034002,26206034003
26206034002,26206034004
26206034002,26206034013
26206034003,26206034004
26206034003,26206034005
26206034003,26206034006
26206034003,26206034010
26206034003,26206034011
26206034003,26206034013
26206034004,26206034005
26206034004,26206034013
26206034005,26206034006
26206034005,26206034007
26206034005,26206034011
26206034005,26206034013
26206034006,26206034007
26206034006,26206034008
26206034006,26206034010
26206034006,26206034011
26206034007,26206034008
26206034007,26206034009
26206034007,26206034013
26206034008,26206034009
26206034008,26206034010
26206034008,26206034013
26206034009,26206034012
26206034009,26206034013
26206034009,26206035002
26206034009,26206035003
26206034009,26206035004
26206034009,26206036003
26206034010,26206034013
26206034012,26206034013
26206034012,26206036001
26206034012,26206036003
26206034012,26206036008
26206034013,26206036008
26206034013,26206037005
26206035001,26206035002
26206035001,26206035003
26206035001,26206035007
26206035001,26206035008
26206035001,26206040001
26206035002,26206035003
26206035002,26206035006
26206035002,26206035007
26206035003,26206035004
26206035003,26206035006
26206035003,26206040001
26206035004,26206035005
26206035004,26206036003
26206035004,26206036004
26206035004,26206040001
26206035005,26206036002
26206035005,26206036003
26206035005,26206036004
26206035007,26206035008
26206036001,26206036002
26206036001,26206036003
26206036001,26206036006
26206036001,26206036008
26206036001,26206036009
26206036001,26206036010
26206036002,26206036003
26206036002,26206036004
26206036002,26206036010
26206036004,26206036005
26206036004,26206036010
26206036004,26206040001
26206036004,26206040005
26206036004,26206040006
26206036005,26206036006
26206036005,26206036007
26206036005,26206036010
26206036005,26206039001
26206036005,26206039002
26206036005,26206040005
26206036005,26206040006
26206036005,26206040007
26206036005,26206041001
26206036005,26206041002
26206036006,26206036007
26206036006,26206036008
26206036006,26206036010
26206036007,26206036008
26206036007,26206036011
26206036007,26206039001
26206036007,26206039003
26206036008,26206037002
26206036008,26206037005
26206036008,26206039003
26206037001,26206037002
26206037001,26206037004
26206037001,26206039001
26206037001,26206039003
26206037002,26206037003
26206037002,26206037004
26206037002,26206037005
26206037002,26206037006
26206037002,26206037007
26206037002,26206039003
26206037003,26206037004
26206037003,26206037005
26206037004,26206037005
26206037004,26206038001
26206037004,26206039001
26206037006,26206037007
26206038001,26206038002
26206038001,26206038005
26206038001,26206038006
26206038001,26206038007
26206038001,26206038008
26206038001,26206039001
26206038001,26206047002
26206038001,26213011006
26206038001,26213011007
26206038002,26206038003
26206038002,26206038006
26206038003,26206038006
26206038003,26206038007
26206038003,26206038008
26206038004,26206038005
26206038004,26213011006
26206038005,26206038008
26206038005,26213011006
26206038006,26206038007
26206038007,26206038008
26206039001,26206039002
26206039001,26206039003
26206039001,26206047001
26206039001,26206047002
26206039001,26206047003
26206039001,26206047004
26206039002,26206041001
26206039002,26206047003
26206039002,26206047004
26206039002,26213012011
26206039002,26213012012
26206039003,26206039004
26206040001,26206040002
26206040001,26206040003
26206040001,26206040005
26206040001,26206040006
26206040001,26206040009
26206040001,26206045006
26206040001,26206045007
26206040002,26206040003
26206040002,26206040004
26206040002,26206040006
26206040002,26206040007
26206040002,26206040009
26206040002,26206040011
26206040002,26206040012
26206040002,26206041003
26206040002,26206045001
26206040002,26206045006
26206040003,26206040004
26206040003,26206040011
26206040004,26206040011
26206040004,26206040012
26206040005,26206040006
26206040006,26206040007
26206040007,26206040008
26206040007,26206040010
26206040007,26206041002
26206040007,26206041003
26206040007,26206041015
26206040008,26206041003
26206040008,26206041015
26206040010,26206041003
26206041001,26206041002
26206041001,26206041007
26206041001,26206041012
26206041001,26206041014
26206041001,26206041015
26206041001,26213012010
26206041001,26213012012
26206041002,26206041003
26206041002,26206041004
26206041002,26206041007
26206041002,26206041015
26206041003,26206041004
26206041003,26206041005
26206041003,26206041015
26206041003,26206045001
26206041004,26206041005
26206041004,26206041006
26206041004,26206041007
26206041004,26206041009
26206041004,26206041011
26206041004,26206045001
26206041005,26206041006
26206041006,26206041009
26206041007,26206041008
26206041007,26206041009
26206041007,26206041010
26206041007,26206041012
26206041007,26206041016
26206041008,26206041009
26206041008,26206041010
26206041008,26206041011
26206041009,26206041010
26206041009,26206041011
26206041010,26206041011
26206041010,26206041012
26206041010,26206041016
26206041010,26206042005
26206041010,26206042006
26206041011,26206042005
26206041011,26206042006
26206041011,26206045001
26206041012,26206041013
26206041012,26206041014
26206041012,26206041016
26206041012,26206042006
26206041012,26213012010
26206041013,26206042006
26206041013,26213012006
26206041013,26213012010
26206041013,26213013002
26206041014,26213012010
26206042001,26206042002
26206042001,26206042006
26206042001,26206043001
26206042001,26206043002
26206042001,26206044004
26206042001,26206044007
26206042001,26206044008
26206042001,26213013005
26206042001,26213013007
26206042002,26206042003
26206042002,26206042004
26206042002,26206042006
26206042002,26206044006
26206042002,26206044008
26206042003,26206042004
26206042003,26206044004
26206042003,26206044005
26206042003,26206044006
26206042003,26206045003
26206042004,26206042005
26206042004,26206042006
26206042004,26206045002
26206042004,26206045003
26206042005,26206042006
26206042005,26206045001
26206042005,26206045002
26206042006,26213013002
26206042006,26213013005
26206043001,26206043002
26206043001,26206043003
26206043002,26206043003
26206043002,26206043004
26206043002,26213013006
26206043002,26213013007
26206043003,26206043004
26206043003,26213013008
26206043003,26213016001
26206043003,26213016002
26206043003,26213016003
26206043004,26213013001
26206043004,26213013006
26206043004,26213013008
26206044001,26206044002
26206044001,26206044004
26206044001,26206045005
26206044001,26206045007
26206044001,26206046001
26206044001,26206046004
26206044001,26206046008
26206044002,26206044003
26206044002,26206044004
26206044002,26206045003
26206044002,26206045005
26206044003,26206044004
26206044003,26206045003
26206044004,26206044005
26206044004,26206044006
26206044004,26206044008
26206044004,26206045003
26206044004,26206046007
26206044004,26206046008
26206044005,26206044006
26206044006,26206044008
26206044007,26206044008
26206045001,26206045002
26206045001,26206045003
26206045001,26206045004
26206045001,26206045005
26206045001,26206045006
26206045002,26206045003
26206045003,26206045004
26206045003,26206045005
26206045004,26206045005
26206045005,26206045006
26206045005,26206045007
26206045006,26206045007
26206045007,26206046004
26206046001,26206046002
26206046001,26206046004
26206046001,26206046005
26206046001,26206046007
26206046001,26206046008
26206046002,26206046003
26206046002,26206046004
26206046003,26206046004
26206046004,26206046005
26206046004,26206046006
26206046004,26206046007
26206046004,26206048003
26206046004,26206048005
26206046005,26206046006
26206046005,26206046007
26206046006,26206046007
26206046007,26206046008
26206046007,26206048001
26206046007,26206048003
26206047001,26206047002
26206047001,26206047003
26206047002,26206047003
26206047002,26206047004
26206047002,26206047005
26206047002,26213011007
26206047003,26206047004
26206047004,26206047005
26206047004,26206047007
26206047004,26213010008
26206047004,26213011001
26206047004,26213011007
26206047004,26213011008
26206047004,26213012011
26206047004,26213012015
26206047004,26213014007
26206047005,26206047006
26206047005,26213011007
26206047006,26213011007
26206048001,26206048002
26206048001,26206048003
26206048001,26206048024
26206048002,26206048003
26206048002,26206048004
26206048002,26206048008
26206048002,26206048009
26206048002,26206048010
26206048002,26206048012
26206048002,26206048014
26206048002,26206048016
26206048002,26206048022
26206048002,26206048023
26206048002,26206048029
26206048002,26206048030
26206048002,26206048032
26206048002,26206048035
26206048002,26206048036
26206048002,26206048037
26206048002,26206048038
26206048002,26206049007
26206048002,26206051003
26206048002,26206051006
26206048003,26206048004
26206048003,26206048005
26206048003,26206048012
26206048003,26206048013
26206048003,26206048015
26206048003,26206048016
26206048004,26206048005
26206048004,26206048009
26206048004,26206048015
26206048004,26206048017
26206048004,26206048018
26206048004,26206048023
26206048004,26206048028
26206048004,26206048031
26206048005,26206048009
26206048005,26206048017
26206048005,26206048018
26206048005,26206048020
26206048005,26206048021
26206048005,26206048028
26206048005,26206048034
26206048006,26206048019
26206048006,26206048020
26206048006,26206048021
26206048006,26206048026
26206048006,26206048027
26206048006,26206050001
26206048006,26206050005
26206048006,26206050006
26206048006,26206050009
26206048006,26206050010
26206048006,26206051001
26206048007,26206048019
26206048007,26206048027
26206048007,26206049001
26206048007,26206049002
26206048007,26206049003
26206048007,26206049004
26206048008,26206048010
26206048008,26206048022
26206048008,26206048025
26206048008,26206048032
26206048008,26206049003
26206048008,26206049004
26206048008,26206049005
26206048008,26206049006
26206048008,26206049007
26206048009,26206048010
26206048009,26206048018
26206048009,26206048019
26206048009,26206048020
26206048009,26206048031
26206048010,26206048019
26206048010,26206048020
26206048010,26206048025
26206048010,26206049001
26206048011,26206048012
26206048011,26206048014
26206048011,26206048015
26206048012,26206048013
26206048012,26206048014
26206048012,26206048015
26206048012,26206048016
26206048012,26206048030
26206048013,26206048015
26206048013,26206048030
26206048014,26206048015
26206048014,26206048023
26206048014,26206048030
26206048014,26206048035
26206048015,26206048018
26206048015,26206048023
26206048015,26206048033
26206048017,26206048018
26206048017,26206048028
26206048018,26206048023
26206048018,26206048028
26206048018,26206048031
26206048019,26206048020
26206048019,26206048027
26206048019,26206049001
26206048020,26206048021
26206048022,26206048029
26206048022,26206048032
26206048023,26206048031
26206048025,26206049001
26206048025,26206049003
26206048026,26206048027
26206048026,26206049006
26206048026,26206049007
26206048026,26206051001
26206048027,26206049003
26206048027,26206049004
26206048027,26206049006
26206048029,26206048032
26206048030,26206048035
26206048032,26206049004
26206048032,26206049005
26206048036,26206048037
26206048036,26206048038
26206049001,26206049002
26206049001,26206049003
26206049002,26206049003
26206049002,26206049004
26206049003,26206049004
26206049004,26206049005
26206049004,26206049006
26206049005,26206049006
26206049006,26206049007
26206049007,26206051001
26206049007,26206051002
26206049007,26206051003
26206050001,26206050002
26206050001,26206050003
26206050001,26206050005
26206050001,26206050006
26206050001,26206050009
26206050002,26206050003
26206050002,26206050004
26206050002,26206050005
26206050002,26206050006
26206050002,26206050007
26206050003,26206050004
26206050003,26206050009
26206050003,26206050010
26206050004,26206050007
26206050004,26206050010
26206050005,26206050006
26206050006,26206050007
26206050006,26206050008
26206050006,26206051001
26206050007,26206050008
26206050009,26206050010
26206051001,26206051002
26206051002,26206051003
26206051002,26206051004
26206051003,26206051004
26206051003,26206051005
26206051003,26206051006
26206051004,26206051005
26206051004,26206051007
26206051005,26206051006
26206051005,26206051007
26207001001,26207001002
26207001001,26207001003
26207001001,26207002001
26207001001,26207002002
26207001001,26207007001
26207001001,26207007004
26207001001,262107610
26207001002,26207001003
26207001002,26207002001
26207001002,26207002002
26207001003,262107510
26207001003,262107610
26207001003,26322012015
26207001003,26322012016
26207001003,26322012018
26207001003,26322012020
26207002001,26207002002
26207002001,26207003001
26207002001,26207003002
26207002001,26207005001
26207002001,26207005004
26207002001,26207007001
26207002001,26207007004
26207002002,26207003001
26207002002,26207003002
26207003001,26207003002
26207003001,26207003004
26207003001,26207004001
26207003001,26207004004
26207003001,26207005004
26207003002,26207003004
26207003004,26207004001
26207003004,26207004004
26207003004,26207005004
26207004001,26207004004
26207004001,26207006004
26207004004,26207005004
26207004004,26207006004
26207005001,26207005004
26207005001,26207007001
26207005001,26207007004
26207005004,26207006004
26207005004,26207007004
26207006001,26207006004
26207006004,26207007004
26207006004,26207008004
26207006004,26207008006
26207006004,26207009006
26207006004,26322013008
26207006004,26344001003
26207007001,26207007004
26207007001,262107610
26207007004,26207008004
26207007004,26207008005
26207007004,262107610
26207007004,262107710
26207007004,26211008004
26207008004,26207008005
26207008004,26207008006
26207008004,26207008009
26207008005,26207008009
26207008005,262107710
26207008005,26211008003
26207008005,26211008004
26207008005,262110090
26207008005,26211010001
26207008006,26207008009
26207008006,26207009006
26207008009,26207009006
26207008009,26211010001
26207008009,26211012001
26207009006,26207009007
26207009006,26207009008
26207009006,26207010010
26207009006,26207010011
26207009006,26211012001
26207009006,26211013001
26207009006,26344001003
26207009007,26207009008
26207009008,26207010010
26207009008,26207010011
26207010010,26207010011
26207010010,26207010012
26207010010,26344001003
26207010010,26344001006
26207010011,26207010012
26207010011,26211013001
26207010011,262110140
26207010011,26343002003
26207010011,26343002004
26207010011,26344001003
26207010011,26344001006
26207010012,26343002001
26207010012,26343002003
26207010012,26343002004
26207010012,26344001003
26207010012,26344001006
26207010012,26344001007
26208101001,26208101002
26208101001,26208101003
26208101001,26208101007
26208101001,26208101008
26208101001,26208101009
26208101002,26208101003
26208101002,26208101004
26208101002,26208101005
26208101002,26208101006
26208101002,26208101009
26208101002,26208101021
26208101003,26208101006
26208101003,26208101007
26208101003,26208101014
26208101003,26208101016
26208101004,26208101005
26208101004,26208101006
26208101004,26208101017
26208101004,26208101020
26208101005,26208101009
26208101005,26208101017
26208101005,26208101020
26208101005,26208101021
26208101005,26208202042
26208101006,26208101013
26208101006,26208101014
26208101006,26208101017
26208101007,26208101008
26208101008,26208101009
26208101008,26208101021
26208101009,26208101021
26208101010,26208101012
26208101010,26208101015
26208101010,26208101016
26208101010,26208101018
26208101011,26208101015
26208101011,26208202007
26208101011,26208202016
26208101012,26208101013
26208101012,26208101014
26208101012,26208101016
26208101012,26208101018
26208101012,26208101019
26208101013,26208101014
26208101013,26208101017
26208101013,26208101019
26208101014,26208101016
26208101015,26208101016
26208101015,26208101018
26208101015,26208202002
26208101015,26208202007
26208101015,26208202016
26208101015,26208202042
26208101016,26208202002
26208101016,26208202021
26208101017,26208101019
26208101017,26208101020
26208101018,26208101019
26208101018,26208202042
26208101019,26208101020
26208101019,26208202042
26208101020,26208202042
26208101021,26208202042
26208202001,26208202023
26208202001,26208202042
26208202001,26208202047
26208202002,26208202008
26208202002,26208202016
26208202002,26208202021
26208202003,26208202011
26208202003,26208202019
26208202003,26208202040
26208202003,26208202052
26208202004,26208202006
26208202004,26208202018
26208202004,26208202025
26208202004,26208202039
26208202004,26208202043
26208202005,26208202014
26208202005,26208202021
26208202005,26208202036
26208202006,26208202025
26208202006,26208202034
26208202006,26208202039
26208202006,26208202045
26208202006,26208303007
26208202006,26208303017
26208202007,26208202009
26208202007,26208202016
26208202007,26208202020
26208202007,26208202030
26208202007,26208202032
26208202007,26208202042
26208202007,26208202051
26208202008,26208202016
26208202008,26208202021
26208202008,26208202030
26208202008,26208202036
26208202008,26208202037
26208202009,26208202030
26208202009,26208202031
26208202009,26208202037
26208202009,26208202051
26208202010,26208202015
26208202010,26208202019
26208202010,26208202028
26208202010,26208202041
26208202010,26208202049
26208202011,26208202038
26208202011,26208202046
26208202011,26208202052
26208202011,26208303005
26208202011,26208303014
26208202012,26208202022
26208202012,26208202041
26208202013,26208202017
26208202013,26208202038
26208202013,26208202043
26208202013,26208202048
26208202013,26208202051
26208202014,26208202021
26208202014,26208202026
26208202014,26208202033
26208202014,26208202036
26208202014,26208202037
26208202014,26208202050
26208202015,26208202019
26208202015,26208202023
26208202015,26208202032
26208202015,26208202040
26208202015,26208202041
26208202015,26208202042
26208202015,26208202047
26208202015,26208202049
26208202016,26208202030
26208202017,26208202020
26208202017,26208202032
26208202017,26208202040
26208202017,26208202048
26208202017,26208202051
26208202018,26208202038
26208202018,26208202039
26208202018,26208202043
26208202018,26208202046
26208202018,26208303005
26208202019,26208202040
26208202020,26208202032
26208202020,26208202051
26208202021,26208202033
26208202021,26208202036
26208202022,26208202028
26208202022,26208202041
26208202023,26208202047
26208202023,26208202049
26208202024,26208202025
26208202024,26208202034
26208202024,26208202050
26208202025,26208202031
26208202025,26208202034
26208202025,26208202043
26208202025,26208202045
26208202025,26208202050
26208202026,26208202033
26208202026,26208202035
26208202026,262088020
26208202028,26208202041
26208202029,26208202034
26208202029,26208202035
26208202029,26208202044
26208202029,26208606001
26208202030,26208202037
26208202031,26208202037
26208202031,26208202043
26208202031,26208202050
26208202031,26208202051
26208202032,26208202040
26208202032,26208202042
26208202033,26208202034
26208202033,26208202035
26208202033,26208202050
26208202034,26208202035
26208202034,26208202044
26208202034,26208202045
26208202034,26208202050
26208202035,26208202044
26208202035,262086020
26208202035,26208606001
26208202035,262088020
26208202036,26208202037
26208202037,26208202050
26208202038,26208202043
26208202038,26208202046
26208202038,26208202048
26208202038,26208202052
26208202039,26208303005
26208202039,26208303007
26208202040,26208202048
26208202040,26208202052
26208202041,26208202049
26208202042,26208202047
26208202043,26208202051
26208202044,26208202045
26208202044,262082030
26208202044,26208303013
26208202044,262084020
26208202044,26208404001
26208202044,26208604001
26208202044,26208606001
26208202045,262082030
26208202045,26208303013
26208202045,26208303017
26208202046,26208202052
26208202046,26208303005
26208202048,26208202052
262082030,26208303013
26208303001,26208303006
26208303001,26208303007
26208303001,26208303009
26208303001,26208303015
26208303001,26208303016
26208303001,26208303018
26208303001,26208404004
26208303001,26208404017
26208303002,26208303008
26208303002,26208303011
26208303002,26208303012
26208303003,26208303004
26208303003,26208303007
26208303003,26208303008
26208303003,26208303009
26208303003,26208303015
26208303004,26208303005
26208303004,26208303007
26208303004,26208303008
26208303004,26208303014
26208303005,26208303007
26208303005,26208303014
26208303006,26208303009
26208303006,26208303010
26208303006,26208303012
26208303006,26208303015
26208303006,26208404017
26208303007,26208303009
26208303007,26208303016
26208303007,26208303017
26208303008,26208303011
26208303008,26208303012
26208303008,26208303014
26208303008,26208303015
26208303009,26208303015
26208303009,26208303016
26208303010,26208303012
26208303010,26208303015
26208303010,26208404017
26208303011,26208303014
26208303012,26208303015
26208303013,26208303017
26208303013,26208303018
26208303013,26208404001
26208303013,26208404008
26208303016,26208303017
26208303016,26208303018
26208303017,26208303018
26208303018,26208404001
26208303018,26208404004
26208303018,26208404008
262084020,26208404001
26208404001,26208404006
26208404001,26208404008
26208404001,26208404018
26208404001,26208404022
26208404001,26208604001
26208404002,26208404010
26208404002,26208404013
26208404002,26208404025
26208404002,26208404029
26208404002,262084050
26208404002,262087040
26208404002,26208705053
26208404003,26208404011
26208404003,26208404019
26208404003,26208404021
26208404003,26208404024
26208404003,26208404026
26208404003,26208404028
26208404004,26208404006
26208404004,26208404008
26208404004,26208404016
26208404004,26208404017
26208404004,26208404020
26208404004,26208404021
26208404004,26208404023
26208404005,26208404016
26208404005,26208404017
26208404005,26208404019
26208404005,26208404024
26208404006,26208404008
26208404006,26208404020
26208404006,26208404021
26208404006,26208404022
26208404006,26208404023
26208404009,26208404011
26208404009,26208404012
26208404009,26208404014
26208404009,26208404026
26208404009,26208404027
26208404009,26208505033
26208404010,26208404013
26208404010,26208404014
26208404010,26208404030
26208404010,26208505019
26208404010,26208505039
26208404010,26208505047
26208404010,262087040
26208404011,26208404014
26208404011,26208404015
26208404011,26208404026
26208404011,26208404028
26208404012,26208404027
26208404012,26208404030
26208404012,26208505025
26208404012,26208505033
26208404012,26208505039
26208404012,26208505058
26208404013,26208404014
26208404013,26208404015
26208404013,26208404020
26208404013,26208404025
26208404013,262087040
26208404014,26208404015
26208404014,26208404027
26208404014,26208404030
26208404015,26208404021
26208404015,26208404028
26208404016,26208404017
26208404016,26208404021
26208404016,26208404024
26208404018,26208404022
26208404018,26208404029
26208404018,26208604001
26208404018,26208604007
26208404018,26208604018
26208404019,26208404024
26208404019,26208404026
26208404020,26208404021
26208404020,26208404023
26208404020,26208404025
26208404021,26208404023
26208404021,26208404024
26208404021,26208404028
26208404022,26208404023
26208404022,26208404025
26208404022,26208404029
26208404023,26208404025
26208404023,26208404029
26208404024,26208404028
26208404025,26208404029
26208404025,262087040
26208404027,26208404030
26208404029,262084050
26208404029,26208505004
26208404029,26208505053
26208404029,26208604007
26208404029,26208604029
26208404029,26208705004
26208404029,26208705053
26208404030,26208505039
262084050,26208705053
26208505001,26208505018
26208505001,26208505022
26208505001,26208505025
26208505001,26208505027
26208505001,26208505033
26208505001,26208505058
26208505002,26208505005
26208505002,26208505020
26208505002,26208505035
26208505002,26208505048
26208505002,26208505049
26208505003,26208505004
26208505003,26208505007
26208505003,26208505014
26208505003,26208505061
26208505003,26209066001
26208505004,26208505007
26208505004,26208505061
26208505004,26208604029
26208505004,26208606002
26208505004,26208705004
26208505005,26208505011
26208505005,26208505012
26208505005,26208505021
26208505005,26208505026
26208505005,26208505030
26208505005,26208505035
26208505005,26208505048
26208505005,26208505049
26208505005,26208505054
26208505006,26208505016
26208505006,26208505022
26208505006,26208505027
26208505006,26208505034
26208505006,26208505043
26208505006,26208505057
26208505006,26208505060
26208505007,26208606002
26208505007,26209066001
26208505008,26208505011
26208505008,26208505026
26208505008,26208505029
26208505008,26209001003
26208505009,26208505028
26208505009,26208505042
26208505009,26208505051
26208505011,26208505012
26208505011,26208505026
26208505011,26209001003
26208505012,26208505021
26208505012,26208505041
26208505012,26209001003
26208505013,26208505017
26208505013,26208505023
26208505013,26208505031
26208505013,26208505045
26208505013,26208505047
26208505013,26208505052
26208505013,26208505055
26208505014,26208505032
26208505014,26208505038
26208505014,26208505061
26208505014,26209011006
26208505014,26209066001
26208505015,26208505028
26208505015,26208505032
26208505015,26208505037
26208505015,26208505038
26208505015,26208505042
26208505015,26209071002
26208505016,26208505021
26208505016,26208505034
26208505016,26208505043
26208505016,26208505056
26208505016,26208505060
26208505017,26208505018
26208505017,26208505020
26208505017,26208505023
26208505017,26208505027
26208505017,26208505035
26208505017,26208505044
26208505017,26208505055
26208505018,26208505022
26208505018,26208505023
26208505018,26208505025
26208505018,26208505027
26208505018,26208505036
26208505018,26208505058
26208505019,26208505036
26208505019,26208505039
26208505019,26208505047
26208505020,26208505027
26208505020,26208505035
26208505020,26208505044
26208505020,26208505049
26208505021,26208505041
26208505021,26208505043
26208505021,26208505054
26208505021,26208505056
26208505022,26208505027
26208505022,26208505034
26208505022,26208505057
26208505023,26208505025
26208505023,26208505027
26208505023,26208505036
26208505023,26208505047
26208505023,26208505055
26208505024,26208505035
26208505024,26208505038
26208505024,26208505042
26208505024,26208505051
26208505024,26208505055
26208505024,26208505059
26208505025,26208505036
26208505025,26208505039
26208505025,26208505058
26208505026,26208505029
26208505026,26208505030
26208505026,26208505051
26208505027,26208505044
26208505027,26208505057
26208505028,26208505029
26208505028,26208505037
26208505028,26208505040
26208505028,26208505042
26208505028,26208505051
26208505029,26208505040
26208505029,26208505051
26208505029,26209001002
26208505029,26209001003
26208505030,26208505048
26208505030,26208505051
26208505031,26208505047
26208505031,26208505052
26208505031,26208705031
26208505031,26208705052
26208505032,26208505038
26208505032,26208505042
26208505032,26209011006
26208505032,26209071002
26208505033,26208505058
26208505034,26208505060
26208505035,26208505042
26208505035,26208505048
26208505035,26208505051
26208505035,26208505055
26208505036,26208505039
26208505036,26208505047
26208505037,26208505040
26208505037,26209071001
26208505037,26209071002
26208505038,26208505042
26208505038,26208505059
26208505038,26208505061
26208505039,26208505058
26208505040,26209001002
26208505040,26209071001
26208505041,26208505050
26208505041,26208505056
26208505041,26209001003
26208505042,26208505051
26208505043,26208505044
26208505043,26208505054
26208505043,26208505057
26208505044,26208505049
26208505044,26208505054
26208505044,26208505057
26208505045,26208505046
26208505045,26208505052
26208505045,26208505055
26208505045,26208505059
26208505045,26208505061
26208505045,26208705046
26208505045,26208705052
26208505046,26208505061
26208505046,26208705046
26208505047,262087040
26208505047,26208705031
26208505048,26208505051
26208505049,26208505054
26208505050,26208505056
26208505050,26209001003
26208505052,26208705052
26208505053,26208705053
26208505055,26208505059
26208505055,26208505061
26208505056,26208505060
26208505059,26208505061
26208505061,26208705004
26208505061,26208705046
262086020,26208606001
26208604001,26208604007
26208604001,26208604018
26208604007,26208604018
26208604007,26208604029
26208604007,26208606001
26208604007,26208606002
26208604029,26208606002
26208606001,26208606002
26208606001,262088020
26208606001,262088060
26208606001,26209066002
26208606002,26209066001
26208606002,26209066002
262087040,26208705031
262087040,26208705053
26208705004,26208705046
26208705004,26208705053
26208705031,26208705052
26208705031,26208705053
26208705046,26208705052
26208705046,26208705053
26208705052,26208705053
262088020,262088060
262088060,26209066002
26209001001,26209001002
26209001001,26209001003
26209001001,26209002001
26209001001,262090270
26209001001,26209041001
26209001001,26209053001
26209001001,26209071001
26209001002,26209001003
26209001002,26209071001
26209001003,26209002004
26209001003,26209053001
26209002001,26209002002
26209002001,262090270
26209002001,26209041001
26209002001,26209041002
26209002001,26209053001
26209002002,26209002003
26209002002,26209003001
26209002002,26209004002
26209002002,26209041002
26209002002,26209053001
26209002002,26209053002
26209002002,262090680
26209002003,26209004001
26209002003,26209004002
26209002003,26209041002
26209002003,26209041003
26209002003,26209041004
26209002004,26209002005
26209002004,262090200
26209002004,26209053001
26209002004,26209053002
26209002005,26209003001
26209002005,26209003002
26209002005,262090200
26209002005,262090240
26209002005,26209053001
26209002005,26209053002
26209003001,26209003002
26209003001,262090240
26209003001,26209053002
26209003001,26209056001
26209003001,26209056002
26209003001,26209059001
26209003001,262090680
26209003002,262090240
26209003002,26209056002
26209003002,26209056003
26209003002,26303003002
26209003002,26303003015
26209004001,26209004002
26209004001,26209004004
26209004001,26209004005
26209004001,26209005002
26209004001,26209005003
26209004001,262090190
26209004001,26209041004
26209004002,26209004003
26209004002,26209004004
26209004002,26209059001
26209004002,262090680
26209004003,26209004004
26209004003,26209059001
26209004003,26209059002
26209004004,26209004005
26209004004,262090070
26209004004,26209059002
26209004005,26209005002
26209004005,26209005003
26209004005,262090070
26209004005,26209008001
26209004005,262090250
26209004005,26209059002
26209004005,26303002026
26209004005,26303002030
26209005001,26209005002
26209005001,26209008001
26209005001,26209041004
26209005001,26209045001
26209005001,26209045002
26209005002,26209005003
26209005002,26209008001
26209005002,26209041004
26209006001,26209006002
26209006001,26209006003
26209006001,26209006004
26209006001,26209006005
26209006001,262090070
26209006001,262090090
26209006001,262090100
26209006001,26209011006
26209006001,262090120
26209006001,26209013001
26209006001,262090170
26209006001,26209029001
26209006001,26209029002
26209006001,26209034001
26209006001,26209034002
26209006001,26209045003
26209006001,26209045004
26209006001,262090780
26209006002,26209006003
26209006002,262090070
26209006002,26209008003
26209006002,26209045002
26209006003,26209006005
26209006003,26209045002
26209006003,26209045003
26209006004,262090070
26209006005,26209011006
26209006005,26209045003
262090070,26209008001
262090070,26209008002
262090070,26209008003
262090070,262090090
262090070,262090250
262090070,26209029002
262090070,26209029003
262090070,26209029004
262090070,26303002030
26209008001,26209008002
26209008001,26209045002
26209008002,26209008003
26209008002,26209045002
26209008003,26209045002
262090090,262090100
262090090,26209029002
262090090,26209029003
262090090,26209029004
262090090,262090330
262090090,26303002030
262090100,26303001027
262090100,26303002030
26209011001,26209011002
26209011001,26209011006
26209011001,26209050003
26209011002,26209011003
26209011002,26209011005
26209011002,26209011006
26209011002,26209050003
26209011002,26209069002
26209011003,26209011004
26209011003,26209011005
26209011003,26209011006
26209011003,26209069002
26209011004,26209011005
26209011004,26209011006
26209011004,262090140
26209011005,26209011006
26209011005,26209011007
26209011006,26209011007
26209011006,262090120
26209011006,26209013001
26209011006,26209013002
26209011006,26209013003
26209011006,262090140
26209011006,262090150
26209011006,262090210
26209011006,26209045003
26209011006,26209045004
26209011006,26209045005
26209011006,26209050003
26209011006,26209066001
26209011006,26209069001
26209011006,26209069002
26209011006,26209071002
26209011007,262090120
26209011007,26209013003
26209011007,262090150
262090120,26209013001
262090120,26209013003
262090120,262090150
262090120,26209045004
262090120,262090780
26209013001,26209013002
26209013001,26209013003
26209013001,262090140
26209013002,262090140
262090140,262090220
262090140,26209066001
262090140,26209066002
262090150,26209045005
262090170,26209029001
262090190,26209041004
262090210,26209069001
262090210,26209071002
262090220,26209066001
262090220,26209066002
26209023001,26209023002
26209023001,26209045004
26209023001,26209045005
26209023001,26209050002
26209023002,26209045005
26209023002,26209050002
26209023002,26209050003
262090250,26303002030
26209029001,26209029002
26209029002,26209029003
26209029003,26209029004
26209034001,26209034002
26209041001,26209041002
26209041001,26209041003
26209041001,26209045001
26209041001,26209050001
26209041001,26209069001
26209041001,26209071001
26209041002,26209041003
26209041002,26209041004
26209041003,26209041004
26209041003,26209045001
26209041004,26209045001
26209045001,26209045002
26209045001,26209045004
26209045001,26209050001
26209045001,26209050002
26209045002,26209045003
26209045002,26209045004
26209045003,26209045004
26209045004,26209045005
26209045004,26209050002
26209045005,26209050003
26209050001,26209050002
26209050001,26209050003
26209050001,26209069001
26209050001,26209069002
26209050002,26209050003
26209050003,26209069002
26209053001,26209053002
26209056001,26209056002
26209056001,26209056003
26209056001,26209059001
26209056001,26209059002
26209056001,26209059003
26209056001,262090680
26209056002,26209056003
26209056002,26209059003
26209056003,26209059003
26209056003,26303003001
26209056003,26303003002
26209056003,26303003008
26209056003,26303003010
26209059001,26209059002
26209059001,26209059003
26209059001,262090680
26209059002,26209059003
26209059002,26303002010
26209059002,26303002026
26209059002,26303002038
26209059003,26303002008
26209059003,26303002010
26209059003,26303002011
26209059003,26303003001
26209059003,26303003016
26209059003,26303003017
26209066001,26209066002
26209069001,26209069002
26209069001,26209071001
26209069001,26209071002
26209071001,26209071002
26210111001,26210111002
26210111001,26210111013
26210111001,26210111014
26210111001,26210201002
26210111001,26210201015
26210111001,262107110
26210111002,26210111003
26210111002,26210111013
26210111002,262107110
26210111003,26210111004
26210111003,26210111007
26210111003,26210111009
26210111003,26210111013
26210111003,262107110
26210111004,26210111005
26210111004,26210111006
26210111004,26210111007
26210111004,26210111010
26210111004,262107110
26210111005,26210111010
26210111005,262107110
26210111006,26210111007
26210111006,26210111010
26210111006,26210111012
26210111007,26210111008
26210111007,26210111009
26210111007,26210111011
26210111007,26210111012
26210111007,26210111014
26210111007,26210111015
26210111007,26210111026
26210111007,26210111028
26210111008,26210111014
26210111009,26210111013
26210111009,26210111014
26210111010,26210111012
26210111011,26210111015
26210111011,26210111026
26210111012,26210111025
26210111012,26210111026
26210111013,26210111014
26210111014,26210111028
26210111014,26210201002
26210111014,26210201008
26210111014,26210201015
26210111015,26210111026
26210111015,26210111028
26210111016,26210111023
26210111016,26210111026
26210111016,26210111028
26210111016,26210201008
26210111016,26210201051
26210111016,26210421014
26210111018,26210111019
26210111018,26210111021
26210111018,26210111027
26210111018,26210121051
26210111018,26210121053
26210111019,26210111021
26210111019,26210111025
26210111019,26210111026
26210111019,26210111027
26210111019,26210121051
26210111019,26210201020
26210111019,26210201023
26210111019,26210201024
26210111020,26210111021
26210111020,26210111022
26210111020,26210111025
26210111020,26210121053
26210111021,26210111025
26210111021,26210121053
26210111023,26210111024
26210111023,26210111026
26210111023,26210111027
26210111023,26210121051
26210111023,26210421014
26210111024,26210111027
26210111024,26210121051
26210111025,26210111026
26210111025,26210111027
26210111026,26210111027
26210111026,26210111028
26210111027,26210121051
26210111028,26210201008
26210121051,26210121052
26210121051,26210121053
26210121051,26210421012
26210121051,26210421014
26210121052,26210121053
26210121052,26210421012
26210201001,26210201010
26210201001,26210201011
26210201001,26210201013
26210201001,26210201023
26210201001,26210201026
26210201001,26210201028
26210201002,26210201008
26210201002,26210201015
26210201002,26210201020
26210201002,26210201022
26210201002,26210201024
26210201002,26210201051
26210201003,26210201004
26210201003,26210201007
26210201003,26210201012
26210201003,26210201023
26210201003,26210201024
26210201003,26210201051
26210201003,26210202003
26210201003,26210202004
26210201003,26210202007
26210201003,26210202008
26210201004,26210201006
26210201004,26210201009
26210201004,26210201012
26210201004,26210201023
26210201004,26210201026
26210201004,26210202003
26210201004,26210202004
26210201004,26210202009
26210201005,26210201017
26210201005,26210201021
26210201005,26210201031
26210201005,26210201057
26210201005,26210311057
26210201005,262107110
26210201006,26210201009
26210201006,26210201011
26210201006,26210201019
26210201006,26210201026
26210201006,26210201052
26210201007,26210201024
26210201007,26210201051
26210201008,26210201020
26210201008,26210201024
26210201008,26210201051
26210201009,26210201012
26210201009,26210201019
26210201009,26210201052
26210201009,26210202004
26210201009,26210202009
26210201009,26210202052
26210201010,26210201011
26210201010,26210201013
26210201010,26210201014
26210201010,26210201025
26210201010,26210201029
26210201010,26210201030
26210201010,26210201053
26210201011,26210201013
26210201011,26210201018
26210201011,26210201019
26210201011,26210201026
26210201011,26210201053
26210201013,26210201014
26210201013,26210201028
26210201014,26210201020
26210201014,26210201025
26210201014,26210201028
26210201015,26210201020
26210201015,26210201021
26210201015,262107110
26210201016,26210201029
26210201016,26210201030
26210201016,26210201031
26210201017,26210201021
26210201017,262107110
26210201018,26210201019
26210201018,26210201053
26210201018,26210201055
26210201018,26210202052
26210201018,26210311011
26210201018,26210311053
26210201019,26210201052
26210201019,26210202052
26210201020,26210201021
26210201020,26210201022
26210201020,26210201023
26210201020,26210201024
26210201020,26210201025
26210201020,26210201027
26210201020,26210201028
26210201020,26210201029
26210201020,26210201051
26210201021,26210201029
26210201021,26210201031
26210201021,262107110
26210201022,26210201027
26210201023,26210201024
26210201023,26210201026
26210201023,26210201028
26210201024,26210201051
26210201025,26210201029
26210201025,26210201030
26210201029,26210201030
26210201029,26210201031
26210201030,26210201031
26210201030,26210201053
26210201030,26210201054
26210201030,26210201057
26210201031,26210201057
26210201051,26210202008
26210201051,262104110
26210201051,26210421014
26210201052,26210202009
26210201052,26210202052
26210201053,26210201054
26210201053,26210311007
26210201053,26210311011
26210201053,26210311053
26210201053,26210311054
26210201054,26210311054
26210201054,26210311057
26210201055,26210202052
26210201055,26210202055
26210201055,26210311053
26210201055,26210311056
26210201057,26210311057
26210202001,26210202002
26210202001,26210202007
26210202001,26210202015
26210202001,26210402010
26210202001,26210511002
26210202001,26210521006
26210202002,26210202007
26210202002,26210202012
26210202002,26210202059
26210202002,26210213062
26210202002,26210511002
26210202002,26210521006
26210202003,26210202004
26210202003,26210202007
26210202003,26210202009
26210202003,26210202011
26210202003,26210202012
26210202003,26210202061
26210202004,26210202007
26210202004,26210202009
26210202004,26210202011
26210202004,26210202014
26210202005,26210202009
26210202005,26210202013
26210202005,26210202016
26210202005,26210202017
26210202005,26210202052
26210202005,26210202055
26210202005,26210202061
26210202006,26210202013
26210202006,26210202016
26210202006,26210202058
26210202006,26210625008
26210202006,26210625010
26210202006,26210625018
26210202007,26210202008
26210202007,26210202010
26210202007,26210202012
26210202007,26210202014
26210202007,26210202015
26210202007,26210402010
26210202007,26210421013
26210202008,26210202010
26210202008,26210421013
26210202008,26210421014
26210202009,26210202017
26210202009,26210202052
26210202009,26210202061
26210202010,26210202015
26210202010,26210402010
26210202010,26210421013
26210202011,26210202012
26210202011,26210202014
26210202012,26210202014
26210202012,26210202059
26210202012,26210202061
26210202013,26210202016
26210202013,26210202055
26210202013,26210311001
26210202013,26210311006
26210202013,26210625004
26210202013,26210625015
26210202013,26210625016
26210202015,26210402010
26210202016,26210202058
26210202016,26210202060
26210202016,26210202061
26210202017,26210202061
26210202052,26210202055
26210202055,26210311001
26210202055,26210311056
26210202058,26210202060
26210202058,26210213002
26210202058,26210213058
26210202058,26210213060
26210202058,262106150
26210202058,26210625018
26210202058,26210625020
26210202059,26210202061
26210202059,26210213059
26210202059,26210213062
26210202060,26210202061
26210202060,26210213003
26210202060,26210213060
26210202061,26210213003
26210202061,26210213059
26210202061,26210213060
26210213001,26210213004
26210213001,26210213006
26210213001,26210213008
26210213001,26210213063
26210213001,26210521004
26210213001,26210521006
26210213002,26210213007
26210213002,26210213008
26210213002,26210213058
26210213002,26210213060
26210213002,26210223020
26210213002,262106150
26210213002,26210616019
26210213002,26210625021
26210213003,26210213008
26210213003,26210213059
26210213003,26210213060
26210213003,26210213062
26210213004,26210213006
26210213004,26210213007
26210213004,26210213008
26210213004,26210223022
26210213005,26210213006
26210213005,26210223022
26210213005,26210616003
26210213005,26210616009
26210213005,26210616021
26210213006,26210213063
26210213006,26210223022
26210213007,26210213008
26210213007,26210223020
26210213007,26210223022
26210213008,26210213060
26210213008,26210213062
26210213008,26210521006
26210213059,26210213062
26210213062,26210521006
26210213063,26210511002
26210213063,26210511063
26210213063,26210521004
26210223020,26210223021
26210223020,26210223022
26210223020,26210616019
26210223021,26210223022
26210223021,26210616019
26210223021,26210616021
26210223022,26210616003
26210223022,26210616021
26210311001,26210311006
26210311001,26210311008
26210311001,26210311056
26210311002,26210311011
26210311002,26210311012
26210311002,26210311057
26210311003,26210311004
26210311003,26210311005
26210311003,26210311008
26210311003,26210321022
26210311003,26210321034
26210311004,26210311005
26210311004,26210311009
26210311004,26210311010
26210311004,26210311011
26210311004,26210311012
26210311004,26210311053
26210311004,26210311056
26210311004,26210321024
26210311004,26210321034
26210311005,26210311008
26210311005,26210311053
26210311005,26210311056
26210311006,26210311008
26210311006,26210311013
26210311006,26210625004
26210311007,26210311011
26210311007,26210311012
26210311008,26210311013
26210311008,26210311056
26210311008,26210321022
26210311008,26210621068
26210311008,26210621077
26210311009,26210311010
26210311009,26210321024
26210311009,262107210
26210311010,26210311012
26210311010,262107110
26210311010,262107210
26210311011,26210311012
26210311011,26210311053
26210311011,26210311054
26210311011,26210311057
26210311012,26210311057
26210311012,262107110
26210311013,26210621077
26210311013,26210625004
26210311013,26210625005
26210311053,26210311056
26210311054,26210311057
26210311057,262107110
26210321021,26210321023
26210321021,26210321027
26210321021,26210321028
26210321021,26210321029
26210321022,26210321026
26210321022,26210321027
26210321022,26210321029
26210321022,26210321033
26210321022,26210321034
26210321022,26210621068
26210321022,26210621069
26210321023,26210321024
26210321023,26210321027
26210321023,26210321028
26210321023,26210321030
26210321023,262107210
26210321024,26210321025
26210321024,26210321027
26210321024,26210321030
26210321024,26210321034
26210321024,262107210
26210321025,26210321030
26210321025,26210321033
26210321025,26210321034
26210321026,26210321027
26210321026,26210321033
26210321027,26210321029
26210321027,26210321030
26210321027,26210321033
26210321028,26210321029
26210321028,26210321031
26210321028,262107210
26210321029,26210321031
26210321029,26210621069
26210321029,26210621070
26210321029,26210621072
26210321030,26210321033
26210321031,26210621051
26210321031,26210621072
26210321031,262107210
26210321031,262107310
26210321033,26210321034
26210402008,26210402009
26210402008,26210402010
26210402008,26210402011
26210402008,26210421011
26210402008,26210421012
26210402008,26210521006
26210402008,26210521007
26210402009,26210421011
26210402009,26210421012
26210402009,26210521007
26210402009,26210522003
26210402010,26210402011
26210402010,26210421013
26210402010,26210511002
26210402010,26210521006
26210402010,26210521007
26210402011,26210421011
26210402011,26210421013
262104110,26210421014
26210421011,26210421012
26210421011,26210421013
26210421011,26210421014
26210421012,26210421014
26210421013,26210421014
26210511002,26210511063
26210511002,26210521004
26210511002,26210521006
26210511063,26210511064
26210511063,26210511065
26210511063,26210521004
26210511064,26210512064
26210511064,26210512065
26210511064,26210521004
26210511065,26210521004
26210512064,26210512065
26210512065,26210521004
26210512065,26210522001
26210521004,26210521005
26210521004,26210521006
26210521004,26210522001
26210521004,26210522002
26210521005,26210521006
26210521005,26210521007
26210521005,26210522002
26210521005,26210522003
26210521006,26210521007
26210521007,26210522003
26210522001,26210522002
26210522001,26210522003
26210522002,26210522003
26210603001,26210603002
26210603001,26210603003
26210603001,26210603004
26210603001,26210603005
26210603001,26210603009
26210603001,26210603010
26210603001,26210603023
26210603002,26210603003
26210603002,26210603010
26210603002,26210603020
26210603003,26210603004
26210603003,26210603006
26210603003,26210603020
26210603004,26210603006
26210603004,26210603012
26210603004,26210603022
26210603004,26210603023
26210603004,262107610
26210603004,262107710
26210603005,26210603009
26210603005,26210603010
26210603005,26210603011
26210603005,26210603016
26210603005,26210603017
26210603006,26210603007
26210603006,26210603020
26210603006,26210603022
26210603006,26210603024
26210603006,26211008004
26210603007,26210603019
26210603007,26210603020
26210603007,26210603024
26210603007,26211008004
26210603008,26210603009
26210603008,26210603013
26210603008,26210603014
26210603008,26210603023
26210603008,26210612002
26210603008,26210612006
26210603009,26210603016
26210603009,26210603023
26210603009,26210612001
26210603010,26210603011
26210603010,26210603017
26210603010,26210603020
26210603011,26210603016
26210603011,26210603017
26210603011,26210604037
26210603011,26210604048
26210603011,26210612008
26210603012,26210603013
26210603012,26210603014
26210603012,26210603023
26210603012,262107610
26210603013,26210603014
26210603013,26210603023
26210603014,26210612006
26210603014,262107610
26210603016,26210612001
26210603016,26210612003
26210603016,26210612008
26210603017,26210603018
26210603017,26210603020
26210603017,26210603021
26210603017,26210604037
26210603017,26210604039
26210603017,26210604040
26210603017,262110010
26210603018,26210603020
26210603018,26210603021
26210603019,26210603020
26210603019,262110010
26210603019,26211008004
26210603020,26210603021
26210603020,262110010
26210603021,262110010
26210603022,26210603024
26210603022,262107710
26210603024,262107710
26210603024,26211008004
26210604001,26210604006
26210604001,26210604008
26210604001,26210604026
26210604001,26210604038
26210604001,26210604039
26210604001,26210604042
26210604001,26210604043
26210604002,26210604004
26210604002,26210604007
26210604002,26210604009
26210604002,26210604013
26210604002,26210604016
26210604002,26210625012
26210604003,26210604004
26210604003,26210604005
26210604003,26210604006
26210604003,26210604008
26210604003,26210604027
26210604003,26210604038
26210604004,26210604005
26210604004,26210604007
26210604004,26210604008
26210604004,26210604009
26210604004,26210604016
26210604004,26210604035
26210604004,26210604044
26210604005,26210604007
26210604005,26210604019
26210604005,26210604027
26210604006,26210604008
26210604006,26210604027
26210604006,26210604038
26210604007,26210604009
26210604007,26210604019
26210604008,26210604043
26210604008,26210604044
26210604009,26210604013
26210604009,26210611013
26210604010,26210604012
26210604010,26210604026
26210604010,26210604029
26210604010,26210604040
26210604010,26210604041
26210604010,26210604042
26210604010,262110010
26210604011,26210604021
26210604011,26210604031
26210604011,26210604032
26210604011,26210604034
26210604011,26210604050
26210604012,26210604026
26210604012,26210604029
26210604012,26210604030
26210604012,26210604045
26210604013,26210604018
26210604013,26210611013
26210604013,26210611014
26210604013,26210621057
26210604013,26210621058
26210604013,26210625012
26210604014,26210604015
26210604014,26210604016
26210604014,26210604035
26210604014,26210604044
26210604014,26210604049
26210604014,26210625007
26210604014,26210625009
26210604015,26210604016
26210604015,26210604035
26210604015,26210625006
26210604015,26210625007
26210604016,26210604035
26210604016,26210625006
26210604016,26210625012
26210604017,26210604021
26210604017,26210604025
26210604017,26210604034
26210604017,26210604046
26210604017,26210625023
26210604018,26210611013
26210604018,26210611014
26210604019,26210604020
26210604019,26210604027
26210604019,26210604028
26210604019,26210604048
26210604019,26210611013
26210604019,26210611015
26210604020,26210604048
26210604020,26210611015
26210604020,26210611016
26210604021,26210604025
26210604021,26210604031
26210604021,26210604032
26210604021,26210604034
26210604023,26210604030
26210604023,26210604031
26210604023,26210604032
26210604023,26210604045
26210604023,26210604050
26210604025,26210604026
26210604025,26210604032
26210604025,26210604043
26210604025,26210604045
26210604025,26210604051
26210604025,26210625019
26210604025,26210625023
26210604026,26210604042
26210604026,26210604043
26210604026,26210604045
26210604026,26210604051
26210604027,26210604028
26210604027,26210604038
26210604028,26210604038
26210604028,26210604048
26210604029,26210604030
26210604029,26210604050
26210604029,262110010
26210604030,26210604045
26210604030,26210604050
26210604031,26210604032
26210604031,26210604045
26210604031,26210604050
26210604032,26210604045
26210604034,26210604046
26210604034,26210604050
26210604034,26210616017
26210604035,26210604044
26210604035,26210604049
26210604037,26210604038
26210604037,26210604039
26210604037,26210604048
26210604038,26210604039
26210604038,26210604048
26210604039,26210604040
26210604039,26210604041
26210604039,26210604042
26210604040,26210604041
26210604040,26210604042
26210604040,262110010
26210604041,26210604042
26210604043,26210604044
26210604043,26210604051
26210604044,26210604049
26210604046,26210604047
26210604046,26210604050
26210604046,26210604052
26210604046,26210616005
26210604046,26210616017
26210604046,26210616018
26210604046,26210625021
26210604047,26210604052
26210604047,26210616011
26210604047,26210616013
26210604047,26210616014
26210604047,26210616016
26210604047,26210616018
26210604048,26210611016
26210604048,26210612008
26210604048,26210622030
26210604048,26210622033
26210604049,26210604051
26210604049,26210625007
26210604049,26210625009
26210604049,26210625019
26210604050,26210604052
26210604050,26210616017
26210604050,262110010
26210604051,26210625019
26210604051,26210625023
26210604052,26210616015
26210604052,26210616016
26210604052,262110010
26210611001,26210611002
26210611001,26210611003
26210611001,26210611011
26210611001,26210611014
26210611001,26210621056
26210611001,26210621076
26210611002,26210611003
26210611002,26210611004
26210611002,26210611006
26210611002,26210611011
26210611003,26210611004
26210611003,26210621054
26210611003,26210621056
26210611004,26210611005
26210611004,26210611006
26210611004,26210611007
26210611004,26210621054
26210611005,26210611007
26210611005,26210621053
26210611005,26210621054
26210611005,262107310
26210611005,262107410
26210611006,26210611007
26210611006,26210611009
26210611006,26210611011
26210611007,26210611009
26210611007,262107410
26210611008,26210611009
26210611008,26210611010
26210611008,26210611017
26210611008,26210622024
26210611008,26210622031
26210611008,262107410
26210611009,26210611010
26210611009,26210611011
26210611009,262107410
26210611010,26210611011
26210611010,26210611012
26210611010,26210611015
26210611010,26210611017
26210611011,26210611012
26210611011,26210611014
26210611012,26210611013
26210611012,26210611014
26210611012,26210611015
26210611013,26210611014
26210611013,26210611015
26210611014,26210621057
26210611014,26210621058
26210611014,26210621075
26210611014,26210621076
26210611015,26210611016
26210611015,26210611017
26210611016,26210611017
26210611016,26210622022
26210611016,26210622030
26210611016,26210622031
26210611016,26210622033
26210611017,26210622024
26210611017,26210622031
26210612001,26210612002
26210612001,26210612003
26210612001,26210612004
26210612002,26210612004
26210612002,26210612005
26210612002,26210612006
26210612002,26210622029
26210612003,26210612004
26210612003,26210612005
26210612003,26210612008
26210612003,26210612009
26210612003,26210622034
26210612004,26210612005
26210612005,26210612009
26210612005,26210622023
26210612005,26210622029
26210612006,26210622029
26210612006,262107510
26210612006,262107610
26210612008,26210612009
26210612008,26210622030
26210612008,26210622034
26210612009,26210622023
26210612009,26210622034
262106150,26210625020
262106150,26210625021
26210616001,26210616002
26210616001,26210616008
26210616001,26210616011
26210616001,26210616017
26210616001,26210616018
26210616001,26210636056
26210616002,26210616007
26210616002,26210616008
26210616002,26210616009
26210616002,26210616022
26210616002,26210636056
26210616002,26210636057
26210616003,26210616021
26210616004,26210616005
26210616004,26210616008
26210616004,26210616019
26210616004,26210625021
26210616004,262106260
26210616005,26210616008
26210616005,26210616017
26210616005,26210625021
26210616007,26210616008
26210616007,26210616009
26210616007,262106260
26210616008,26210616017
26210616008,262106260
26210616009,26210616019
26210616009,26210616021
26210616009,26210616022
26210616009,262106260
26210616011,26210616013
26210616011,26210616018
26210616011,26210636056
26210616013,26210616014
26210616013,26210636056
26210616014,26210616015
26210616014,26210616016
26210616014,26210636056
26210616015,26210616016
26210616015,26210636056
26210616015,26210636058
26210616015,262110010
26210616016,262110010
26210616017,26210616018
26210616019,26210616021
26210616019,26210625021
26210616019,262106260
26210616022,26210636057
26210621051,26210621052
26210621051,26210621053
26210621051,26210621072
26210621051,26210621073
26210621051,26210621074
26210621051,262107310
26210621052,26210621053
26210621052,262107310
26210621053,26210621054
26210621053,26210621055
26210621053,26210621073
26210621053,26210621074
26210621053,262107310
26210621053,262107410
26210621054,26210621055
26210621054,26210621056
26210621054,26210621074
26210621055,26210621056
26210621055,26210621059
26210621055,26210621061
26210621055,26210621062
26210621055,26210621074
26210621056,26210621061
26210621056,26210621075
26210621056,26210621076
26210621057,26210621058
26210621057,26210621064
26210621057,26210621065
26210621057,26210621066
26210621057,26210625003
26210621057,26210625004
26210621057,26210625005
26210621057,26210625012
26210621057,26210625013
26210621058,26210621061
26210621058,26210621064
26210621058,26210621075
26210621058,26210621076
26210621058,26210625013
26210621059,26210621060
26210621059,26210621061
26210621059,26210621062
26210621059,26210621063
26210621060,26210621061
26210621060,26210621062
26210621060,26210621063
26210621060,26210621064
26210621060,26210621065
26210621060,26210621066
26210621061,26210621064
26210621061,26210621075
26210621062,26210621063
26210621062,26210621071
26210621062,26210621074
26210621063,26210621066
26210621063,26210621069
26210621063,26210621071
26210621064,26210621065
26210621065,26210621066
26210621066,26210621067
26210621066,26210621069
26210621066,26210621071
26210621066,26210621077
26210621066,26210625005
26210621067,26210625005
26210621068,26210621069
26210621068,26210621077
26210621069,26210621070
26210621069,26210621071
26210621069,26210621077
26210621070,26210621071
26210621070,26210621072
26210621071,26210621072
26210621071,26210621074
26210621072,26210621073
26210621072,26210621074
26210621073,26210621074
26210621075,26210621076
26210621077,26210625005
26210622021,26210622022
26210622021,26210622023
26210622021,26210622025
26210622021,26210622031
26210622021,262107510
26210622022,26210622023
26210622022,26210622030
26210622022,26210622031
26210622022,26210622034
26210622023,26210622029
26210622023,26210622034
26210622023,262107510
26210622024,26210622025
26210622024,26210622031
26210622024,262107410
26210622024,262107510
26210622025,26210622031
26210622025,262107510
26210622029,262107510
26210622029,262107610
26210622030,26210622033
26210622030,26210622034
26210625001,26210625002
26210625001,26210625003
26210625001,26210625004
26210625001,26210625006
26210625001,26210625008
26210625001,26210625015
26210625001,26210625016
26210625002,26210625003
26210625002,26210625006
26210625002,26210625008
26210625002,26210625014
26210625003,26210625004
26210625003,26210625006
26210625003,26210625013
26210625004,26210625005
26210625004,26210625015
26210625006,26210625007
26210625006,26210625012
26210625006,26210625013
26210625006,26210625014
26210625007,26210625009
26210625007,26210625010
26210625007,26210625014
26210625008,26210625010
26210625008,26210625014
26210625008,26210625016
26210625008,26210625018
26210625009,26210625010
26210625009,26210625018
26210625009,26210625019
26210625009,26210625020
26210625010,26210625014
26210625010,26210625018
26210625012,26210625013
26210625015,26210625016
26210625018,26210625020
26210625019,26210625020
26210625019,26210625023
26210625020,26210625021
26210625020,26210625023
26210625021,26210625023
26210636056,26210636057
26210636056,26210636058
26210636056,26210636059
26210636057,26210636059
26210636057,26211007001
26210636057,26211007002
26210636057,26211007003
26210636058,26210636059
26210636058,262110010
26210636058,26211007001
26210636059,26211007001
262107110,262107210
262107110,26303001016
262107110,26303002015
262107110,26303003015
26210712001,26322001001
26210712001,26322002001
26210712001,26322002006
26210712002,26322003004
26210712002,26322004001
262107130,262107230
262107130,262110010
262107130,26211006003
262107130,26211006004
262107130,26211008005
262107210,262107310
262107220,26322004011
262107220,26322004014
262107220,26322017001
262107230,262110010
262107310,262107410
262107310,26322017001
262107410,262107510
262107410,26322017004
262107410,26322017005
262107410,26322017006
262107510,262107610
262107510,26322012020
262107510,26322017006
262107510,26322017007
262107610,262107710
262107710,26211008004
262110010,26211005001
262110010,26211005002
262110010,26211006004
262110010,26211007001
262110010,26211007003
262110010,26211008004
26211002001,26211002003
26211002001,26211002004
26211002001,26211003002
26211002001,26211003003
26211002001,26211005001
26211002001,26211008004
26211002003,26211002004
26211002003,26211005001
26211002003,26211006002
26211002004,26211003002
26211002004,26211006002
26211002004,26211006003
26211002004,26211008005
26211003001,26211003002
26211003001,26211003003
26211003001,26211004002
26211003001,26211004005
26211003001,26211008005
26211003002,26211003003
26211003002,26211008005
26211003003,26211004002
26211003003,26211008004
26211004001,26211004002
26211004001,26211004003
26211004001,26211004004
26211004001,26211008002
26211004001,26211008004
26211004001,26211008005
26211004002,26211004003
26211004002,26211004004
26211004002,26211004005
26211004002,26211008002
26211004002,26211008004
26211004003,26211004004
26211004003,26211004005
26211004004,26211004005
26211004004,26211008005
26211004005,26211008005
26211005001,26211005002
26211005001,26211005003
26211005001,26211006002
26211005001,26211008004
26211005002,26211005003
26211005002,26211007001
26211005003,26211006001
26211005003,26211006002
26211005003,26211007001
26211005003,26211007002
26211006001,26211006002
26211006001,26211006004
26211006001,26211007001
26211006001,26211007002
26211006001,26211007003
26211006002,26211006003
26211006002,26211006004
26211006003,26211006004
26211006003,26211008005
26211006004,26211007003
26211007001,26211007002
26211007002,26211007003
26211008001,26211008002
26211008001,26211008004
26211008002,26211008003
26211008002,26211008004
26211008002,26211008005
26211008002,26211008006
26211008003,26211008004
26211008003,26211008006
26211008003,262110090
26211008005,26211008006
26211008005,262110090
26211008006,262110090
262110090,26211010001
262110090,26211010002
26211010001,26211010002
26211010001,26211010003
26211010001,262110110
26211010001,26211012001
26211010001,26211012002
26211010001,262110200
26211010003,26211012001
26211010003,26211012002
262110110,26211012001
262110110,26211013001
262110110,262110150
262110110,26211017001
262110110,26211017003
262110110,262110190
262110110,262110200
26211012001,26211012002
26211012001,26211012003
26211012001,26211013001
26211012002,26211012003
26211012003,26211013001
26211013001,26211013002
26211013001,262110140
26211013001,262110150
26211013002,262110140
262110140,262110150
262110140,262110160
262110140,26211017003
262110140,26343002002
262110140,26343002004
262110150,26211017001
262110150,26211017003
262110160,26211017003
262110160,26343001001
262110160,26343002002
262110160,26343002003
26211017001,26211017002
26211017001,26211017003
26211017001,26211017004
26211017001,26211017007
26211017001,262110190
26211017002,26211017007
26211017002,262110190
26211017003,26211017004
26211017003,26211017005
26211017003,26211017006
26211017003,26211018001
26211017003,26343001001
26211017003,26343001007
26211017004,26211017005
26211017004,26211017007
26211017005,26211017006
26211017005,26211017007
26211017006,26211017007
26211017006,26211017008
26211017006,26211018001
26211017006,26211018002
26211017007,26211017008
26211017007,262110190
26211017008,26211018002
26211017008,262110190
26211017008,262110200
26211017008,262110210
26211017008,26211025001
26211017008,26211025002
26211017008,26211025003
26211017008,26211025004
26211018001,26211018002
26211018001,262140030
26211018001,26343001007
26211018001,26366012000
26211018001,26366012015
26211018002,262110210
26211018002,26366006006
26211018002,26366006010
26211018002,26366006018
26211018002,26366006030
26211018002,26366012004
26211018002,26366012015
26211018002,26366012042
26211018002,26366012045
262110190,262110200
262110190,26211025003
262110190,26211025004
262110200,262110210
262110200,262110220
262110200,26211025004
262110210,262110220
262110210,262110230
262110210,26366002000
262110210,26366006006
262110210,26366006012
262110220,262110230
262110220,262110240
262110230,262110240
262110230,26366002000
262110230,26366004000
262110230,26366007000
262110230,26366007007
262110230,26366007018
262110230,26366007020
262110230,26366007029
26211025001,26211025002
26211025001,26211025003
26211025001,26211025004
26211025002,26211025003
26211025002,26211025004
26211025003,26211025004
26212001001,26212001002
26212001001,26212001003
26212001001,26212002004
26212001001,26212006017
26212001001,26212006021
26212001002,26212001003
26212001002,26212002004
26212001002,26212002007
26212001002,26212005015
26212001003,26212005015
26212001003,26212006017
26212002004,26212002005
26212002004,26212002006
26212002004,26212002007
26212002004,26212002008
26212002004,26212006021
26212002004,262120270
26212002004,262120280
26212002005,26212002006
26212002005,26212002008
26212002005,262120290
26212002006,262120270
26212002006,262120290
26212002007,26212002008
26212002007,262120040
26212002007,26212005015
26212002008,26212003009
26212002008,26212003010
26212002008,26212003011
26212002008,262120040
26212002008,262120290
26212003009,26212003010
26212003009,26212003011
26212003009,262120040
26212003009,262120290
26212003010,26212003011
26212003010,26212003012
26212003010,26212012002
26212003010,262120290
26212003011,26212003012
26212003011,262120040
26212003011,262120460
26212003011,26212047001
26212003011,26212047002
26212003011,262120520
26212003012,26212011001
26212003012,26212012002
26212003012,26212047001
262120040,26212005014
262120040,26212005015
262120040,262120520
26212005014,26212005015
26212005014,262120510
26212005014,262120520
26212005015,26212005016
26212005015,26212006017
26212005015,26212043001
26212005015,262120510
26212005016,26212006017
26212005016,26212006018
26212005016,26212043001
26212006017,26212006018
26212006017,26212006021
26212006018,26212006019
26212006018,26212006020
26212006018,26212006021
26212006018,26212043001
26212006018,26212043014
26212006019,26212006020
26212006019,262120210
26212006019,26212043013
26212006019,26212043014
26212006020,26212006021
26212006020,262120210
26212006020,262120280
26212006021,262120280
26212007001,26212007002
26212007001,26212007003
26212007001,26212007009
26212007001,26212007010
26212007001,26212008006
26212007001,26212008008
26212007002,26212007003
26212007002,26212008006
26212007002,26212008008
26212007002,26212010006
26212007002,26212014001
26212007002,26212014002
26212007003,26212007004
26212007003,26212007009
26212007004,26212007005
26212007004,26212007008
26212007004,26212007009
26212007005,26212007006
26212007005,26212007008
26212007006,26212007007
26212007006,26212007008
26212007006,26212007009
26212007006,26212008006
26212007006,26212015005
26212007007,26212007008
26212007007,26212007009
26212007008,26212007009
26212007009,26212007010
26212007009,26212008001
26212007009,26212008003
26212007009,26212008006
26212007010,26212008006
26212008001,26212008002
26212008001,26212008003
26212008001,26212008006
26212008002,26212008003
26212008002,26212008006
26212008003,26212008004
26212008003,26212008006
26212008004,26212008006
26212008005,26212008006
26212008006,26212008007
26212008006,26212008008
26212008006,26212009002
26212008006,26212010006
26212008007,26212008008
26212009001,26212009002
26212009002,26212009003
26212009002,26212009004
26212009002,26212009005
26212009002,26212009006
26212009002,26212009007
26212009002,26212009008
26212009002,26212010006
26212009002,26212010008
26212009002,26212011001
26212009003,26212009004
26212009004,26212009005
26212009004,26212009007
26212009005,26212009006
26212009005,26212009007
26212009005,26212009008
26212009005,26212010008
26212009006,26212010008
26212009007,26212009008
26212009008,26212010006
26212009008,26212010007
26212009008,26212010008
26212010001,26212010002
26212010001,26212010005
26212010001,26212010006
26212010001,26212010011
26212010001,26212012008
26212010002,26212010005
26212010002,26212010006
26212010002,26212012008
26212010003,26212010004
26212010003,26212010006
26212010004,26212010005
26212010004,26212010006
26212010005,26212010006
26212010006,26212010007
26212010006,26212010011
26212010006,26212012008
26212010006,26212013003
26212010006,26212014001
26212010006,26212014002
26212010007,26212010008
26212010007,26212010010
26212010007,26212010011
26212010008,26212010009
26212010008,26212010010
26212010008,26212011001
26212010008,26212011009
26212010009,26212010010
26212010009,26212011009
26212010009,26212012008
26212010010,26212010011
26212010010,26212012008
26212010011,26212012008
26212011001,26212011002
26212011001,26212011003
26212011001,26212011004
26212011001,26212011005
26212011001,26212011006
26212011001,26212011007
26212011001,26212011008
26212011001,26212011009
26212011001,26212012002
26212011002,26212011003
26212011003,26212011004
26212011004,26212011005
26212011004,26212011006
26212011004,26212011007
26212011005,26212011006
26212011005,26212011007
26212011006,26212011007
26212011006,26212011009
26212011006,26212012001
26212011006,26212012002
26212011007,26212011008
26212011007,26212011009
26212011008,26212011009
26212011009,26212012001
26212011009,26212012008
26212012001,26212012002
26212012001,26212012005
26212012001,26212012007
26212012001,26212012008
26212012002,26212012003
26212012002,26212012004
26212012002,26212012005
26212012002,26212012006
26212012002,26212013003
26212012002,262120290
26212012003,26212012004
26212012004,26212012005
26212012005,26212012006
26212012005,26212012007
26212012006,26212012007
26212012006,26212012008
26212012006,26212013001
26212012006,26212013003
26212012007,26212012008
26212012008,26212013001
26212012008,26212013003
26212013001,26212013002
26212013001,26212013003
26212013002,26212013003
26212013003,26212013004
26212013003,26212013005
26212013003,26212013006
26212013003,26212014002
26212013003,26212014005
26212013003,262120290
26212013003,262120320
26212013003,262120330
26212013003,262120340
26212013004,262120320
26212013005,26212013006
26212013005,26212014005
26212013006,26212014002
26212013006,26212014005
26212014001,26212014002
26212014002,26212014003
26212014002,26212014004
26212014002,26212014005
26212014003,26212014005
26212014003,26212015003
26212014005,26212015002
26212014005,26212015003
26212014005,262120330
26212015002,26212015003
26212015002,26212015004
26212015002,262120330
26212015002,262120350
26212015003,26212015004
26212015005,26212015006
26212015005,26212015007
26212015005,26212015008
26212015007,26212015008
26212016001,26212016002
26212016001,26212016004
26212016001,26212016008
26212016001,26212016013
26212016001,26212017004
26212016001,26212017012
26212016001,26212017014
26212016002,26212016003
26212016002,26212016004
26212016002,26212016007
26212016002,26212016008
26212016003,26212016004
26212016003,26212016005
26212016003,26212016006
26212016003,26212016007
26212016004,26212016005
26212016004,26212017004
26212016004,26212017014
26212016004,26212019016
26212016004,26212020044
26212016005,26212016006
26212016005,26212016008
26212016005,26212020044
26212016005,26212020045
26212016006,26212016007
26212016006,26212016008
26212016007,26212016008
26212016007,26212018015
26212016008,26212016013
26212016008,26212017009
26212016008,26212017013
26212016008,26212018008
26212016008,26212018015
26212016008,26212019008
26212016008,26212020044
26212016008,262120210
26212016008,262120250
26212016013,26212017011
26212016013,26212017013
26212016013,26212017014
26212017004,26212017011
26212017004,26212017014
26212017004,26212019016
26212017009,26212017010
26212017009,26212017011
26212017009,26212017013
26212017009,26212018015
26212017009,26212031028
26212017009,262120370
26212017010,26212017011
26212017010,26212017013
26212017011,26212017012
26212017011,26212017013
26212017011,26212017014
26212017012,26212017013
26212017012,26212017014
26212017013,26212017014
26212018008,26212018015
26212018015,26212019008
26212018015,262120250
26212018015,262120300
26212018015,26212031028
26212019016,26212020044
26212019016,26212022019
26212020040,26212020041
26212020040,26212020042
26212020040,26212020044
26212020041,26212020042
26212020041,26212020043
26212020041,26212020044
26212020042,26212020043
26212020042,26212020044
26212020043,26212020044
26212020044,26212020045
26212020044,262120210
26212020044,26212022019
26212020044,26212043012
26212020044,26212043013
262120210,262120250
262120210,262120280
262120210,26212043013
26212022019,26212022020
26212022019,262120230
26212022019,262120240
26212022019,26212043012
26212022020,262120240
262120230,262120240
262120230,26212039001
262120230,26212043010
262120230,26212043012
262120240,26212038007
262120240,26212039001
262120250,262120260
262120250,262120270
262120250,262120280
262120250,262120300
262120260,262120270
262120260,262120280
262120270,262120280
262120270,262120290
262120270,262120300
262120270,262120320
262120290,262120320
262120300,26212031028
262120300,262120320
26212031028,26212031029
26212031028,26212031031
26212031028,26212031032
26212031028,26212031033
26212031028,26212031034
26212031028,262120320
26212031028,262120330
26212031028,262120340
26212031028,262120350
26212031028,262120360
26212031028,262120370
26212031029,26212031031
26212031031,26212031032
26212031031,26212031033
26212031032,26212031033
26212031032,26212031034
26212031033,26212031034
26212031033,262120330
26212031034,262120330
26212031034,262120350
262120320,262120340
262120330,262120340
262120330,262120350
262120350,262120360
262120360,262120370
26212038001,26212038002
26212038001,26212040001
26212038001,26212040004
26212038002,26212038003
26212038002,26212038004
26212038002,26212038006
26212038002,26212038007
26212038002,26212039001
26212038002,26212039002
26212038002,26212040004
26212038002,26212040005
26212038003,26212038004
26212038004,26212038005
26212038004,26212038006
26212038005,26212038006
26212038006,26212038007
26212038006,26212039001
26212038007,26212039001
26212039001,26212039002
26212039001,26212039003
26212039001,26212039004
26212039001,26212039005
26212039001,26212043010
26212039002,26212039003
26212039002,26212039009
26212039002,26212040005
26212039003,26212039004
26212039003,26212039005
26212039003,26212039007
26212039004,26212039005
26212039004,26212039007
26212039004,26212043009
26212039004,26212043010
26212039005,26212039006
26212039005,26212039007
26212039005,26212039010
26212039005,26212043009
26212039006,26212039007
26212039006,26212039010
26212039007,26212039008
26212039007,26212039009
26212039007,26212039010
26212039008,26212039010
26212039009,26212039010
26212039009,26212040001
26212039009,26212040005
26212039010,26212040001
26212039010,26212040005
26212039010,26212041008
26212039010,26212043008
26212039010,26212043009
26212039010,26212044015
26212040001,26212040002
26212040001,26212040003
26212040001,26212040004
26212040001,26212040005
26212040001,26212040006
26212040001,26212040007
26212040001,26212040008
26212040001,26212041001
26212040001,26212041008
26212040002,26212040003
26212040002,26212040004
26212040004,26212040005
26212040006,26212040007
26212040008,26212041001
26212041001,26212041002
26212041001,26212041003
26212041001,26212041008
26212041001,26212042006
26212041002,26212041003
26212041002,26212041004
26212041002,26212041005
26212041002,26212041008
26212041002,26212042006
26212041002,26212042009
26212041003,26212041004
26212041003,26212041006
26212041003,26212041008
26212041004,26212041005
26212041004,26212041006
26212041004,26212041008
26212041005,26212041008
26212041006,26212041007
26212041006,26212041008
26212041007,26212041008
26212041008,26212041009
26212041008,26212042009
26212041008,26212044015
26212041008,26212044016
26212041008,26463004007
26212041008,26463004013
26212041009,26463004007
26212041009,26463004013
26212042001,26212042002
26212042001,26212042003
26212042001,26212042009
26212042002,26212042003
26212042003,26212042004
26212042003,26212042009
26212042004,26212042005
26212042004,26212042009
26212042005,26212042006
26212042005,26212042007
26212042005,26212042009
26212042006,26212042009
26212042007,26212042008
26212042007,26212042009
26212042008,26212042009
26212042009,26463003006
26212042009,26463004007
26212042009,26463004008
26212042009,26463004009
26212043001,26212043002
26212043001,26212043006
26212043001,26212043014
26212043001,262120510
26212043002,26212043003
26212043002,26212043006
26212043002,26212043014
26212043003,26212043004
26212043003,26212043005
26212043003,26212043006
26212043003,26212043014
26212043004,26212043005
26212043004,26212043007
26212043004,26212043008
26212043004,26212043014
26212043005,26212043006
26212043005,26212043007
26212043005,26212044016
26212043006,26212044016
26212043006,26212049001
26212043006,26212049004
26212043006,262120510
26212043007,26212043008
26212043007,26212044016
26212043008,26212043009
26212043008,26212043010
26212043008,26212043011
26212043008,26212043012
26212043008,26212043014
26212043008,26212044015
26212043008,26212044016
26212043009,26212043010
26212043010,26212043011
26212043010,26212043012
26212043011,26212043012
26212043012,26212043013
26212043012,26212043014
26212043013,26212043014
26212044015,26212044016
26212044016,26212049001
26212044016,26463004012
26212044016,26463004013
262120450,262120460
262120450,26212048003
262120450,26212048004
262120450,262120500
262120450,262120510
262120450,262120520
262120460,26212047001
262120460,26212047002
262120460,26212048003
262120460,262120520
26212047001,26212047002
26212047001,26212048003
26212047001,264650060
26212047001,264650070
26212047001,264650080
26212048001,26212048002
26212048001,26212048003
26212048001,26212048004
26212048001,262120500
26212048001,26465001001
26212048001,26465001002
26212048001,26465002005
26212048001,264650090
26212048001,264650100
26212048002,26212049003
26212048002,26212049005
26212048002,262120500
26212048002,26465002005
26212048002,26465002006
26212048002,264650030
26212048003,26212048004
26212048003,264650080
26212048003,264650090
26212048004,262120500
26212049001,26212049002
26212049001,26212049003
26212049001,26212049004
26212049002,26212049003
26212049002,264650030
26212049003,26212049004
26212049003,26212049005
26212049003,264650030
26212049004,26212049005
26212049004,262120510
26212049005,262120500
26212049005,262120510
262120500,262120510
262120510,262120520
26213001001,26213001002
26213001001,26213001004
26213001001,26213002009
26213001001,26213002010
26213001002,26213001003
26213001002,26213001004
26213001002,26213001005
26213001002,26213002010
26213001002,26213004003
26213001003,26213001004
26213001003,26213001005
26213001003,26213001007
26213001004,26213001007
26213001004,26213001010
26213001004,26213002005
26213001004,26213002007
26213001004,26213002008
26213001004,26213002009
26213001005,26213001006
26213001005,26213001007
26213001005,26213004003
26213001005,26213004014
26213001006,26213001007
26213001006,26213001008
26213001006,26213004014
26213001007,26213001008
26213001007,26213001010
26213001008,26213001009
26213001008,26213001010
26213001009,26213001010
26213002001,26213002002
26213002001,26213002006
26213002001,26213002007
26213002001,26213003001
26213002001,26213003003
26213002001,26213003004
26213002002,26213002003
26213002002,26213002006
26213002002,26213003004
26213002002,26213003009
26213002003,26213002004
26213002003,26213002006
26213002003,26213003009
26213002003,26213004002
26213002004,26213002005
26213002004,26213002006
26213002004,26213002008
26213002004,26213004002
26213002005,26213002006
26213002005,26213002007
26213002005,26213002008
26213002006,26213002007
26213002006,26213003001
26213002007,26213003001
26213002008,26213002009
26213002008,26213004002
26213002008,26213004003
26213002009,26213002010
26213002009,26213004003
26213002010,26213004003
26213003001,26213003002
26213003001,26213003003
26213003001,26213018011
26213003001,26213018015
26213003002,26213003003
26213003002,26213003005
26213003002,26213018011
26213003003,26213003004
26213003003,26213003005
26213003004,26213003005
26213003004,26213003009
26213003005,26213003006
26213003005,26213003008
26213003005,26213003009
26213003005,26213005001
26213003005,26213005002
26213003005,26213005005
26213003005,26213018011
26213003006,26213003007
26213003006,26213003008
26213003006,26213005001
26213003007,26213003008
26213003007,26213004003
26213003007,26213004004
26213003007,26213004009
26213003007,26213005001
26213003007,26213005002
26213003008,26213003009
26213003008,26213004001
26213003008,26213004002
26213003008,26213004003
26213003009,26213004001
26213003009,26213004002
26213004001,26213004002
26213004002,26213004003
26213004003,26213004004
26213004003,26213004005
26213004003,26213004006
26213004003,26213004013
26213004003,26213004014
26213004004,26213004005
26213004004,26213004007
26213004004,26213004008
26213004004,26213004009
26213004005,26213004006
26213004005,26213004007
26213004006,26213004007
26213004006,26213004012
26213004006,26213004013
26213004007,26213004008
26213004007,26213004012
26213004008,26213004009
26213004008,26213004010
26213004008,26213004012
26213004008,26213004016
26213004008,26213004017
26213004009,26213004010
26213004009,26213005002
26213004009,26213005003
26213004009,264070730
26213004010,26213004011
26213004010,26213004012
26213004010,26213004016
26213004010,26213004017
26213004010,26213004018
26213004010,264070730
26213004011,26213004018
26213004011,264070730
26213004012,26213004013
26213004012,26213004015
26213004012,26213004016
26213004012,26213004017
26213004013,26213004014
26213004013,26213004015
26213004014,26213004015
26213004014,26213004016
26213004014,26213004017
26213004015,26213004016
26213004016,26213004017
26213004017,26213004018
26213005001,26213005002
26213005002,26213005003
26213005002,26213005004
26213005002,26213005005
26213005003,26213005004
26213005003,26213005009
26213005003,264070670
26213005003,264070730
26213005004,26213005005
26213005004,26213005009
26213005005,26213005007
26213005005,26213005009
26213005005,26213018011
26213005005,26213019005
26213005006,26213005007
26213005006,26213005008
26213005006,26213005009
26213005007,26213005008
26213005007,26213005009
26213005007,26213019005
26213005008,26213005009
26213005008,26213019005
26213005008,264070650
26213005008,264070660
26213005008,264070670
26213005009,264070670
26213006001,26213006002
26213006001,26213006003
26213006001,26213007004
26213006001,26213007005
26213006002,26213006003
26213006002,26213006004
26213006002,26213007005
26213006002,26213008001
26213006002,26213008002
26213006002,26213008003
26213006003,26213006004
26213006003,26213006005
26213006003,26213007004
26213006004,26213006005
26213006004,26213008003
26213006005,26213007001
26213006005,26213007004
26213006005,26213008003
26213007001,26213007002
26213007001,26213007003
26213007001,26213007004
26213007001,26213007006
26213007001,26213008003
26213007001,26213008009
26213007001,26213010006
26213007001,26213010007
26213007001,26213010008
26213007001,26213014003
26213007001,26213014004
26213007001,26213014005
26213007002,26213007003
26213007003,26213007004
26213007003,26213007005
26213007003,26213007006
26213007004,26213007005
26213007005,26213007006
26213007005,26213007007
26213007005,26213008002
26213007006,26213007007
26213007006,26213010006
26213007007,26213007008
26213007007,26213008002
26213007007,26213010003
26213007007,26213010004
26213007007,26213010006
26213007008,26213008001
26213007008,26213008002
26213007008,26213010003
26213007008,264070090
26213008001,26213008002
26213008001,26213008003
26213008001,26213008004
26213008001,26213008005
26213008001,26213008006
26213008001,264070090
26213008001,264070100
26213008003,26213008004
26213008003,26213008009
26213008004,26213008005
26213008004,26213008007
26213008004,26213008009
26213008005,26213008006
26213008005,26213008007
26213008006,26213008007
26213008006,26213019008
26213008006,264070100
26213008006,264070110
26213008007,26213008008
26213008007,26213008009
26213008007,26213009001
26213008007,26213019008
26213008008,26213008009
26213008008,26213009001
26213008008,26213009002
26213008009,26213009002
26213008009,26213009003
26213008009,26213014003
26213009001,26213009002
26213009001,26213009005
26213009001,26213015001
26213009001,26213017001
26213009001,26213019008
26213009002,26213009003
26213009002,26213009005
26213009002,26213009006
26213009003,26213009004
26213009003,26213009006
26213009003,26213014002
26213009003,26213014003
26213009004,26213009006
26213009004,26213014002
26213009004,26213015001
26213009005,26213009006
26213009005,26213015001
26213009006,26213015001
26213010001,26213010002
26213010001,26213010003
26213010001,26213010005
26213010001,26213011004
26213010001,264070010
26213010001,264070030
26213010002,26213010003
26213010002,26213010004
26213010002,26213010005
26213010003,26213010004
26213010003,264070030
26213010003,264070090
26213010004,26213010005
26213010004,26213010006
26213010005,26213010006
26213010005,26213010007
26213010005,26213011002
26213010005,26213011003
26213010005,26213011004
26213010006,26213010007
26213010007,26213010008
26213010007,26213011001
26213010007,26213011002
26213010008,26213011001
26213010008,26213014005
26213010008,26213014007
26213011001,26213011002
26213011001,26213011008
26213011002,26213011003
26213011002,26213011007
26213011002,26213011008
26213011003,26213011004
26213011003,26213011006
26213011003,26213011007
26213011004,26213011005
26213011004,26213011006
26213011005,26213011006
26213011006,26213011007
26213011007,26213011008
26213012001,26213012002
26213012001,26213012007
26213012001,26213012008
26213012001,26213013003
26213012001,26213013011
26213012001,26213014010
26213012002,26213012003
26213012002,26213012007
26213012002,26213013003
26213012003,26213012004
26213012003,26213012007
26213012003,26213012009
26213012003,26213013002
26213012003,26213013003
26213012004,26213012005
26213012004,26213012007
26213012004,26213012008
26213012004,26213012009
26213012004,26213013002
26213012005,26213012006
26213012005,26213012008
26213012005,26213012010
26213012005,26213013002
26213012006,26213012010
26213012006,26213013002
26213012007,26213012008
26213012007,26213012009
26213012008,26213012009
26213012008,26213012010
26213012008,26213012013
26213012008,26213012014
26213012008,26213014009
26213012008,26213014010
26213012010,26213012012
26213012010,26213012013
26213012011,26213012012
26213012011,26213012013
26213012011,26213012014
26213012011,26213012015
26213012011,26213014007
26213012011,26213014008
26213012012,26213012013
26213012013,26213012014
26213012014,26213014008
26213012014,26213014009
26213012015,26213014007
26213013001,26213013002
26213013001,26213013004
26213013001,26213013005
26213013001,26213013006
26213013001,26213013007
26213013001,26213013008
26213013001,26213013010
26213013002,26213013003
26213013002,26213013004
26213013002,26213013005
26213013002,26213013010
26213013002,26213013011
26213013003,26213013011
26213013004,26213013005
26213013005,26213013007
26213013006,26213013007
26213013008,26213013009
26213013008,26213013010
26213013008,26213015005
26213013008,26213015006
26213013008,26213016001
26213013008,26213017006
26213013009,26213015004
26213013009,26213015005
26213013009,26213017006
26213013010,26213013011
26213013010,26213015006
26213013011,26213014007
26213013011,26213014008
26213013011,26213014010
26213013011,26213015002
26213013011,26213015003
26213013011,26213015005
26213013011,26213015006
26213014001,26213014002
26213014001,26213014003
26213014001,26213014006
26213014001,26213014007
26213014001,26213015002
26213014002,26213014003
26213014002,26213015001
26213014002,26213015002
26213014003,26213014004
26213014003,26213014006
26213014004,26213014005
26213014004,26213014006
26213014005,26213014006
26213014005,26213014007
26213014006,26213014007
26213014007,26213014008
26213014007,26213015002
26213014008,26213014009
26213014008,26213014010
26213014009,26213014010
26213015001,26213015002
26213015001,26213015003
26213015001,26213015004
26213015001,26213017001
26213015001,26213017005
26213015001,26213017006
26213015002,26213015003
26213015003,26213015004
26213015003,26213015005
26213015004,26213015005
26213015004,26213017006
26213015005,26213015006
26213016001,26213016002
26213016001,26213016003
26213016001,26213017006
26213016002,26213016003
26213017001,26213017002
26213017001,26213017005
26213017001,26213018001
26213017001,26213018006
26213017001,26213019006
26213017001,26213019008
26213017002,26213017003
26213017002,26213017004
26213017002,26213017005
26213017002,26213018006
26213017003,26213017004
26213017003,26213018006
26213017003,26213018011
26213017003,26213018015
26213017004,26213017005
26213017004,26213017006
26213017005,26213017006
26213018001,26213018005
26213018001,26213018006
26213018001,26213019006
26213018001,26213019007
26213018002,26213018003
26213018002,26213018006
26213018002,26213018010
26213018002,26213018011
26213018003,26213018004
26213018003,26213018006
26213018004,26213018005
26213018004,26213018006
26213018005,26213018006
26213018005,26213019006
26213018005,26213019007
26213018006,26213018010
26213018006,26213018011
26213018006,26213019001
26213018006,26213019005
26213018006,26213019007
26213018007,26213018009
26213018007,26213018011
26213018007,26213018014
26213018007,26213018015
26213018008,26213018009
26213018008,26213018011
26213018009,26213018010
26213018009,26213018011
26213018010,26213018011
26213018011,26213018014
26213018011,26213018015
26213018011,26213019005
26213018012,26213018013
26213018012,26213018014
26213018012,26213018015
26213018013,26213018014
26213018013,26213018015
26213018014,26213018015
26213019001,26213019002
26213019001,26213019003
26213019001,26213019005
26213019001,26213019007
26213019002,26213019003
26213019002,26213019004
26213019002,26213019005
26213019002,26407025005
26213019002,26407025007
26213019003,26213019004
26213019003,26213019007
26213019003,26213019008
26213019003,264070240
26213019003,26407025007
26213019004,26407025007
26213019005,26407025004
26213019005,26407025005
26213019005,264070600
26213019005,264070650
26213019006,26213019007
26213019006,26213019008
26213019007,26213019008
26213019008,264070110
26213019008,264070120
26213019008,264070240
262140010,262140020
262140010,262140070
262140010,262140090
262140010,26214010038
262140010,26366001000
262140010,26366005000
262140020,262140070
262140020,26214010038
262140020,26214013045
262140020,26214022005
262140020,26214022006
262140030,262140040
262140030,262140050
262140030,262140070
262140030,26214023028
262140030,26343001005
262140030,26343001007
262140030,263430030
262140030,26365004001
262140030,26366012000
262140040,262140050
262140040,26366006000
262140040,26366012000
262140050,262140060
262140050,262140070
262140050,26366006000
262140060,262140070
262140060,262140080
262140060,26366001000
262140060,26366006000
262140070,262140080
262140070,262140090
262140070,26214022006
262140070,26214023028
262140080,262140090
262140080,26366001000
262140090,26366001000
26214010001,26214010002
26214010001,26214010006
26214010001,26214010007
26214010001,26214010038
26214010001,26214011004
26214010001,26214013040
26214010002,26214010003
26214010002,26214010005
26214010002,26214010006
26214010002,26214010038
26214010003,26214010004
26214010003,26214010005
26214010003,26214010006
26214010003,26214010038
26214010003,26366005000
26214010004,26214010005
26214010004,26214010012
26214010004,26214010014
26214010004,26366005000
26214010005,26214010006
26214010005,26214010010
26214010005,26214010011
26214010005,26214010012
26214010005,26214010014
26214010006,26214010007
26214010006,26214010009
26214010006,26214010010
26214010007,26214010008
26214010007,26214010009
26214010007,26214011002
26214010007,26214011003
26214010007,26214011004
26214010008,26214010009
26214010008,26214010033
26214010008,26214011002
26214010008,26214011003
26214010009,26214010010
26214010009,26214010033
26214010009,26214010034
26214010010,26214010011
26214010010,26214010023
26214010010,26214010024
26214010010,26214010034
26214010010,26214010035
26214010011,26214010012
26214010011,26214010023
26214010011,26214010024
26214010012,26214010013
26214010012,26214010014
26214010012,26214010019
26214010012,26214010020
26214010012,26214010023
26214010013,26214010014
26214010013,26214010015
26214010013,26214010019
26214010013,26214010020
26214010014,26214010015
26214010014,26214010019
26214010014,26366005000
26214010014,26366005008
26214010015,26214010016
26214010015,26214010019
26214010015,26366005008
26214010016,26214010017
26214010016,26214010019
26214010016,26366005000
26214010016,26366005003
26214010016,26366005008
26214010017,26214010018
26214010017,26214010019
26214010017,26214010020
26214010017,26214010021
26214010017,26366005000
26214010018,26214010019
26214010018,26214010020
26214010018,26214010021
26214010019,26214010020
26214010020,26214010021
26214010020,26214010023
26214010021,26214010022
26214010021,26214010023
26214010021,26214019001
26214010021,26366005000
26214010022,26214010023
26214010022,26214010025
26214010022,26214019001
26214010023,26214010024
26214010023,26214010025
26214010024,26214010025
26214010024,26214010035
26214010025,26214010026
26214010025,26214010027
26214010025,26214010035
26214010025,26214010036
26214010025,26214019001
26214010026,26214010027
26214010026,26214010028
26214010026,26214010032
26214010026,26214010036
26214010026,26214019001
26214010026,26214019002
26214010026,26214019006
26214010026,26366010001
26214010026,26366010012
26214010027,26214010028
26214010027,26214010032
26214010027,26214010036
26214010027,26214010037
26214010028,26214010032
26214010028,26214019002
26214010030,26214010032
26214010030,26214019006
26214010032,26214010033
26214010032,26214010037
26214010032,26214011001
26214010032,26214019002
26214010032,26214019006
26214010032,26366010001
26214010033,26214010034
26214010033,26214010037
26214010033,26214011001
26214010033,26214011002
26214010034,26214010035
26214010034,26214010036
26214010034,26214010037
26214010035,26214010036
26214010036,26214010037
26214010038,26214013040
26214010038,26214013045
26214010038,26366005000
26214011001,26214011002
26214011001,26214011006
26214011001,26214011007
26214011001,26366010001
26214011001,26366010012
26214011002,26214011003
26214011002,26214011006
26214011002,26214011007
26214011003,26214011004
26214011003,26214011005
26214011003,26214011006
26214011003,26214011012
26214011004,26214011005
26214011004,26214013040
26214011005,26214011006
26214011005,26214011012
26214011005,26214011013
26214011005,26214011014
26214011005,26214013038
26214011005,26214013039
26214011005,26214013040
26214011006,26214011007
26214011006,26214011010
26214011006,26214011011
26214011006,26214011012
26214011007,26214011008
26214011007,26214011010
26214011007,26214011011
26214011007,26366010010
26214011007,26366010012
26214011008,26214011009
26214011008,26214011010
26214011008,26366010010
26214011009,26214011010
26214011009,26214011019
26214011009,26214017003
26214011009,26214017004
26214011009,26366010010
26214011010,26214011011
26214011010,26214011018
26214011010,26214011019
26214011011,26214011012
26214011011,26214011017
26214011011,26214011018
26214011011,26214011020
26214011012,26214011016
26214011012,26214011017
26214011013,26214011014
26214011013,26214011015
26214011013,26214011016
26214011014,26214011015
26214011014,26214013038
26214011015,26214011016
26214011015,26214011021
26214011015,26214011022
26214011015,26214013038
26214011016,26214011017
26214011016,26214011021
26214011017,26214011018
26214011017,26214011020
26214011017,26214011021
26214011018,26214011019
26214011018,26214011020
26214011019,26214011020
26214011019,26214011028
26214011019,26214017004
26214011020,26214011021
26214011020,26214011025
26214011020,26214011027
26214011020,26214011028
26214011021,26214011022
26214011021,26214011023
26214011021,26214011024
26214011021,26214011025
26214011022,26214011023
26214011022,26214013038
26214011023,26214011024
26214011023,26214013033
26214011023,26214013038
26214011024,26214011025
26214011024,26214011026
26214011024,26214011048
26214011024,26214013033
26214011025,26214011026
26214011025,26214011027
26214011025,26214011048
26214011026,26214011027
26214011026,26214011032
26214011026,26214011033
26214011026,26214011047
26214011026,26214011048
26214011027,26214011028
26214011027,26214011032
26214011027,26214011033
26214011028,26214011029
26214011028,26214011030
26214011028,26214011032
26214011028,26214017004
26214011029,26214011030
26214011029,26214017004
26214011029,26214017005
26214011030,26214011031
26214011030,26214011032
26214011030,26214017005
26214011031,26214017005
26214011032,26214011033
26214011032,26214011035
26214011032,26214017005
26214011032,26214017006
26214011033,26214011034
26214011033,26214011035
26214011033,26214011045
26214011033,26214011047
26214011034,26214011035
26214011034,26214011036
26214011034,26214011042
26214011034,26214011043
26214011034,26214011044
26214011034,26214011045
26214011035,26214011036
26214011035,26214017006
26214011036,26214011037
26214011036,26214011041
26214011036,26214011042
26214011036,26214011043
26214011036,26214017006
26214011036,26214017007
26214011037,26214011038
26214011037,26214011041
26214011037,26214017007
26214011038,26214011039
26214011038,26214011040
26214011038,26214011041
26214011038,26214016022
26214011038,26214017007
26214011039,26214011040
26214011039,26214016022
26214011039,26214016023
26214011039,26214016024
26214011040,26214011041
26214011040,26214011046
26214011040,26214013032
26214011040,26214016024
26214011041,26214011042
26214011041,26214011046
26214011042,26214011043
26214011042,26214011046
26214011043,26214011044
26214011043,26214011046
26214011044,26214011045
26214011044,26214011046
26214011045,26214011046
26214011045,26214011047
26214011045,26214013033
26214011046,26214013032
26214011046,26214013033
26214011047,26214011048
26214011047,26214013033
26214011048,26214013033
26214012001,26214012002
26214012001,26214012003
26214012001,26214012004
26214012001,26214012007
26214012001,26214013037
26214012001,26214013042
26214012001,26214013043
26214012002,26214012003
26214012002,26214013037
26214012003,26214012004
26214012003,26214013029
26214012003,26214013036
26214012003,26214013037
26214012004,26214012005
26214012004,26214012007
26214012004,26214013028
26214012004,26214013029
26214012004,26214013044
26214012005,26214012006
26214012005,26214013001
26214012005,26214013008
26214012005,26214013026
26214012005,26214013028
26214012006,26214013001
26214012006,26214013008
26214012006,26214013025
26214012006,26214013026
26214012007,26214012008
26214012007,26214012009
26214012007,26214013001
26214012007,26214013003
26214012007,26214013043
26214012007,26214013044
26214012008,26214012009
26214012008,26214013001
26214012008,26214013002
26214012008,26214013003
26214012009,26214013003
26214013001,26214013002
26214013001,26214013006
26214013001,26214013007
26214013001,26214013008
26214013001,26214013044
26214013002,26214013003
26214013002,26214013004
26214013002,26214013005
26214013002,26214013006
26214013003,26214013004
26214013003,26214013043
26214013004,26214013005
26214013004,26214013012
26214013004,26214013013
26214013004,26214013043
26214013004,26214013045
26214013005,26214013006
26214013005,26214013010
26214013005,26214013011
26214013005,26214013012
26214013006,26214013007
26214013006,26214013010
26214013007,26214013008
26214013007,26214013009
26214013007,26214013010
26214013008,26214013009
26214013008,26214013010
26214013008,26214013024
26214013008,26214013025
26214013009,26214013010
26214013009,26214013022
26214013009,26214013024
26214013009,26214026008
26214013009,26214026009
26214013010,26214013011
26214013010,26214026001
26214013010,26214026008
26214013011,26214013012
26214013011,26214013014
26214013011,26214013020
26214013011,26214026001
26214013012,26214013013
26214013012,26214013014
26214013013,26214013014
26214013013,26214013015
26214013013,26214013045
26214013013,26214014001
26214013014,26214013015
26214013014,26214026001
26214013015,26214013016
26214013015,26214014001
26214013015,26214014015
26214013015,26214026001
26214013015,26214026003
26214013016,26214026001
26214013016,26214026003
26214013020,26214026001
26214013022,26214013024
26214013022,26214026009
26214013022,26214026013
26214013024,26214013025
26214013024,26214016010
26214013024,26214016037
26214013024,26214026013
26214013025,26214013026
26214013025,26214016010
26214013025,26214016011
26214013025,26214016012
26214013026,26214013027
26214013026,26214013028
26214013026,26214016012
26214013027,26214013028
26214013027,26214013029
26214013027,26214013030
26214013027,26214016012
26214013027,26214016013
26214013027,26214016033
26214013028,26214013029
26214013028,26214013030
26214013029,26214013030
26214013029,26214013035
26214013029,26214013036
26214013029,26214013037
26214013030,26214013031
26214013030,26214013035
26214013030,26214016031
26214013030,26214016032
26214013030,26214016033
26214013031,26214013032
26214013031,26214013034
26214013031,26214013035
26214013031,26214016025
26214013031,26214016031
26214013031,26214016032
26214013032,26214013033
26214013032,26214013034
26214013032,26214013035
26214013032,26214016024
26214013032,26214016025
26214013032,26214016031
26214013033,26214013034
26214013033,26214013038
26214013034,26214013035
26214013034,26214013036
26214013034,26214013037
26214013034,26214013038
26214013035,26214013036
26214013036,26214013037
26214013037,26214013038
26214013037,26214013041
26214013037,26214013042
26214013038,26214013039
26214013038,26214013041
26214013038,26214013042
26214013039,26214013040
26214013039,26214013041
26214013040,26214013041
26214013040,26214013045
26214013041,26214013042
26214013041,26214013045
26214013042,26214013043
26214013042,26214013045
26214013043,26214013045
26214013045,26214014001
26214013045,26214014002
26214013045,26214014003
26214013045,26214014004
26214013045,26214014005
26214013045,26214014006
26214013045,26214014007
26214013045,26214022005
26214014001,26214014002
26214014001,26214014004
26214014001,26214014013
26214014001,26214014015
26214014002,26214014003
26214014002,26214014004
26214014003,26214014004
26214014004,26214014005
26214014004,26214014012
26214014004,26214014013
26214014005,26214014006
26214014005,26214014011
26214014005,26214014012
26214014006,26214014007
26214014006,26214014008
26214014006,26214014009
26214014006,26214014010
26214014006,26214014011
26214014007,26214014008
26214014007,26214022005
26214014008,26214014009
26214014008,26214022005
26214014009,26214014010
26214014009,26214022005
26214014010,26214014011
26214014010,26214014012
26214014010,26214014022
26214014010,26214014023
26214014010,26214022005
26214014011,26214014012
26214014011,26214014022
26214014012,26214014013
26214014012,26214014014
26214014012,26214014018
26214014012,26214014019
26214014012,26214014020
26214014012,26214014022
26214014013,26214014014
26214014013,26214014015
26214014013,26214014018
26214014014,26214014015
26214014014,26214014016
26214014014,26214014017
26214014014,26214014018
26214014014,26214014026
26214014015,26214014016
26214014015,26214026003
26214014016,26214014017
26214014016,26214014027
26214014016,26214026003
26214014017,26214014018
26214014017,26214014026
26214014017,26214014027
26214014018,26214014019
26214014018,26214014026
26214014019,26214014020
26214014019,26214014021
26214014019,26214014023
26214014019,26214014024
26214014019,26214014025
26214014019,26214014026
26214014020,26214014021
26214014020,26214014022
26214014021,26214014022
26214014021,26214014023
26214014022,26214014023
26214014023,26214014024
26214014023,26214022005
26214014024,26214014025
26214014024,26214014030
26214014024,26214022005
26214014025,26214014026
26214014025,26214014028
26214014025,26214014029
26214014025,26214014030
26214014025,26214026003
26214014026,26214014027
26214014026,26214026003
26214014027,26214026003
26214014028,26214014029
26214014028,26214026003
26214014029,26214014030
26214014029,26214014031
26214014029,26214026003
26214014030,26214014031
26214014030,26214022005
26214014031,26214014032
26214014031,26214014033
26214014031,26214014034
26214014031,26214022005
26214014031,26214026003
26214014032,26214014033
26214014032,26214014034
26214014032,26214022003
26214014032,26214022005
26214014032,26214026003
26214014033,26214014034
26214014033,26214026003
26214014034,26214014035
26214014034,26214014036
26214014034,26214015003
26214014034,26214022003
26214014034,26214026003
26214014035,26214014036
26214014035,26214026003
26214014035,26214026005
26214014036,26214015002
26214014036,26214015003
26214014036,26214026005
26214014036,26214026012
26214015002,26214015003
26214015002,26214015013
26214015002,26214015014
26214015002,26214015015
26214015002,26214016001
26214015002,26214026012
26214015003,26214015004
26214015003,26214015005
26214015003,26214015007
26214015003,26214015011
26214015003,26214015013
26214015003,26214022003
26214015004,26214015005
26214015004,26214015010
26214015004,26214015011
26214015005,26214015006
26214015005,26214015007
26214015005,26214015010
26214015006,26214015007
26214015006,26214015008
26214015006,26214015009
26214015006,26214015010
26214015007,26214015008
26214015007,26214022003
26214015007,26214024032
26214015008,26214015009
26214015008,26214015019
26214015008,26214015020
26214015008,26214024032
26214015009,26214015010
26214015009,26214015012
26214015009,26214015013
26214015009,26214015018
26214015009,26214015019
26214015010,26214015011
26214015010,26214015012
26214015011,26214015012
26214015011,26214015013
26214015012,26214015013
26214015013,26214015014
26214015013,26214015016
26214015013,26214015018
26214015014,26214015015
26214015014,26214015016
26214015014,26214020002
26214015014,26214020003
26214015015,26214016001
26214015015,26214020002
26214015016,26214015018
26214015016,26214020003
26214015016,26214020004
26214015018,26214015019
26214015018,26214020004
26214015018,26214020005
26214015019,26214015020
26214015019,26214020005
26214015020,26214015021
26214015020,26214020005
26214015020,26214020006
26214015020,26214020008
26214015021,26214020008
26214016001,26214016002
26214016001,26214016005
26214016001,26214016037
26214016001,26214020002
26214016001,26214026012
26214016001,26214026013
26214016002,26214016004
26214016002,26214016005
26214016002,26214020002
26214016002,26214021004
26214016002,26214021005
26214016003,26214016004
26214016003,26214016005
26214016003,26214016006
26214016003,26214021003
26214016003,26214021004
26214016004,26214016005
26214016004,26214021004
26214016005,26214016006
26214016005,26214016037
26214016006,26214016008
26214016006,26214016009
26214016006,26214016037
26214016006,26214021003
26214016007,26214016008
26214016007,26214021001
26214016007,26214021002
26214016007,26214021003
26214016007,26214021006
26214016008,26214016009
26214016008,26214016010
26214016008,26214021002
26214016008,26214021003
26214016009,26214016010
26214016009,26214016037
26214016010,26214016011
26214016010,26214016036
26214016010,26214016037
26214016010,26214021002
26214016011,26214016012
26214016011,26214016013
26214016011,26214016036
26214016011,26214021002
26214016012,26214016013
26214016012,26214016033
26214016012,26214016036
26214016013,26214016014
26214016013,26214016015
26214016013,26214016033
26214016013,26214016036
26214016013,26214021002
26214016014,26214016015
26214016014,26214021001
26214016014,26214021002
26214016015,26214016033
26214016015,26214016034
26214016015,26214021001
26214016019,26214016020
26214016019,26214016029
26214016019,26214016031
26214016019,26214016035
26214016019,26214021007
26214016019,26214021008
26214016020,26214016021
26214016020,26214016029
26214016020,26214021007
26214016020,26214021008
26214016021,26214016022
26214016021,26214016023
26214016021,26214016028
26214016021,26214016029
26214016022,26214016023
26214016022,26214016024
26214016023,26214016024
26214016023,26214016026
26214016023,26214016027
26214016023,26214016028
26214016024,26214016025
26214016024,26214016026
26214016024,26214016027
26214016025,26214016026
26214016025,26214016030
26214016025,26214016031
26214016026,26214016027
26214016026,26214016030
26214016027,26214016028
26214016027,26214016030
26214016028,26214016029
26214016028,26214016030
26214016029,26214016030
26214016029,26214016031
26214016030,26214016031
26214016031,26214016032
26214016031,26214016035
26214016032,26214016033
26214016032,26214016034
26214016032,26214016035
26214016033,26214016034
26214016034,26214016035
26214016034,26214021001
26214016035,26214021001
26214016035,26214021008
26214016036,26214021002
26214016037,26214026013
26214017001,26214017002
26214017001,26214017005
26214017001,26214017009
26214017001,26214018001
26214017001,26214018007
26214017002,26214017003
26214017002,26214017005
26214017002,26214017009
26214017002,26214018006
26214017002,26214018007
26214017003,26214017004
26214017003,26214017005
26214017003,26214018006
26214017003,26366010010
26214017003,26366011001
26214017004,26214017005
26214017005,26214017006
26214017005,26214017008
26214017005,26214017009
26214017006,26214017007
26214017006,26214017008
26214017006,26214017009
26214017007,26214017008
26214017008,26214017009
26214018001,26214018002
26214018001,26214018003
26214018001,26214018004
26214018001,26214018007
26214018002,26214018003
26214018002,26366011003
26214018003,26214018004
26214018003,26214018007
26214018003,26366011003
26214018004,26214018005
26214018004,26214018006
26214018004,26214018007
26214018004,26366011003
26214018005,26214018006
26214018005,26214018007
26214018005,26366011001
26214018005,26366011002
26214018005,26366011003
26214018006,26214018007
26214018006,26366011001
26214018006,26366011002
26214019001,26214019002
26214019001,26214019003
26214019001,26214019004
26214019001,26366005000
26214019002,26214019003
26214019002,26214019005
26214019002,26214019006
26214019003,26214019004
26214019003,26214019005
26214019003,26214019006
26214019003,26214019009
26214019004,26214019005
26214019004,26214019009
26214019004,26366005000
26214019004,26366015007
26214019005,26214019006
26214019005,26214019007
26214019005,26214019008
26214019005,26214019009
26214019006,26214019007
26214019006,26214019008
26214019006,26366010012
26214019006,26366010021
26214019007,26214019008
26214019007,26214019009
26214019007,26366010005
26214019007,26366010021
26214019007,26366010022
26214019008,26214019009
26214019009,26366008001
26214019009,26366008009
26214019009,26366008028
26214019009,26366010005
26214019009,26366010013
26214019009,26366015007
26214019009,26366015008
26214020001,26214020002
26214020001,26214020003
26214020001,26214020004
26214020001,26214020005
26214020001,26214020007
26214020001,26214020008
26214020001,26214021005
26214020001,26214021006
26214020002,26214020003
26214020002,26214021005
26214020003,26214020004
26214020004,26214020005
26214020004,26214020007
26214020005,26214020006
26214020005,26214020007
26214020005,26214020008
26214020006,26214020007
26214020006,26214020008
26214020007,26214020008
26214020008,26214021005
26214020008,26214021006
26214021001,26214021002
26214021001,26214021003
26214021001,26214021006
26214021001,26214021007
26214021001,26214021008
26214021003,26214021004
26214021003,26214021006
26214021004,26214021005
26214021004,26214021006
26214021005,26214021006
26214021006,26214021007
26214021007,26214021008
26214022001,26214022002
26214022001,26214022004
26214022001,26214022005
26214022001,26214022007
26214022001,26214022015
26214022001,26214022023
26214022001,26214022025
26214022001,26214025001
26214022001,26214025004
26214022002,26214022003
26214022002,26214022004
26214022002,26214024042
26214022002,26214025004
26214022002,26214025006
26214022002,26214025009
26214022003,26214022004
26214022003,26214022005
26214022003,26214024032
26214022003,26214024035
26214022003,26214024042
26214022004,26214022005
26214022005,26214022006
26214022005,26214022007
26214022005,26214022008
26214022005,26214022010
26214022005,26214023025
26214022005,26214023028
26214022006,26214023028
26214022007,26214022008
26214022007,26214022023
26214022007,26214022026
26214022008,26214022009
26214022008,26214022010
26214022008,26214022026
26214022009,26214022010
26214022009,26214022014
26214022009,26214022026
26214022010,26214022011
26214022010,26214022014
26214022010,26214023024
26214022010,26214023025
26214022011,26214022012
26214022011,26214022013
26214022011,26214022014
26214022011,26214023024
26214022012,26214022013
26214022012,26214022014
26214022013,26214022014
26214022013,26214022015
26214022013,26214022017
26214022013,26214022018
26214022013,26214022027
26214022013,26214023024
26214022014,26214022026
26214022014,26214022027
26214022015,26214022016
26214022015,26214022017
26214022015,26214022018
26214022015,26214022019
26214022015,26214022022
26214022015,26214022025
26214022015,26214022027
26214022015,26214024037
26214022015,26214025001
26214022016,26214022024
26214022016,26214022025
26214022016,26214022026
26214022016,26214022027
26214022017,26214022018
26214022017,26214022019
26214022017,26214022020
26214022018,26214022020
26214022018,26214022021
26214022018,26214023024
26214022019,26214022020
26214022019,26214022022
26214022020,26214022021
26214022020,26214022022
26214022021,26214022022
26214022021,26214023023
26214022021,26214023024
26214022021,26214023030
26214022021,26365003001
26214022021,26365003002
26214022021,26365004003
26214022021,26365004004
26214022022,26214024037
26214022022,26214024039
26214022022,26364001002
26214022022,26365003001
26214022023,26214022024
26214022023,26214022025
26214022023,26214022026
26214022024,26214022025
26214022024,26214022026
26214022026,26214022027
26214023023,26214023024
26214023023,26214023029
26214023023,26214023030
26214023024,26214023025
26214023024,26214023028
26214023024,26214023029
26214023025,26214023027
26214023025,26214023028
26214023026,26214023027
26214023026,26214023028
26214023027,26214023028
26214023028,26214023029
26214023028,26214023030
26214023028,26214023031
26214023028,26365004001
26214023028,26365004002
26214023029,26214023030
26214023030,26214023031
26214023030,26365004002
26214023030,26365004004
26214023031,26365004002
26214024032,26214024034
26214024032,26214024035
26214024032,26214024041
26214024032,26214024042
26214024033,26214024034
26214024033,26214024035
26214024033,26214024042
26214024034,26214024035
26214024034,26214024042
26214024035,26214024042
26214024036,26214024037
26214024036,26214024038
26214024036,26214024039
26214024036,26214024043
26214024037,26214024039
26214024037,26214024043
26214024037,26214025001
26214024037,26214025002
26214024038,26214024039
26214024038,26214024040
26214024039,26214024040
26214024039,26214024042
26214024039,26214024043
26214024040,26214024041
26214024040,26214024042
26214024041,26214024042
26214024042,26214024043
26214024042,26214025009
26214024042,26214025010
26214024042,26214025011
26214024042,26214025012
26214024042,26214025013
26214024042,26214025014
26214024042,26214025015
26214024043,26214025002
26214024043,26214025010
26214025001,26214025002
26214025001,26214025004
26214025002,26214025003
26214025002,26214025004
26214025002,26214025010
26214025003,26214025004
26214025003,26214025005
26214025003,26214025007
26214025003,26214025010
26214025003,26214025011
26214025004,26214025005
26214025004,26214025006
26214025005,26214025006
26214025005,26214025007
26214025005,26214025008
26214025006,26214025008
26214025006,26214025009
26214025007,26214025008
26214025007,26214025010
26214025007,26214025011
26214025007,26214025012
26214025008,26214025009
26214025008,26214025011
26214025008,26214025012
26214025009,26214025012
26214025010,26214025011
26214025011,26214025012
26214025012,26214025013
26214025012,26214025014
26214025013,26214025014
26214025013,26214025015
26214025014,26214025015
26214026001,26214026002
26214026001,26214026003
26214026001,26214026004
26214026001,26214026008
26214026002,26214026004
26214026002,26214026007
26214026002,26214026008
26214026003,26214026004
26214026003,26214026005
26214026004,26214026005
26214026004,26214026006
26214026004,26214026007
26214026005,26214026006
26214026005,26214026011
26214026005,26214026012
26214026006,26214026007
26214026006,26214026010
26214026006,26214026011
26214026007,26214026008
26214026007,26214026010
26214026008,26214026009
26214026008,26214026010
26214026009,26214026010
26214026009,26214026012
26214026009,26214026013
26214026010,26214026011
26214026010,26214026012
26214026010,26214026013
26214026011,26214026012
26214026012,26214026013
26303001001,26303001002
26303001001,26303001004
26303001001,26303001005
26303001001,26303001016
26303001002,26303001003
26303001002,26303001004
26303001002,26303001027
26303001003,26303001004
26303001003,26303001007
26303001003,26303001010
26303001003,26303001027
26303001004,26303001005
26303001004,26303001006
26303001004,26303001009
26303001004,26303001010
26303001005,26303001006
26303001005,26303001016
26303001006,26303001008
26303001006,26303001009
26303001006,26303001016
26303001007,26303001010
26303001007,26303001011
26303001007,26303001017
26303001007,26303001027
26303001008,26303001009
26303001008,26303001012
26303001008,26303001013
26303001008,26303001014
26303001008,26303001016
26303001009,26303001010
26303001009,26303001012
26303001009,26303001013
26303001010,26303001011
26303001010,26303001013
26303001010,26303001017
26303001011,26303001017
26303001012,26303001013
26303001012,26303001014
26303001012,26303001018
26303001012,26303001021
26303001013,26303001017
26303001013,26303001018
26303001014,26303001016
26303001014,26303001021
26303001014,26303001022
26303001014,26303001023
26303001014,26303001033
26303001016,26303001023
26303001016,26303001028
26303001016,26303001029
26303001016,26303001030
26303001016,26303001032
26303001016,26303001033
26303001016,26303002003
26303001016,26303002015
26303001017,26303001018
26303001017,26303001027
26303001018,26303001020
26303001018,26303001021
26303001018,26303001027
26303001020,26303001021
26303001020,26303001024
26303001020,26303001025
26303001020,26303001026
26303001020,26303001027
26303001021,26303001022
26303001021,26303001024
26303001021,26303001025
26303001022,26303001023
26303001022,26303001024
26303001022,26303001028
26303001023,26303001028
26303001024,26303001025
26303001024,26303001028
26303001024,26303002001
26303001024,26303002002
26303001025,26303001026
26303001025,26303002002
26303001026,26303001027
26303001026,26303002002
26303001026,26303002024
26303001027,26303002023
26303001027,26303002024
26303001027,26303002030
26303001028,26303002001
26303001028,26303002003
26303001030,26303002015
26303002001,26303002002
26303002001,26303002003
26303002001,26303002004
26303002001,26303002005
26303002002,26303002005
26303002002,26303002007
26303002002,26303002024
26303002002,26303002037
26303002003,26303002004
26303002003,26303002005
26303002003,26303002013
26303002003,26303002014
26303002003,26303002015
26303002004,26303002005
26303002005,26303002006
26303002005,26303002007
26303002005,26303002012
26303002005,26303002013
26303002005,26303002014
26303002006,26303002007
26303002006,26303002008
26303002006,26303002012
26303002007,26303002008
26303002007,26303002009
26303002007,26303002016
26303002007,26303002036
26303002007,26303002037
26303002008,26303002009
26303002008,26303002010
26303002008,26303002011
26303002008,26303002012
26303002008,26303002036
26303002009,26303002010
26303002009,26303002035
26303002009,26303002036
26303002010,26303002026
26303002010,26303002035
26303002010,26303002038
26303002011,26303002012
26303002011,26303003012
26303002011,26303003017
26303002012,26303002013
26303002012,26303002014
26303002012,26303002015
26303002012,26303003012
26303002013,26303002014
26303002014,26303002015
26303002015,26303003012
26303002015,26303003015
26303002016,26303002017
26303002016,26303002018
26303002016,26303002019
26303002016,26303002036
26303002016,26303002037
26303002017,26303002018
26303002017,26303002034
26303002017,26303002035
26303002017,26303002036
26303002018,26303002019
26303002018,26303002020
26303002018,26303002034
26303002019,26303002020
26303002019,26303002021
26303002019,26303002022
26303002019,26303002037
26303002020,26303002021
26303002020,26303002034
26303002021,26303002022
26303002021,26303002030
26303002021,26303002032
26303002021,26303002034
26303002022,26303002023
26303002022,26303002024
26303002022,26303002030
26303002022,26303002037
26303002023,26303002024
26303002023,26303002030
26303002024,26303002037
26303002025,26303002026
26303002025,26303002027
26303002025,26303002028
26303002025,26303002033
26303002025,26303002035
26303002026,26303002028
26303002026,26303002030
26303002026,26303002035
26303002026,26303002038
26303002027,26303002028
26303002027,26303002029
26303002027,26303002033
26303002028,26303002029
26303002028,26303002030
26303002029,26303002030
26303002029,26303002033
26303002029,26303002034
26303002030,26303002031
26303002030,26303002032
26303002030,26303002034
26303002031,26303002032
26303002031,26303002034
26303002032,26303002034
26303002033,26303002034
26303002033,26303002035
26303002034,26303002035
26303002034,26303002036
26303002035,26303002036
26303003001,26303003008
26303003001,26303003016
26303003002,26303003005
26303003002,26303003010
26303003002,26303003015
26303003004,26303003005
26303003004,26303003007
26303003004,26303003010
26303003004,26303003014
26303003004,26303003015
26303003005,26303003010
26303003005,26303003015
26303003007,26303003008
26303003007,26303003009
26303003007,26303003010
26303003007,26303003011
26303003007,26303003014
26303003007,26303003016
26303003008,26303003009
26303003008,26303003010
26303003008,26303003016
26303003009,26303003016
26303003010,26303003015
26303003011,26303003012
26303003011,26303003014
26303003011,26303003016
26303003012,26303003014
26303003012,26303003015
26303003012,26303003016
26303003012,26303003017
26303003014,26303003015
26303003016,26303003017
26322001001,26322001002
26322001001,26322002001
26322001002,26322001003
26322001002,26322001004
26322001002,26322002001
26322001002,26322002002
26322001003,26322001004
26322001003,26322001005
26322001004,26322001005
26322001004,26322002002
26322001004,26322002003
26322001004,26322006001
26322001004,26322007004
26322001004,26322010001
26322001004,26322010002
26322001005,26322010001
26322002001,26322002002
26322002001,26322002005
26322002001,26322002006
26322002002,26322002003
26322002002,26322002004
26322002002,26322002005
26322002003,26322002004
26322002003,26322002005
26322002003,26322006001
26322002003,26322007004
26322002004,26322002005
26322002004,26322002007
26322002004,26322006001
26322002004,26322006009
26322002005,26322002006
26322002005,26322002007
26322002005,26322002008
26322002005,26322003001
26322002006,26322002008
26322002007,26322003001
26322002007,26322005001
26322002007,26322006009
26322002008,26322003001
26322003001,26322003002
26322003001,26322003004
26322003001,26322005001
26322003001,26322005002
26322003002,26322003003
26322003002,26322003004
26322003002,26322003005
26322003002,26322005002
26322003002,26322005010
26322003003,26322003004
26322003003,26322003005
26322003003,26322003006
26322003003,26322004001
26322003003,26322005010
26322003004,26322003005
26322003004,26322003006
26322003004,26322004001
26322003006,26322004001
26322003006,26322004002
26322003006,26322005010
26322003006,26322005011
26322004001,26322004002
26322004001,26322004003
26322004001,26322004010
26322004001,26322004011
26322004001,26322004012
26322004002,26322004003
26322004002,26322005011
26322004003,26322004004
26322004003,26322004010
26322004003,26322005011
26322004003,26322005012
26322004004,26322004005
26322004004,26322004006
26322004004,26322004008
26322004004,26322004009
26322004004,26322004010
26322004004,26322005012
26322004004,26322005013
26322004005,26322004006
26322004005,26322005012
26322004005,26322005013
26322004005,26322005014
26322004005,26322011007
26322004005,26322011008
26322004005,26322011009
26322004006,26322004007
26322004006,26322004008
26322004006,26322011008
26322004006,26322011009
26322004007,26322004008
26322004007,26322004013
26322004008,26322004009
26322004008,26322004013
26322004008,26322011009
26322004008,26322011011
26322004008,26322016001
26322004009,26322004010
26322004009,26322004011
26322004009,26322004013
26322004010,26322004011
26322004011,26322004012
26322004011,26322004013
26322004011,26322004014
26322004013,26322004014
26322004013,26322016001
26322004013,26322016005
26322004013,26322016006
26322004013,26322016007
26322004014,26322016006
26322004014,26322016007
26322004014,26322017001
26322005001,26322005002
26322005001,26322005003
26322005001,26322005006
26322005001,26322006007
26322005001,26322006008
26322005001,26322006009
26322005002,26322005003
26322005002,26322005009
26322005002,26322005010
26322005003,26322005006
26322005003,26322005009
26322005003,26322005010
26322005003,26322005012
26322005004,26322005005
26322005004,26322005006
26322005004,26322006006
26322005004,26322006007
26322005005,26322005006
26322005005,26322005007
26322005005,26322006005
26322005005,26322006006
26322005005,26322006007
26322005006,26322005007
26322005006,26322005009
26322005006,26322005012
26322005006,26322006007
26322005007,26322005008
26322005007,26322005012
26322005007,26322006005
26322005007,26322010010
26322005007,26322011001
26322005007,26322011006
26322005008,26322005012
26322005008,26322005013
26322005008,26322005014
26322005008,26322011001
26322005008,26322011006
26322005009,26322005010
26322005009,26322005011
26322005009,26322005012
26322005010,26322005011
26322005011,26322005012
26322005012,26322005013
26322005013,26322005014
26322005014,26322011006
26322005014,26322011007
26322005014,26322011008
26322006001,26322006002
26322006001,26322006008
26322006001,26322006009
26322006001,26322007004
26322006002,26322006003
26322006002,26322006007
26322006002,26322006008
26322006002,26322006009
26322006002,26322007004
26322006003,26322006004
26322006003,26322006006
26322006003,26322006007
26322006003,26322007003
26322006003,26322007004
26322006004,26322006005
26322006004,26322006006
26322006004,26322006007
26322006004,26322007003
26322006004,26322007004
26322006004,26322009006
26322006004,26322009007
26322006005,26322006006
26322006005,26322009007
26322006005,26322009008
26322006005,26322009010
26322006005,26322010010
26322006005,26322011001
26322006006,26322006007
26322006007,26322006008
26322006008,26322006009
26322007001,26322007002
26322007001,26322007004
26322007001,26322010002
26322007002,26322007003
26322007002,26322007004
26322007002,26322010002
26322007003,26322007004
26322007003,26322009001
26322007003,26322009006
26322007003,26322010001
26322007003,26322010002
26322007004,26322010002
26322008001,26322008002
26322008001,26322008003
26322008001,26322008005
26322008001,26322008006
26322008001,26322009003
26322008001,26322010001
26322008002,26322009002
26322008002,26322009003
26322008002,26322010001
26322008003,26322008006
26322008003,26322008010
26322008003,26322010001
26322008003,26322010003
26322008004,26322008005
26322008004,26322008007
26322008005,26322008006
26322008005,26322008007
26322008006,26322008007
26322008006,26322008008
26322008006,26322008010
26322008007,26322008008
26322008008,26322008009
26322008008,26322008010
26322008008,26322015015
26322008008,26322015016
26322008009,26322008010
26322008009,26322015016
26322008009,26322015017
26322008010,26322010001
26322008010,26322010003
26322008010,26322015017
26322008010,26322015019
26322009001,26322009002
26322009001,26322009005
26322009001,26322009006
26322009001,26322010001
26322009002,26322009003
26322009002,26322009005
26322009002,26322010001
26322009003,26322009004
26322009003,26322009005
26322009003,26322009009
26322009003,26322010001
26322009003,26322010004
26322009004,26322009005
26322009004,26322009007
26322009004,26322009009
26322009004,26322010004
26322009005,26322009006
26322009005,26322009007
26322009006,26322009007
26322009007,26322009008
26322009007,26322009009
26322009008,26322009009
26322009008,26322009010
26322009009,26322009010
26322009009,26322010004
26322009010,26322010004
26322009010,26322010009
26322009010,26322010010
26322009010,26322010012
26322010001,26322010002
26322010001,26322010003
26322010001,26322010004
26322010002,26322010003
26322010002,26322010004
26322010002,26322010005
26322010002,26322010006
26322010002,26322015019
26322010003,26322015019
26322010004,26322010005
26322010004,26322010006
26322010004,26322010012
26322010005,26322010006
26322010005,26322010008
26322010005,26322011011
26322010005,26322015007
26322010005,26322015008
26322010005,26322015019
26322010006,26322010007
26322010006,26322010012
26322010006,26322011011
26322010006,26322015001
26322010007,26322010011
26322010007,26322010012
26322010007,26322011002
26322010007,26322011010
26322010007,26322015001
26322010008,26322015008
26322010008,26322015009
26322010008,26322015019
26322010009,26322010010
26322010009,26322010011
26322010009,26322010012
26322010010,26322010011
26322010010,26322011001
26322010010,26322011002
26322010011,26322010012
26322010011,26322011001
26322010011,26322011002
26322011001,26322011002
26322011001,26322011006
26322011002,26322011003
26322011002,26322011006
26322011002,26322011010
26322011003,26322011004
26322011003,26322011005
26322011003,26322011006
26322011003,26322011010
26322011004,26322011005
26322011004,26322011010
26322011005,26322011006
26322011005,26322011007
26322011005,26322011008
26322011005,26322011010
26322011006,26322011007
26322011007,26322011008
26322011008,26322011009
26322011008,26322011010
26322011009,26322011010
26322011009,26322011011
26322011009,26322016001
26322011010,26322011011
26322011010,26322015001
26322011010,26322016001
26322011011,26322015001
26322011011,26322015007
26322011011,26322016001
26322012001,26322012002
26322012001,26322012005
26322012001,26322016004
26322012002,26322012003
26322012002,26322012004
26322012002,26322012005
26322012002,26322012007
26322012002,26322016004
26322012002,26322017006
26322012002,26322017007
26322012003,26322012004
26322012003,26322012007
26322012003,26322012008
26322012003,26322012009
26322012003,26322012017
26322012003,26322012018
26322012003,26322012020
26322012004,26322012020
26322012004,26322017007
26322012005,26322012006
26322012005,26322012007
26322012005,26322012008
26322012005,26322013004
26322012005,26322015001
26322012005,26322016001
26322012005,26322016003
26322012005,26322016004
26322012005,26322017008
26322012006,26322012007
26322012007,26322012008
26322012008,26322012009
26322012008,26322012010
26322012008,26322013004
26322012008,26322013007
26322012008,26322014003
26322012009,26322012010
26322012009,26322012017
26322012010,26322012011
26322012010,26322012013
26322012010,26322012014
26322012010,26322012017
26322012010,26322012018
26322012010,26322012019
26322012010,26322014003
26322012011,26322012012
26322012011,26322012013
26322012011,26322014003
26322012012,26322012013
26322012012,26322012015
26322012012,26322014003
26322012012,26322014004
26322012012,26322014005
26322012013,26322012014
26322012013,26322012015
26322012013,26322012019
26322012014,26322012015
26322012014,26322012016
26322012014,26322012019
26322012015,26322012016
26322012016,26322012018
26322012016,26322012019
26322012017,26322012018
26322012018,26322012019
26322012018,26322012020
26322012020,26322017007
26322013001,26322013002
26322013001,26322013003
26322013001,26322015013
26322013001,26322015014
26322013002,26322013003
26322013002,26322018001
26322013002,26322018004
26322013003,26322013004
26322013003,26322014001
26322013003,26322015001
26322013003,26322015014
26322013003,26322018004
26322013004,26322013005
26322013004,26322013006
26322013004,26322013007
26322013004,26322014001
26322013004,26322015001
26322013005,26322013006
26322013005,26322013007
26322013005,26322014001
26322013005,26322014002
26322013006,26322013007
26322013007,26322014001
26322013007,26322014002
26322013007,26322014003
26322013008,26344001003
26322014001,26322014002
26322014001,26322014003
26322014001,26322014004
26322014001,26322015001
26322014001,26322015005
26322014001,26322015006
26322014001,26322015013
26322014001,26322018003
26322014001,26322018004
26322014002,26322014003
26322014003,26322014004
26322014003,26322014005
26322014004,26322014005
26322014004,26322014006
26322014004,26322014007
26322014004,26322018003
26322014005,26322014007
26322014006,26322014007
26322014006,26322018002
26322014006,26322018003
26322015001,26322015002
26322015001,26322015004
26322015001,26322015005
26322015001,26322015006
26322015001,26322015007
26322015001,26322015013
26322015001,26322015014
26322015001,26322016001
26322015002,26322015003
26322015002,26322015004
26322015002,26322015007
26322015003,26322015004
26322015003,26322015006
26322015003,26322015007
26322015003,26322015008
26322015003,26322015009
26322015004,26322015005
26322015004,26322015006
26322015005,26322015006
26322015005,26322015013
26322015006,26322015008
26322015006,26322015009
26322015006,26322015010
26322015006,26322015012
26322015006,26322015013
26322015007,26322015008
26322015008,26322015009
26322015009,26322015010
26322015009,26322015019
26322015010,26322015011
26322015010,26322015012
26322015010,26322015013
26322015010,26322015019
26322015011,26322015012
26322015011,26322015018
26322015011,26322015019
26322015012,26322015013
26322015013,26322015014
26322015015,26322015016
26322015016,26322015017
26322015017,26322015018
26322015017,26322015019
26322016001,26322016002
26322016001,26322016003
26322016001,26322016005
26322016001,26322016007
26322016001,26322017002
26322016001,26322017003
26322016001,26322017005
26322016001,26322017008
26322016002,26322016003
26322016002,26322016004
26322016002,26322017003
26322016002,26322017005
26322016003,26322016004
26322016003,26322017008
26322016004,26322017005
26322016004,26322017006
26322016005,26322016007
26322016006,26322016007
26322016006,26322017001
26322016007,26322017001
26322016007,26322017002
26322017001,26322017002
26322017001,26322017003
26322017001,26322017004
26322017002,26322017003
26322017003,26322017004
26322017003,26322017005
26322017004,26322017005
26322017005,26322017006
26322017006,26322017007
26322018001,26322018002
26322018001,26322018003
26322018001,26322018004
26322018002,26322018003
26322018002,26322018004
26322018003,26322018004
26343001001,26343001002
26343001001,26343001006
26343001001,26343001007
26343001001,26343002003
26343001002,26343001003
26343001002,26343001004
26343001002,26343001005
26343001002,26343001006
26343001002,26343002003
26343001003,26343001004
26343001003,26343001005
26343001004,26343001005
26343001004,26343002003
26343001005,26343001006
26343001005,26343001007
26343001005,26343002003
26343001005,263430030
26343001006,26343001007
26343001007,26366012000
26343002001,26343002002
26343002001,26343002003
26343002001,26343002004
26343002002,26343002003
26343002002,26343002004
26343002003,263430030
26343002003,26344001005
26343002003,26344001006
26343002003,26365004001
263430030,26365004001
26344001001,26344001002
26344001001,26344001003
26344001001,26344002008
26344001002,26344001003
26344001002,26344002008
26344001002,26344002009
26344001002,26344002010
26344001003,26344001004
26344001003,26344001007
26344001003,26344001013
26344001003,26344002010
26344001004,26344001005
26344001004,26344001007
26344001004,26344002010
26344001005,26344001006
26344001005,26344001007
26344001005,26344002010
26344001005,26365002001
26344001005,26365002004
26344001005,26365003006
26344001005,26365004001
26344001006,26344001007
26344001007,26344001013
26344002008,26344002009
26344002008,26344002011
26344002008,26344002012
26344002009,26344002010
26344002009,26344002011
26344002009,26344002014
26344002010,26344002011
26344002010,26365002001
26344002011,26344002012
26344002011,26365002001
26344002012,263650010
26344002012,26365002001
26364001001,26364001002
26364001001,26364002003
26364001001,26364002004
26364001001,263640030
26364001002,26364002004
26364001002,263640030
26364001002,263640040
26364001002,26365003001
26364002003,26364002004
26364002003,263640030
26364002003,263640040
26364002003,26365002002
26364002003,26365002003
26364002003,26365003003
26364002003,26365003004
26364002003,26367003001
26364002003,263670040
26364002003,263670060
26364002004,263640040
263640030,26365003001
263640030,26365003003
263640040,263670040
263650010,26365002001
263650010,26365002002
263650010,263670060
26365002001,26365002002
26365002001,26365002003
26365002001,26365002004
26365002002,26365002003
26365002002,263670060
26365002003,26365002004
26365002003,26365003004
26365002003,26365003005
26365002004,26365003005
26365002004,26365003006
26365003001,26365003002
26365003001,26365003003
26365003002,26365003003
26365003002,26365004001
26365003002,26365004003
26365003003,26365003004
26365003003,26365004001
26365003004,26365003005
26365003004,26365003006
26365003004,26365004001
26365003005,26365003006
26365003006,26365004001
26365004001,26365004002
26365004001,26365004003
26365004002,26365004003
26365004002,26365004004
26365004003,26365004004
26366001000,26366001010
26366001000,26366001012
26366001000,26366001017
26366001000,26366001019
26366001000,26366001024
26366001000,26366001033
26366001000,26366001034
26366001000,26366001040
26366001000,26366001043
26366001000,26366001050
26366001000,26366001052
26366001000,26366001055
26366001000,26366005000
26366001000,26366006000
26366001001,26366001004
26366001001,26366001005
26366001001,26366001010
26366001001,26366001015
26366001001,26366001026
26366001001,26366001044
26366001001,26366001054
26366001002,26366001034
26366001002,26366001041
26366001002,26366001052
26366001002,26366001053
26366001003,26366001020
26366001003,26366001021
26366001003,26366003009
26366001003,26366003019
26366001004,26366001006
26366001004,26366001011
26366001004,26366001015
26366001004,26366001026
26366001004,26366001042
26366001004,26366001044
26366001005,26366001010
26366001005,26366001014
26366001005,26366001022
26366001005,26366001026
26366001005,26366001039
26366001005,26366001046
26366001006,26366001009
26366001006,26366001011
26366001006,26366001036
26366001006,26366001044
26366001009,26366001035
26366001009,26366001036
26366001009,26366001037
26366001009,26366001044
26366001009,263660140
26366001010,26366001015
26366001010,26366001039
26366001010,26366001050
26366001010,26366001054
26366001010,26366006000
26366001011,26366001027
26366001011,26366001030
26366001011,26366001036
26366001011,26366001042
26366001011,26366001044
26366001012,26366001017
26366001012,26366001025
26366001012,26366001030
26366001012,26366001034
26366001012,26366001042
26366001012,26366001048
26366001012,26366001049
26366001013,26366001016
26366001013,26366001019
26366001013,26366001021
26366001013,26366001023
26366001013,26366001038
26366001013,26366003013
26366001013,26366005004
26366001013,26366005006
26366001014,26366001022
26366001014,26366001026
26366001014,26366001041
26366001014,26366001042
26366001014,26366001049
26366001014,26366001053
26366001015,26366001018
26366001015,26366001044
26366001015,26366001054
26366001016,26366001020
26366001016,26366001021
26366001016,26366001023
26366001016,26366001028
26366001016,26366001029
26366001017,26366001023
26366001017,26366001024
26366001017,26366001038
26366001017,26366001048
26366001018,26366001037
26366001018,26366001044
26366001018,26366001054
26366001018,26366002006
26366001018,26366002009
26366001018,26366002025
26366001019,26366001038
26366001019,26366001043
26366001019,26366005002
26366001019,26366005004
26366001020,26366001021
26366001020,26366001029
26366001020,26366003009
26366001020,263660140
26366001021,26366003013
26366001021,26366003019
26366001022,26366001041
26366001022,26366001046
26366001022,26366001050
26366001022,26366001055
26366001023,26366001024
26366001023,26366001028
26366001023,26366001029
26366001023,26366001038
26366001023,26366001048
26366001024,26366001038
26366001024,26366001043
26366001025,26366001034
26366001025,26366001049
26366001025,26366001053
26366001026,26366001042
26366001026,26366001049
26366001027,26366001030
26366001027,26366001035
26366001027,26366001036
26366001027,26366001048
26366001028,26366001029
26366001028,26366001035
26366001028,26366001048
26366001029,26366001035
26366001029,263660140
26366001030,26366001035
26366001030,26366001042
26366001030,26366001048
26366001033,26366001043
26366001033,26366005000
26366001033,26366005002
26366001034,26366001052
26366001034,26366001053
26366001035,26366001036
26366001035,26366001048
26366001035,263660140
26366001037,26366001044
26366001037,26366002003
26366001037,26366002006
26366001037,26366002020
26366001037,26366002038
26366001037,263660140
26366001038,26366001043
26366001039,26366001046
26366001039,26366001050
26366001040,26366001041
26366001040,26366001052
26366001040,26366001055
26366001041,26366001052
26366001041,26366001053
26366001041,26366001055
26366001042,26366001049
26366001044,26366002006
26366001046,26366001050
26366001046,26366001055
26366001049,26366001053
26366001050,26366001055
26366001050,26366006000
26366001054,26366002009
26366001054,26366002025
26366001054,26366006000
26366002000,26366002014
26366002000,26366002016
26366002000,26366002029
26366002000,26366002037
26366002000,26366004000
26366002000,26366006000
26366002000,26366006012
26366002000,26366006041
26366002000,26366006043
26366002001,26366002004
26366002001,26366002010
26366002001,26366002012
26366002001,26366002028
26366002001,26366002030
26366002001,26366002031
26366002002,26366002021
26366002002,26366002036
26366002002,26366002037
26366002002,26366004008
26366002002,26366004018
26366002002,26366004021
26366002002,26366004027
26366002003,26366002004
26366002003,26366002006
26366002003,26366002009
26366002003,26366002020
26366002003,26366002023
26366002003,26366002026
26366002003,26366002031
26366002004,26366002012
26366002004,26366002026
26366002004,26366002028
26366002004,26366002031
26366002006,26366002009
26366002009,26366002025
26366002009,26366002031
26366002010,26366002012
26366002010,26366002028
26366002010,26366002030
26366002010,26366006007
26366002010,26366006017
26366002012,26366002025
26366002012,26366002030
26366002012,26366002031
26366002014,26366002028
26366002014,26366002029
26366002014,26366002037
26366002014,26366006000
26366002014,26366006041
26366002016,26366002037
26366002016,26366004000
26366002016,26366004021
26366002020,26366002023
26366002020,26366002038
26366002021,26366002023
26366002021,26366002036
26366002021,26366002038
26366002021,26366004008
26366002021,263660140
26366002023,26366002026
26366002023,26366002036
26366002023,26366002038
26366002025,26366002030
26366002025,26366002031
26366002025,26366006000
26366002025,26366006007
26366002026,26366002028
26366002026,26366002031
26366002026,26366002036
26366002026,26366002037
26366002028,26366002037
26366002028,26366006041
26366002029,26366002037
26366002030,26366006007
26366002030,26366006017
26366002036,26366002037
26366002037,26366004021
26366002037,26366004027
26366002038,263660140
26366003002,26366003005
26366003002,26366003014
26366003002,26366003016
26366003002,26366003021
26366003002,26366005009
26366003003,26366003010
26366003003,26366003012
26366003003,26366003014
26366003003,26366003016
26366003003,26366003019
26366003003,26366004025
26366003003,26366015001
26366003005,26366003016
26366003005,26366005000
26366003005,26366005009
26366003005,26366015007
26366003008,26366003013
26366003008,26366003014
26366003008,26366003021
26366003008,26366005006
26366003008,26366005009
26366003009,26366003019
26366003009,26366004031
26366003009,263660140
26366003010,26366003016
26366003010,26366015001
26366003012,26366004025
26366003012,26366004032
26366003012,26366015001
26366003013,26366003014
26366003013,26366003019
26366003013,26366005006
26366003014,26366003016
26366003014,26366003019
26366003014,26366003021
26366003016,26366015001
26366003016,26366015007
26366003019,26366004025
26366003019,26366004031
26366003021,26366005009
26366004000,26366004015
26366004000,26366004016
26366004000,26366004021
26366004000,26366004024
26366004000,26366004030
26366004000,26366004034
26366004000,26366007000
26366004000,26366007006
26366004000,26366007031
26366004000,26366013001
26366004000,26366015005
26366004000,26366015009
26366004006,26366004015
26366004006,26366004017
26366004006,26366004023
26366004006,26366004025
26366004006,26366004032
26366004006,26366015001
26366004008,26366004018
26366004008,26366004019
26366004008,26366004033
26366004008,263660140
26366004015,26366004016
26366004015,26366004017
26366004015,26366004030
26366004015,26366015001
26366004016,26366015001
26366004016,26366015005
26366004017,26366004019
26366004017,26366004023
26366004017,26366004030
26366004017,26366004033
26366004017,26366004034
26366004018,26366004019
26366004018,26366004027
26366004018,26366004034
26366004019,26366004027
26366004019,26366004033
26366004019,26366004034
26366004021,26366004027
26366004021,26366004034
26366004023,26366004025
26366004023,26366004031
26366004023,26366004033
26366004024,26366004030
26366004024,26366004034
26366004025,26366004031
26366004025,26366004032
26366004027,26366004034
26366004030,26366004034
26366004031,26366004033
26366004031,263660140
26366004032,26366015001
26366004033,263660140
26366005000,26366005002
26366005000,26366005003
26366005000,26366005008
26366005000,26366005009
26366005000,26366005011
26366005000,26366015007
26366005002,26366005004
26366005002,26366005011
26366005003,26366005008
26366005003,26366005009
26366005004,26366005006
26366005004,26366005008
26366005004,26366005011
26366005006,26366005008
26366005006,26366005009
26366005008,26366005009
26366005008,26366005011
26366006000,26366006001
26366006000,26366006005
26366006000,26366006007
26366006000,26366006009
26366006000,26366006015
26366006000,26366006018
26366006000,26366006019
26366006000,26366006020
26366006000,26366006024
26366006000,26366006028
26366006000,26366006029
26366006000,26366006033
26366006000,26366006037
26366006000,26366006040
26366006000,26366006041
26366006000,26366006043
26366006000,26366006048
26366006000,26366006049
26366006000,26366006051
26366006000,26366006053
26366006000,26366006054
26366006000,26366006057
26366006000,26366006058
26366006000,26366006059
26366006000,26366006063
26366006000,26366012000
26366006000,26366012009
26366006000,26366016001
26366006001,26366006006
26366006001,26366006010
26366006001,26366006018
26366006001,26366006030
26366006001,26366006044
26366006001,26366006051
26366006005,26366006050
26366006005,26366006057
26366006005,26366016001
26366006006,26366006012
26366006006,26366006030
26366006006,26366006051
26366006007,26366006017
26366006007,26366006020
26366006009,26366006029
26366006009,26366006039
26366006009,26366006063
26366006010,26366006018
26366006010,26366006030
26366006010,26366006044
26366006012,26366006043
26366006012,26366006051
26366006015,26366006018
26366006015,26366006048
26366006017,26366006020
26366006017,26366006037
26366006017,26366006041
26366006017,26366006059
26366006018,26366006044
26366006018,26366006047
26366006018,26366006048
26366006018,26366012004
26366006019,26366006028
26366006019,26366006033
26366006019,26366006039
26366006019,26366006040
26366006019,26366006058
26366006019,26366006059
26366006020,26366006033
26366006020,26366006059
26366006021,26366006031
26366006021,26366006047
26366006021,26366012004
26366006021,26366012021
26366006024,26366006052
26366006024,26366006053
26366006024,26366016000
26366006024,26366016001
26366006027,26366006031
26366006027,26366006034
26366006027,26366006050
26366006027,26366012037
26366006027,26366012038
26366006027,26366016000
26366006027,26366016001
26366006028,26366006039
26366006028,26366006047
26366006028,26366006048
26366006028,26366006058
26366006029,26366006039
26366006029,26366006053
26366006031,26366006034
26366006031,26366006047
26366006031,26366012021
26366006031,26366012036
26366006031,26366012038
26366006031,26366016000
26366006033,26366006058
26366006033,26366006059
26366006034,26366006047
26366006034,26366006052
26366006034,26366016000
26366006037,26366006041
26366006037,26366006059
26366006039,26366006047
26366006039,26366006053
26366006039,26366006058
26366006039,26366006063
26366006040,26366006059
26366006043,26366006051
26366006047,26366006048
26366006047,26366006052
26366006047,26366006053
26366006047,26366012004
26366006049,26366006050
26366006049,26366006054
26366006049,26366006057
26366006050,26366006054
26366006050,26366006057
26366006050,26366012022
26366006050,26366012023
26366006050,26366012037
26366006050,26366016001
26366006052,26366006053
26366006052,26366016000
26366006052,26366016001
26366006054,26366012000
26366006054,26366012009
26366006054,26366012022
26366006058,26366006059
26366006058,26366006063
26366007000,26366007007
26366007000,26366007026
26366007000,26366007031
26366007001,26366007008
26366007001,26366007014
26366007001,26366007031
26366007001,26366013003
26366007002,26366007003
26366007002,26366007010
26366007002,26366007014
26366007002,26366007031
26366007002,26366013003
26366007002,26366013009
26366007003,26366007005
26366007003,26366007010
26366007003,26366007011
26366007003,26366007019
26366007003,26366013008
26366007003,26366013009
26366007005,26366007011
26366007005,26366007019
26366007006,26366007008
26366007006,26366007031
26366007006,26366013001
26366007006,26366013003
26366007007,26366007009
26366007007,26366007026
26366007007,26366007029
26366007008,26366007031
26366007008,26366013003
26366007009,26366007018
26366007009,26366007026
26366007009,26366007028
26366007009,26366007029
26366007009,26366007033
26366007009,26366007035
26366007010,26366007011
26366007010,26366007026
26366007010,26366007031
26366007010,26366007034
26366007010,26366007035
26366007011,26366007019
26366007011,26366007034
26366007012,26366007019
26366007012,26366007024
26366007012,26366007033
26366007014,26366007031
26366007014,26366013003
26366007017,26366007019
26366007017,26366007020
26366007018,26366007019
26366007018,26366007020
26366007018,26366007029
26366007018,26366007033
26366007019,26366007020
26366007019,26366007024
26366007019,26366007028
26366007019,26366007033
26366007019,26366007034
26366007019,26366007035
26366007024,26366007028
26366007024,26366007033
26366007026,26366007031
26366007026,26366007035
26366007028,26366007033
26366007028,26366007035
26366007034,26366007035
26366008000,26366008003
26366008000,26366008014
26366008000,26366008016
26366008000,26366008017
26366008000,26366008022
26366008000,26366008025
26366008000,26366008027
26366008000,26366008038
26366008000,26366009001
26366008000,26366009005
26366008000,26366009017
26366008000,26366009021
26366008000,26366013002
26366008000,26366013005
26366008001,26366008009
26366008001,26366008010
26366008001,26366008014
26366008001,26366010004
26366008001,26366010013
26366008003,26366008013
26366008003,26366008027
26366008003,26366008029
26366008003,26366009001
26366008003,26366009016
26366008005,26366008013
26366008005,26366008029
26366008005,26366008031
26366008005,26366011004
26366008009,26366008011
26366008009,26366008014
26366008009,26366008025
26366008009,26366008028
26366008009,26366008035
26366008010,26366008014
26366008010,26366008021
26366008010,26366008038
26366008010,26366010004
26366008010,26366010007
26366008010,26366010020
26366008011,26366008017
26366008011,26366008028
26366008011,26366008035
26366008011,26366013002
26366008013,26366008021
26366008013,26366008027
26366008013,26366008029
26366008013,26366011004
26366008014,26366008025
26366008014,26366008038
26366008016,26366008022
26366008016,26366008038
26366008017,26366008025
26366008017,26366008035
26366008017,26366013002
26366008021,26366008022
26366008021,26366008027
26366008021,26366008038
26366008021,26366010007
26366008021,26366011004
26366008022,26366008027
26366008022,26366008038
26366008025,26366008035
26366008028,26366013002
26366008028,26366015008
26366008029,26366009016
26366008031,26366011004
26366009001,26366009002
26366009001,26366009006
26366009001,26366009016
26366009001,26366009018
26366009001,26366009021
26366009001,26366009023
26366009002,26366009006
26366009002,26366009007
26366009002,26366009018
26366009002,26366009023
26366009002,26366009024
26366009003,26366009007
26366009003,26366009009
26366009003,26366009013
26366009005,26366009014
26366009005,26366009015
26366009005,26366009017
26366009005,26366009019
26366009005,26366009021
26366009005,26366009023
26366009006,26366009007
26366009006,26366009010
26366009006,26366009018
26366009006,26366009022
26366009006,26366009024
26366009007,26366009009
26366009007,26366009013
26366009007,26366009015
26366009007,26366009019
26366009007,26366009023
26366009007,26366009024
26366009009,26366009014
26366009009,26366009017
26366009009,26366009019
26366009010,26366009022
26366009010,26366009024
26366009013,26366009024
26366009014,26366009017
26366009014,26366009019
26366009015,26366009019
26366009015,26366009023
26366009016,26366009018
26366009017,26366013005
26366009017,26366013006
26366009018,26366009022
26366009021,26366009023
26366009022,26366009024
26366010001,26366010012
26366010003,26366010007
26366010003,26366010016
26366010003,26366010019
26366010003,26366010020
26366010003,26366010023
26366010004,26366010013
26366010004,26366010019
26366010004,26366010020
26366010005,26366010013
26366010005,26366010015
26366010005,26366010019
26366010005,26366010022
26366010005,26366010023
26366010007,26366010016
26366010007,26366010020
26366010007,26366010027
26366010007,26366011002
26366010008,26366010010
26366010008,26366010011
26366010008,26366010014
26366010008,26366010015
26366010008,26366010021
26366010009,26366010016
26366010009,26366010025
26366010009,26366011001
26366010009,26366011002
26366010010,26366010011
26366010010,26366010012
26366010010,26366010017
26366010010,26366010021
26366010010,26366011001
26366010011,26366010014
26366010011,26366010017
26366010011,26366010024
26366010011,26366011001
26366010012,26366010021
26366010013,26366010019
26366010014,26366010015
26366010014,26366010025
26366010014,26366011001
26366010015,26366010021
26366010015,26366010022
26366010015,26366010023
26366010015,26366010025
26366010016,26366010023
26366010016,26366010025
26366010016,26366010027
26366010016,26366011002
26366010017,26366011001
26366010019,26366010020
26366010019,26366010023
26366010020,26366010023
26366010021,26366010022
26366010023,26366010025
26366010024,26366011001
26366010025,26366011001
26366010027,26366011002
26366011001,26366011002
26366011002,26366011003
26366011002,26366011004
26366011003,26366011004
26366012000,26366012005
26366012000,26366012009
26366012000,26366012010
26366012000,26366012013
26366012000,26366012015
26366012000,26366012016
26366012000,26366012026
26366012000,26366012027
26366012000,26366012028
26366012000,26366012032
26366012000,26366012033
26366012000,26366012034
26366012000,26366012041
26366012000,26366012044
26366012001,26366012013
26366012001,26366012014
26366012001,26366012024
26366012001,26366012029
26366012001,26366012042
26366012001,26366012045
26366012004,26366012040
26366012004,26366012042
26366012005,26366012010
26366012005,26366012026
26366012005,26366012027
26366012009,26366012016
26366012009,26366012022
26366012010,26366012026
26366012010,26366012027
26366012010,26366012028
26366012010,26366012033
26366012012,26366012023
26366012012,26366012024
26366012012,26366012025
26366012012,26366012028
26366012012,26366012033
26366012012,26366012037
26366012013,26366012014
26366012013,26366012024
26366012013,26366012032
26366012014,26366012032
26366012014,26366012041
26366012014,26366012045
26366012015,26366012041
26366012015,26366012045
26366012016,26366012022
26366012016,26366012025
26366012016,26366012028
26366012016,26366012034
26366012021,26366012029
26366012021,26366012036
26366012021,26366012042
26366012022,26366012023
26366012022,26366012025
26366012023,26366012025
26366012023,26366012037
26366012024,26366012029
26366012024,26366012033
26366012024,26366012036
26366012024,26366012037
26366012024,26366012038
26366012025,26366012028
26366012025,26366012034
26366012026,26366012028
26366012026,26366012034
26366012028,26366012033
26366012028,26366012034
26366012029,26366012036
26366012029,26366012042
26366012032,26366012041
26366012032,26366012044
26366012033,26366012037
26366012036,26366012038
26366012037,26366012038
26366012040,26366012042
26366012041,26366012044
26366012041,26366012045
26366012042,26366012045
26366013001,26366013002
26366013001,26366013003
26366013001,26366013004
26366013001,26366015009
26366013002,26366013003
26366013002,26366013004
26366013002,26366013005
26366013002,26366015008
26366013002,26366015009
26366013003,26366013004
26366013003,26366013007
26366013003,26366013009
26366013004,26366013005
26366013004,26366013007
26366013005,26366013006
26366013005,26366013007
26366013006,26366013007
26366013006,26366013008
26366013007,26366013008
26366013007,26366013009
26366013008,26366013009
26366015001,26366015002
26366015001,26366015003
26366015001,26366015004
26366015001,26366015005
26366015001,26366015007
26366015002,26366015003
26366015002,26366015004
26366015002,26366015007
26366015003,26366015004
26366015003,26366015006
26366015003,26366015007
26366015004,26366015005
26366015004,26366015006
26366015005,26366015006
26366015005,26366015009
26366015006,26366015007
26366015006,26366015008
26366015006,26366015009
26366015007,26366015008
26366015008,26366015009
26366016000,26366016001
263670010,263670020
263670010,26367003002
263670010,263670040
263670020,26367003002
263670020,263670040
26367003001,26367003002
26367003001,26367003003
26367003001,26367003004
26367003001,26367003005
26367003001,263670040
26367003001,263670050
26367003001,263670060
26367003002,26367003005
26367003002,263670040
26367003003,26367003004
263670050,263670060
264070010,264070020
264070010,264070030
264070020,264070030
264070020,264070050
264070030,264070040
264070030,264070050
264070030,264070080
264070030,264070090
264070040,264070050
264070040,264070060
264070040,264070080
264070050,264070060
264070050,264070190
264070050,264070200
264070060,264070070
264070060,264070080
264070060,264070190
264070070,264070080
264070070,264070100
264070070,264070150
264070070,264070180
264070070,264070190
264070080,264070090
264070080,264070100
264070090,264070100
264070100,264070110
264070100,264070120
264070100,264070130
264070100,264070150
264070110,264070120
264070120,264070130
264070120,264070240
264070130,264070140
264070130,264070150
264070130,264070210
264070130,264070240
264070140,264070150
264070140,264070210
264070140,264070220
264070150,264070160
264070150,264070170
264070150,264070180
264070150,264070220
264070150,264070230
264070160,264070170
264070160,264070220
264070160,264070230
264070170,264070230
264070180,264070190
264070180,264070230
264070190,264070200
264070190,264070230
264070200,264070230
264070200,264070270
264070200,264070340
264070210,264070220
264070210,264070240
264070210,26407025001
264070210,26407025002
264070210,26407025008
264070210,26407056001
264070210,26407056002
264070210,26407056003
264070220,264070230
264070220,264070270
264070220,264070280
264070220,264070550
264070220,26407056001
264070230,264070270
264070240,26407025007
264070240,26407025008
26407025001,26407025002
26407025001,26407025004
26407025001,26407025005
26407025001,26407025006
26407025001,26407025008
26407025001,264070260
26407025002,26407025003
26407025002,26407025004
26407025002,26407056003
26407025002,264070570
26407025003,26407025004
26407025003,264070570
26407025003,264070590
26407025003,264070600
26407025004,26407025005
26407025004,264070600
26407025005,26407025006
26407025005,26407025007
26407025005,26407025008
26407025006,26407025008
26407025006,264070260
26407025007,26407025008
26407025008,264070260
264070270,264070280
264070270,264070310
264070270,264070330
264070270,264070340
264070280,264070290
264070280,264070300
264070280,264070310
264070280,264070550
264070290,264070300
264070290,264070310
264070290,264070320
264070300,264070320
264070300,264070350
264070300,264070430
264070300,264070440
264070300,264070450
264070300,264070550
264070310,264070320
264070310,264070330
264070310,264070580
264070320,264070330
264070320,264070350
264070320,264070390
264070320,264070420
264070320,264070580
264070330,264070340
264070330,264070420
264070350,264070360
264070350,264070390
264070350,264070450
264070360,264070370
264070360,264070390
264070360,264070400
264070360,264070450
264070360,264070470
264070360,264070500
264070370,264070380
264070370,264070400
264070370,264070410
264070370,264070500
264070380,264070410
264070390,264070400
264070390,264070420
264070400,264070410
264070400,264070420
264070410,264070420
264070430,264070440
264070430,264070520
264070430,264070550
264070440,264070450
264070440,264070460
264070440,264070520
264070450,264070460
264070450,264070470
264070460,264070470
264070460,264070480
264070460,264070510
264070460,264070520
264070460,264070800
264070460,264070810
264070460,264070830
264070470,264070480
264070470,264070500
264070480,264070490
264070480,264070500
264070480,264070800
264070490,264070500
264070490,264070800
264070510,264070520
264070510,264070530
264070510,264070540
264070510,264070830
264070510,264070840
264070520,264070530
264070520,264070540
264070520,264070550
264070530,264070540
264070540,264070550
264070540,26407056003
264070540,26407056004
264070540,264070840
264070550,26407056001
264070550,26407056004
26407056001,26407056002
26407056001,26407056004
26407056002,26407056003
26407056002,26407056004
26407056003,26407056004
26407056003,264070570
26407056003,264070590
26407056003,264070840
264070570,264070590
264070590,264070600
264070590,264070840
264070590,264070850
264070600,264070610
264070600,264070630
264070600,264070640
264070600,264070650
264070600,264070850
264070610,264070620
264070610,264070630
264070610,264070850
264070620,264070630
264070620,264070740
264070620,264070850
264070630,264070640
264070630,264070680
264070630,264070740
264070640,264070650
264070640,264070660
264070640,264070680
264070650,264070660
264070660,264070670
264070660,264070680
264070670,264070680
264070670,264070700
264070670,264070710
264070670,264070730
264070680,264070700
264070680,264070740
264070680,264070750
264070690,264070700
264070690,264070710
264070690,264070720
264070690,264070750
264070690,264070760
264070700,264070710
264070700,264070720
264070700,264070750
264070710,264070720
264070710,264070730
264070720,264070730
264070740,264070750
264070740,264070850
264070750,264070760
264070750,264070840
264070750,264070850
264070760,264070770
264070760,264070780
264070760,264070840
264070770,264070780
264070770,264070830
264070770,264070840
264070780,264070790
264070780,264070810
264070780,264070820
264070780,264070830
264070790,264070810
264070800,264070810
264070810,264070820
264070810,264070830
264070820,264070830
264070830,264070840
264070840,264070850
26463001001,26463001002
26463001002,26463001003
26463001002,26463002001
26463001003,26463001004
26463001003,26463002001
26463001004,26463001005
26463001004,26463002001
26463001005,26463001006
26463001005,26463002001
26463001006,26463001007
26463001007,26463001008
26463002001,26463002002
26463002001,26463002003
26463002001,26463002007
26463002002,26463002003
26463002003,26463002004
26463002003,26463002007
26463002003,26463002008
26463002004,26463002005
26463002004,26463002008
26463002004,26463003004
26463002005,26463002006
26463002005,26463002008
26463002005,26463003001
26463002005,26463003004
26463002005,26463004002
26463002005,26463004003
26463002006,26463002007
26463002006,26463002008
26463002006,26463004003
26463002006,26463004004
26463002007,26463002008
26463003001,26463003002
26463003001,26463003003
26463003001,26463003004
26463003001,26463003005
26463003001,26463004001
26463003001,26463004002
26463003001,26463004009
26463003001,26463004011
26463003002,26463003003
26463003002,26463003005
26463003002,26463003006
26463003003,26463003004
26463003005,26463003006
26463003005,26463004009
26463003006,26463004009
26463004001,26463004002
26463004001,26463004003
26463004001,26463004006
26463004001,26463004011
26463004001,26463004012
26463004001,26463004013
26463004002,26463004003
26463004003,26463004004
26463004003,26463004006
26463004004,26463004005
26463004004,26463004006
26463004005,26463004006
26463004006,26463004012
26463004007,26463004008
26463004007,26463004010
26463004007,26463004011
26463004007,26463004013
26463004008,26463004009
26463004008,26463004010
26463004009,26463004010
26463004009,26463004011
26463004010,26463004011
26463004011,26463004013
26463004012,26463004013
26465001001,26465001002
26465001001,264650100
26465001001,264650110
26465001002,26465001004
26465001002,26465002002
26465001002,26465002003
26465001002,26465002005
26465001002,264650040
26465001004,26465002002
26465001004,26465002003
26465001004,26465002004
26465002002,26465002003
26465002003,26465002004
26465002003,26465002005
26465002003,264650040
26465002004,26465002005
26465002004,26465002006
26465002005,26465002006
26465002005,264650040
26465002006,26465002007
26465002006,264650030
26465002007,264650030
264650050,264650060
264650050,264650070
264650050,264650080
264650050,264650110
264650050,26465012001
264650050,26465012002
264650050,26465012003
264650050,26465013001
264650060,264650070
264650060,26465012001
264650070,264650080
264650080,264650090
264650080,264650110
264650090,264650100
264650090,264650110
264650100,264650110
264650110,26465013001
264650110,26465013002
26465012001,26465012002
26465012001,26465012003
26465012001,26465012004
26465012001,26465014001
26465012001,26465014002
26465012001,26465014003
26465012002,26465012003
26465012002,26465013001
26465012003,26465012004
26465012003,26465013001
26465012003,26465013003
26465012004,26465013003
26465012004,26465014001
26465013001,26465013002
26465013001,26465013003
26465013002,26465013003
26465013003,26465014001
26465013003,26465014003
26465014001,26465014003
26465014002,26465014003
26465014002,26465014004
26465014003,26465014004
26210712001,26210712002
262107220,262107310
26322013008,26322014007
