unit_id,district
252010010,0
252010020,0
252010030,0
252010040,0
252010050,0
252010060,0
252010070,0
252010080,0
252010090,0
252010100,0
252010110,0
252010120,0
252010130,0
252010140,0
252010150,0
252010160,0
252010170,0
252010180,0
25201023001,0
25201023002,0
25201023003,0
25201023004,0
25201023005,0
25201023006,0
25201024001,0
25201024002,0
25201024003,0
252010270,0
252010280,0
25201029001,0
25201029002,0
252010310,0
252010320,0
252010330,0
252010340,0
252010350,0
252010360,0
252010370,0
252010380,0
252010390,0
25201040001,0
25201040002,0
25201042001,0
25201042002,0
25201042003,0
25201042004,0
25201042005,0
25201042006,0
25201048001,0
25201048002,0
25201048003,0
25201051001,0
25201051002,0
25201051003,0
252010541,0
25201054201,0
25201054202,0
25201054203,0
25201054204,0
25201054205,0
25201054206,0
25201054207,0
25201055101,0
25201055102,0
25201055201,0
25201055202,0
25201055203,0
25201055204,0
25201055205,0
25201055206,0
25201061001,0
25201061002,0
25201061003,0
25201064001,0
25201064002,0
25201064003,0
25201067001,0
25201067002,0
25201067003,0
25201067004,0
252010710,0
25201072001,0
25201072002,0
25201072003,0
25201072004,0
25201072005,0
25201072006,0
25201072007,0
25201072008,0
252010800,0
25201081001,0
25201081002,0
25201081003,0
25201081004,0
25201081005,0
25201081006,0
25201087001,0
25201087002,0
25201089001,0
25201089002,0
25201089003,0
25201089004,0
252010930,0
25201094001,0
25201094002,0
25201094003,0
25201097001,0
25201097002,0
25201097003,0
25201097004,0
25201101001,0
25201101002,0
25201103001,0
25201103002,0
25201103003,0
25201103004,0
252011070,0
252011080,0
25201109001,0
25201109002,0
25201109003,0
25201112001,0
25201112002,0
25201114001,0
25201114002,0
25201114003,0
252011170,0
252011180,0
252011190,0
25201120001,0
25201120002,0
25201120003,0
25201120004,0
252011240,0
25201125001,0
25201125002,0
25201127001,0
25201127002,0
252011290,0
252011300,0
252011310,0
252011320,0
252011330,0
252011340,0
252011350,0
252011360,0
25201137001,0
25201137002,0
25201137003,0
252011400,0
252011410,0
252011420,0
252011430,0
252011440,0
25201145001,0
25201145002,0
252011470,0
252011480,0
252011490,0
252011500,0
252011510,0
252011520,0
252011530,0
25201154001,0
25201154002,0
25201154003,0
25201154004,0
25201154005,0
252011560,0
25201157001,0
25201157002,0
25201157003,0
252011600,0
252011610,0
252011620,0
252011650,0
25201166001,0
25201166002,0
252011680,0
252011690,0
252011700,0
25201171001,0
25201171002,0
252011730,0
252011740,0
25201175001,0
25201175002,0
25201177001,0
25201177002,0
25201179001,0
25201179002,0
25201179003,0
25201179004,0
25201183001,0
25201183002,0
25201183003,0
25201183004,0
252011870,0
252011880,0
252011900,0
25201191001,0
25201191002,0
25201191003,0
252011940,0
252011950,0
25201196001,0
25201196002,0
252011980,0
252011990,0
25201201001,0
25201201002,0
25201201003,0
25201201004,0
252012050,0
252012060,0
252012070,0
25201208001,0
25201208002,0
252012100,0
252012110,0
25201212001,0
25201212002,0
252012140,0
252012150,0
25201216001,0
25201216002,0
25201216003,0
252012190,0
252012200,0
252012210,0
252012220,0
252012230,0
252012240,0
252012260,0
252012270,0
25201228001,0
25201228002,0
25201228003,0
252012300,0
252012320,0
252012330,0
252012340,0
252012350,0
252012360,0
25201237001,0
25201237002,0
25201237003,0
252012390,0
252012400,0
25201242001,0
25201242002,0
252012440,0
25201245001,0
25201245002,0
252012470,0
25201249001,0
25201249002,0
25201251001,0
25201251002,0
25201251003,0
25201251004,0
25201251005,0
25201256001,0
25201256002,0
252012580,0
252012590,0
252012600,0
252012610,0
252012620,0
25201263001,0
25201263002,0
25201263003,0
25201263004,0
25201267001,0
25201267002,0
25201267003,0
25201267004,0
25201267005,0
25201267006,0
252012680,0
25201273101,0
25201273102,0
25201273103,0
25201273104,0
25201273105,0
252012732,0
25201274101,0
25201274102,0
252012742,0
25201275101,0
25201275102,0
25201275103,0
25201275104,0
25201275105,0
25201275106,0
252012752,0
25201276101,0
25201276102,0
25201276103,0
252012762,0
25201277101,0
25201277102,0
25201277103,0
25201277104,0
25201277105,0
25201277106,0
25201277107,0
252012772,0
25201278101,0
25201278102,0
25201278103,0
25201278104,0
25201278105,0
25201278106,0
25201278107,0
252012782,0
25201279101,0
25201279102,0
25201279103,0
25201279104,0
252012792,0
25201280001,0
25201280002,0
25201280003,0
25201281001,0
25201281002,0
25201281003,0
25201282001,0
25201282002,0
25201282003,0
25201282004,0
25201283001,0
25201283002,0
25201283003,0
25201283004,0
25201283005,0
25201283006,0
25201283007,0
25201284001,0
25201284002,0
25201284003,0
25201285001,0
25201285002,0
25201285003,0
25201285004,0
25201286001,0
25201286002,0
25201286003,0
25201286004,0
25201286005,0
25201287001,0
25201287002,0
25201288000,0
25201288001,0
25201288002,0
25201288003,0
25201288004,0
25201288005,0
25201288006,0
25201289001,0
25201289002,0
25201289003,0
25201289004,0
25201289005,0
25201289006,0
25201289007,0
25201289008,0
25201290101,0
25201290102,0
25201290103,0
25201290104,0
25201290105,0
25201290106,0
25201290107,0
252012910,0
25201292101,0
25201292102,0
25201292103,0
252012922,0
25201293101,0
25201293102,0
25201293103,0
252012932,0
25201294101,0
25201294102,0
25201294103,0
252012942,0
25201295101,0
25201295102,0
25201295103,0
252012952,0
252012961,0
252012962,0
25201297101,0
25201297102,0
252012972,0
25201298101,0
25201298102,0
252012982,0
252012991,0
252012992,0
25201300001,0
25201300002,0
25201300003,0
25201300004,0
25201300005,0
25201300006,0
25201300007,0
25201300008,0
25201307001,0
25201307002,0
25201307003,0
25201307004,0
25201307005,0
25201307006,0
25201307007,0
252013080,0
25201310001,0
25201310002,0
25201310003,0
25201310004,0
25201310005,0
25201310006,0
25201313001,0
25201313002,0
25201313003,0
25201313004,0
25201313005,0
25201316001,0
25201316002,0
252013180,0
252013190,0
252013200,0
25201322001,0
25201322002,0
25201322003,0
25201322004,0
25201322005,0
25201322006,0
25201322007,0
25201327001,0
25201327002,0
25201327003,0
25201327004,0
25201327005,0
252013300,0
252013370,0
25201338001,0
25201338002,0
25201338003,0
25201341001,0
25201341002,0
25201341003,0
25201341004,0
25201341005,0
25201341006,0
25201341007,0
25201399001,0
25201399002,0
25201399003,0
25201399004,0
25201400001,0
25201400002,0
25201400003,0
25201400004,0
25201400005,0
25201400006,0
25201400007,0
25201400008,0
252014010,0
25201402001,0
25201402002,0
25201404001,0
25201404002,0
25201406001,0
25201406002,0
252014080,0
252014090,0
252014100,0
252014110,0
252014120,0
252014130,0
25201414001,0
25201414002,0
25201414003,0
252014170,0
252014180,0
25201419001,0
25201419002,0
252014210,0
252014220,0
252014230,0
252014240,0
252014250,0
252014260,0
252014270,0
25201428001,0
25201428002,0
25201428003,0
25202001001,1
25202001002,1
25202001003,1
25202002001,1
25202002002,1
25202002003,1
252020030,1
25202004001,1
25202004002,1
25202004003,1
25202005001,1
25202005002,1
25202005003,1
25202005004,1
252020060,1
25202007001,1
25202007002,1
25202007003,1
252020100,1
25202011001,1
25202011002,1
25202011003,1
25202012001,1
25202012002,1
25202012003,1
25202015001,1
25202015002,1
25202016001,1
25202016002,1
252020170,1
252020180,1
252020190,1
252020200,1
25202021001,1
25202021002,1
25202021003,1
25202021004,1
25202021005,1
25202022001,1
25202022002,1
25202023001,1
25202023002,1
25202024001,1
25202024002,1
25202024003,1
25202027001,1
25202027002,1
25202030001,1
25202030002,1
25202031001,1
25202031002,1
25202033001,1
25202033002,1
252020350,1
25202036002,1
25202036004,1
25202036005,1
25202037001,1
25202037002,1
25202038001,1
25202038002,1
25202038003,1
25202038004,1
25202039001,1
25202039002,1
25202041001,1
25202041002,1
25202043001,1
25202043002,1
25202043003,1
25202043004,1
25202043005,1
25202043006,1
25202043007,1
25202043008,1
25202043009,1
25202043010,1
25202043011,1
25202044001,1
25202044002,1
25202044003,1
25202044004,1
25202044005,1
25202044006,1
25202044008,1
252020450,1
25202046001,1
25202046002,1
25202046003,1
25202046004,1
25202046005,1
25202046006,1
25202046007,1
25202047001,1
25202047002,1
25202047003,1
25202048001,1
25202048002,1
252020490,1
25202050001,1
25202050002,1
25202051001,1
25202051002,1
25202051003,1
25202051004,1
25202051005,1
252020520,1
252020530,1
25202054001,1
25202054002,1
252020550,1
252020560,1
25202057001,1
25202057002,1
25202057003,1
25202057004,1
25202058001,1
25202058002,1
25202058003,1
25202059001,1
25202059002,1
25202059003,1
25202060001,1
25202060002,1
25202060003,1
252020610,1
25202062001,1
25202062002,1
25202062003,1
25202062004,1
25202062005,1
25202063001,1
25202063002,1
252020640,1
25202065001,1
25202065002,1
25202065003,1
252020660,1
25202067001,1
25202067002,1
25202067003,1
25202067004,1
25202067005,1
25202067006,1
25202067007,1
252020680,1
25202069001,1
25202069002,1
25202069003,1
25202069005,1
25202069007,1
25202069008,1
25202069009,1
25202070001,1
25202070002,1
25202071001,1
25202071002,1
25202071003,1
25202071004,1
25202071005,1
25202071007,1
25202071009,1
25202072001,1
25202072002,1
25202072003,1
25202072004,1
252020730,1
252020740,1
25202075002,1
25202075003,1
25202075004,1
25202075005,1
25202075006,1
25202075007,1
25202075008,1
25202075009,1
25202075010,1
25202075011,1
25202075012,1
25202075013,1
25202075014,1
25202075015,1
25202075016,1
25202075017,1
25202075018,1
25202075019,1
25202076001,1
25202076002,1
25202076003,1
25202076004,1
25202076005,1
25202076006,1
25202076007,1
25202076008,1
25202076009,1
252020770,1
25202078001,1
25202078002,1
25202079001,1
25202079002,1
25202079003,1
25202080001,1
25202080002,1
252020810,1
25202082001,1
25202082002,1
25202082003,1
25202082004,1
25202082005,1
252020830,1
252020840,1
252020850,1
25202086001,1
25202086002,1
252020870,1
252020880,1
252020890,1
25202090001,1
25202090002,1
25202090003,1
25202090004,1
25202090005,1
25202090006,1
25202090007,1
25202090008,1
25202090009,1
25202090010,1
25202090011,1
25202090012,1
25202090013,1
25202090014,1
25202090015,1
25202090016,1
25202090017,1
25202090018,1
25202090019,1
25202090020,1
25202090021,1
25202090022,1
25202090023,1
25202090024,1
25202090025,1
25202090026,1
252020910,1
252020920,1
252020930,1
25202094001,1
25202094002,1
25202094003,1
252020950,1
25202096001,1
25202096002,1
25202096003,1
252020970,1
252020980,1
25202099001,1
25202099002,1
252021000,1
25202101001,1
25202101002,1
25202102001,1
25202102002,1
25202102003,1
25202102004,1
25202103001,1
25202103002,1
25202103004,1
25202103005,1
25202103006,1
25202103007,1
25202103008,1
25202104001,1
25202104002,1
25202104003,1
25202104004,1
25202104005,1
25202104006,1
252021050,1
252021060,1
25202107001,1
25202107002,1
25202107003,1
25202107004,1
25202107005,1
252021080,1
252021090,1
252021100,1
252021110,1
252021120,1
252021130,1
25202114001,1
25202114002,1
25202114003,1
25202114004,1
25202114005,1
25202115001,1
25202115002,1
25202115003,1
25202115004,1
25202116001,1
25202116002,1
25202116003,1
252021170,1
25202118001,1
25202118002,1
25202119001,1
25202119002,1
25202119003,1
25202119004,1
252021200,1
25202121001,1
25202121002,1
25202121003,1
25202121004,1
252021220,1
25202123001,1
25202123002,1
25202123003,1
252021240,1
252021250,1
252021260,1
252021270,1
252021280,1
252021290,1
252021300,1
252021310,1
252021320,1
252021330,1
252021340,1
25202135001,1
25202135002,1
252021360,1
252021370,1
252021380,1
252021390,1
25202140001,1
25202140002,1
252021410,1
252030010,1
252030020,1
252030030,1
252030040,1
252030050,1
252030060,1
252030070,1
252030080,1
252030090,1
252030100,1
252030110,1
252030120,1
252030130,1
252030140,1
252030150,1
252030160,1
252030170,1
252030180,1
252030190,1
252030200,1
252030210,1
252030220,1
252030230,1
252030240,1
252030250,1
252030260,1
252030270,1
252030280,1
252030290,1
252030300,1
252030310,1
252030320,1
252030330,1
252030340,1
252030350,1
252030360,1
252030370,1
252030380,1
252030390,1
252030400,1
252030410,1
252030420,1
252030430,1
252030440,1
252030450,1
252030460,1
252030470,1
252030480,1
252030490,1
252030500,1
252030510,1
252030520,1
252030530,1
252030540,1
252030550,1
252030560,1
252030570,1
252030580,1
252030590,1
252030600,1
252030610,1
252030620,1
252030630,1
252030640,1
252030650,1
252030660,1
252030670,1
252030680,1
252030690,1
252030700,1
252030710,1
252030720,1
252030730,1
252030740,1
252030750,1
252030760,1
252030780,1
252030790,1
252030800,1
252030810,1
252030820,1
252030830,1
252030840,1
252030850,1
252030860,1
252030870,1
252030880,1
252030890,1
252030900,1
252030910,1
252030920,1
252030930,1
252030940,1
252030950,1
252030960,1
252030970,1
252030980,1
252030990,1
252031000,1
252031010,1
252031020,1
252031030,1
252031040,1
252031050,1
252031060,1
252031070,1
252031080,1
252031090,1
252031100,1
252031110,1
252031120,1
252031130,1
252031140,1
252031150,1
252031160,1
252031170,1
252031180,1
252031190,1
252031200,1
252031210,1
252031220,1
252031230,1
252031240,1
252031250,1
252031260,1
252031270,1
252031280,1
252031290,1
252031300,1
252031310,1
252031320,1
252031330,1
252031340,1
252031350,1
252031360,1
252031370,1
252031380,1
252031390,1
252031400,1
252031410,1
252031420,1
252031430,1
252031440,1
252031450,1
252031460,1
252031470,1
252031480,1
252031490,1
252031500,1
252031510,1
252031520,1
252031530,1
252031540,1
252031550,1
252031560,1
252031570,1
252031580,1
252031590,1
252031600,1
252031610,1
252031620,1
252031630,1
252031640,1
252031650,1
252031660,1
252031670,1
252031680,1
252031690,1
252031700,1
252031710,1
252031720,1
252031730,1
252031740,1
252031750,1
252031760,1
252031770,1
252031780,1
252031790,1
252031800,1
252031810,1
252031820,1
252031830,1
252031840,1
252031850,1
252031860,1
252031870,1
252031880,1
252031890,1
252031900,1
252031910,1
252031920,1
252031930,1
252031940,1
252031950,1
252031960,1
252031970,1
252031980,1
252031990,1
252032000,1
252032010,1
252032020,1
252032030,1
252032040,1
252032050,1
252032060,1
252032070,1
252032080,1
252032090,1
252032100,1
252032110,1
252032120,1
252032130,1
252032140,1
252032150,1
252032160,1
252032170,1
252032180,1
252032190,1
252032200,1
252032210,1
252032220,1
252032230,1
252032240,1
252032250,1
252032260,1
252032270,1
252032280,1
252032290,1
252032300,1
252032310,1
252032320,1
252032330,1
252032340,1
252032350,1
252032360,1
252032370,1
252032380,1
252032390,1
252032400,1
25203241001,1
25203241002,1
25203241003,1
25203241004,1
25203242001,1
25203242002,1
25203242003,1
252032430,1
252032440,1
252032450,1
252032460,1
252032470,1
252032480,1
252032490,1
25203250011,1
25203250012,1
25203250013,1
25203250014,1
25203250015,1
25203250016,1
25203250017,1
25203250018,1
25203250019,1
25203250020,1
25203250021,1
25203250022,1
25203250023,1
25203250035,1
25203250036,1
252032510,1
252032520,1
252032530,1
252032540,1
252032550,1
252032560,1
252032570,1
252032580,1
252032590,1
252032600,1
252032610,1
252032620,1
252032630,1
252032640,1
252032650,1
252032660,1
252032670,1
252032680,1
252032690,1
252032700,1
252032740,1
252032750,1
252032760,1
252032770,1
252032780,1
252032790,1
252032800,1
252032810,1
252032820,1
252032830,1
252032840,1
252032850,1
252032860,1
252032870,1
252032880,1
252032890,1
252032900,1
252032910,1
252032920,1
252032930,1
252032940,1
252032950,1
252032960,1
252032970,1
252032980,1
252032990,1
252033000,1
252033010,1
252033020,1
252033030,1
252033040,1
252040010,1
252040020,1
252040030,1
252040040,1
252040050,1
252040060,1
252040070,1
252040080,1
252040090,1
252040100,1
252040110,1
252040120,1
252040130,1
252040140,1
252040150,1
252040160,1
252040170,1
252040180,1
252040190,1
252040200,1
252040210,1
252040220,1
252040230,1
252040240,1
252040250,1
252040260,1
252040270,1
252040280,1
252040290,1
252040300,1
252040310,1
252040320,1
252040330,1
252040340,1
252040350,1
252040360,1
252040370,1
252040380,1
252040390,1
252040400,1
252040410,1
252040420,1
252040430,1
252040440,1
252040450,1
252040460,1
252040470,1
252040480,1
252040490,1
252040500,1
252040510,1
252040520,1
252040530,1
252040540,1
252040550,1
252040560,1
252040570,1
252040580,1
252040590,1
252040600,1
252040610,1
252040620,1
252040630,1
252040640,1
252040650,1
252040660,1
252040670,1
252040680,1
252040690,1
252040700,1
252040710,1
252040720,1
252040730,1
252040740,1
252040750,1
252040760,1
252040770,1
252040780,1
252040790,1
252040800,1
252040810,1
252040820,1
252040830,1
252040840,1
252040850,1
252040860,1
252040870,1
252040880,1
252040890,1
252040900,1
252040910,1
252040920,1
252040930,1
252040940,1
252040950,1
252040960,1
252040970,1
252040980,1
252040990,1
25204100101,1
25204100102,1
25204100201,1
25204100203,1
25204100204,1
25204100301,1
25204100302,1
25204100303,1
25204100304,1
252041004,1
252041011,1
252041012,1
252041013,1
252041020,1
252041030,1
252041040,1
252041050,1
252041060,1
252041070,1
252041080,1
252041090,1
252041100,1
252041110,1
252041120,1
252041130,1
252041140,1
252041150,1
252041160,1
252041170,1
252041180,1
252041190,1
252041200,1
252041210,1
252041220,1
252041230,1
252041240,1
252041250,1
252041260,1
252041270,1
252041280,1
252041290,1
252041300,1
252041310,1
252041320,1
252041330,1
252041340,1
252041350,1
252041360,1
252041370,1
252041380,1
252041390,1
252041400,1
252041410,1
252041420,1
252041430,1
252041440,1
252041450,1
252041460,1
252041470,1
252041480,1
252041490,1
252041500,1
252041510,1
252041520,1
252041530,1
252041540,1
252041550,1
252041560,1
252041570,1
252041580,1
252041590,1
252041600,1
252041610,1
252041620,1
252041630,1
252041640,1
252041650,1
252041660,1
252041670,1
252041680,1
252041690,1
252041700,1
252041710,1
252041720,1
252041730,1
252041740,1
252041750,1
252041760,1
252060010,2
252060020,2
252060030,2
252060040,2
25206005101,2
25206005102,2
25206005103,2
25206005104,2
25206005105,2
25206005106,2
25206005107,2
25206005108,2
25206005201,2
25206005202,2
25206005203,2
25206005204,2
25206005205,2
25206005206,2
25206005207,2
25206005208,2
25206005209,2
25206010001,2
25206010002,2
25206010003,2
25206010004,2
25206010005,2
25206010006,2
25206010007,2
25206010008,2
25206014001,2
25206014002,2
25206014003,2
25206014004,2
25206018001,2
25206018002,2
25206018003,2
25206018004,2
25206022001,2
25206022002,2
25206024000,2
25206024001,2
25206025001,2
25206025002,2
25206027001,2
25206027002,2
25206027003,2
25206027004,2
25206031001,2
25206031002,2
25206031003,2
25206034001,2
25206034002,2
25206034003,2
252060370,2
25206038001,2
25206038002,2
25206040001,2
25206040002,2
252060420,2
25206043101,2
25206043102,2
25206043103,2
25206043104,2
25206043105,2
25206043201,2
25206043202,2
25206043203,2
25206043204,2
25206043205,2
25206043206,2
25206043207,2
25206043500,2
25206043501,2
25206043502,2
25206043601,2
25206043602,2
25206043603,2
25206043604,2
25206043605,2
25206043606,2
25206043607,2
25206043608,2
25206043609,2
25206043701,2
25206043702,2
25206043703,2
25206043704,2
25206043705,2
25206044101,2
25206044102,2
25206044103,2
25206044104,2
25206044201,2
25206044202,2
25206044203,2
25206044204,2
25206044205,2
25206044206,2
25206044207,2
25206044208,2
252060443,2
252060450,2
252060460,2
252060470,2
252060480,2
252060490,2
252060500,2
252060510,2
252060520,2
252060530,2
25206054001,2
25206054002,2
25206054003,2
25206054004,2
25206054005,2
25206058001,2
25206058002,2
25206058003,2
25206058004,2
25206058005,2
25206058006,2
25206058007,2
25206058008,2
252060590,2
25206060001,2
25206060002,2
25206060003,2
25206060004,2
25206060005,2
25206060006,2
252060660,2
25206070001,2
25206070002,2
25206070003,2
25206070004,2
252060710,2
252060720,2
252060730,2
252060740,2
252060750,2
252060760,2
252060770,2
252060780,2
252060790,2
252060800,2
252060810,2
252060820,2
252060830,2
252060840,2
252060850,2
25207001101,2
25207001102,2
25207001103,2
25207001104,2
252070012,2
25207002101,2
25207002102,2
25207002103,2
25207002104,2
25207002105,2
25207002106,2
252070022,2
25207003101,2
25207003102,2
25207003103,2
252070032,2
25207004108,2
25207004109,2
25207004201,2
25207004202,2
25207004203,2
25207004204,2
25207004205,2
25207004206,2
25207004207,2
252070050,2
252070060,2
25207007001,2
25207007002,2
25207007003,2
252070080,2
25207009101,2
25207009102,2
25207009103,2
25207009104,2
25207009105,2
25207009106,2
252070092,2
252070100,2
252070110,2
252070120,2
25207013001,2
25207013002,2
25207014001,2
25207014002,2
252070150,2
252070160,2
252070170,2
252070180,2
25207019001,2
25207019002,2
252070200,2
252070210,2
252070220,2
252070230,2
252070240,2
252070250,2
252070260,2
252070270,2
252070280,2
25207029001,2
25207029002,2
25207029003,2
25207030001,2
25207030002,2
25207030003,2
25207030004,2
25207030005,2
25207031001,2
25207031002,2
25207032001,2
25207032002,2
25207033001,2
25207033002,2
252070340,2
25207035001,2
25207035002,2
25207035003,2
25207036001,2
25207036002,2
25207037001,2
25207037002,2
25207037003,2
25207037004,2
25207038001,2
25207038002,2
25207038003,2
25207039001,2
25207039002,2
25207039003,2
25207039004,2
25207039005,2
252070400,2
252070410,2
252070420,2
252070430,2
252070440,2
252070450,2
252080010,2
252080020,2
252080030,2
252080040,2
252080050,2
25208006001,2
25208006002,2
25208006003,2
25208006004,2
25208006005,2
25208006006,2
25208006007,2
25208006008,2
25208006009,2
252080070,2
252080080,2
25208009101,2
25208009102,2
25208009103,2
25208009104,2
25208009105,2
25208009106,2
25208009107,2
25208009108,2
25208009109,2
25208009110,2
25208010001,2
25208010002,2
25208010003,2
252080110,2
252080120,2
252080130,2
252080140,2
25208015001,2
25208015002,2
25208015003,2
25208015004,2
25208015005,2
25208015006,2
25208015007,2
25208015008,2
25208016001,2
25208016002,2
25208016003,2
25208016004,2
25208016005,2
25208016006,2
25208016007,2
252080170,2
252080180,2
252080190,2
252080201,2
252080202,2
252080210,2
252080220,2
252080230,2
252080240,2
252080250,2
252080260,2
252080270,2
25208028101,2
25208028102,2
25208028103,2
25208028104,2
25208028105,2
25208028106,2
25208028107,2
25208028108,2
25208028109,2
25208028110,2
252080290,2
252080300,2
25208031001,2
25208031002,2
25208031003,2
25208031004,2
25208032001,2
25208032002,2
25208032003,2
25208032004,2
25208032005,2
25208032006,2
252080330,2
252080340,2
252090010,2
252090020,2
252090030,2
252090040,2
252090050,2
252090062,2
25209006401,2
25209006402,2
252090065,2
252090070,2
252090080,2
252090090,2
252090100,2
252090110,2
25209012101,2
25209012102,2
25209012200,2
25209012203,2
25209012204,2
252090130,2
252090140,2
252090150,2
252090160,2
252090170,2
252090180,2
252090200,2
252090210,2
252090220,2
252090230,2
252090240,2
252090250,2
252090260,2
252090270,2
252090280,2
252090290,2
252090300,2
252090310,2
252090320,2
252090330,2
25209034001,2
25209034002,2
25209034003,2
252090370,2
252090380,2
252090390,2
252090400,2
252090410,2
252090420,2
25209043001,2
25209043002,2
252090450,2
252090460,2
252090470,2
252090480,2
252090490,2
252090500,2
252090510,2
252090520,2
252090530,2
252090540,2
252090550,2
252090560,2
252090570,2
252090580,2
252090591,2
252090592,2
252090600,2
252090610,2
252090620,2
252090630,2
252090640,2
252090650,2
252090660,2
252090670,2
252090680,2
252090690,2
252090700,2
252090710,2
252090720,2
252090730,2
252090740,2
252090750,2
252090760,2
252090770,2
252090780,2
252090790,2
252090800,2
252090810,2
252090820,2
252090830,2
252090840,2
252090850,2
252090860,2
252090870,2
252090880,2
252090890,2
252090900,2
252090910,2
252090920,2
252090930,2
252090940,2
252090950,2
252090960,2
252090970,2
252090980,2
252090990,2
252091000,2
252091010,2
252091020,2
252091030,2
252091040,2
252091050,2
252091060,2
252091070,2
252091080,2
25209109001,2
25209109023,2
252091100,2
252091110,2
25209112002,2
25209112003,2
252091130,2
252091140,2
252091150,2
252091160,2
252091170,2
252091180,2
252091190,2
252091200,2
252091210,2
252091220,2
252091230,2
252091240,2
252091250,2
252091260,2
252091270,2
25209128001,2
25209128002,2
25209128003,2
25209128004,2
25209129001,2
25209129002,2
25209129003,2
25209129004,2
25209129005,2
25209129006,2
25209129007,2
25209129008,2
25209129009,2
25209129010,2
25209130001,2
25209130002,2
25209130003,2
25209130004,2
25209130005,2
252091310,2
252091320,2
252091330,2
252091340,2
252091350,2
252091360,2
252091370,2
252091380,2
252091390,2
252091400,2
252091410,2
252091420,2
252091430,2
252091440,2
252091450,2
252091460,2
252091470,2
252091480,2
252091490,2
252091500,2
252091510,2
252091520,2
252091530,2
252100010,2
252100020,2
252100030,2
252100040,2
252100050,2
252100060,2
252100070,2
252100080,2
252100090,2
252100100,2
252100110,2
252100120,2
252100130,2
252100140,2
25210016001,2
25210016002,2
252100170,2
252100180,2
252100190,2
252100200,2
252100210,2
252100220,2
252100230,2
252100240,2
25210025001,2
25210025002,2
252100260,2
252100270,2
252100271,2
252100280,2
252100290,2
252100300,2
252100310,2
252100320,2
252100330,2
252100340,2
252100350,2
252100360,2
252100370,2
252100380,2
252100390,2
252100400,2
252100410,2
252100420,2
252100430,2
252100440,2
252100450,2
252100460,2
252100470,2
252100480,2
252100490,2
252100500,2
25210051001,2
25210051002,2
25210051003,2
25210051004,2
25210051005,2
25210051006,2
252100520,2
252100530,2
252110010,2
252110020,2
252110030,2
252110040,2
25211005101,2
25211005102,2
25211005103,2
252110052,2
25211006101,2
25211006102,2
25211006103,2
25211006104,2
252110062,2
25211007001,2
25211007002,2
25211007003,2
25211007004,2
25211007005,2
252110120,2
252110130,2
252110140,2
25211015301,2
25211015302,2
25211015401,2
25211015402,2
25211015403,2
25211015404,2
25211015601,2
25211015602,2
25211015603,2
25211015604,2
25211015701,2
25211015702,2
25211015703,2
25211015704,2
25211015705,2
25211015706,2
25211015801,2
25211015802,2
25211015803,2
25211015804,2
25211015805,2
25211015806,2
25211015807,2
252110159,2
252110160,2
252110170,2
25211018001,2
25211018002,2
25211018003,2
25211018004,2
252110220,2
252110230,2
252110240,2
252110250,2
252110260,2
252110261,2
252110270,2
252110280,2
25211029001,2
25211029002,2
25211029003,2
25211030101,2
25211030102,2
25211030201,2
25211030202,2
25211030203,2
25211030204,2
25211030205,2
25211030301,2
25211030302,2
25211030303,2
25211030304,2
25211030401,2
25211030402,2
252110305,2
25211031100,2
25211031101,2
25211031102,2
25211031103,2
25211031104,2
25211031105,2
25211032100,2
25211032101,2
25211032102,2
25211032103,2
25211032104,2
25211032105,2
25211032106,2
25211032107,2
25211033001,2
25211033002,2
25211034001,2
25211034002,2
25211034003,2
25211034004,2
25211035001,2
25211035002,2
25211036001,2
25211036002,2
25211036003,2
25211037001,2
25211037002,2
25211037003,2
25211037004,2
25211037005,2
25211037006,2
25211038001,2
25211038002,2
25211038003,2
25211038004,2
25211038005,2
25211038006,2
25211038007,2
25211038008,2
25211039001,2
25211039002,2
25211039003,2
25211039004,2
25211039005,2
25211039006,2
25211039007,2
25211039008,2
25211040001,2
25211040002,2
25211041001,2
25211041002,2
25211041003,2
25211041004,2
25212001001,0
25212001002,0
25212001003,0
25212001004,0
25212001005,0
25212001006,0
252120020,0
252120030,0
252120040,0
252120050,0
252120060,0
252120070,0
252120080,0
252120090,0
252120100,0
252120110,0
252120120,0
252120130,0
252120140,0
252120150,0
252120160,0
252120170,0
252120180,0
252120190,0
252120200,0
252120210,0
252120220,0
25212023001,0
25212023002,0
252120240,0
252120250,0
252120260,0
252120270,0
252120280,0
252120290,0
252120300,0
252120310,0
252120320,0
25212033001,0
25212033002,0
25212034001,0
25212034002,0
25212035001,0
25212035002,0
25212036001,0
25212036002,0
25212037001,0
25212037002,0
25212038001,0
25212038002,0
25212039001,0
25212039002,0
252120400,0
252120410,0
252120420,0
252120430,0
252120440,0
252120450,0
252120460,0
252120470,0
252120480,0
252120490,0
252120500,0
252120510,0
252120520,0
252120530,0
252120540,0
252120550,0
252120560,0
252120570,0
252120580,0
252120590,0
252120600,0
252120610,0
252120620,0
252120630,0
252120640,0
252120650,0
252120660,0
252120670,0
252120680,0
252120690,0
252120700,0
252120710,0
252120720,0
252120730,0
252120740,0
252120750,0
252120760,0
252120770,0
252120780,0
252120790,0
252120800,0
252120810,0
252120820,0
252120830,0
252120840,0
252120850,0
252120860,0
252120870,0
25212088001,0
25212088002,0
25212088003,0
25212088004,0
25212089001,0
25212089002,0
25212089003,0
25212089004,0
252120900,0
252120910,0
252120920,0
252120930,0
252120940,0
252120950,0
252120960,0
252120970,0
252120980,0
252120990,0
25212100001,0
25212100002,0
252121010,0
252121020,0
252121030,0
252121040,0
252121050,0
252121060,0
252121070,0
252121080,0
252121090,0
252121100,0
252121110,0
252121120,0
25212113001,0
25212113002,0
25212113003,0
25212114101,0
25212114102,0
252121142,0
25212115101,0
25212115102,0
252121152,0
25212116101,0
25212116102,0
25212116103,0
252121162,0
252121170,0
252121180,0
252121190,0
25212120001,0
25212120002,0
252121210,0
25212122001,0
25212122002,0
252121230,0
252121240,0
252121250,0
252121260,0
252130010,1
252130020,1
252130030,1
252130040,1
252130050,1
252130060,1
252130070,1
252130080,1
252130090,1
252130100,1
252130110,1
252130120,1
252130130,1
252130140,1
252130150,1
252130160,1
252130170,1
252130180,1
252130190,1
252130200,1
252130210,1
252130220,1
252130230,1
252130240,1
252130250,1
252130260,1
252130270,1
252130280,1
252130290,1
252130300,1
252130310,1
252130320,1
252130330,1
25213034001,1
25213034002,1
252130360,1
252130370,1
252130380,1
252130390,1
252130400,1
252130410,1
252130420,1
252130430,1
252130440,1
252130450,1
252130460,1
252130470,1
252130480,1
252130490,1
252130500,1
252130510,1
252130520,1
252130530,1
252130540,1
252130550,1
252130560,1
252130570,1
252130580,1
25213059001,1
25213059002,1
25213059003,1
25213062001,1
25213062002,1
25213062003,1
252130650,1
252130660,1
252130670,1
252130680,1
252130690,1
252130700,1
252130710,1
252130720,1
252130730,1
25213074001,1
25213074002,1
25213074003,1
25213074004,1
25213074005,1
25213079001,1
25213079002,1
25213079003,1
25213079004,1
25213079005,1
25213084001,1
25213084002,1
252130850,1
252130860,1
252130870,1
25213088001,1
25213088002,1
252130890,1
252130900,1
252130910,1
252130920,1
252130930,1
25213094000,1
25213094001,1
25213094100,1
25213094101,1
252130950,1
252130960,1
252130970,1
252130980,1
252130990,1
252131000,1
252131010,1
252131020,1
252131030,1
252131040,1
252131050,1
252131060,1
252131070,1
252131080,1
252131090,1
252131100,1
252131110,1
252131120,1
252131130,1
252131140,1
252131150,1
252131160,1
252131170,1
252131180,1
252131190,1
252131200,1
252131210,1
252131220,1
252131230,1
252131240,1
252131250,1
252131260,1
252131270,1
252131280,1
252131290,1
252131300,1
252131310,1
252131320,1
252131330,1
252131340,1
252131350,1
252131360,1
252131370,1
252131380,1
252131390,1
252131400,1
252131410,1
252131420,1
252131430,1
252131440,1
252131450,1
252131460,1
252131470,1
252131480,1
252131490,1
252131500,1
252131510,1
252131520,1
252131530,1
252131540,1
252131550,1
252131560,1
252131570,1
252131580,1
252131590,1
252131600,1
252131610,1
252131620,1
252131630,1
252131640,1
252131650,1
252131660,1
252131670,1
252131680,1
252131690,1
252131700,1
252131710,1
252131720,1
252131730,1
252131740,1
252131750,1
252131760,1
252131770,1
252131780,1
252131790,1
252131800,1
252131810,1
252131820,1
252131830,1
252131840,1
252131850,1
252131860,1
252131870,1
252131880,1
252131890,1
252131900,1
252131910,1
252131920,1
252131930,1
252131940,1
252131950,2
252131960,1
252131970,1
252131980,1
252131990,1
252132000,1
252132010,1
252132020,1
252132030,1
252132040,1
252132050,1
252132060,1
252132070,1
252132080,1
252132090,1
252132100,1
252132110,1
252132120,1
252132130,1
252132140,1
252132150,1
252132160,1
252132170,1
252132180,1
252132190,1
252132200,1
252132210,1
252132220,1
252132230,1
252132240,1
252132250,1
252132260,1
252132270,1
252132280,1
252132290,1
252132300,1
252132310,1
252132320,1
252132330,1
252132340,1
252132350,1
252132360,1
252132370,1
252132380,1
252132390,1
252132400,1
252140010,1
252140020,1
252140030,1
25214004001,1
25214004002,1
252140050,1
25214006001,1
25214006002,1
25214007001,1
25214007002,1
252140080,1
252140090,1
252140100,1
252140110,1
252140120,1
252140130,1
252140140,1
252140150,1
252140160,1
252140170,1
252140180,1
252140190,1
252140200,1
25214021001,1
25214021002,1
252140220,1
252140230,1
252140240,1
252140250,1
252140260,1
252140270,1
252140280,1
252140290,1
252140300,1
252140310,1
252140320,1
252140330,1
252140340,1
252140350,1
252140360,1
252140370,1
252140380,1
252140390,1
252140400,1
252140410,1
252140420,1
252140430,1
252140440,1
252140450,1
252140460,1
252140470,1
252140480,1
252140490,1
252140500,1
252140510,1
252140520,1
252140530,1
252140540,1
252140550,1
252140560,1
252140570,1
252140580,1
252140590,1
252140600,1
252140610,1
252140620,1
252140630,1
252140640,1
252140650,1
252140660,1
252140670,1
252140680,1
252140690,1
252140700,1
252140710,1
252140720,1
252140730,1
252140740,1
252140750,1
252140760,1
252140770,1
252140780,1
252140790,1
252140800,1
252140810,1
252140820,1
25214083001,1
25214083002,1
252140840,1
252140850,1
252140860,1
252140870,1
252140880,1
252140890,1
252140900,1
252140910,1
25383001001,1
25383001002,1
25383001003,1
25383001004,1
25383001005,1
253830020,1
253830030,1
253830040,1
253830050,1
25383006001,1
25383006002,1
25383006003,1
25383006004,1
25383006005,1
253830070,1
25383008001,1
25383008002,1
25383008003,1
25383009001,1
25383009002,1
25383009003,1
253830100,1
253830110,1
253830120,1
253830130,1
253830140,1
253830150,1
253830160,1
253830170,1
253830180,1
253830190,1
253830200,1
253830210,1
253830220,1
253830230,1
253830240,1
253830250,1
25383026001,1
25383026002,1
25383026003,1
25383026004,1
253830270,1
253830280,1
253830290,1
253830300,1
253830310,1
253830320,1
253830330,1
25383034001,1
25383034002,1
25383034003,1
25383034004,1
25383034005,1
25383034006,1
25383034007,1
253830350,1
253830360,1
253830370,1
25383038001,1
25383038002,1
253830390,1
25383040001,1
25383040002,1
25383040003,1
25383041001,1
25383041002,1
25383042001,1
25383042002,1
253830430,1
253830440,1
253830450,1
253830460,1
253830470,1
253830480,1
25383049001,1
25383049002,1
253830500,1
25383051001,1
25383051002,1
25383051003,1
25383051004,1
25383051005,1
25383052001,1
25383052002,1
25383052003,1
25383052004,1
253830530,1
253830540,1
253830550,1
253830560,1
253830570,1
253830580,1
253830590,1
253830600,1
253830610,1
253830620,1
253830630,1
253840010,1
253840020,1
253840030,1
253840040,1
253840050,1
253840060,1
253840070,1
253840080,1
253840090,1
253840100,1
253840110,1
253840120,1
253840130,1
253840140,1
253840150,1
253840160,1
253840170,1
253840180,1
253840190,1
253840200,1
253840210,1
253840220,1
253840230,1
253840240,1
254250010,1
254250020,1
254250030,1
254250040,1
254250050,1
254250060,1
254250070,1
254250080,1
254250090,1
254250100,1
254250110,1
254250120,1
254250130,1
254250140,1
254250150,1
254250160,1
254250170,1
254250180,1
254250190,1
254250200,1
254250210,1
254250220,1
254250230,1
254250240,1
254250250,1
254250260,1
254250270,1
254250280,1
254250290,1
254250300,1
254250310,1
254250320,1
254250330,1
254250340,1
254250350,1
254250360,1
254250370,1
254250380,1
254250390,1
254250400,1
254250410,1
254250420,1
254410010,1
254410020,1
254410030,1
254410040,1
254410050,1
254410060,1
254410070,1
254410080,1
254410090,1
254410100,1
254410110,1
254410120,1
254410130,1
254410140,1
254410150,1
254410160,1
254420010,1
254420020,1
254420030,1
254420040,1
254420050,1
254420060,1
254420070,1
254420080,1
254420090,1
25442010001,1
25442010002,1
254420120,1
254420130,1
254430010,1
254430020,1
254430030,1
254430040,1
254430050,1
254430060,1
254430070,1
254430080,1
254430090,1
254430100,1
254430110,1
254430120,1
254430130,1
254430140,1
254430150,1
254430160,1
254430170,1
254430180,1
254430190,1
254430200,1
254430210,1
254430220,1
254430230,1
254430240,1
254430250,1
254430260,1
254430270,1
254430280,1
254430290,1
254430300,1
254430310,1
254430320,1
254430330,1
254430340,1
254430350,1
254430360,1
254430370,1
254430380,1
254430390,1
26,7
26101001001,3
26101001002,3
26101001003,3
26101001004,3
26101001005,3
26101001006,3
26101001007,3
26101001008,3
26101001009,3
26101001010,3
26101001011,3
26101001012,3
26101001013,3
26101001014,3
26101001015,3
26101001016,3
26101001017,3
26101001018,3
26101001019,3
26101001020,3
26101001021,3
26101001022,3
26101002001,3
26101002002,3
26101002003,3
26101002004,3
26101002005,3
26101002006,3
26101002007,3
26101002008,3
26101002009,3
26101002010,3
26101002011,3
26101002012,3
26101002013,3
26101002014,3
26101002015,3
26101002016,3
26101002017,3
26101002018,3
26101002019,3
26101002020,3
26101002021,3
26101002022,3
26101002023,3
26101002024,3
26101002025,3
26101002026,3
26101003001,3
26101003002,3
26101003003,3
26101003004,3
26101003005,3
26101003006,3
26101003007,3
26101003008,3
26101003009,3
26101003010,3
26101003011,3
26101003012,3
26101003013,3
26101003014,3
26101003015,3
26101003016,3
26101003017,3
26101003018,3
26101003019,3
26101003020,3
26101003021,3
26101003022,3
26101004001,3
26101004002,3
26101004003,3
26101004004,3
26101004005,3
26101004006,3
26101004007,3
26101004008,3
26101004009,3
26101004010,3
26101004011,3
26101004012,3
26101004013,3
26101004014,3
26101004015,3
26101004016,3
26101004017,3
26101005001,3
26101005002,3
26101005003,3
26101005004,3
26101005005,3
26101005006,3
26101005007,3
26101005008,3
26101005009,3
26101005010,3
26101006001,3
26101006002,3
26101006003,3
26101006004,3
26101006005,3
26101006006,3
26101006007,3
26101006008,3
26101006009,3
26101006010,3
26101006011,3
26101006012,3
26101006013,3
26101006014,3
26101006015,3
26101006016,3
26101006017,3
26101006018,3
26101006019,3
26101006020,3
26101006021,3
26101006022,3
26101006023,3
26101006024,3
26101006025,3
26101006026,3
26101006027,3
26101006028,3
26101006029,3
26101006030,3
26101006031,3
26101006032,3
26101006033,3
26101006034,3
26101006035,3
26101006036,3
26101006037,3
26101006038,3
26101006039,3
26101006040,3
26101006041,3
26101006042,3
26101007001,3
26101007002,3
26101007003,3
26101007004,3
26101007005,3
26101007006,3
26101007007,3
26101007008,3
26101007009,3
26101007010,3
26101007011,3
26101007012,3
26101007013,3
26101007014,3
26101007015,3
26101007016,3
26101007017,3
26101007018,3
26101007019,3
26101007020,3
26101007021,3
26101007022,3
26101007023,3
26101007024,3
26101007025,3
26101007026,3
26101007027,3
26101007028,3
26101007029,3
26101007030,3
26101007031,3
26101007032,3
26101007033,3
26101007034,3
26101007035,3
26101007036,3
26101007037,3
26101007038,3
26101007039,3
26101007040,3
26101007041,3
26101007042,3
26101007043,3
26101007044,3
26101007045,3
26101007046,3
26101007047,3
26101007048,3
26101007049,3
26101007050,3
26101007051,3
26101007052,3
26101007053,3
26101007054,3
26101007056,3
26101007057,3
26101007058,3
26101007059,3
26101007060,3
26101007061,3
26101007062,3
26101007063,3
26101007064,3
26101007065,3
26101007066,3
26101007067,3
26101007068,3
26101007069,3
26101007070,3
26101007071,3
26101007072,3
26101007073,3
26101007074,3
26101007075,3
26101007076,3
26101007077,3
26101007078,3
26101007079,3
26101007080,3
26101007081,3
26101007082,3
26101007083,3
26101008001,3
26101008002,3
26101008003,3
26101008004,3
26101008005,3
26101008006,3
26101008007,3
26101008008,3
26101008009,3
26101008010,3
26101008011,3
26101008012,3
26101008013,3
26101008014,3
26101008015,3
26101008016,3
26101008017,3
26101008018,3
26101008019,3
26101008020,3
26101008021,3
26101008022,3
26101008023,3
26101008024,3
26101008025,3
26101008026,3
26101008027,3
26101008028,3
26101008029,3
26101008030,3
26101008031,3
26101008032,3
26101008033,3
26101008034,3
26101008035,3
26101008036,3
26101008037,3
26101008038,3
26101008039,3
26101008040,3
26101008041,3
26101008042,3
26101008043,3
26101008044,3
26101008045,3
26101008046,3
26101008047,3
26101008048,3
26101008049,3
26101008050,3
26101009001,3
26101009002,3
26101009003,4
26101009004,3
26101009005,4
26101009006,4
26101009007,4
26101009008,4
26101009009,4
26101009010,4
26101009011,3
26101009012,3
26101009013,3
26101009014,4
26101009015,3
26101009016,3
26101009017,3
26101009018,3
26101009019,3
26101009020,3
26101009021,4
26101009022,3
26101009023,3
26101009024,4
26101009025,3
26101009026,3
26101009027,3
26101009028,4
26101009029,3
26101009030,4
26101009031,3
26101009032,3
26101009033,4
26101009034,4
26101010001,3
26101010002,3
26101010003,3
26101010004,3
26101010005,3
26101010006,3
26101010007,3
26101010008,3
26101010009,3
26101010010,3
26101010011,3
26101010012,3
26101011001,3
26101011002,3
26101011003,3
26101011004,3
26101011005,3
26101011006,3
26101011007,3
26101011008,3
26101011009,3
26101011010,3
26101011011,3
26101011012,3
26101011013,3
26101011014,3
26101011015,3
26101011016,3
26101011017,3
26101011018,3
26101011019,3
26101011020,3
26101011021,3
26101011022,3
26101011023,3
26101011024,3
26101011025,3
26101012001,3
26101012002,3
26101012003,3
26101012004,3
26101012005,4
26101012006,3
26101012007,3
26101012008,4
26101013001,3
26101013002,3
26101013003,3
26101013004,3
26101013005,3
26101014001,3
26101014002,3
26101014003,3
26101014004,3
26101014005,3
26101014006,3
26101014007,3
26101014008,3
26101014009,3
26101014010,3
26101015001,3
26101015002,3
26101015003,3
26101015004,3
26101015005,3
26101015006,3
26101015007,3
26101015008,3
26101015009,3
26101015010,3
26101015011,3
26101015012,3
26101015013,3
26101015014,3
26101015015,3
26101015016,3
26101015017,3
26101015018,3
26101015019,3
26101016001,3
26101016002,3
26101016003,3
26101016004,3
26101016005,3
26101016006,3
26101016007,3
26101016008,3
26101016009,3
26101016010,3
26101016011,3
26101016012,3
26101016013,3
26101016014,3
26101016015,3
26101016016,3
26101016017,3
26101016018,3
26101016019,3
26101016020,3
26101016021,3
26101016022,3
26101016023,3
26101016024,3
26101016025,3
26101016026,3
26101016027,3
26101016028,3
26101016029,3
26101016030,3
26101016031,3
26101016032,3
26101017001,3
26101017002,3
26101017003,3
26101017004,3
26101017005,3
26101017006,3
26101017007,3
26101017008,3
26101017009,3
26101017010,3
26101017011,3
26101017012,3
26101017013,3
26101017014,3
26101017015,3
26101018001,3
26101018002,3
26101018003,3
26101018004,3
26101018005,3
26101018006,3
26101018007,3
26101018008,3
26101018009,3
26101018010,3
26101018011,3
26101018012,3
26101018013,3
26101018014,3
26101018015,3
26101018016,3
26101019001,3
26101019002,3
26101019003,3
26102001001,3
26102001002,3
26102001003,3
26102001004,3
26102001005,3
26102001006,3
26102001007,3
26102001008,3
26102001009,3
26102001010,3
26102001011,3
26102001012,3
26102001013,3
26102001014,3
26102001015,3
26102001016,3
26102001017,3
26102001018,3
26102001019,3
26102001020,3
26102001021,3
26102001022,3
26102001023,3
26102001024,3
26102001025,3
26102001026,3
26102001027,3
26102001028,3
26102001029,3
26102001030,3
26102001031,3
26102002001,3
26102002002,3
26102002003,3
26102002004,3
26102002005,3
26102002006,3
26102002007,3
26102002008,3
26102002009,3
26102002010,3
26102002011,3
26102002012,3
26102002013,3
26102002014,3
26102002015,3
26102002016,3
26102002017,3
26102002018,3
26102002019,3
26102002020,3
26102002021,3
26102002022,3
26102002023,3
26102002024,3
26102002025,3
26102002026,3
26102002027,3
26102002028,3
26102002029,3
26102002030,3
26102002031,3
26102002032,3
26102002033,3
26102002034,3
26102002035,3
26102002036,3
26102002037,3
26102002038,3
26102002039,3
26102002040,3
26102002041,3
26102002042,3
26102002043,3
26102002044,3
26102002045,3
26102002046,3
26102003001,3
26102003002,3
26102003003,3
26102003004,3
26102003005,3
26102003006,3
26102003007,3
26102003008,3
26102003009,3
26102003010,3
26102003011,3
26102003012,3
26102003013,3
26102003014,3
26102003015,3
26102003016,3
26102003017,3
26102003018,3
26102003019,3
26102003020,3
26102003021,3
26102003022,3
26102003023,3
26102003024,3
26102003025,3
26102003026,3
26102003027,3
26102003028,3
26102003029,3
26102003030,3
26102003031,3
26102003032,3
26102003033,3
26102003034,3
26102003035,3
26102003036,3
26102004001,3
26102004002,3
26102004003,3
26102004004,3
26102004005,3
26102004006,3
26102004007,3
26102004008,3
26102004009,3
26102004010,3
26102004011,3
26102004012,3
26102004013,3
26102004014,3
26102004015,3
26102004016,3
26102004017,3
26102004018,3
26102004019,3
26102004020,3
26102004021,3
26102004022,3
26102004023,3
26102004024,3
26102004025,3
26102004026,3
26102004027,3
26102004028,3
26102004029,3
26102004030,3
26102005001,3
26102005002,3
26102005003,3
26102005004,3
26102005005,3
26102005006,3
26102005007,3
26102005008,3
26102005009,3
26102005010,3
26102005011,3
26102005012,3
26102005013,3
26102005014,3
26102005015,3
26102005016,3
26102005017,3
26102005018,3
26102005019,3
26102005020,3
26102005021,3
26102005022,3
26102005023,3
26102005024,3
26102005025,3
26102005026,3
26102005027,3
26102005028,3
26102005029,3
26102005030,3
26102005031,3
26102005032,3
26102005033,3
26102005034,3
26102005035,3
26102005036,3
26102006001,3
26102006002,3
26102006003,3
26102006004,3
26102006005,3
26102006006,3
26102006007,3
26102006008,3
26102006009,3
26102006010,3
26102006011,3
26102006012,3
26102006013,3
26102006014,3
26102006015,3
26102006016,3
26102006017,3
26102006018,3
26102006019,3
26102006020,3
26102006021,3
26102006022,3
26102006023,3
26102007001,3
26102007002,3
26102007003,3
26102007004,3
26102007005,3
26102007006,3
26102007007,3
26102007008,3
26102007009,3
26102007010,3
26102007011,3
26102007012,3
26102007013,3
26102007014,3
26102007015,3
26102007016,3
26102007017,3
26102007018,3
26102007019,3
26102007020,3
26102007021,3
26102007022,3
26102007023,3
26102007024,3
26102007025,3
26102007026,3
26102008001,3
26102008002,3
26102008003,3
26102008004,3
26102008005,3
26102008006,3
26102008007,3
26102008008,3
26102008009,3
26102008010,3
26102008011,3
26102008012,3
26102008013,3
26102008014,3
26102008015,3
26102008016,3
26102008017,3
26102008018,3
26102008019,3
26102008020,3
26102008021,3
26102008022,3
26102008023,3
26102008024,3
26102008025,3
26102008026,3
26102008027,3
26102009001,3
26102009002,3
26102009003,3
26102009004,3
26102009005,3
26102009006,3
26102009007,3
26102009008,3
26102009009,3
26102009010,3
26102009011,3
26102009012,3
26102009013,3
26102009014,3
26102009015,3
26102009016,3
26102009017,3
26102009018,3
26102009019,3
26102009020,3
26102009021,3
26102009022,3
26102009023,3
26102009024,3
26102009025,3
26102009026,3
26102009027,3
26102010012,3
26102010013,3
26102010014,3
26102010015,3
26102010016,3
26102010017,3
26102010018,3
26102010019,3
26102010020,3
26102010021,3
26102010022,3
26102010023,3
26102010024,3
26102010025,3
26102010026,3
26102010027,3
26102010028,3
26102010029,3
26102010030,3
26102010031,3
26102010032,3
26102010033,3
26102010034,3
26102010035,3
26102010036,3
26102010037,3
26102010038,3
26102010039,3
26102010040,3
26102010041,3
26102010042,3
26102010043,3
26102010044,3
26102010045,3
26102010046,3
26102010047,3
26102010048,3
26102010049,3
26102010050,3
26102010051,3
26102010052,3
26102010053,3
26102010054,3
26102010055,3
26102010056,3
26102010057,3
26102010058,3
26102010059,3
26102010060,3
26102010061,3
26102010062,3
26102011001,3
26102011002,3
26102011003,3
26102011004,3
26102011005,3
26102011006,3
26102011007,3
26102011008,3
26102011009,3
26102011010,3
26102011011,3
26102011012,3
26102011013,3
26102011014,3
26102011015,3
26102011016,3
26102011017,3
26102011018,3
26102011019,3
26102011020,3
26102011021,3
26102011022,3
26102011023,3
26102011024,3
26102011025,3
26102011026,3
26102011027,3
26102011028,3
26102011029,3
26102011030,3
26102011031,3
26102011032,3
26102011033,3
26102011034,3
26102011035,3
26102011036,4
26102011037,3
26102011038,3
26102011039,3
26102011040,3
26102011041,3
26102011042,3
26102011043,3
26102011044,3
26102011045,3
26102011046,3
26102012001,3
26102012002,3
26102012003,3
26102012004,3
26102012005,3
26102012006,3
26102012007,3
26102012008,3
26102012009,3
26102012010,3
26102012011,3
26102012012,3
26102012013,3
26102012014,3
26102012015,3
26102012016,3
26102012017,3
26102012018,3
26102012019,3
26102012020,3
26102012021,3
26102013001,3
26102013002,3
26102013003,3
26102013004,3
26102013005,3
26102013006,3
26102013007,3
26102013008,3
26102013009,3
26102013010,3
26102013011,3
26102013012,3
26102013013,3
26102013014,3
26102013015,3
26102013016,3
26102013017,3
26102013018,3
26102013019,3
26102013020,3
26102013021,3
26102013022,3
26102013023,3
26102013024,3
26102013025,3
26102013026,3
26102013027,3
26102013028,3
26102013029,3
26102013030,3
26102013031,3
26102013032,3
26102013033,3
26102013034,3
26102013035,3
26102013036,3
26102013037,3
26102013038,3
26102013039,3
26102013040,3
26102013041,3
26102013042,3
26102013043,3
26102014001,3
26102014002,3
26102014003,3
26102014004,3
26102014005,3
26102014006,3
26102014007,3
26102014008,3
26102014009,3
26102014010,3
26102014011,3
26102014012,3
26102014013,3
26102014014,3
26102014015,3
26102014016,3
26102014017,3
26102014018,3
26102014019,3
26102014020,3
26102014021,3
26102014022,3
26102014023,3
26102014024,3
26102014025,3
26102014026,3
26102014027,3
26102014028,3
26102014029,3
26102015001,3
26102015002,3
26102015003,3
26102015004,3
26102015005,3
26102015006,3
26102015007,3
26102015008,3
26102015009,3
26102015010,3
26102015011,3
26102015012,3
26102015013,3
26102015014,3
26102015015,3
26102015016,3
26102015017,3
26102015018,3
26102015019,3
26102015020,3
26102015021,3
26102015022,3
26102015023,3
26102015024,3
26102015025,3
26102015026,3
26102015027,3
26102015028,3
26102015029,3
26102015030,3
26102015031,3
26102015032,3
26102015033,3
26102015034,3
26102015035,3
26102015036,3
26102015037,3
26102015038,3
26102015039,3
26102015040,3
26102016001,3
26102016002,3
26102016003,3
26102016004,3
26102016005,3
26102016006,3
26102016007,3
26102016008,3
26102016009,3
26102016010,3
26102016011,3
26102016012,3
26102016013,3
26102016014,3
26102016015,3
26102016016,3
26102016017,3
26102016018,3
26102016019,3
26102016020,3
26102016021,3
26102016022,3
26102016023,3
26102016024,3
26102016025,3
26102016026,3
26102016027,3
26102016028,3
26102016029,3
26102016030,3
26102016031,3
26102016032,3
26102016033,3
26102016034,3
26102017001,3
26102017002,3
26102017003,3
26102017004,3
26102017005,3
26102017006,3
26102017007,3
26102017008,3
26102017009,3
26102017010,3
26102017011,3
26102017012,3
26102017013,3
26102017014,3
26102017015,3
26102017016,3
26102017017,3
26102017018,3
26102017019,3
26102017020,3
26102017021,3
26102017022,3
26102017023,3
26102017024,3
26102017025,3
26102017026,3
26102017027,3
26102017028,3
26102017029,3
26102017030,3
26102017031,3
26102017032,3
26102017033,3
26102017034,3
26102017035,3
26102017036,3
26102017037,3
26103001101,4
26103001102,4
26103001103,4
26103001104,4
26103001106,4
26103001108,4
26103001109,4
26103001111,4
26103001201,4
26103001202,4
26103001203,4
26103001204,4
26103001205,4
26103001208,4
26103001209,4
26103001212,4
26103001213,4
26103001302,4
26103001304,4
26103001306,4
26103001307,4
26103001308,4
26103001310,4
26103001313,4
26103001314,4
26103001315,4
26103001316,4
26103001317,4
26103001318,4
26103001319,4
26103001320,4
26103001321,4
26103001322,4
26103001323,4
26103001324,4
26103001325,4
26103001326,4
26103001327,4
26103001328,4
26103001329,4
26103001330,4
26103001331,4
26103001332,4
26103002001,4
26103002002,4
26103002003,4
26103002004,4
26103002005,4
26103002006,4
26103003001,4
26103003002,4
26103003003,4
26103004001,4
26103004002,4
26103004003,4
26103004004,4
26103005001,4
26103005002,4
26103005003,4
26103005004,4
26103005005,4
26103006001,4
26103006002,4
26103006003,4
26103006004,4
26103006005,4
26103007001,4
26103007002,4
26103007003,4
26103007004,4
26103007005,4
26103007006,4
26103007007,4
26103007008,4
26103007009,4
26103007010,4
26103007011,4
26103007012,4
26103007013,4
26103008001,4
26103008002,4
26103008003,4
26103008004,4
26103009001,4
26103009002,4
26103009003,4
26103009004,4
26103009005,4
26103009006,4
26103009007,4
26103009008,4
26103009009,4
26103009010,4
26103009011,4
26103009012,4
26103009013,4
26103009014,4
26103009015,4
26103009016,4
26103009017,4
26103009018,4
26103009019,4
26103009020,4
26103009021,4
26103009022,4
26103009023,4
26103009024,4
26103009025,4
26103009026,4
26103009027,4
26103009028,4
26103009029,4
26103009030,4
26103009031,4
26103009032,4
26103009033,4
26103009034,4
26103009035,4
26103009036,4
26103009037,4
26103009038,4
26103009039,4
26103009040,4
26103009041,4
26103009042,4
26103009043,4
26103009044,4
26103009045,4
26103009046,4
26103009047,4
26103009048,4
26103009049,4
26103009050,4
26103009051,4
26103009052,4
26103009053,4
26103009054,4
26103009055,4
26103009056,4
26103009057,4
26103010001,4
26103010002,4
26103010003,4
26103010004,4
26103010005,4
26103010006,4
26103010007,4
26103010008,4
26103010009,4
26103010010,4
26103010011,4
26103010012,4
26103010013,4
26103010014,4
26103010015,4
26103010016,4
26103010017,4
26103010018,4
26103010019,4
26103010020,4
26103010021,4
26103010022,4
26103010023,4
26103010024,4
26103010025,4
26103010026,4
26103010027,4
26103010028,4
26103010029,4
26103010030,4
26103010031,4
26103010032,4
26103010033,4
26103010034,4
26103010035,4
26103010036,4
26103010037,4
26103010038,4
26103010039,4
26103010040,4
26103010041,4
26103010042,4
26103010043,4
26103010044,4
26103010045,4
26103010046,4
26103010047,4
26103010048,4
26103010049,4
26103010050,4
26103010051,4
26103010052,4
26103010053,4
26103010054,4
26103010055,4
26103010056,4
26103010057,4
26103010058,4
26103010059,4
26103010060,4
26103010061,4
26103010062,4
26103010063,4
26103010064,4
26103010065,4
26103010066,4
26103010067,4
26103010068,4
26103010069,4
26103010070,4
26103010071,4
26103010072,4
26103010073,4
26103010074,4
26103010075,4
26103010076,4
26103010077,4
26103010078,4
26103011001,4
26103011002,4
26103011003,4
26103011004,4
26103011005,4
26103011006,4
26103011007,4
26103011008,4
26103011009,4
26103011010,4
26103011011,4
26103011012,4
26103011013,4
26103011014,4
26103011015,4
26103011016,4
26103011017,4
26103011018,4
26103011019,4
26103011020,4
26103011021,4
26103011022,4
26103011023,4
26103011024,4
26103011025,4
26103011026,4
26103012001,4
26103012002,4
26103012003,4
26103012004,4
26103012005,4
26103012006,4
26103012007,4
26103012008,4
26103012009,4
26103012010,4
26103012011,4
26103012012,4
26103012013,4
26103012014,4
26103012015,4
26103012016,4
26103012017,4
26103012018,4
26103012019,4
26103012020,4
26103012021,4
26103012022,4
26103012023,4
26103012024,4
26103012025,4
26103012026,4
26103012027,4
26103012028,4
26103012029,4
26103012030,4
26103012031,4
26103012032,4
26103012033,4
26103012034,4
26103012035,4
26103012036,4
26103012037,4
26103012038,4
26103012039,4
26103012040,4
26103012042,4
26103012043,4
26103012044,4
26103013001,4
26103013002,4
26103013003,4
26103013004,4
26103013005,4
26103013006,4
26103013007,4
26103013008,4
26103013009,4
26103013010,4
26103013011,4
26103013012,4
26103013013,4
26103013014,4
26103013015,4
26103013016,4
26103013017,4
26103013018,4
26103013019,4
26103014001,4
26103014002,4
26103014003,4
26103014004,4
26103014005,4
26103014006,4
26103014007,4
26103014008,4
26103014009,4
26103014010,4
26103014011,4
26103014012,4
26103014013,4
26103014014,4
26103014015,4
26103014016,4
26103014017,4
26103014018,4
26103014019,4
26103014020,4
26103014021,4
26103014022,4
26103014023,4
26103014025,4
26103014026,4
26103014027,4
26103014028,4
26103014029,4
26103014030,4
26103014031,4
26103014032,4
26103014033,4
26103015001,4
26103015002,4
26103015003,4
26103015004,4
26103015005,4
26103015006,4
26103015007,4
26103015008,4
26103015009,4
26103015010,4
26103015011,4
26103015012,4
26103015013,4
26103015014,4
26103015015,4
26103015016,4
26103016001,4
26103016002,4
26103016003,4
26103016004,4
26103016005,4
26103016006,4
26103016007,4
26103016008,4
26103016009,4
26103016010,4
26103016011,4
26103016012,4
26103016013,4
26103016014,4
26103016015,4
26103016016,4
26103016017,4
26103017001,4
26103017002,4
26103017003,4
26103017004,4
26103017005,4
26103017006,4
26103017007,4
26103017008,4
26103017009,4
26103017010,4
26103017011,4
26103017012,4
26103018001,4
26103018002,4
26103018003,4
26103018004,4
26103018005,4
26103018006,4
26103018007,4
26103018008,4
26103019001,4
26103019002,4
26103019003,4
26103019004,4
26103019005,4
26103019006,4
26103019007,4
26103019008,4
26103019009,4
26103019010,4
26103019011,4
26103019012,4
26103019013,4
26103020001,4
26103020002,4
26103020003,4
26103020004,4
26103020005,4
26103020006,4
26103020007,4
26103020008,4
26103020009,4
26103020010,4
26103020011,4
26103020012,4
26103020013,4
26103020014,4
26103020015,4
26103021001,4
26103021002,4
26103021003,4
26103021004,4
26103021005,4
26103021006,4
26103021007,4
26103021008,4
26103021009,4
26103021010,4
26103021011,4
26103021012,4
26103021013,4
26103021014,4
26103021015,4
26103021016,4
26103021017,4
26103021018,4
26103021019,4
26103021020,4
26103021021,4
26103021022,4
26103021023,4
26103021024,4
26103022001,4
26103022002,4
26103022003,4
26103022004,4
26103022005,4
26103022006,4
26103022007,4
26103022008,4
26103022009,4
26103022010,4
26103022011,4
26103022012,4
26103023001,4
26103023002,4
26103023003,4
26103023004,4
26103023005,4
26103023006,4
26103023007,4
26103023008,4
26103023009,4
26103023010,4
26103023011,4
26103023012,4
26103023013,4
26103023014,4
26103023015,4
26103023016,4
26103023017,4
26103023018,4
26103023019,4
26103023020,4
26103023021,4
26103023022,4
26103023023,4
26103023024,4
26103023025,4
26103023026,4
26103023027,4
26103023028,4
26103023029,4
26103023030,4
26103023031,4
26103023032,4
26103023033,4
26103023034,4
26103023035,4
26103023036,4
26103023037,4
26103024001,4
26103024002,4
26103024003,4
26103024004,4
26103024005,4
26103024006,4
26103024007,4
26103024008,4
26103024009,4
26103024010,4
26103024011,4
26103024012,4
26103024013,4
26103024014,4
26103024015,4
26103024016,4
26103024017,4
26103024018,4
26103024019,4
26103024020,4
26103024021,4
26103024022,4
26103024023,4
26103024024,4
26103024025,4
26103024026,4
26103024027,4
26103024028,4
26103024029,4
26103024030,4
26103024031,4
26103024032,4
26103024033,4
26103024034,4
26103024035,4
26103024036,4
26103024037,4
26103024038,4
26103024039,4
26103024040,4
26103024041,4
26103024042,4
26103024043,4
26103024044,4
26103024045,4
26103024046,4
26103024047,4
26103024048,4
26103024049,4
26103024050,4
26103024051,4
26103024052,4
26103024053,4
26103024054,4
26103024055,4
26103024056,4
26103024057,4
26103024058,4
26103024059,4
26104001001,3
26104001002,3
26104001003,3
26104001004,3
26104001005,3
26104001006,3
26104001007,3
26104001008,3
26104001009,3
26104001010,3
26104001011,3
26104001012,3
26104001013,3
26104001014,3
26104001015,3
26104001016,3
26104001017,3
26104001018,3
26104001019,3
26104001020,3
26104001021,3
26104001022,3
26104001023,3
26104001024,3
26104002001,3
26104002002,3
26104002003,3
26104002004,3
26104002005,3
26104002006,3
26104002007,3
26104002008,3
26104002009,3
26104002010,3
26104002011,3
26104002012,3
26104002013,3
26104002014,3
26104002015,3
26104002016,3
26104002017,3
26104002018,3
26104002019,3
26104002020,3
26104002021,3
26104002022,3
26104002023,3
26104002024,3
26104002025,3
26104002026,3
26104002027,3
26104002028,3
26104003001,3
26104003002,3
26104003003,3
26104003004,3
26104003005,3
26104003006,3
26104003007,3
26104003008,3
26104003009,3
26104003010,3
26104003011,3
26104003012,3
26104003013,3
26104003014,3
26104003015,3
26104003016,3
26104003017,3
26104003018,3
26104003019,3
26104003020,3
26104003021,3
26104003022,3
26104004001,3
26104004002,3
26104004003,3
26104004004,3
26104004005,3
26104004006,3
26104004007,3
26104004008,3
26104004009,3
26104004010,3
26104004011,3
26104004012,3
26104004013,3
26104004014,3
26104004015,3
26104004016,3
26104004017,3
26104004018,3
26104004019,3
26104004020,3
26104004021,3
26104004022,3
26104004023,3
26104004024,3
26104004025,3
26104004026,3
26104004027,3
26104005001,3
26104005002,3
26104005003,3
26104005004,3
26104005005,3
26104005006,3
26104005007,3
26104005008,3
26104005009,3
26104005010,3
26104005011,3
26104005012,3
26104005013,3
26104005014,3
26104005015,3
26104005016,3
26104005017,3
26104005018,3
26104005019,3
26104005020,3
26104005021,3
26104005022,3
26104005023,3
26104005024,3
26104006001,3
26104006002,3
26104006003,3
26104006004,3
26104006005,3
26104006006,3
26104006007,3
26104006008,3
26104006009,3
26104006010,3
26104006011,3
26104006012,3
26104006013,3
26104006014,3
26104006015,3
26104006016,3
26104006017,3
26104006018,3
26104006019,3
26104006020,3
26104006021,3
26104006022,3
26104006023,3
26104006024,3
26104006025,3
26104006026,3
26104006027,3
26104007002,3
26104007003,3
26104007004,3
26104007005,3
26104007006,3
26104007007,3
26104007008,3
26104007009,3
26104007010,3
26104007011,3
26104007012,3
26104007013,3
26104008001,3
26104008002,3
26104008003,3
26104008004,3
26104008005,3
26104008006,3
26104009001,3
26104009002,3
26104009003,3
26104009004,3
26104009005,3
26104009006,3
26104009007,3
26104009008,3
26104009009,3
26104009010,3
26104010001,3
26104010002,3
26104010003,3
26104010004,3
26104010005,3
26104010006,3
26104010007,3
26104010008,3
26104010009,3
26104010010,3
26104010011,3
26104010012,3
26104010013,3
26104010014,3
26104011001,3
26104011002,3
26104011003,3
26104011004,3
26104011005,3
26104011006,3
26104011007,3
26104011008,3
26104011009,3
26104011010,3
26104011011,3
26104011012,3
26104011013,3
26104011014,3
26104011016,3
26104011017,3
26104012001,3
26104012002,3
26104012003,3
26104012004,3
26104012005,3
26104012006,3
26104012007,3
26104012008,3
26104012009,3
26104012010,3
26104012011,3
26104012012,3
26104012013,3
26104012014,3
26104012015,3
26104012016,3
26104012017,3
26104012018,3
26104012019,3
26104012020,3
26104012021,3
26104012022,3
26104012023,3
26104012024,3
26104012025,3
26104012026,3
26104012027,3
26104012028,3
26104013001,3
26104013002,3
26104013003,3
26104013004,3
26104013005,3
26104013006,3
26104013007,3
26104013008,3
26104013009,3
26104013010,3
26104013011,3
26104013012,3
26104014001,3
26104014002,3
26104014003,3
26104014004,3
26104014005,3
26104014006,3
26104014007,3
26104014008,3
26104015001,3
26104015002,3
26104015003,3
26104015004,3
26104015005,3
26104015006,3
26104015007,3
26104015008,3
26104015009,3
26104015010,3
26104015011,3
26104015012,3
26104015013,3
26104015014,3
26104015015,3
26104015016,3
26104015017,3
26104015018,3
26104015019,3
26104015020,3
26104015021,3
26104015022,3
26104015023,3
26104015024,3
26104015025,3
26104015026,3
26104015027,3
26104015028,3
26104015029,3
26104015030,3
26104015031,3
26104016001,3
26104016002,3
26104016003,3
26104016004,3
26104016005,3
26104016006,3
26104016007,3
26104016008,3
26104016009,3
26104016010,3
26104016011,3
26104016012,3
26104016013,3
26104016014,3
26104016015,3
26104016016,3
26104016017,3
26104016018,3
26104016019,3
26104016020,3
26104016021,3
26104016022,3
26104016023,3
26104016024,3
26104016025,3
26104016026,3
26104016027,3
26104016028,3
26104016029,3
26104016030,3
26104016031,3
26104017001,3
26104017002,3
26104017003,3
26104017004,3
26104017005,3
26104017006,3
26104017007,3
26104017008,3
26104017009,3
26104017010,3
26104017011,3
26104017012,3
26104017013,3
26104017014,3
26104017015,3
26104017016,3
26104017017,3
26104017018,3
26104017019,3
26104017020,3
26104017021,3
26104017022,3
26104017023,3
26104017024,3
26104017025,3
26104017026,3
26104017027,3
26104017028,3
26104017029,3
26104017030,3
26104018001,3
26104018002,3
26104018003,3
26104018004,3
26104018005,3
26104018006,3
26104018007,3
26104018008,3
26104018009,3
26104018010,3
26104018011,3
26104018012,3
26104018013,3
26104018014,3
26104018015,3
26104018016,3
26104018017,3
26104018018,3
26104018019,3
26104018020,3
26104018021,3
26104018022,3
26104018023,3
26104018024,3
26104018025,3
26104018026,3
26104018027,3
26104018028,3
26104018029,3
26104019001,3
26104019002,3
26104019003,3
26104019004,3
26104019005,3
26104019006,3
26104019007,3
26104019008,3
26104019009,3
26104019010,3
26104019011,3
26104019012,3
26104019013,3
26104019014,3
26104019015,3
26104019016,3
26104019017,3
26104019018,3
26104019019,3
26104019020,3
26104019021,3
26104019022,3
26104019023,3
26104019024,3
26104019025,3
26104019026,3
26104019027,3
26104020001,3
26104020002,3
26104020003,3
26104020004,4
26104020005,3
26104020006,3
26104020007,3
26104020008,3
26104020009,3
26104020010,3
26104020011,3
26104020012,3
26104020013,3
26104020014,3
26104020015,3
26104020016,3
26104020017,3
26104020018,3
26104020019,3
26104020020,3
26104020021,3
26104020022,3
26104021001,3
26104021002,3
26104021003,3
26104021004,3
26104021005,3
26104021006,3
26104021007,3
26104021008,3
26104021009,3
26104021010,3
26104021011,3
26104021012,3
26104021013,3
26104021014,3
26104021015,3
26104021016,3
26104021017,3
26104021018,3
26104021019,3
26104021020,3
26104021021,3
26104021022,3
26104021023,3
26104021024,3
26104021025,3
26104021026,3
26104021027,3
26104022001,3
26104022002,3
26104022003,3
26104022004,3
26104022005,3
26104022006,3
26104022007,3
26104022008,3
26104022009,3
26104022010,3
26104022011,3
26104022012,3
26104022013,3
26104022014,3
26104022015,3
26104022016,3
26104022017,3
26104022018,3
26104022019,3
26104022020,3
26104022021,3
26104022022,3
26104022023,3
26104022024,3
26104023001,3
26104023002,3
26104023003,3
26104023004,3
26104023005,3
26104023006,3
26104023007,3
26104023008,3
26104023009,3
26104023010,3
26104023011,3
26104023012,3
26104023013,3
26104023014,3
26104023015,3
26104023016,3
26104023017,3
26104023018,3
26104023019,3
26104023020,3
26104023021,3
26104023022,3
26104023023,3
26104023024,3
26104023025,3
26104023026,3
26104023027,3
26104023028,3
26105001001,4
26105001002,4
26105001003,4
26105001004,4
26105001005,4
26105001006,4
26105001007,4
26105001008,4
26105001009,4
26105001010,4
26105001011,4
26105001012,4
26105001013,4
26105001014,4
26105001015,4
26105001016,4
26105001017,4
26105001018,4
26105001019,4
26105001020,4
26105001021,4
26105001022,4
26105001023,4
26105001024,4
26105001025,4
26105001026,4
26105001027,4
26105001028,4
26105001029,4
26105001030,4
26105002001,4
26105002002,4
26105002003,4
26105002004,4
26105002005,4
26105002006,4
26105002007,4
26105002008,4
26105002009,4
26105002010,4
26105002011,4
26105002012,4
26105002013,4
26105002014,4
26105002015,4
26105002016,4
26105002017,4
26105002018,4
26105002019,4
26105002020,4
26105002021,4
26105002022,4
26105002023,4
26105002024,4
26105003001,4
26105003002,4
26105003003,4
26105003004,4
26105003005,4
26105003006,4
26105003007,4
26105003008,4
26105003009,4
26105003010,4
26105003011,4
26105003012,4
26105003013,4
26105003014,4
26105003015,4
26105003016,4
26105003017,4
26105003018,4
26105003019,4
26105003020,4
26105003021,4
26105003022,4
26105003023,4
26105003024,4
26105003026,4
26105003027,4
26105003028,4
26105003029,4
26105004001,4
26105004002,4
26105004003,4
26105004004,4
26105004005,4
26105004006,4
26105004007,4
26105004008,4
26105004009,4
26105004010,4
26105004011,4
26105004012,4
26105004015,4
26105005001,4
26105005002,4
26105005003,4
26105005004,4
26105005005,4
26105005006,4
26105005007,4
26105005008,4
26105005009,4
26105005010,4
26105005011,4
26105005012,4
26105005013,4
26105005014,4
26105005015,4
26105005016,4
26105005017,4
26105005018,4
26105005019,4
26105006001,4
26105006002,4
26105006003,4
26105006004,4
26105006005,4
26105006006,4
26105006007,4
26105006008,4
26105006009,4
26105006010,4
26105006011,4
26105006012,4
26105006013,4
26105006014,4
26105006015,4
26105006016,4
26105006017,4
26105006018,4
26105006019,4
26105006020,4
26105006021,4
26105006022,4
26105006023,4
26105006024,4
26105006025,4
26105006026,4
26105006027,4
26105006028,4
26105006029,4
26105006030,4
26105006031,4
26105006032,4
26105006033,4
26105007001,4
26105007002,4
26105007003,4
26105007004,4
26105007005,4
26105007006,4
26105007007,4
26105007008,4
26105007009,4
26105007010,4
26105007011,4
26105007012,4
26105007013,4
26105007014,4
26105007015,4
26105007016,4
26105007017,4
26105007018,4
26105007019,4
26105007020,4
26105007021,4
26105007022,4
26105007023,4
26105007024,4
26105007025,4
26105008001,4
26105008002,4
26105008003,4
26105008004,4
26105008005,4
26105008006,4
26105008007,4
26105008008,4
26105008009,4
26105008010,4
26105008011,4
26105008012,4
26105008013,4
26105008014,4
26105008015,4
26105008016,4
26105008017,4
26105008018,4
26105008019,4
26105008020,4
26105008021,4
26105008022,4
26105008023,4
26105009001,4
26105009002,4
26105009003,4
26105009004,4
26105009005,4
26105009006,4
26105009007,4
26105009008,4
26105009009,4
26105009010,4
26105009011,4
26105009012,4
26105009013,4
26105009014,4
26105009015,4
26105010001,4
26105010002,4
26105010003,4
26105010004,4
26105010005,4
26105010006,4
26105010007,4
26105010008,4
26105010009,4
26105010010,4
26105010011,4
26105010012,4
26105010013,4
26105010014,4
26105010015,4
26105010016,4
26105010017,4
26105011001,4
26105011002,4
26105011003,4
26105011004,4
26105011005,4
26105011006,4
26105011007,4
26105011008,4
26105011009,4
26105011010,4
26105011011,4
26105011012,4
26105011013,4
26105011014,4
26105011015,4
26105011016,4
26105011017,4
26105011018,4
26105011019,4
26105011020,4
26105011021,4
26105011022,4
26105011023,4
26105011024,4
26105011025,4
26105011026,4
26105011027,4
26105011028,4
26105011029,4
26105011030,4
26105011031,4
26105011032,4
26105011033,4
26105011034,4
26105011035,4
26105011036,4
26105011037,4
26105011038,4
26105011039,4
26105011041,4
26106001001,3
26106001002,3
26106001003,3
26106001004,3
26106001005,3
26106001006,3
26106001007,3
26106001008,3
26106001009,3
26106001010,3
26106001011,3
26106001012,3
26106001013,3
26106001014,3
26106001015,3
26106001016,3
26106001017,3
26106001018,3
26106001019,3
26106001020,3
26106001021,3
26106001022,3
26106001023,3
26106001024,3
26106002001,3
26106002002,3
26106002003,3
26106002004,3
26106002005,3
26106002006,3
26106002007,3
26106002008,3
26106002009,3
26106002010,3
26106002011,3
26106002012,3
26106002013,3
26106002014,3
26106002015,3
26106002016,3
26106002017,3
26106002018,3
26106002019,3
26106002020,3
26106002021,3
26106002022,3
26106002023,3
26106003001,3
26106003002,3
26106003003,3
26106003004,3
26106003005,3
26106003006,3
26106003007,3
26106003008,3
26106003009,3
26106003010,3
26106003011,3
26106003012,3
26106003013,3
26106003014,3
26106003015,3
26106003016,3
26106003017,3
26106003018,3
26106003019,3
26106003020,3
26106003021,3
26106003022,3
26106003023,3
26106003024,3
26106003025,3
26106003026,3
26106003027,3
26106003028,3
26106003029,3
26106003030,3
26106003031,3
26106003032,3
26106003033,3
26106003034,3
26106003035,3
26106003036,3
26106003037,3
26106003038,3
26106003039,3
26106003040,3
26106004001,3
26106004002,3
26106004003,3
26106004004,3
26106004005,3
26106004006,3
26106004007,3
26106004008,3
26106004009,3
26106004010,3
26106004011,3
26106004012,3
26106004013,3
26106004014,3
26106004015,3
26106004016,3
26106004017,3
26106004018,3
26106004019,3
26106004020,3
26106004021,3
26106004022,3
26106004023,3
26106004024,3
26106004025,3
26106004026,3
26106004027,3
26106004028,3
26106004029,3
26106004030,3
26106004031,3
26106004032,3
26106004033,3
26106005001,3
26106005002,3
26106005003,3
26106005004,3
26106005005,3
26106005006,3
26106005007,3
26106005008,3
26106005009,3
26106005010,3
26106005011,3
26106005012,3
26106005013,3
26106005014,3
26106005015,3
26106005016,3
26106005017,3
26106005018,3
26106005019,3
26106005020,3
26106005021,3
26106005022,3
26106005023,3
26106005024,3
26106005025,3
26106005026,3
26106005027,3
26106006001,3
26106006002,3
26106006003,3
26106006004,3
26106006005,3
26106006006,3
26106006007,3
26106006008,3
26106006009,3
26106006010,3
26106006011,3
26106006012,3
26106006013,3
26106006014,3
26106006015,3
26106007001,3
26106007002,3
26106007003,3
26106007004,3
26106007005,3
26106007006,3
26106007007,3
26106007008,3
26106007009,3
26106007010,3
26106007011,3
26106007012,3
26106007013,3
26106007014,3
26106007015,3
26106007016,3
26106007017,3
26106007018,3
26106007019,3
26106007020,3
26106008001,3
26106008002,3
26106008003,3
26106008004,3
26106008005,3
26106008006,3
26106008007,3
26106008008,3
26106008009,3
26106008010,3
26106008011,3
26106008012,3
26106008013,3
26106008014,3
26106008015,3
26106008016,3
26106008017,3
26106008018,3
26106009001,3
26106009002,3
26106009003,3
26106009004,3
26106009005,3
26106009006,3
26106009007,3
26106010001,3
26106010002,3
26106010003,3
26106010004,3
26106010005,3
26106010006,3
26106010007,3
26106010008,3
26106010009,3
26106010010,3
26106010011,3
26106010012,3
26106010013,3
26106010014,3
26106010015,3
26106010016,3
26106010017,3
26106010018,3
26106011001,3
26106011002,3
26106011003,3
26106011004,3
26106011005,3
26106011006,3
26106011007,3
26106011008,3
26106011009,3
26106011010,3
26106011011,3
26106011012,3
26106011013,3
26106012001,3
26106012002,3
26106012003,3
26106012004,3
26106012005,3
26106012006,3
26106012007,3
26106012008,3
26106012009,3
26106012010,3
26106012011,3
26106012012,3
26106012013,3
26106012014,3
26106012015,3
26106012016,3
26106013001,3
26106013002,3
26106013003,3
26106013004,3
26106013005,3
26106013006,3
26106013007,3
26106013008,3
26106013009,3
26106013010,3
26106013011,3
26106013012,3
26106013013,3
26106013014,3
26106013015,3
26106013016,3
26106013017,3
26106013018,3
26106013019,3
26106013020,3
26106013021,3
26106013023,3
26106014001,3
26106014002,3
26106014003,3
26106014004,3
26106014005,3
26106014006,3
26106014007,3
26106014008,3
26106014009,3
26106014010,3
26106014011,3
26106014012,3
26106014013,3
26106014014,3
26106014015,3
26106014016,3
26106014017,3
26106014018,3
26106014019,3
26106014020,3
26106014021,3
26106014022,3
26106014023,3
26106014024,3
26106014025,3
26106014026,3
26106014027,3
26106015001,3
26106015002,3
26106015003,3
26106015004,3
26106015005,3
26106015006,3
26106015007,3
26106015008,3
26106015009,3
26106015010,3
26106015011,3
26106015012,3
26106015013,3
26106015014,3
26106015015,3
26106015016,3
26106015017,3
26106015018,3
26106015019,3
26106015020,3
26106015021,3
26106015022,3
26106015023,3
26106015024,3
26106015025,3
26106015026,3
26106015027,3
26106015028,3
26106016001,3
26106016002,3
26106016003,3
26106016004,3
26106016005,3
26106016006,3
26106016007,3
26106016008,3
26106016009,3
26106016010,3
26106016011,3
26106016012,3
26106016013,3
26106016014,3
26106016015,3
26106016016,3
26106016017,3
26106016018,3
26106016019,3
26106016020,3
26106016021,3
26106016022,3
26106016023,3
26106016024,3
26106016025,3
26106016026,3
26106016027,3
26106017001,3
26106017002,3
26106017003,3
26106017004,3
26106017005,3
26106017006,3
26106017007,3
26106017008,3
26106017009,3
26106017010,3
26106017011,3
26106017012,3
26106017013,3
26106017014,3
26106017015,3
26106017016,3
26106017017,3
26106017018,3
26106017019,3
26106017020,3
26106017021,3
26106017022,3
26106017023,3
26106017024,3
26106017025,3
26106017026,3
26106017027,3
26106017028,3
26106017029,3
26106018001,3
26106018002,3
26106018003,3
26106018004,3
26106018005,3
26106018006,3
26106018007,3
26106018008,3
26106018009,3
26106018010,3
26106018011,3
26106018012,3
26106018013,3
26106018014,3
26106018015,3
26106018016,3
26106018017,3
26106018018,3
26106018019,3
26106018020,3
26106018021,3
26106018022,3
26106018023,3
26106018024,3
26106019001,3
26106019002,3
26106019003,3
26106019004,3
26106019005,3
26106019006,3
26106019007,3
26106019008,3
26106019009,3
26106019010,3
26106019011,3
26106019012,3
26106019013,3
26106019014,3
26106019015,3
26106019016,3
26106019017,3
26106019019,3
26106019020,3
26106019021,3
26106020001,3
26106020002,4
26106020003,3
26106020004,3
26106020005,3
26106020006,3
26106020007,3
26106020008,3
26106020009,3
26106020010,3
26106020011,3
26106020012,3
26106020013,3
26106020014,3
26106020015,3
26106020016,3
26106020017,3
26106020018,3
26106020019,3
26106020020,3
26106020021,3
26106020022,3
26106020023,3
26106020024,3
26106020025,3
26106020026,3
26106020027,3
26106021001,3
26106021002,3
26106021003,3
26106021004,3
26106021005,3
26106021006,3
26106021007,3
26106021008,3
26106021009,3
26106021010,3
26106021011,3
26106021012,3
26106021013,3
26106021014,3
26106021015,3
26106021016,3
26106021017,3
26106021018,3
26106021019,3
26106021020,3
26106021021,3
26106021022,3
26106021023,3
26106021024,3
26106021025,3
26106021026,3
26106021027,3
26106021028,3
26106021029,3
26106022001,3
26106022002,3
26106022003,3
26106022004,3
26106022005,3
26106022006,3
26106022007,3
26106022008,3
26106022009,3
26106022010,3
26106022011,3
26106022012,3
26106022013,3
26106022014,3
26106022015,3
26106022016,3
26106022017,3
26106022018,3
26106022019,3
26106022020,3
26106022021,3
26106022022,3
26106022023,3
26106022024,3
26106022025,3
26106022026,3
26106022027,3
26106022028,3
26106023001,3
26106023002,3
26106023003,3
26106023004,3
26106023005,3
26106023006,3
26106023007,3
26106023008,3
26107001001,3
26107001002,3
26107001003,3
26107001004,3
26107001005,3
26107001006,3
26107001007,3
26107001008,3
26107001009,3
26107001010,3
26107001011,3
26107001012,3
26107001013,3
26107002001,3
26107002002,3
26107002003,3
26107002004,3
26107002005,3
26107003001,3
26107003002,3
26107003003,3
26107004001,3
26107004002,3
26107004003,3
26107004004,3
26107004005,3
26107005001,3
26107005002,3
26107005003,3
26107005004,3
26107005005,3
26107005006,3
26107005007,3
26107005008,3
26107005009,3
26107005010,3
26107005011,3
26107006001,3
26107006002,3
26107006003,3
26107006004,3
26107006005,3
26107006006,3
26107006007,3
26107006008,3
26107006009,3
26107006010,3
26107006011,3
26107006012,3
26107006013,3
26107007001,3
26107007002,3
26107007003,3
26107007004,3
26107007005,3
26107007006,3
26107007007,3
26107007008,3
26107007009,3
26107007010,3
26107007011,3
26107007012,3
26107007013,3
26107008001,3
26107008002,3
26107008003,3
26107008004,3
26107008005,3
26107008006,4
26107008007,3
26107008008,4
26107008009,4
26107008010,3
26107008011,3
26107009001,3
26107009002,3
26107009003,3
26107009004,3
26107009005,3
26107009006,3
26107009007,3
26107009008,3
26107009009,3
26107009010,3
26107009011,3
26107009012,3
26107009013,3
26107009014,3
26107009015,3
26107009016,3
26107010001,3
26107010002,3
26107010003,3
26107010004,3
26107010005,3
26107010006,3
26107010007,3
26107010008,3
26107010009,3
26107010010,3
26107010011,3
26107010012,3
26107010013,3
26107010014,3
26107010015,3
26107010016,3
26107010017,3
26107010018,3
26107010019,3
26107010020,3
26107010021,3
26107010022,3
26107010023,3
26107010024,3
26107010025,3
26107010026,3
26107010027,3
26107010028,3
26107010029,3
26107010030,3
26107010031,3
26107010032,3
26107010033,3
26107010034,3
26107010035,3
26107010036,3
26107010037,3
26107010038,3
26107010039,3
26107010040,3
26107010041,3
26107010042,3
26107010043,3
26107010044,3
26107010045,3
26107010046,3
26107010047,3
26107010048,3
26107010049,3
26107010050,3
26107010051,3
26107010052,3
26107010053,3
26107010054,3
26107010055,3
26107010056,3
26107010057,3
26107010058,3
26107010059,3
26107010061,3
26107010062,3
26107010063,3
26107010064,3
26107011001,3
26107011002,3
26107011003,3
26107011004,3
26107011005,3
26107011006,3
26107011007,3
26107011008,3
26107011009,3
26107011010,3
26107011011,3
26107011012,3
26107011013,3
26107011014,3
26107012001,3
26107012002,3
26107012003,3
26107012004,3
26107012005,3
26107012006,3
26107012007,3
26107012008,3
26107012009,3
26107012010,3
26107012011,3
26107012012,3
26107012013,3
26107012014,3
26107012015,3
26107012016,3
26107012017,3
26107012018,3
26107012019,3
26107012020,3
26107012021,3
26107012022,3
26107012023,3
26107012024,3
26107012025,3
26107012026,3
26107012027,3
26107012029,3
26107012030,3
26107012032,3
26107012034,3
26107012035,3
26107012036,3
26107012037,3
26107013002,3
26107013003,3
26107013004,3
26107013005,3
26107013006,3
26107013007,3
26107013008,3
26107013009,3
26107013010,3
26107013011,3
26107013012,3
26107013013,3
26107013014,3
26107013015,3
26107013016,3
26107013017,3
26107013018,3
26107013019,3
26107013020,3
26107013021,3
26107013022,3
26107013023,3
26107013024,3
26107013025,3
26107013026,3
26107013027,3
26107013028,3
26107014001,3
26107014002,3
26107014003,3
26107014004,3
26107014005,3
26107014006,3
26107014007,3
26107014008,3
26107014009,3
26107014010,3
26107014011,3
26107014012,3
26107014013,3
26107014014,3
26107014016,3
26107014017,3
26107014018,3
26107014019,3
26107014020,3
26107014021,3
26107014022,3
26107014023,3
26107014024,3
26107014025,3
26107014026,3
26107014027,3
26107014028,3
26107014029,3
26107014030,3
26107015001,3
26107015002,3
26107015003,3
26107015004,3
26107015005,3
26107015006,3
26107015007,3
26107015008,3
26107015009,3
26107015010,3
26107015011,3
26107015012,3
26107015013,3
26107015014,3
26107015015,3
26107015016,3
26108001001,6
26108001002,6
26108001003,6
26108001004,6
26108001005,6
26108001006,6
26108001007,6
26108001008,6
26108001009,6
26108001010,6
26108001011,6
26108001012,6
26108001013,6
26108001014,6
26108001015,6
26108001016,6
26108001017,6
26108001018,6
26108001019,6
26108001020,6
26108001021,6
26108001022,6
26108001023,6
26108001024,6
26108001025,6
26108001026,6
26108001027,6
26108001028,6
26108001029,6
26108001030,6
26108001031,6
26108001032,6
26108001033,6
26108001034,6
26108001035,6
26108001036,6
26108001037,6
26108002001,6
26108002002,6
26108002003,6
26108002004,6
26108002005,6
26108002006,6
26108002007,6
26108002008,6
26108002009,6
26108002010,6
26108002011,6
26108002012,6
26108003001,6
26108003002,6
26108003003,6
26108003004,6
26108003005,6
26108003006,6
26108003007,6
26108003008,6
26108003009,6
26108003010,6
26108003011,6
26108003012,6
26108003013,6
26108003014,6
26108003015,6
26108003016,6
26108003017,6
26108003018,6
26108003019,6
26108003020,6
26108003021,6
26108003022,6
26108004001,6
26108004002,6
26108004003,6
26108004004,6
26108004005,6
26108004006,6
26108004007,6
26108004008,6
26108004009,6
26108004010,6
26108004011,6
26108004012,6
26108004013,6
26108004014,6
26108004017,6
26108004018,6
26108004019,6
26108004020,6
26108004021,6
26108004022,6
26108004023,6
26108004024,6
26108004025,6
26108004026,6
26108004027,6
26108004028,6
26108004029,6
26108004030,6
26108004031,6
26108004036,6
26108004037,6
26108005001,6
26108005002,6
26108005003,6
26108005004,6
26108005005,6
26108005006,6
26108005007,6
26108005008,6
26108005009,6
26108005010,6
26108005011,6
26108005012,6
26108005013,6
26108005014,6
26108005015,6
26108005016,6
26108005017,6
26108005018,6
26108006001,6
26108006002,6
26108006003,6
26108006004,6
26108006005,6
26108006006,6
26108006007,6
26108006008,6
26108006009,6
26108006010,6
26108006011,6
26108006012,6
26108006013,6
26108006014,6
26108006015,6
26108006016,6
26108006017,6
26108006018,6
26108007001,6
26108007002,6
26108007003,6
26108007004,6
26108007005,6
26108007006,6
26108007007,6
26108007008,6
26108007009,6
26108007010,6
26108007011,6
26108007012,6
26108007013,6
26108007014,6
26108007015,6
26108007016,6
26108007017,6
26108007018,6
26108007019,6
26108007021,6
26108007022,6
26108008001,6
26108008002,6
26108008003,6
26108008004,6
26108008005,6
26108008006,6
26108008007,6
26108008008,6
26108008009,6
26108008010,6
26108008011,6
26108008012,6
26108008013,6
26108008014,6
26108008015,6
26108008016,6
26108008017,6
26108008019,6
26108008020,6
26108009001,6
26108009002,6
26108009003,6
26108009004,6
26108009005,6
26108009006,6
26108009007,6
26108009008,6
26108009009,6
26108009010,6
26108009011,6
26108009012,6
26108009013,6
26108009014,6
26108009015,6
26108009016,6
26108009017,6
26108009018,6
26108009019,6
26108009020,6
26108009021,6
26108009022,6
26108009023,6
26108009024,6
26108009025,6
26108009026,6
26108009027,6
26108009028,6
26108009029,6
26108010001,6
26108010002,6
26108010003,6
26108010004,6
26108010005,6
26108010006,6
26108010007,6
26108010008,6
26108010009,6
26108010010,6
26108010011,6
26108010012,6
26108010013,6
26108010014,6
26108010015,6
26108010016,6
26108010017,6
26108010018,6
26108010019,6
26108010020,6
26108010021,6
26108010022,6
26108010023,6
26108010024,6
26108010025,6
26108010026,6
26108010027,6
26108011001,6
26108011002,6
26108011003,6
26108011004,6
26108011005,6
26108011006,6
26108011007,6
26108011008,6
26108011009,6
26108011010,6
26108011011,6
26108011012,6
26108011013,6
26108011014,6
26108011015,6
26108011016,6
26108011017,6
26108011018,6
26108011019,6
26108011021,6
26108011022,6
26108011023,6
26108011024,6
26108012001,6
26108012002,6
26108012003,6
26108012004,6
26108012005,6
26108012006,6
26108012007,6
26108012008,6
26108012009,6
26108012010,6
26108012011,6
26108012012,6
26108012013,6
26108012014,6
26108012015,6
26108012016,6
26108012017,6
26108012018,6
26108012019,6
26108012020,6
26108012021,6
26108012023,6
26108012024,6
26108013001,6
26108013002,6
26108013003,6
26108013004,6
26108013005,6
26108013006,6
26108013007,6
26108013008,6
26108013009,6
26108013010,6
26108013011,6
26108013012,6
26108013013,6
26108013014,6
26108013015,6
26108013016,6
26108013017,6
26108013018,6
26108013019,6
26108014002,6
26108014003,6
26108014004,6
26108014005,6
26108014006,6
26108014007,6
26108014008,6
26108014009,6
26108014010,6
26108014011,6
26108014012,6
26108014015,6
26108015001,6
26108015002,6
26108015003,6
26108015004,6
26108015005,6
26108015006,6
26108015007,6
26108015008,6
26108015009,6
26108015010,6
26108015011,6
26108015012,6
26108015013,6
26108015014,6
26108015015,6
26108015016,6
26108015017,6
26108016001,6
26108016002,6
26108016003,6
26108016004,6
26108016005,6
26108016006,6
26108016007,6
26108016008,6
26108016009,6
26108016010,6
26108016011,6
26108016012,6
26108016013,6
26108016014,6
26108017001,6
26108017002,6
26108017003,6
26108017004,6
26108017005,6
26108017006,6
26108017007,6
26108017008,6
26108017009,6
26108017010,6
26108017011,6
26108017012,6
26108017013,6
26108017014,6
26108017015,6
26108017016,6
26108017017,6
26108017018,6
26108017019,6
26108017020,6
26108017021,6
26108017022,6
26108017023,6
26108017024,6
26108017025,6
26108017026,6
26108017027,6
26108017028,6
26108017029,6
26108017030,6
26108017031,6
26108017032,6
26108017033,6
26108017034,6
26108017035,6
26108017036,6
26108017037,6
26108017038,6
26108017039,6
26108017040,6
26108017041,6
26108017042,6
26108017043,6
26108017044,6
26108017046,6
26108017047,6
26108017048,6
26108017049,6
26108017050,6
26108017052,6
26108017053,6
26108017054,6
26108017055,6
26108017056,6
26108017057,6
26108017058,6
26108017059,6
26108017060,6
26108017061,6
26108017062,6
26108017063,6
26108017064,6
26108017065,6
26108017066,6
26108017067,6
26108017068,6
26108017069,6
26108017070,6
26108017071,6
26108017072,6
26108017073,6
26108017075,6
26108017076,6
26108017079,6
26108017080,6
26108017081,6
26108017082,6
26108018001,6
26108018002,6
26108018003,6
26108018004,6
26108018005,6
26108019001,6
26108019002,6
26108019003,6
26108019004,6
26108019005,6
26108019006,6
26108019007,6
26108019008,6
26108019009,6
26108019010,6
26108019011,6
26108019012,6
26108020001,6
26108020002,6
26108020003,6
26108020004,6
26108020005,6
26108020006,6
26108020007,6
26108020008,6
26108020009,6
26108020010,6
26108020011,6
26108020012,6
26108020013,6
26108020014,6
26108020015,6
26108020016,6
26108020017,6
26108020018,6
26108020019,6
26108020020,6
26108020021,6
26108020022,6
26108020023,6
26108020024,6
26108020025,6
26108020026,6
26108020027,6
26108020028,6
26108020029,6
26108020030,6
26108020031,6
26108020032,6
26108020033,6
26108020034,6
26108020035,6
26108020036,6
26108020037,6
26108021001,6
26108021002,6
26108021003,6
26108021004,6
26108021005,6
26108021006,6
26108021007,6
26108021008,6
26108021009,6
26108021010,6
26108021011,6
26108021012,6
26108021013,6
26108021014,6
26108021015,6
26108021016,6
26108021017,6
26108021018,6
26108021019,6
26108021020,6
26108021021,6
26108021022,6
26108021023,6
26108021024,6
26108021025,6
26108021026,6
26108021027,6
26108021028,6
26108021029,6
26108021030,6
26108021031,6
26108021032,6
26108021033,6
26108021034,6
26108021035,6
26108021036,6
26108021037,6
26108021038,6
26108021039,6
26108021040,6
26108021041,6
26108021042,6
26108021043,6
26108021044,6
26108022001,6
26108022002,6
26108022003,6
26108022004,6
26108022005,6
26108022006,6
26108022007,6
26108022008,6
26108022009,6
26108022010,6
26108022011,6
26108022012,6
26108022013,6
26108022014,6
26108022015,6
26108022016,6
26108022017,6
26108022018,6
26108022019,6
26108022020,6
26108022021,6
26108022022,6
26108022023,6
26108022024,6
26108022025,6
26108022026,6
26108022027,6
26108022028,6
26108022029,6
26108022030,6
26108022031,6
26108022032,6
26108022033,6
26108022034,6
26108022035,6
26108022036,6
26108022038,6
26108023001,6
26108023002,6
26108023003,6
26108023004,6
26108023005,6
26108023006,6
26108024001,6
26108024002,6
26108024003,6
26108024004,6
26108024005,6
26108024006,6
26108024007,6
26108024008,6
26108024009,6
26108024010,6
26108025001,6
26108025002,6
26108025003,6
26108025004,6
26108025005,6
26108025006,6
26108025007,6
26108025008,6
26108025009,6
26108025010,6
26108025011,6
26108025012,6
26108025013,6
26108026001,6
26108026002,6
26108026003,6
26108026004,6
26108026005,6
26108026006,6
26108026007,6
26108026008,6
26108026009,6
26108026010,6
26108026011,6
26108026012,6
26108026013,6
26108026014,6
26108026015,6
26108026016,6
26108026017,6
26108026018,6
26108027001,6
26108027002,6
26108027003,6
26108027004,6
26108027005,6
26108027006,6
26108027007,6
26108027008,6
26108028001,6
26108028002,6
26108028003,6
26108028004,6
26108028005,6
26108028006,6
26109001001,5
26109001002,5
26109001003,5
26109001004,5
26109001005,5
26109001006,5
26109001007,5
26109001008,5
26109001010,5
26109001011,5
26109001012,5
26109001015,5
26109001016,5
26109001023,5
26109001024,5
26109001025,5
26109001026,5
26109001027,5
26109001028,5
26109001029,5
26109001030,5
26109001031,5
26109001032,5
26109001033,5
26109001034,5
26109001035,5
26109001036,5
26109001037,5
26109001038,5
26109001039,5
26109002001,5
26109002002,5
26109002003,5
26109002004,5
26109002005,5
26109002006,5
26109002007,5
26109002008,5
26109002009,5
26109002010,5
26109002011,5
26109002012,5
26109002013,5
26109002014,5
26109002015,5
26109002016,5
26109002017,5
26109002018,5
26109002019,5
26109002020,5
26109002021,5
26109002022,5
26109002023,5
26109002024,5
26109002025,5
26109002026,5
26109002027,5
26109002028,5
26109002029,5
26109002030,5
26109002031,5
26109002032,5
26109002033,5
26109002034,5
26109002035,5
26109002036,5
26109002037,5
26109002038,5
26109002039,5
26109002040,5
26109002041,5
26109002042,5
26109002043,5
26109002044,5
26109002048,5
26109002049,5
26109002050,5
26109002051,5
26109002052,5
26109003001,5
26109003002,5
26109003003,5
26109003004,5
26109003005,5
26109003006,5
26109003007,5
26109003008,5
26109003009,5
26109003010,5
26109003011,5
26109003012,5
26109003013,5
26109003014,5
26109003015,5
26109003016,5
26109003017,5
26109003018,5
26109003019,5
26109003020,5
26109003021,5
26109003022,5
26109003023,5
26109003024,5
26109003025,5
26109003026,5
26109003027,5
26109003028,5
26109003029,5
26109003030,5
26109003031,5
26109003032,5
26109003033,5
26109003034,5
26109003035,5
26109003036,5
26109003037,5
26109003038,5
26109003039,5
26109003040,5
26109003042,5
26109003043,5
26109003044,5
26109003045,5
26109003046,5
26109003047,5
26109003048,5
26109003049,5
26109003050,5
26109003051,5
26109003052,5
26109003053,5
26109003054,5
26109003055,5
26109003056,5
26109003057,5
26109003058,5
26109003059,5
26109003060,5
26109003061,5
26109003062,5
26109003063,5
26109003064,5
26109003065,5
26109003066,5
26109003067,5
26109003068,5
26109003069,5
26109003070,5
26109003071,5
26109003072,5
26109003073,5
26109003074,5
26109003075,5
26109003076,5
26109003077,5
26109003078,5
26109003079,5
26109004001,5
26109004002,5
26109004013,5
26109004014,5
26109004015,5
26109004016,5
26109004022,5
26109004023,5
26109004024,5
26109004026,5
26109004027,5
26109004029,5
26109004032,5
26109004033,5
26109004035,5
26109004036,5
26109004037,5
26109004038,5
26109004039,5
26109004040,5
26109004041,5
26109004042,5
26109004043,5
26109004045,5
26109004046,5
26109004047,5
26109004048,5
26109004049,5
26109004050,5
26109004052,5
26109004053,5
26109004054,5
26109004056,5
26109004057,5
26109004058,5
26109004059,5
26109004060,5
26109004061,5
26109004062,5
26109004063,5
26109004064,5
26109004065,5
26109004066,5
26109004067,5
26109004068,5
26109004069,5
26109005001,5
26109005002,5
26109005003,5
26109005004,5
26109005005,5
26109005006,5
26109005007,5
26109006001,5
26109006002,5
26109006003,5
26109006004,5
26109007001,5
26109007002,5
26109007003,5
26109007004,5
26109008001,5
26109008002,5
26109008003,5
26109008004,5
26109008005,5
26109008006,5
26109008007,5
26109008008,5
26109008009,5
26109009001,5
26109009002,5
26109009003,5
26109010001,5
26109010002,5
26109010003,5
26109010004,5
26109010005,5
26109010006,5
26109010007,5
26109010008,5
26109010009,5
26109010010,5
26109010011,5
26109010012,5
26109010013,5
26109010014,5
26109011001,5
26109011002,5
26109011003,5
26109011004,5
26109011005,5
26109011006,5
26109011007,5
26109011008,5
26109011009,5
26109011010,5
26109011011,5
26109011012,5
26109011013,5
26109011014,5
26109011015,5
26109011016,5
26109011017,5
26109011018,5
26109011019,5
26109011020,5
26109011021,5
26109011022,5
26109011023,5
26109011024,5
26109011025,5
26109011026,5
26109011027,5
26109011028,5
26109011029,5
26109011030,5
26109011031,5
26109011032,5
26109011033,5
26109011034,5
26109011038,5
26109011039,5
26109011040,5
26109011041,5
26109011042,5
26109012001,5
26109012002,5
26109012003,5
26109012004,5
26109012005,5
26109012006,5
26109012007,5
26109012008,5
26109012009,5
26109012010,5
26109012011,5
26109012012,5
26109012013,5
26109012014,5
26109012015,5
26109012016,5
26109012017,5
26109012018,5
26109012019,5
26109012020,5
26109012021,5
26109012022,5
26109012023,5
26109012024,5
26109012025,5
26109012026,5
26109012027,5
26109012028,5
26109012029,5
26109012030,5
26109012031,5
26109012032,5
26109012033,5
26109012034,5
26109012035,5
26109012036,5
26109012037,5
26109012038,5
26109012039,5
26109012040,5
26109012041,5
26109012042,5
26109012043,5
26109012044,5
26109012045,5
26109012046,5
26109012047,5
26109012048,5
26109012049,5
26109012050,5
26109012051,5
26109012052,5
26109012053,5
26109012054,5
26109012055,5
26109012056,5
26109012057,5
26109012058,5
26109012059,5
26109012060,5
26109012061,5
26109012062,5
26109012063,5
26109012064,5
26109012065,5
26109012066,5
26109012067,5
26109012068,5
26109012069,5
26109012070,5
26109012071,5
26109013001,5
26109013002,5
26109013003,5
26109013004,5
26109013005,5
26109013006,5
26109013007,5
26109013008,5
26109013009,5
26109013010,5
26109013011,5
26109013012,5
26109013013,5
26109014001,5
26109014002,5
26109014003,5
26109014004,5
26109014005,5
26109014006,5
26109014007,5
26109014008,5
26109014009,5
26109014010,5
26109014011,5
26109014012,5
26109014013,5
26109014014,5
26109014015,5
26109014016,5
26109014017,5
26109014018,5
26109014019,5
26109014020,5
26109014021,5
26109014022,5
26109014023,5
26109015001,5
26109015002,5
261090160,5
26109017001,5
26109017002,5
26109017003,5
26109017004,5
26109018001,5
26109018002,5
26109018003,5
26109018004,5
26109018005,5
26109018006,5
26109018007,5
26109018008,5
26109018009,5
26109018010,5
26109018011,5
26109018012,5
26109018013,5
26109018014,5
26109018015,5
26109018016,5
26109018017,5
26109018018,5
26109018019,5
26109018020,5
26109018021,5
26109018022,5
26109018023,5
26109018024,5
26109018025,5
26109018026,5
26109018027,5
26109018028,5
26109018029,5
26109018030,5
26109018031,5
26109018032,5
26109018033,5
26109018034,5
26109018035,5
26109018036,5
26109018037,5
26109018038,5
26109018039,5
26109019001,5
26109019002,5
26109019003,5
26109019004,5
26109019005,5
26109019006,5
26109019007,5
26109019008,5
26109019009,5
26109019010,5
26109019011,5
26109019012,5
26109019013,5
26109019014,5
26109019015,5
26109019016,5
26109019017,5
26109019018,5
26109019019,5
26109019020,5
26109019021,5
26109019022,5
26109019023,5
26109020001,5
26109020002,5
26109020003,5
26109020004,5
26109020005,5
26109021001,5
26109021002,5
26109021003,4
26109021004,4
26109021005,5
26109021006,4
26109021007,5
26109021008,5
26109021009,5
26109021010,5
26109021011,5
26109021012,5
26109021013,5
26109021014,5
26109021015,5
26109021016,5
26109021017,5
26109021018,5
26109021019,5
26109021020,5
26109021021,5
26109021022,5
26109021023,5
26109021024,5
26109021025,5
26109021027,5
26109021028,5
26109022001,5
26109022002,5
26109022003,5
26109022004,5
26109022005,5
26109022006,5
26109022007,5
26109022008,5
26109022009,5
26109022010,5
26109022011,5
26109022012,5
26109022013,5
26109022014,5
26109022015,5
26109022016,5
26109022017,5
26109022018,5
26109022019,5
26109022020,5
26109022021,5
26109022022,5
26109022023,5
26109022024,5
26109022025,5
26109022026,5
26109022027,5
26109022028,5
26109022029,5
26109022030,5
26109022031,5
26109022032,5
26109022033,5
26109022034,5
26109022036,5
26109023001,5
26109023002,5
26109023003,5
26109023004,5
26109023005,5
26109023006,5
26109023007,5
26109023008,5
26109023009,5
26109023010,5
26109023011,5
26109023012,5
26109023013,5
26109023014,5
26109023015,5
26109023016,5
26109023017,5
26109023018,5
26109023019,5
26109023020,5
26109023021,5
26109023022,5
26109023023,5
26109023024,5
26109023025,5
26109023026,5
26109023027,5
26109023028,5
26109023029,5
26109023030,5
26109023031,5
26109023032,5
26109023033,5
26109023034,5
26109023035,5
26109023036,5
26109023037,5
26109023038,5
26109023039,5
26109023040,5
26109023041,5
26109023042,5
26109023043,5
26109023044,5
26109023045,5
26109023046,5
26109023047,5
26109023048,5
26109023049,5
26109023050,5
26109023051,5
26109023052,5
26109023054,5
26109024002,5
26109024003,5
26109024004,5
26109024005,5
26109024006,5
26109024007,5
26109024008,5
26109024009,5
26109024010,5
26109024011,5
26109024012,5
26109024013,5
26109024014,5
26109024015,5
26109024016,5
26109024017,5
26109024018,5
26109024019,5
26109024020,5
26109024021,5
26109024022,5
26109024023,5
26109024024,5
26109024025,5
26109024026,5
26109024027,5
26109024028,5
26109024029,5
26109024030,5
26109024031,5
26109024032,5
26109024033,5
26109024034,5
26109024035,5
26109024036,5
26109024037,5
26109024038,5
26109024039,5
26109025002,5
26109025003,5
26109025004,5
26109025005,5
26109025006,5
26109025007,5
26109025008,5
26109025009,5
26109025010,5
26109025011,5
26109025012,5
26109025013,5
26109025014,5
26109025015,5
26109025016,5
26109025017,5
26109025018,5
26109025019,5
26109026001,5
26109026002,4
26109026003,5
26109026004,5
26109026005,5
26109026006,4
26109026007,5
26109026008,5
26109026009,4
26109026010,5
26109026011,5
26109026012,5
26109026013,5
26109026014,5
26109027001,5
26109027002,5
26109027003,5
26109027004,5
26109027005,5
26109027006,4
26109027007,5
26109027008,5
26109028001,5
26109028002,5
26109028003,5
26109028004,5
26109028005,5
26109028006,5
26109028007,5
26109028008,5
26109028009,5
26109028010,5
26109028011,5
26109028012,5
26109028013,5
26109028014,5
26109028015,5
26109028016,5
26109028017,5
26109028018,5
26109028019,5
26109028020,5
26109028021,5
26109028022,5
26109028023,5
26109028024,5
26109028025,5
26109028026,5
26109028027,5
26109028030,5
26109029001,4
26109029002,5
26109029003,5
26109029004,5
26109029005,5
26109029006,5
26109029007,5
26109029008,5
26109029009,5
26109029010,5
26109029011,5
26109030001,5
26109030002,5
26109030003,5
26109030004,5
26109030005,5
26109030006,5
26109030007,5
26109030008,5
26109030009,5
26109030010,5
26109030011,5
26109031001,5
26109031002,5
26109031003,5
26109032001,5
26109032002,5
26109032003,5
26109032004,5
26109032005,5
26109032006,5
26109032007,5
26109032008,5
26109032009,5
26109032010,5
26109032011,5
26109033001,5
26109033002,5
26109033003,5
26109033004,5
26109033005,5
26109033006,5
26109033007,5
26109034001,5
26109034002,5
26109034003,5
26109034004,5
26109034005,5
26109034006,5
26109034007,5
26109034008,5
26109034009,5
26109034010,5
26109034011,5
26109034012,5
26109034013,5
26109034014,5
26109034015,5
26109034016,5
26109034017,5
26109034018,5
26109034019,5
26109034020,5
26109034021,5
26109034022,5
26109034023,5
26109034024,5
26109034025,5
26109034026,5
26109035001,5
26109035002,5
26109035003,5
26109035004,5
26109035005,5
26109035006,5
26109035007,5
26109035008,5
26109035009,5
26109035010,5
26109035012,5
26109035013,5
26110001002,4
26110001003,4
26110001004,4
26110001005,4
26110001006,4
26110001007,4
26110001008,4
26110001009,4
26110001010,4
26110001011,4
26110001012,4
26110001013,4
26110001014,4
26110001015,4
26110001017,4
26110001018,4
26110001019,4
26110001020,4
26110001021,4
26110001022,4
26110001023,4
26110002001,4
26110002002,4
26110002003,4
26110002004,4
26110002005,4
26110002006,4
26110002007,4
26110002008,4
26110002009,4
26110002010,4
26110002011,4
26110002012,4
26110002013,4
26110002014,4
26110002015,4
26110002016,4
26110002017,4
26110003001,4
26110003002,4
26110003003,4
26110003004,4
26110003005,4
26110003006,4
26110003007,4
26110003008,4
26110003009,4
26110003010,4
26110003011,4
26110003012,4
26110003013,4
26110003014,4
26110003015,4
26110003016,4
26110003017,4
26110003018,4
26110003019,4
26110003020,4
26110003021,4
26110003022,4
26110003023,4
26110003024,4
26110003025,4
26110003026,4
26110003027,4
26110003028,4
26110003029,4
26110003030,4
26110003031,4
26110003032,4
26110003033,4
26110003034,4
26110003035,4
26110004001,4
26110004002,4
26110004003,4
26110004004,4
26110004005,4
26110004006,4
26110004007,4
26110004008,4
26110004009,4
26110005001,4
26110005002,4
26110005003,4
26110005004,4
26110005005,4
26110005006,4
26110005007,4
26110005008,4
26110005009,4
26110005010,4
26110005011,4
26110005012,4
26110005013,4
26110005014,4
26110005015,4
26110005016,4
26110005017,4
26110005018,4
26110005019,4
26110005020,4
26110006001,4
26110006002,4
26110006003,4
26110006004,4
26110006005,4
26110006006,4
26110006007,4
26110006008,4
26110006009,4
26110006010,4
26110006011,4
26110006012,4
26110006013,4
26110006014,4
26110006015,4
26110006016,4
26110006017,4
26110006018,4
26110006019,4
26110007001,4
26110007002,4
26110007003,4
26110007004,4
26110007005,4
26110007006,4
26110007007,4
26110007008,4
26110007009,4
26110007010,4
26110007011,4
26110007012,4
26110007013,4
26110007014,4
26110007015,4
26110007016,4
26110007017,4
26110007018,4
26110007019,4
26110007020,4
26110007021,4
26110007022,4
26110008001,4
26110008002,4
26110008003,4
26110008004,4
26110008005,4
26110008006,4
26110008007,4
26110008008,4
26110008009,4
26110008010,4
26110008011,4
26110008012,4
26110008013,4
26110008014,4
26110008015,4
26110008016,4
26110008017,4
26110008018,4
26110008019,4
26110008020,4
26110008021,4
26110008022,4
26110008023,4
26110008024,4
26110008025,4
26110008026,4
26110008027,4
26110008028,4
26110008029,4
26110008030,4
26110008031,4
26110008032,4
26110008033,4
26110008034,4
26110008035,4
26110008036,4
26110008037,4
26110008038,4
26110008039,4
26110008040,4
26110008041,4
26110008042,4
26110008043,4
26110008044,4
26110008045,4
26110008046,4
26110008047,4
26110008048,4
26110008049,4
26110008050,4
26110008051,4
26110008052,4
26110009001,4
26110009002,4
26110009003,4
26110009004,4
26110009005,4
26110009006,4
26110009007,4
26110009008,4
26110009009,4
26110009010,4
26110009011,4
26110009012,4
26110009013,4
26110009014,4
26110009015,4
26110009016,4
26110009017,4
26110009018,4
26110009019,4
26110009020,4
26110009021,4
26110009022,4
26110009023,4
26110009024,4
26110009025,4
26110009026,4
26110009027,4
26110009028,4
26110009029,4
26110009030,4
26110010001,4
26110010002,4
26110010003,4
26110010004,4
26110010005,4
26110010006,4
26110010007,4
26110010008,4
26110010009,4
26110010010,4
26110010011,4
26110010012,4
26110010013,4
26110010014,4
26110010015,4
26110010016,4
26110010017,4
26110010018,4
26110010019,4
26110010020,4
26110010021,4
26110010022,4
26110010023,4
26110010024,4
26110010025,4
26110010026,4
26110010027,4
26110010028,4
26110010029,4
26110010030,4
26110010031,4
26110010032,4
26110010034,4
26110010035,4
26110010036,4
26110010037,4
26110010038,4
26110010039,4
26110010040,4
26110010041,4
26110011001,4
26110011002,4
26110011003,4
26110011004,4
26110011005,4
26110011006,4
26110011007,4
26110011008,4
26110011009,4
26110011010,4
26110011011,4
26110011012,4
26110011013,4
26110011014,4
26110011015,4
26110011016,4
26110011017,4
26110011018,4
26110011019,4
26110011020,4
26110011021,4
26110011022,4
26110011023,4
26110011024,4
26110011025,4
26110011026,4
26110011027,4
26110011028,4
26110011029,4
26110011030,4
26110011031,4
26110011033,4
26110011035,4
26110011036,4
26110011037,4
26110012001,4
26110012002,4
26110012003,4
26110012004,4
26110012005,4
26110012006,4
26110012007,4
26110012008,4
26110012009,4
26110012010,4
26110012011,4
26110012012,4
26110012013,4
26110012014,4
26110012015,4
26110012016,4
26110012017,4
26110012018,4
26110012019,4
26110012020,4
26110012021,4
26110012022,4
26110012023,4
26110012024,4
26110012025,4
26110012026,4
26110012027,4
26110012028,4
26110012029,4
26110012030,4
26110012031,4
26110012032,4
26110012033,4
26110012034,4
26110013001,4
26110013002,4
26110013003,4
26110013004,4
26110013005,4
26110013006,4
26110013007,4
26110013008,4
26110013009,4
26110013010,4
26110013011,4
26110013012,4
26110013013,4
26110013014,4
26110013015,4
26110013016,4
26110013017,4
26110013018,4
26110013019,4
26110013020,4
26110013021,4
26110013022,4
26110013023,4
26110013024,4
26110013025,4
26110013026,4
26110013027,4
26110013028,4
26110013030,4
26110013031,4
26111001001,6
26111001002,6
26111001003,6
26111001004,6
26111001005,6
26111001006,6
26111001007,6
26111001008,6
26111001009,6
26111001010,6
26111001011,6
26111001012,6
26111001013,6
26111001014,6
26111001015,6
26111001016,6
26111001017,6
26111001018,6
26111001019,6
26111001020,6
26111001021,6
26111001022,6
26111002001,6
26111002002,6
26111002003,6
26111002004,6
26111002005,6
26111002006,6
26111002007,6
26111002008,6
26111002009,6
26111002010,6
26111002011,6
26111002012,6
26111002013,6
26111002014,6
26111002015,6
26111002016,6
26111002017,6
26111002018,6
26111002019,6
26111002020,6
26111002021,6
26111002022,6
26111002023,6
26111002024,6
26111002025,6
26111002026,6
26111002027,6
26111002028,6
26111002029,6
26111002030,6
26111002032,6
26111002034,6
26111002035,6
26111002036,6
26111003001,6
26111003002,6
26111003003,6
26111003004,6
26111003005,6
26111003006,6
26111003007,6
26111003008,6
26111003009,6
26111003010,6
26111003011,6
26111003012,6
26111003013,6
26111003014,6
26111003015,6
26111003016,6
26111003017,6
26111003018,6
26111003019,6
26111003020,6
26111003021,6
26111003022,6
26111003023,6
26111003024,6
26111003025,6
26111003026,6
26111003027,6
26111003028,6
26111003029,6
26111003031,6
26111003033,6
26111003034,6
26111003035,6
26111004001,6
26111004002,6
26111004003,6
26111004004,6
26111004006,6
26111004007,6
26111004008,6
26111004009,6
26111004010,6
26111004011,6
26111004012,6
26111004013,6
26111004014,6
26111004015,6
26111004016,6
26111004017,6
26111004018,6
26111004019,6
26111004020,6
26111004021,6
26111004022,6
26111004023,6
26111004024,6
26111004025,6
26111005001,6
26111005002,6
26111005003,6
26111005004,6
26111005005,6
26111005006,6
26111005007,6
26111005008,6
26111005009,6
26111005010,6
26111005011,6
26111005014,6
26111005015,6
26111005016,6
26111006001,6
26111006002,6
26111006003,6
26111006004,6
26111006005,6
26111006006,6
26111006007,6
26111006008,6
26111006009,6
26111006010,6
26111006011,6
26111006012,6
26111006013,6
26111007001,6
26111007002,6
26111007003,6
26111007004,6
26111007005,6
26111007006,6
26111007007,6
26111007008,6
26111007009,6
26111007010,6
26111007011,6
26111007012,6
26111007013,6
26111007014,6
26111007016,6
26111007017,6
26111007018,6
26111007019,6
26111007020,6
26111008001,6
26111008002,6
26111008003,6
26111008004,6
26111008005,6
26111008006,6
26111008007,6
26111008008,6
26111008009,6
26111008010,6
26111008011,6
26111008012,6
26111008013,6
26111008014,6
26111008015,6
26111008016,6
26111008017,6
26111008018,6
26111008019,6
26111008020,6
26111008021,6
26111009001,6
26111009002,6
26111009003,6
26111009004,6
26111009005,6
26111009006,6
26111009007,6
26111009008,6
26111009009,6
26111009010,6
26111009011,6
26111009012,6
26111009013,6
26111009014,6
26111009015,6
26111009016,6
26111009017,6
26111009018,6
26111009019,6
26111009020,6
26111009022,6
26111009023,6
26111009024,6
26111010001,6
26111010002,6
26111010003,6
26111010004,6
26111010005,6
26111010006,6
26111010007,6
26111010008,6
26111010009,6
26111010010,6
26111010011,6
26111010012,6
26111010013,6
26111010014,6
26111010015,6
26111010016,6
26111010017,6
26111010018,6
26111010019,6
26111010020,6
26111010021,6
26111010022,6
26111010023,6
26111010024,6
26111010025,6
26111010026,6
26111010027,6
26111010028,6
26111010029,6
26111010030,6
26111010031,6
26111010032,6
26111010033,6
26111010034,6
26111010035,6
26111010036,6
26111010037,6
26111010038,6
26111010039,6
26111010040,6
26111010041,6
26111010042,6
26111010043,6
26111010044,6
26111010045,6
26111010046,6
26111010047,6
26111010048,6
26111010049,6
26111010050,6
26111010051,6
26111010052,6
26111010053,6
26111010054,6
26111010055,6
26111010056,6
26111010057,6
26111010058,6
26111010059,6
26111010061,6
26111011001,6
26111011002,6
26111011003,6
26111011004,6
26111011007,6
26111012001,6
26111012002,6
26111012003,6
26111012004,6
26111012005,6
26111012006,6
26111012007,6
26111012008,6
26111012009,6
26111012010,6
26111012011,6
26111012012,6
26111012013,6
26111012014,6
26111012015,6
26111012016,6
26111012018,6
26111012019,6
26111013001,6
26111013002,6
26111013003,6
26111013004,6
26111013005,6
26111013006,6
26111013007,6
26111013008,6
26111013009,6
26111013010,6
26111013011,6
26111014001,6
26111014002,6
26111014003,6
26111014004,6
26111014005,6
26111014006,6
26111014007,6
26111015001,6
26111015002,6
26111015003,6
26111015004,6
26111015005,6
26111015006,6
26111015007,6
26111016001,6
26111016002,6
26111016003,6
26111016004,6
26111016005,6
26111016006,6
26111017001,6
26111017002,6
26111017003,6
26111017004,6
26111017005,6
26111017006,6
26111017007,6
26111017008,6
26111017009,6
26111017010,6
26111017011,6
26111017012,6
26111017013,6
26111017014,6
26111017015,6
26111017016,6
26201001001,7
26201001002,7
26201001003,7
26201001004,7
26201001005,7
26201001006,7
26201001007,7
26201001008,7
26201001009,7
26201001010,7
26201001011,7
26201001012,7
26201001013,7
26201001014,7
26201001015,7
26201001016,7
26201001017,7
26201001018,7
26201001019,7
26201001020,7
26201001021,7
26201001022,7
26201001023,7
26201001024,7
26201001025,7
26201001026,7
26201001027,7
26201001028,7
26201001029,7
26201001030,7
26201001031,7
26201001032,7
26201001033,7
26201001034,7
26201001035,7
26201001036,7
26201001037,7
26201002001,7
26201002002,7
26201002003,7
26201002004,7
26201002005,7
26201002006,7
26201002007,7
26201002008,7
26201002009,7
26201002010,7
26201002011,7
26201002012,7
26201002013,7
26201002014,7
26201002016,7
26201002017,7
26201002018,7
26201002019,7
26201002020,7
26201002021,7
26201002022,7
26201002023,7
26201002024,7
26201002025,7
26201003001,7
26201003002,7
26201003003,7
26201003004,7
26201003005,7
26201003006,7
26201003007,7
26201003008,7
26201003009,7
26201003010,7
26201003011,7
26201003012,7
26201003013,7
26201003014,7
26201003015,7
26201003016,7
26201004001,7
26201004002,7
26201004003,7
26201004004,7
26201004005,7
26201004006,7
26201004007,7
26201004008,7
26201004009,7
26201004010,7
26201004011,7
26201005001,7
26201005002,7
26201005003,7
26201005004,7
26201005005,7
26201005006,7
26201005007,7
26201005008,7
26201006001,7
26201006002,7
26201006003,7
26201006004,7
26201006005,7
26201006006,7
26201006007,7
26201006008,7
26201007001,7
26201007002,7
26201007003,7
26201007004,7
26201008001,7
26201008002,7
26201008003,7
26201008004,7
26201008005,7
26201008006,7
26201008007,7
26201008008,7
26201008009,7
26201008010,7
26201008011,7
26201008012,7
26201008013,7
26201008014,7
26201008015,7
26201008016,7
26201008017,7
26201008018,7
26201008019,7
26201008020,7
26201009001,7
26201009002,7
26201009003,7
26201009004,7
26201009005,7
26201009006,7
26201009007,7
26201009008,7
26201010001,7
26201010002,7
26201010003,7
26201010004,7
26201010005,7
26201010006,7
26201010007,7
26201010008,7
26201010009,7
26201010010,7
26201010011,7
26201010012,7
26201010013,7
26201011001,7
26201011002,7
26201011003,7
26201011004,7
26201011006,7
26201011007,7
26201011008,7
26201011009,7
26201011010,7
26201012001,7
26201012002,7
26201012003,7
26201012004,7
26201012005,7
26201012006,7
26201012007,7
26201012008,7
26201012009,7
26201013001,7
26201013002,7
26201013003,7
26201013004,7
26201013005,7
26201013006,7
26201013007,7
26201013008,7
26201013010,7
26201014001,7
26201014002,7
26201014003,7
26201014004,7
26201014005,7
26201014006,7
26201014007,7
26201014008,7
26201014009,7
26201014010,7
26201014011,7
26201015001,7
26201015002,7
26201015003,7
26201015004,7
26201015005,7
26201015006,7
26201015007,7
26201016001,7
26201016002,7
26201016003,7
26201016004,7
26201016005,7
26201016006,7
26201016007,7
26201016008,7
26201017001,7
26201017002,7
26201017003,7
26201017004,7
26201017005,7
26201017006,7
26201017007,7
262010180,7
262010190,7
26201020001,7
26201020002,7
26201020003,7
26201020004,7
26201020005,7
26201021001,7
26201021002,7
26201021003,7
26201021004,7
26201021005,7
26201021006,7
26201022007,7
26201022008,7
26201022009,7
26201022010,7
26201022011,7
26201022012,7
26201022013,7
26201022014,7
26201022015,7
26201022022,7
26201023016,7
26201023017,7
26201023018,7
26201023019,7
26201023020,7
26201023021,7
26201024001,7
26201024002,7
26201024003,7
26201024004,7
26201024005,7
26201024006,7
26201024007,7
262010250,7
262010260,7
26201027010,7
26201027011,7
26201027012,7
26201027013,7
26201027014,7
26201028015,7
26201028016,7
26201028017,7
262010290,7
262010300,7
262010310,7
262010320,7
262010330,7
26201034023,7
26201034024,7
26201034025,7
26201034026,7
26201034027,7
26201034028,7
26201034029,7
26201034030,7
26201034031,7
26201034032,7
26201035000,7
26201035033,7
26201035035,7
26201035036,7
26201035037,7
26201035038,7
26201035039,7
26201035040,7
26201036041,7
26201036042,7
26201036043,7
26201036044,7
26201036045,7
26201036046,7
26201037001,7
26201037002,7
26201037003,7
26201037004,7
26201037005,7
26201037006,7
26201037007,7
26201037008,7
26201038001,7
26201038002,7
26201038003,7
26201038004,7
26201038005,7
26201038006,7
26201038007,7
26201038008,7
26201038009,7
26201038010,7
26201039001,7
26201039002,7
26201039003,7
26201039004,7
26201039006,7
26201040001,7
26201040002,7
26201040003,7
26201040004,7
26201040005,7
26201040006,7
26201040007,7
26201040008,7
26201040009,7
26201041001,7
26201041002,7
26201041003,7
26201041004,7
26201041005,7
26201041006,7
26201041007,7
26201041008,7
26201042001,7
26201042002,7
26201042003,7
26201042004,7
26201042005,7
26202001001,7
26202001002,7
26202001003,7
26202001004,7
26202001005,7
26202001006,7
26202001007,7
26202001008,7
26202001009,7
26202001010,7
26202001011,7
26202001012,7
26202001013,7
26202002001,7
26202002002,7
26202002003,7
26202002004,7
26202002005,7
26202002006,7
26202002007,7
26202002008,7
26202002009,7
26202002010,7
26202002012,7
26202002013,7
26202002014,7
26202002015,7
26202002016,7
26202002017,7
26202003001,7
26202003002,7
26202003003,7
26202003004,7
26202003005,7
26202003006,7
26202003007,7
26202003008,7
26202003010,7
26202003011,7
26202003012,7
26202003013,7
26202003014,7
26202003015,7
26202003016,7
26202003017,7
26202003018,7
26202003019,7
26202003020,7
26202003021,7
26202003023,7
26202003024,7
26202003025,7
26202004001,7
26202004002,7
26202004003,7
26202004004,7
26202004005,7
26202004006,7
26202004007,7
26202004008,7
26202004009,7
26202004010,7
26202004011,7
26202004012,7
26202004013,7
26202004014,7
26202004015,7
26202004016,7
26202004017,7
26202004018,7
26202004019,7
26202004020,7
26202004021,7
26202004022,7
26202004023,7
26202005001,7
26202005002,7
26202005003,7
26202005004,7
26202005005,7
26202005006,7
26202005007,7
26202005008,7
26202005009,7
26202005010,7
26202006001,7
26202006002,7
26202006003,7
26202006004,7
26202006005,7
26202006008,7
26202006009,7
26202006010,7
26202006011,7
26202006012,7
26202006013,7
26202006014,7
26202006015,7
26202006016,7
26202006017,7
26202006018,7
26202006019,7
26202006020,7
26202006021,7
26202006022,7
26202006023,7
26202006024,7
26202006025,7
26202006026,7
26202006027,7
26202006029,7
26202006030,7
26202006031,7
26202006032,7
26202006033,7
26202006034,7
26202006035,7
26202006036,7
26202006037,7
26202006038,7
26202006039,7
26202006040,7
26202006041,7
26202006042,7
26202006043,7
26202006044,7
26202006045,7
26202006046,7
26202006047,7
26202006048,7
26202006050,7
26202006051,7
26202006052,7
26202006053,7
26202006054,7
26202006056,7
26202006057,7
26202006058,7
26202006059,7
26202006060,7
26202006061,7
26202006062,7
26202006063,7
26202006064,7
26202007001,7
26202007002,7
26202007003,7
26202007004,7
26202007005,7
26202007006,7
26202007008,7
26202007009,7
26202007010,7
26202007011,7
26202008001,7
26202008002,7
26202008003,7
26202008004,7
26202008005,7
26202008006,7
26202008007,7
26202008008,7
26202008010,7
26202008011,7
26202008012,7
26202008013,7
26202008014,7
26202008015,7
26202008016,7
26202008017,7
26202008018,7
26202008019,7
26202008020,7
26202008021,7
26202008022,7
26202008023,7
26202008024,7
26202008025,7
26202008026,7
26202008027,7
26202008028,7
26202008030,7
26202008031,7
26202008032,7
26202008033,7
26202008034,7
26202008035,7
26202008036,7
26202008037,7
26202008038,7
26202008039,7
26202008040,7
26202008041,7
26202008042,7
26202008043,7
26202008044,7
26202008045,7
26202008046,7
26202008047,7
26202008048,7
26202008049,7
26202008050,7
26202008051,7
26202008053,7
26202008054,7
26202008055,7
26202008056,7
26202008057,7
26202008058,7
26202008059,7
26202008060,7
26202008062,7
26202008063,7
26202008064,7
26202008065,7
26202008066,7
26202008067,7
26202008068,7
26202008070,7
26202008071,7
26202008072,7
26202008073,7
26202009001,7
26202009002,7
26202009003,7
26202009004,7
26202009005,7
26202009006,7
26202009007,7
26202009008,7
26202009009,7
26202009010,7
26202009011,7
26202009012,7
26202009013,7
26202009014,7
26202009015,7
26202009016,7
26202010002,7
26202010003,7
26202010004,7
26202010005,7
26202010006,7
26202010007,7
26202010008,7
26202010009,7
26202010010,7
26202010011,7
26202010012,7
26202010013,7
26202010014,7
26202010015,7
26202010016,7
26202010017,7
26202010018,7
26202010019,7
26202010020,7
26202010021,7
26202010023,7
26202010024,7
26202010025,7
26202011001,7
26202011002,7
26202011003,7
26202011004,7
26202011005,7
26202011006,7
26202011007,7
26202011008,7
26202011009,7
26202011010,7
26202011011,7
26202011012,7
26202011013,7
26202011014,7
26202011015,7
26202011016,7
26202011017,7
26202011018,7
26202011019,7
26202011020,7
26202011021,7
26202011022,7
26202011023,7
26202011024,7
26202011025,7
26202011026,7
26202011027,7
26202011028,7
26202011029,7
26202011030,7
26202011031,7
26202011032,7
26202011033,7
26202011034,7
26202011035,7
26202011036,7
26202011037,7
26202011038,7
26202011039,7
26202011040,7
26202011041,7
26202011042,7
26202011043,7
26202011044,7
26202011045,7
26202011046,7
26202011047,7
26202011048,7
26202011049,7
26202011050,7
26202011051,7
26202011052,7
26202011053,7
26202011055,7
26202011056,7
26202011057,7
26202011058,7
26202011059,7
26202011060,7
26202011061,7
26202011062,7
26202011063,7
26202011064,7
26202011065,7
26202012001,7
26202012002,7
26202012003,7
26202012004,7
26202012005,7
26202012006,7
26202012007,7
26202012008,7
26202012009,7
26202012010,7
26202012012,7
26202012013,7
26202012014,7
26202012015,7
26202012016,7
26202012017,7
26202012018,7
26202012019,7
26202012020,7
26202012021,7
26202012022,7
26202012023,7
26202012024,7
26202012025,7
26202012026,7
26202012027,7
26202012028,7
26202012029,7
26202012030,7
26202012031,7
26202012032,7
26202012034,7
26202012035,7
26202012036,7
26202013001,7
26202013002,7
26202013003,7
26202013004,7
26202013005,7
26202013006,7
26202013007,7
26202013008,7
26202013009,7
26202013010,7
26202013011,7
26202013012,7
26202013013,7
26202013014,7
26202014001,7
26202014002,7
26202014004,7
26202014005,7
26202014006,7
26202014008,7
26202014009,7
26202014011,7
26202014013,7
26202014014,7
26202014015,7
26202015001,7
26202015002,7
26202015003,7
26202015004,7
26202015006,7
26202015007,7
26202015008,7
26202015009,7
26202015010,7
26202015011,7
26202015012,7
26202015013,7
26202015014,7
26202015022,7
26202015023,7
26202015030,7
26202015040,7
26202015050,7
26202015060,7
26202016001,7
26202016002,7
26202016003,7
26202016004,7
26202016005,7
26202016006,7
26202016007,7
26202016008,7
26202016009,7
26202016010,7
26202017001,7
26202017002,7
26202017003,7
26202017004,7
26202017005,7
26202017006,7
26202017007,7
26202017008,7
26202017009,7
26202018001,7
26202018002,7
26202018003,7
26202018004,7
26202018005,7
26202018006,7
26202018007,7
26202018008,7
26202018009,7
26202019001,7
26202019002,7
26202019003,7
26202019004,7
26202019005,7
26202020001,7
26202020002,7
26202020003,7
26202020004,7
26202020005,7
26202020006,7
26202020007,7
26202020008,7
26202020009,7
26202020010,7
26202020011,7
26202020012,7
26202021001,7
26202021002,7
26202021003,7
26202021004,7
26202021005,7
262020220,7
26203001001,7
26203001002,7
26203001003,7
26203001004,7
26203001005,7
26203001006,7
26203001007,7
26203001008,7
26203001009,7
26203001010,7
26203001011,7
26203001012,7
26203001013,7
26203001014,7
26203001015,7
26203002001,7
26203002002,7
26203002003,7
26203002004,7
26203002005,7
26203002006,7
26203002007,7
26203002008,7
26203002009,7
26203002010,7
26203002011,7
26203002012,7
26203002013,7
26203002014,7
26203002015,7
26203002016,7
26203002017,7
26203002018,7
26203002019,7
26203002020,7
26203002021,7
26203002022,7
26203002023,7
26203002024,7
26203002025,7
26203002026,7
26203003001,7
26203003002,7
26203003003,7
26203003004,7
26203003005,7
26203003006,7
26203003007,7
26203003008,7
26203003009,7
26203003010,7
26203004001,7
26203004002,7
26203004003,7
26203004004,7
26203004005,7
26203004006,7
26203004007,7
26203004008,7
26203004009,7
26203004010,7
26203004011,7
26203004012,7
26203005001,7
26203005002,7
26203005003,7
26203005004,7
26203005005,7
26203005006,7
26203005007,7
26203005008,7
26203005009,7
26203005010,7
26203005011,7
26203005012,7
26203005013,7
26203005014,7
26203005015,7
26203005016,7
26203005017,7
26203005018,7
26203005019,7
26203005020,7
26203005021,7
26203005022,7
26203005023,7
26203005024,7
26203006001,7
26203006002,7
26203006003,7
26203006004,7
26203006005,7
26203006006,7
26203006009,7
26203007101,7
26203007102,7
26203007201,7
26203007202,7
26203007203,7
26203007204,7
26203007205,7
26203007206,7
26203007207,7
26203008001,7
26203008002,7
26203008003,7
26203008004,7
26203008005,7
26203008006,7
26203008007,7
26203008008,7
26203008009,7
26203008010,7
26203008011,7
26203008012,7
26203008013,7
26203008014,7
26203008015,7
26203008016,7
26203008017,7
26203008018,7
26203008019,7
26203008020,7
26203008021,7
26203008022,7
26203008023,7
26203008024,7
26203008025,7
26203008026,7
26203008027,7
26203008028,7
26203008029,7
26203008030,7
26203008031,7
26203008032,7
26203008033,7
26203008034,7
26203008035,7
26203008037,7
26203008038,7
26203008039,7
26203008041,7
26203008042,7
26203008043,7
26203008059,7
26203008060,7
26203008061,7
26203008062,7
26203008063,7
26203008064,7
26203008065,7
26203008066,7
26203009001,7
26203009002,7
26203009003,7
26203009005,7
26203009006,7
26203009007,7
26203009008,7
26203009009,7
26203009010,7
26203009011,7
26203009012,7
26203009013,7
26203010001,7
26203010002,7
26203010003,7
26203010004,7
26203010005,7
26203010006,7
26203010007,7
26203010008,7
26203010009,7
26203010010,7
26203010011,7
26203010012,7
26203010013,7
26203010014,7
26203010015,7
26203010016,7
26203010017,7
26203010018,7
26203010019,7
26203010020,7
26203010021,7
26203010022,7
26203010023,7
26203010024,7
26203010025,7
26203010026,7
26203011001,7
26203011002,7
26203011003,7
26203011004,7
26203011005,7
26203011006,7
26203011007,7
26203012001,7
26203012002,7
26203012003,7
26203012004,7
26203012005,7
26203012006,7
26203012007,7
26203012008,7
26203012009,7
26203012010,7
26204001001,8
26204001002,8
26204001003,8
26204001004,8
26204001005,8
26204001006,8
26204001007,8
26204003001,8
26204003002,8
26204003003,5
26204003004,8
26204003005,8
26204003006,8
26204003007,8
26204003008,8
26204003009,8
26204003010,8
26204003011,8
26204003012,8
26204003013,8
26204003014,8
26204003015,8
26204003016,8
26204003017,8
26204003018,8
26204003019,8
26204003020,8
26204003021,8
26204003022,5
26204003024,8
26204003025,8
26204003026,8
26204003027,8
26204003028,5
26204003029,8
26204004001,8
26204004002,8
26204004003,8
26204004004,8
26204005002,8
26204005003,8
26204005004,8
26204005005,8
26204005006,8
26204005007,8
26204005008,8
26204005009,8
26204005010,8
26204005011,8
26204005013,8
26204005015,8
26204005016,8
26204005017,8
26204005019,8
26204005020,8
26204005021,8
26204005024,8
26204005025,8
26204005026,8
26204005028,8
26204005029,8
26204005031,8
26204005032,8
26204005033,8
26204005034,8
26204005035,8
26204005036,8
26204005037,8
26204005038,8
26204005039,8
26204005040,8
26204005041,8
26204005042,8
26204007001,8
26204007002,8
26204007003,8
26204007004,8
26204007005,8
26204007006,8
26204007007,8
26204007008,8
26204007009,8
26204007010,8
26204007011,8
26204007012,8
26204007013,8
26204007014,8
26204007015,8
26204007016,8
26204007017,8
26204007018,8
26204007019,8
26204007020,8
26204007021,8
26204007022,8
26204007023,8
26204007024,8
26204007025,8
26204007026,8
26204007027,8
26204007028,8
26204007030,8
26204007031,8
26204007032,8
26204007033,8
26204007034,8
26204007035,8
26204007036,8
26204008001,8
26204008002,8
26204008003,8
26204008004,8
26204010001,8
26204010002,8
26204010003,8
26204010004,8
26204010005,8
26204010006,8
26204010007,8
26204010008,8
26204010009,8
26204010010,8
26204010011,8
26204010012,8
26204010013,8
26204010014,8
26204010015,8
26204010016,8
26204010017,8
26204010018,8
26204012001,8
26204012002,8
26204012003,8
26204012004,8
26204012005,8
26204012006,8
26204012007,8
26204012008,8
26204012009,8
26204012010,8
26204012011,8
26204012012,8
26204012013,8
26204012014,8
26204014001,8
26204014002,8
26204014003,8
26204014004,8
26204014005,8
26204014006,8
26204014007,8
26204014008,8
26204014009,8
26204014010,8
26204014011,8
26204014012,8
26204014013,8
26204014014,8
26204014015,8
26204014016,8
26204014017,8
26204016001,8
26204016002,8
26204016003,8
26204016004,8
26204016005,8
26204016006,8
26204016007,8
26204016008,8
26204018001,8
26204018002,8
26204018003,8
26204018004,8
26204018005,8
26204018006,8
26204018007,8
26204018008,8
26204018009,8
26204018010,8
26204018011,8
26204018013,8
26204018014,8
26204018015,8
26204020001,8
26204020002,8
26204020003,8
26204020004,8
26204020005,8
26204020006,8
26204020007,8
26204020008,8
26204020009,8
26204020010,8
26204020011,8
26204020012,8
26204020013,8
26204020014,8
26204020015,8
26204020016,8
26204020017,8
26204020018,8
26204022001,8
26204022002,8
26204022003,8
26204022004,8
26204024001,8
26204024002,8
26204024003,8
26204024004,8
26204024005,8
26204024006,8
26204024007,8
26204024008,8
26204024010,8
26204024011,8
26204024012,8
26204024013,8
26204024014,8
26204024015,8
26204024016,8
26204024017,8
26204024018,8
26204024019,8
26204024020,8
26204024021,8
26204024022,8
26204024023,8
26204024024,8
26204024025,8
26204024026,8
26204024027,8
26204024028,8
26204024029,8
26204024030,8
26204024031,8
26204024032,8
26204024033,8
26204024034,8
26204024035,8
26204026001,8
26204026002,8
26204026003,8
26204028001,8
26204028002,8
26204028003,8
26204028004,8
26204029001,8
26204029002,8
26204029003,8
26204030002,8
26204030003,8
26204030004,8
26204030005,8
26204030006,8
26204030007,8
26204030008,8
26204030009,8
26204030010,8
26204030011,8
26204030012,8
26204030013,8
26204030014,8
26204030015,8
26204030016,8
26204030017,8
26204030018,8
26204030019,8
26204030020,8
26204030021,8
26204030022,8
26204030023,8
26204032001,8
26204032002,8
26204032003,8
26204032004,8
262040340,8
26204036001,8
26204036002,8
26204036003,8
26204036004,8
26204036005,8
26204038001,8
26204038002,8
26204038003,8
26204038004,8
26204038005,8
26204038006,8
26204038007,8
26204038008,8
26204038009,5
26204038010,8
26204038011,8
26204038012,8
26204038013,8
26204038014,8
26204038015,8
26204038016,8
26204038017,8
26204038018,8
26204038019,8
26204038020,8
26204038021,8
26204038022,8
26204038023,8
26204038024,8
26204038025,8
26204038026,8
26204038027,8
26204038028,8
26204038029,8
26204038030,8
26204038031,8
26204038032,5
26204038033,8
26204038034,5
26204038035,8
26204038036,8
26204040001,8
26204040002,8
26204040003,8
26204040004,8
26204040005,8
26204040006,8
26204040007,8
26204040008,8
26204040009,8
26204040010,8
26204040011,8
26204040012,8
26204040013,8
26204040014,8
26204040015,8
26204040016,8
26204040017,8
26204040018,8
26204040019,8
26204040020,8
26204042001,8
26204042002,8
26204042003,8
26204042004,8
26204042005,8
26204042006,8
26204042007,8
26204042008,8
26204042009,8
26204042010,8
26204042011,8
26204042012,8
26204042013,8
26204042014,8
26204042015,8
26204042016,8
26204042017,8
26204042018,8
26204042019,8
26204042020,8
26204042021,8
26204042022,8
26204042023,8
26204044001,8
26204044002,8
26204044003,8
262040460,8
26204048001,8
26204048003,8
26204048004,8
26204048005,8
26204048006,8
26204048007,8
26204048008,8
26204048009,8
26204048010,8
26204048011,8
26204048012,8
26204048013,8
26204048014,8
26204048015,8
26204048016,8
26204048017,8
26204049001,8
26204049002,8
26204049003,8
26204051001,8
26204051002,8
26204051003,8
26204051004,8
26204051005,8
26204051006,8
26204051007,8
26204051008,8
26204051009,8
26204051010,8
26204051011,8
26204051012,8
26205001001,7
26205001002,7
26205001003,7
26205001004,7
26205001005,7
26205002001,7
26205002002,7
26205002003,7
26205002004,7
26205002005,7
26205002006,7
26205002007,7
26205002008,7
26205002009,7
26205003001,7
26205003002,7
26205003003,7
26205003004,7
26205003005,7
26205004001,7
26205004002,7
26205005001,7
26205005002,7
26205005003,7
26205005004,7
26205005005,7
26205005006,7
26205005007,7
26205005008,7
26205005009,7
26205006001,7
26205006002,7
26205006003,7
26205006004,7
26205006005,7
26205007001,7
26205007002,7
26205007003,7
26205007004,7
26205007005,7
26205007006,7
26205007007,7
26205007008,7
26205007009,7
26205007010,7
26205007011,7
26205007012,7
26205007013,7
26205007014,7
26205007015,7
26205007016,7
26205007017,7
26205007018,7
26205007019,7
26205007020,7
26205007021,7
26205007022,7
26205007023,7
26205007024,7
26205007025,7
26205007026,7
26205007027,7
26205007028,7
26205007029,7
26205007030,7
26205007031,7
26205007032,7
26205007033,7
26205007034,7
26205007035,7
26205007036,7
26205007037,7
26205007038,7
26205007039,7
26205007040,7
26205007042,7
26205007043,7
26205007044,7
26205008001,7
26205008002,7
26205008003,7
26205008004,7
26205008005,7
26205008006,7
26205009001,7
26205009002,7
26205009003,7
26205009004,7
26205009005,7
26205009006,7
26205009007,7
26205009008,7
26205009009,7
26205009010,7
26205009011,7
26205009012,7
26205009013,7
26205010001,7
26205010002,7
26205010003,7
26205010004,7
26205010005,7
26205010006,7
26206001001,7
26206001037,6
26206001039,6
26206001042,6
262060020,6
262060030,6
262060040,6
262060050,6
26206006006,7
26206006007,6
26206006028,6
26206006038,6
26206006039,6
26206007007,7
26206007044,6
262060080,6
262060090,6
262060100,6
262060110,6
262060120,6
26206013013,6
26206013043,6
26206014006,6
26206014035,6
26206014036,7
26206014043,6
26206015014,7
26206015015,7
26206015016,7
26206015017,6
26206015018,7
26206015019,6
26206015020,7
26206015048,6
262060160,6
262060170,6
262060180,6
262060190,6
26206020024,6
26206020026,6
26206020029,6
262060210,6
26206022026,6
26206022029,6
262060230,6
262060240,7
262060250,6
262060260,7
262060270,6
26206028030,6
26206028032,7
26206028046,6
262060290,6
262060300,7
26206031040,7
26206031041,6
26206031045,6
26206031047,6
26206032001,6
26206032002,6
26206032003,6
26206032004,6
26206032005,6
26206032006,6
26206032007,6
26206032008,6
26206032009,6
26206032010,6
26206032011,6
26206032012,6
26206032013,6
26206033001,6
26206033002,6
26206033003,6
26206033004,6
26206033005,6
26206033006,6
26206033007,6
26206033008,6
26206033009,6
26206033010,6
26206034001,6
26206034002,6
26206034003,7
26206034004,6
26206034005,6
26206034006,7
26206034007,6
26206034008,7
26206034009,7
26206034010,7
26206034011,6
26206034012,6
26206034013,6
26206035001,6
26206035002,6
26206035003,6
26206035004,6
26206035005,6
26206035006,6
26206035007,6
26206035008,6
26206036001,6
26206036002,6
26206036003,6
26206036004,6
26206036005,6
26206036006,6
26206036007,6
26206036008,6
26206036009,6
26206036010,6
26206036011,6
26206037001,7
26206037002,6
26206037003,6
26206037004,6
26206037005,6
26206037006,6
26206037007,6
26206038001,6
26206038002,6
26206038003,6
26206038004,6
26206038005,6
26206038006,6
26206038007,6
26206038008,6
26206039001,7
26206039002,7
26206039003,6
26206039004,6
26206040001,7
26206040002,7
26206040003,7
26206040004,7
26206040005,6
26206040006,6
26206040007,7
26206040008,7
26206040009,7
26206040010,7
26206040011,7
26206040012,7
26206041001,7
26206041002,6
26206041003,7
26206041004,7
26206041005,7
26206041006,7
26206041007,6
26206041008,7
26206041009,7
26206041010,7
26206041011,7
26206041012,7
26206041013,6
26206041014,6
26206041015,6
26206041016,6
26206042001,7
26206042002,7
26206042003,7
26206042004,7
26206042005,6
26206042006,7
26206043001,7
26206043002,6
26206043003,7
26206043004,6
26206044001,7
26206044002,7
26206044003,6
26206044004,6
26206044005,6
26206044006,6
26206044007,6
26206044008,6
26206045001,6
26206045002,6
26206045003,7
26206045004,6
26206045005,6
26206045006,6
26206045007,6
26206046001,7
26206046002,7
26206046003,6
26206046004,6
26206046005,7
26206046006,7
26206046007,6
26206046008,6
26206047001,6
26206047002,7
26206047003,6
26206047004,6
26206047005,6
26206047006,6
26206047007,6
26206048001,6
26206048002,6
26206048003,6
26206048004,6
26206048005,7
26206048006,6
26206048007,7
26206048008,7
26206048009,7
26206048010,6
26206048011,6
26206048012,6
26206048013,6
26206048014,6
26206048015,6
26206048016,6
26206048017,6
26206048018,7
26206048019,6
26206048020,7
26206048021,7
26206048022,6
26206048023,6
26206048024,6
26206048025,6
26206048026,7
26206048027,7
26206048028,6
26206048029,7
26206048030,6
26206048031,6
26206048032,7
26206048033,6
26206048034,6
26206048035,6
26206048036,6
26206048037,6
26206048038,6
26206049001,6
26206049002,6
26206049003,7
26206049004,6
26206049005,7
26206049006,6
26206049007,7
26206050001,7
26206050002,7
26206050003,6
26206050004,7
26206050005,6
26206050006,7
26206050007,7
26206050008,7
26206050009,6
26206050010,6
26206051001,7
26206051002,7
26206051003,7
26206051004,7
26206051005,7
26206051006,7
26206051007,7
26207001001,8
26207001002,8
26207001003,8
26207002001,8
26207002002,8
26207003001,8
26207003002,8
26207003004,8
26207004001,8
26207004004,8
26207005001,8
26207005004,8
26207006001,8
26207006004,8
26207007001,8
26207007004,8
26207008004,8
26207008005,8
26207008006,8
26207008009,8
26207009006,8
26207009007,8
26207009008,8
26207010010,8
26207010011,8
26207010012,8
26208101001,5
26208101002,5
26208101003,5
26208101004,5
26208101005,5
26208101006,5
26208101007,5
26208101008,5
26208101009,5
26208101010,5
26208101011,5
26208101012,5
26208101013,5
26208101014,5
26208101015,5
26208101016,5
26208101017,5
26208101018,5
26208101019,5
26208101020,5
26208101021,5
26208202001,5
26208202002,5
26208202003,5
26208202004,5
26208202005,5
26208202006,5
26208202007,5
26208202008,5
26208202009,5
26208202010,5
26208202011,5
26208202012,5
26208202013,5
26208202014,5
26208202015,5
26208202016,5
26208202017,5
26208202018,5
26208202019,5
26208202020,5
26208202021,5
26208202022,5
26208202023,5
26208202024,5
26208202025,5
26208202026,5
26208202028,5
26208202029,5
26208202030,5
26208202031,5
26208202032,5
26208202033,5
26208202034,5
26208202035,5
26208202036,5
26208202037,5
26208202038,5
26208202039,5
26208202040,5
26208202041,5
26208202042,5
26208202043,5
26208202044,5
26208202045,5
26208202046,5
26208202047,5
26208202048,5
26208202049,5
26208202050,5
26208202051,5
26208202052,5
262082030,5
26208303001,5
26208303002,5
26208303003,5
26208303004,5
26208303005,5
26208303006,5
26208303007,5
26208303008,5
26208303009,5
26208303010,5
26208303011,5
26208303012,5
26208303013,5
26208303014,5
26208303015,5
26208303016,5
26208303017,5
26208303018,5
262084020,5
26208404001,5
26208404002,5
26208404003,5
26208404004,5
26208404005,5
26208404006,5
26208404008,5
26208404009,5
26208404010,5
26208404011,5
26208404012,5
26208404013,5
26208404014,5
26208404015,5
26208404016,5
26208404017,5
26208404018,5
26208404019,5
26208404020,5
26208404021,5
26208404022,5
26208404023,5
26208404024,5
26208404025,5
26208404026,5
26208404027,5
26208404028,5
26208404029,5
26208404030,5
262084050,5
26208505001,5
26208505002,5
26208505003,5
26208505004,5
26208505005,5
26208505006,5
26208505007,5
26208505008,5
26208505009,5
26208505011,5
26208505012,5
26208505013,5
26208505014,5
26208505015,5
26208505016,5
26208505017,5
26208505018,5
26208505019,5
26208505020,5
26208505021,5
26208505022,5
26208505023,5
26208505024,5
26208505025,5
26208505026,5
26208505027,5
26208505028,5
26208505029,5
26208505030,5
26208505031,5
26208505032,5
26208505033,5
26208505034,5
26208505035,5
26208505036,5
26208505037,5
26208505038,5
26208505039,5
26208505040,5
26208505041,5
26208505042,5
26208505043,5
26208505044,5
26208505045,5
26208505046,5
26208505047,5
26208505048,5
26208505049,5
26208505050,5
26208505051,5
26208505052,5
26208505053,5
26208505054,5
26208505055,5
26208505056,5
26208505057,5
26208505058,5
26208505059,5
26208505060,5
26208505061,5
262086020,5
26208604001,5
26208604007,5
26208604018,5
26208604029,5
26208606001,5
26208606002,5
262087040,5
26208705004,5
26208705031,5
26208705046,5
26208705052,5
26208705053,5
262088020,5
262088060,5
26209001001,5
26209001002,5
26209001003,5
26209002001,5
26209002002,5
26209002003,5
26209002004,5
26209002005,5
26209003001,5
26209003002,5
26209004001,5
26209004002,5
26209004003,5
26209004004,5
26209004005,5
26209005001,5
26209005002,5
26209005003,5
26209006001,5
26209006002,5
26209006003,5
26209006004,5
26209006005,5
262090070,5
26209008001,5
26209008002,5
26209008003,5
262090090,5
262090100,5
26209011001,5
26209011002,5
26209011003,5
26209011004,5
26209011005,5
26209011006,5
26209011007,5
262090120,5
26209013001,5
26209013002,5
26209013003,5
262090140,5
262090150,5
262090170,5
262090190,5
262090200,5
262090210,5
262090220,5
26209023001,5
26209023002,5
262090240,5
262090250,5
262090270,5
26209029001,5
26209029002,5
26209029003,5
26209029004,5
262090330,5
26209034001,5
26209034002,5
26209041001,5
26209041002,5
26209041003,5
26209041004,5
26209045001,5
26209045002,5
26209045003,5
26209045004,5
26209045005,5
26209050001,5
26209050002,5
26209050003,5
26209053001,5
26209053002,5
26209056001,5
26209056002,5
26209056003,5
26209059001,5
26209059002,5
26209059003,5
26209066001,5
26209066002,5
262090680,5
26209069001,5
26209069002,5
26209071001,5
26209071002,5
262090780,5
26210111001,8
26210111002,8
26210111003,8
26210111004,8
26210111005,8
26210111006,8
26210111007,8
26210111008,8
26210111009,8
26210111010,8
26210111011,8
26210111012,8
26210111013,8
26210111014,8
26210111015,8
26210111016,8
26210111018,8
26210111019,8
26210111020,8
26210111021,8
26210111022,8
26210111023,8
26210111024,8
26210111025,8
26210111026,8
26210111027,8
26210111028,8
26210121051,8
26210121052,8
26210121053,8
26210201001,8
26210201002,8
26210201003,8
26210201004,8
26210201005,8
26210201006,8
26210201007,8
26210201008,8
26210201009,8
26210201010,8
26210201011,8
26210201012,8
26210201013,8
26210201014,8
26210201015,8
26210201016,8
26210201017,8
26210201018,8
26210201019,8
26210201020,8
26210201021,8
26210201022,8
26210201023,8
26210201024,8
26210201025,8
26210201026,8
26210201027,8
26210201028,8
26210201029,8
26210201030,8
26210201031,8
26210201051,8
26210201052,8
26210201053,8
26210201054,8
26210201055,8
26210201057,8
26210202001,8
26210202002,8
26210202003,8
26210202004,8
26210202005,8
26210202006,8
26210202007,8
26210202008,8
26210202009,8
26210202010,8
26210202011,8
26210202012,8
26210202013,8
26210202014,8
26210202015,8
26210202016,8
26210202017,8
26210202052,8
26210202055,8
26210202058,8
26210202059,8
26210202060,8
26210202061,8
26210213001,8
26210213002,8
26210213003,8
26210213004,8
26210213005,8
26210213006,8
26210213007,8
26210213008,8
26210213058,8
26210213059,8
26210213060,8
26210213062,8
26210213063,8
26210223020,8
26210223021,8
26210223022,8
26210311001,8
26210311002,8
26210311003,8
26210311004,8
26210311005,8
26210311006,8
26210311007,8
26210311008,8
26210311009,8
26210311010,8
26210311011,8
26210311012,8
26210311013,8
26210311053,8
26210311054,8
26210311056,8
26210311057,8
26210321021,8
26210321022,8
26210321023,8
26210321024,8
26210321025,8
26210321026,8
26210321027,8
26210321028,8
26210321029,8
26210321030,8
26210321031,8
26210321033,8
26210321034,8
26210402008,8
26210402009,8
26210402010,8
26210402011,8
262104110,8
26210421011,8
26210421012,8
26210421013,8
26210421014,8
26210511002,8
26210511063,8
26210511064,8
26210511065,8
26210512064,8
26210512065,8
26210521004,8
26210521005,8
26210521006,8
26210521007,8
26210522001,8
26210522002,8
26210522003,8
26210603001,8
26210603002,8
26210603003,8
26210603004,8
26210603005,8
26210603006,8
26210603007,8
26210603008,8
26210603009,8
26210603010,8
26210603011,8
26210603012,8
26210603013,8
26210603014,8
26210603016,8
26210603017,8
26210603018,8
26210603019,8
26210603020,8
26210603021,8
26210603022,8
26210603023,8
26210603024,8
26210604001,8
26210604002,8
26210604003,8
26210604004,8
26210604005,8
26210604006,8
26210604007,8
26210604008,8
26210604009,8
26210604010,8
26210604011,8
26210604012,8
26210604013,8
26210604014,8
26210604015,8
26210604016,8
26210604017,8
26210604018,8
26210604019,8
26210604020,8
26210604021,8
26210604023,8
26210604025,8
26210604026,8
26210604027,8
26210604028,8
26210604029,8
26210604030,8
26210604031,8
26210604032,8
26210604034,8
26210604035,8
26210604037,8
26210604038,8
26210604039,8
26210604040,8
26210604041,8
26210604042,8
26210604043,8
26210604044,8
26210604045,8
26210604046,8
26210604047,8
26210604048,8
26210604049,8
26210604050,8
26210604051,8
26210604052,8
26210611001,8
26210611002,8
26210611003,8
26210611004,8
26210611005,8
26210611006,8
26210611007,8
26210611008,8
26210611009,8
26210611010,8
26210611011,8
26210611012,8
26210611013,8
26210611014,8
26210611015,8
26210611016,8
26210611017,8
26210612001,8
26210612002,8
26210612003,8
26210612004,8
26210612005,8
26210612006,8
26210612008,8
26210612009,8
262106150,8
26210616001,8
26210616002,8
26210616003,8
26210616004,8
26210616005,8
26210616007,8
26210616008,8
26210616009,8
26210616011,8
26210616013,8
26210616014,8
26210616015,8
26210616016,8
26210616017,8
26210616018,8
26210616019,8
26210616021,8
26210616022,8
26210621051,8
26210621052,8
26210621053,8
26210621054,8
26210621055,8
26210621056,8
26210621057,8
26210621058,8
26210621059,8
26210621060,8
26210621061,8
26210621062,8
26210621063,8
26210621064,8
26210621065,8
26210621066,8
26210621067,8
26210621068,8
26210621069,8
26210621070,8
26210621071,8
26210621072,8
26210621073,8
26210621074,8
26210621075,8
26210621076,8
26210621077,8
26210622021,8
26210622022,8
26210622023,8
26210622024,8
26210622025,8
26210622029,8
26210622030,8
26210622031,8
26210622033,8
26210622034,8
26210625001,8
26210625002,8
26210625003,8
26210625004,8
26210625005,8
26210625006,8
26210625007,8
26210625008,8
26210625009,8
26210625010,8
26210625012,8
26210625013,8
26210625014,8
26210625015,8
26210625016,8
26210625018,8
26210625019,8
26210625020,8
26210625021,8
26210625023,8
262106260,8
26210636056,8
26210636057,8
26210636058,8
26210636059,8
262107110,8
26210712001,8
26210712002,8
262107130,8
262107210,8
262107220,8
262107230,8
262107310,8
262107410,8
262107510,8
262107610,8
262107710,8
262110010,8
26211002001,8
26211002003,8
26211002004,8
26211003001,8
26211003002,8
26211003003,8
26211004001,8
26211004002,8
26211004003,8
26211004004,8
26211004005,8
26211005001,8
26211005002,8
26211005003,8
26211006001,8
26211006002,8
26211006003,8
26211006004,8
26211007001,8
26211007002,8
26211007003,8
26211008001,8
26211008002,8
26211008003,8
26211008004,8
26211008005,8
26211008006,8
262110090,8
26211010001,8
26211010002,8
26211010003,8
262110110,8
26211012001,8
26211012002,8
26211012003,8
26211013001,8
26211013002,8
262110140,8
262110150,8
262110160,8
26211017001,8
26211017002,8
26211017003,8
26211017004,8
26211017005,8
26211017006,8
26211017007,8
26211017008,8
26211018001,8
26211018002,8
262110190,8
262110200,8
262110210,8
262110220,8
262110230,8
262110240,8
26211025001,8
26211025002,8
26211025003,8
26211025004,8
26212001001,7
26212001002,7
26212001003,7
26212002004,7
26212002005,7
26212002006,7
26212002007,7
26212002008,7
26212003009,7
26212003010,7
26212003011,7
26212003012,7
262120040,7
26212005014,7
26212005015,7
26212005016,7
26212006017,7
26212006018,7
26212006019,7
26212006020,7
26212006021,7
26212007001,7
26212007002,7
26212007003,7
26212007004,7
26212007005,7
26212007006,7
26212007007,7
26212007008,7
26212007009,7
26212007010,7
26212008001,7
26212008002,7
26212008003,7
26212008004,7
26212008005,7
26212008006,7
26212008007,7
26212008008,7
26212009001,7
26212009002,7
26212009003,7
26212009004,7
26212009005,7
26212009006,7
26212009007,7
26212009008,7
26212010001,7
26212010002,7
26212010003,7
26212010004,7
26212010005,7
26212010006,7
26212010007,7
26212010008,7
26212010009,7
26212010010,7
26212010011,7
26212011001,7
26212011002,7
26212011003,7
26212011004,7
26212011005,7
26212011006,7
26212011007,7
26212011008,7
26212011009,7
26212012001,7
26212012002,7
26212012003,7
26212012004,7
26212012005,7
26212012006,7
26212012007,7
26212012008,7
26212013001,7
26212013002,7
26212013003,7
26212013004,7
26212013005,7
26212013006,7
26212014001,7
26212014002,7
26212014003,7
26212014004,7
26212014005,7
26212015002,7
26212015003,7
26212015004,7
26212015005,7
26212015006,7
26212015007,7
26212015008,7
26212016001,7
26212016002,7
26212016003,7
26212016004,7
26212016005,7
26212016006,7
26212016007,7
26212016008,7
26212016013,7
26212017004,7
26212017009,7
26212017010,7
26212017011,7
26212017012,7
26212017013,7
26212017014,7
26212018008,7
26212018015,7
26212019008,7
26212019016,7
26212020040,7
26212020041,7
26212020042,7
26212020043,7
26212020044,7
26212020045,7
262120210,7
26212022019,7
26212022020,7
262120230,7
262120240,7
262120250,7
262120260,7
262120270,7
262120280,7
262120290,7
262120300,7
26212031028,7
26212031029,7
26212031031,7
26212031032,7
26212031033,7
26212031034,7
262120320,7
262120330,7
262120340,7
262120350,7
262120360,7
262120370,7
26212038001,7
26212038002,7
26212038003,7
26212038004,7
26212038005,7
26212038006,7
26212038007,7
26212039001,7
26212039002,7
26212039003,7
26212039004,7
26212039005,7
26212039006,7
26212039007,7
26212039008,7
26212039009,7
26212039010,7
26212040001,7
26212040002,7
26212040003,7
26212040004,7
26212040005,7
26212040006,7
26212040007,7
26212040008,7
26212041001,7
26212041002,7
26212041003,7
26212041004,7
26212041005,7
26212041006,7
26212041007,7
26212041008,7
26212041009,7
26212042001,7
26212042002,7
26212042003,7
26212042004,7
26212042005,7
26212042006,7
26212042007,7
26212042008,7
26212042009,7
26212043001,7
26212043002,7
26212043003,7
26212043004,7
26212043005,7
26212043006,7
26212043007,7
26212043008,7
26212043009,7
26212043010,7
26212043011,7
26212043012,7
26212043013,7
26212043014,7
26212044015,7
26212044016,7
262120450,7
262120460,7
26212047001,7
26212047002,7
26212048001,7
26212048002,7
26212048003,7
26212048004,7
26212049001,7
26212049002,7
26212049003,7
26212049004,7
26212049005,7
262120500,7
262120510,7
262120520,7
26213001001,6
26213001002,6
26213001003,6
26213001004,6
26213001005,6
26213001006,6
26213001007,6
26213001008,6
26213001009,6
26213001010,6
26213002001,6
26213002002,6
26213002003,6
26213002004,6
26213002005,6
26213002006,6
26213002007,6
26213002008,6
26213002009,6
26213002010,6
26213003001,6
26213003002,6
26213003003,6
26213003004,6
26213003005,6
26213003006,6
26213003007,6
26213003008,6
26213003009,6
26213004001,6
26213004002,6
26213004003,6
26213004004,6
26213004005,6
26213004006,6
26213004007,6
26213004008,6
26213004009,6
26213004010,6
26213004011,6
26213004012,6
26213004013,6
26213004014,6
26213004015,6
26213004016,6
26213004017,6
26213004018,6
26213005001,6
26213005002,6
26213005003,6
26213005004,6
26213005005,6
26213005006,6
26213005007,6
26213005008,6
26213005009,6
26213006001,7
26213006002,6
26213006003,6
26213006004,7
26213006005,7
26213007001,7
26213007002,7
26213007003,7
26213007004,7
26213007005,7
26213007006,7
26213007007,7
26213007008,6
26213008001,7
26213008002,6
26213008003,7
26213008004,7
26213008005,6
26213008006,6
26213008007,6
26213008008,6
26213008009,6
26213009001,7
26213009002,6
26213009003,6
26213009004,6
26213009005,6
26213009006,6
26213010001,6
26213010002,7
26213010003,6
26213010004,6
26213010005,7
26213010006,7
26213010007,6
26213010008,6
26213011001,6
26213011002,7
26213011003,7
26213011004,6
26213011005,6
26213011006,6
26213011007,7
26213011008,6
26213012001,7
26213012002,6
26213012003,6
26213012004,6
26213012005,6
26213012006,7
26213012007,6
26213012008,7
26213012009,6
26213012010,6
26213012011,6
26213012012,6
26213012013,6
26213012014,6
26213012015,6
26213013001,6
26213013002,7
26213013003,7
26213013004,6
26213013005,7
26213013006,6
26213013007,7
26213013008,7
26213013009,6
26213013010,6
26213013011,6
26213014001,6
26213014002,6
26213014003,6
26213014004,6
26213014005,6
26213014006,6
26213014007,6
26213014008,6
26213014009,6
26213014010,7
26213015001,6
26213015002,6
26213015003,6
26213015004,6
26213015005,6
26213015006,6
26213016001,7
26213016002,6
26213016003,6
26213017001,7
26213017002,6
26213017003,6
26213017004,6
26213017005,6
26213017006,6
26213018001,6
26213018002,6
26213018003,6
26213018004,6
26213018005,6
26213018006,6
26213018007,6
26213018008,6
26213018009,6
26213018010,6
26213018011,6
26213018012,6
26213018013,6
26213018014,6
26213018015,6
26213019001,7
26213019002,7
26213019003,7
26213019004,7
26213019005,6
26213019006,7
26213019007,7
26213019008,7
262140010,8
262140020,8
262140030,8
262140040,8
262140050,8
262140060,8
262140070,8
262140080,8
262140090,8
26214010001,8
26214010002,8
26214010003,8
26214010004,8
26214010005,8
26214010006,8
26214010007,8
26214010008,8
26214010009,8
26214010010,8
26214010011,8
26214010012,8
26214010013,8
26214010014,8
26214010015,8
26214010016,8
26214010017,8
26214010018,8
26214010019,8
26214010020,8
26214010021,8
26214010022,8
26214010023,8
26214010024,8
26214010025,8
26214010026,8
26214010027,8
26214010028,8
26214010030,8
26214010032,8
26214010033,8
26214010034,8
26214010035,8
26214010036,8
26214010037,8
26214010038,8
26214011001,8
26214011002,8
26214011003,8
26214011004,8
26214011005,8
26214011006,8
26214011007,8
26214011008,8
26214011009,8
26214011010,8
26214011011,8
26214011012,8
26214011013,8
26214011014,8
26214011015,8
26214011016,8
26214011017,8
26214011018,8
26214011019,8
26214011020,8
26214011021,8
26214011022,8
26214011023,8
26214011024,8
26214011025,8
26214011026,8
26214011027,8
26214011028,8
26214011029,8
26214011030,8
26214011031,8
26214011032,8
26214011033,8
26214011034,8
26214011035,8
26214011036,8
26214011037,8
26214011038,8
26214011039,8
26214011040,8
26214011041,8
26214011042,8
26214011043,8
26214011044,8
26214011045,8
26214011046,8
26214011047,8
26214011048,8
26214012001,8
26214012002,8
26214012003,8
26214012004,8
26214012005,8
26214012006,8
26214012007,8
26214012008,8
26214012009,8
26214013001,8
26214013002,8
26214013003,8
26214013004,8
26214013005,8
26214013006,8
26214013007,8
26214013008,8
26214013009,8
26214013010,8
26214013011,8
26214013012,8
26214013013,8
26214013014,8
26214013015,8
26214013016,8
26214013020,8
26214013022,8
26214013024,8
26214013025,8
26214013026,8
26214013027,8
26214013028,8
26214013029,8
26214013030,8
26214013031,8
26214013032,8
26214013033,8
26214013034,8
26214013035,8
26214013036,8
26214013037,8
26214013038,8
26214013039,8
26214013040,8
26214013041,8
26214013042,8
26214013043,8
26214013044,8
26214013045,8
26214014001,8
26214014002,8
26214014003,8
26214014004,8
26214014005,8
26214014006,8
26214014007,8
26214014008,8
26214014009,8
26214014010,8
26214014011,8
26214014012,8
26214014013,8
26214014014,8
26214014015,8
26214014016,8
26214014017,8
26214014018,8
26214014019,8
26214014020,8
26214014021,8
26214014022,8
26214014023,8
26214014024,8
26214014025,8
26214014026,8
26214014027,8
26214014028,8
26214014029,8
26214014030,8
26214014031,8
26214014032,8
26214014033,8
26214014034,8
26214014035,8
26214014036,8
26214015002,8
26214015003,8
26214015004,8
26214015005,8
26214015006,8
26214015007,8
26214015008,8
26214015009,8
26214015010,8
26214015011,8
26214015012,8
26214015013,8
26214015014,8
26214015015,8
26214015016,8
26214015018,8
26214015019,8
26214015020,8
26214015021,8
26214016001,8
26214016002,8
26214016003,8
26214016004,8
26214016005,8
26214016006,8
26214016007,8
26214016008,8
26214016009,8
26214016010,8
26214016011,8
26214016012,8
26214016013,8
26214016014,8
26214016015,8
26214016019,8
26214016020,8
26214016021,8
26214016022,8
26214016023,8
26214016024,8
26214016025,8
26214016026,8
26214016027,8
26214016028,8
26214016029,8
26214016030,8
26214016031,8
26214016032,8
26214016033,8
26214016034,8
26214016035,8
26214016036,8
26214016037,8
26214017001,8
26214017002,8
26214017003,8
26214017004,8
26214017005,8
26214017006,8
26214017007,8
26214017008,8
26214017009,8
26214018001,8
26214018002,8
26214018003,8
26214018004,8
26214018005,8
26214018006,8
26214018007,8
26214019001,8
26214019002,8
26214019003,8
26214019004,8
26214019005,8
26214019006,8
26214019007,8
26214019008,8
26214019009,8
26214020001,8
26214020002,8
26214020003,8
26214020004,8
26214020005,8
26214020006,8
26214020007,8
26214020008,8
26214021001,8
26214021002,8
26214021003,8
26214021004,8
26214021005,8
26214021006,8
26214021007,8
26214021008,8
26214022001,8
26214022002,8
26214022003,8
26214022004,8
26214022005,8
26214022006,8
26214022007,8
26214022008,8
26214022009,8
26214022010,8
26214022011,8
26214022012,8
26214022013,8
26214022014,8
26214022015,8
26214022016,8
26214022017,8
26214022018,8
26214022019,8
26214022020,8
26214022021,8
26214022022,8
26214022023,8
26214022024,8
26214022025,8
26214022026,8
26214022027,8
26214023023,8
26214023024,8
26214023025,8
26214023026,8
26214023027,8
26214023028,8
26214023029,8
26214023030,8
26214023031,8
26214024032,8
26214024033,8
26214024034,8
26214024035,8
26214024036,8
26214024037,8
26214024038,8
26214024039,8
26214024040,8
26214024041,8
26214024042,8
26214024043,8
26214025001,8
26214025002,8
26214025003,8
26214025004,8
26214025005,8
26214025006,8
26214025007,8
26214025008,8
26214025009,8
26214025010,8
26214025011,8
26214025012,8
26214025013,8
26214025014,8
26214025015,8
26214026001,8
26214026002,8
26214026003,8
26214026004,8
26214026005,8
26214026006,8
26214026007,8
26214026008,8
26214026009,8
26214026010,8
26214026011,8
26214026012,8
26214026013,8
26303001001,5
26303001002,5
26303001003,5
26303001004,5
26303001005,5
26303001006,5
26303001007,5
26303001008,5
26303001009,5
26303001010,5
26303001011,5
26303001012,5
26303001013,5
26303001014,5
26303001016,5
26303001017,5
26303001018,5
26303001020,5
26303001021,5
26303001022,5
26303001023,5
26303001024,5
26303001025,5
26303001026,5
26303001027,5
26303001028,5
26303001029,5
26303001030,5
26303001032,5
26303001033,5
26303002001,5
26303002002,5
26303002003,5
26303002004,5
26303002005,5
26303002006,5
26303002007,5
26303002008,5
26303002009,5
26303002010,5
26303002011,5
26303002012,5
26303002013,5
26303002014,5
26303002015,5
26303002016,5
26303002017,5
26303002018,5
26303002019,5
26303002020,5
26303002021,5
26303002022,5
26303002023,5
26303002024,5
26303002025,5
26303002026,5
26303002027,5
26303002028,5
26303002029,5
26303002030,5
26303002031,5
26303002032,5
26303002033,5
26303002034,5
26303002035,5
26303002036,5
26303002037,5
26303002038,5
26303003001,5
26303003002,5
26303003004,5
26303003005,5
26303003007,5
26303003008,5
26303003009,5
26303003010,5
26303003011,5
26303003012,5
26303003014,5
26303003015,5
26303003016,5
26303003017,5
26322001001,8
26322001002,8
26322001003,8
26322001004,8
26322001005,8
26322002001,8
26322002002,8
26322002003,8
26322002004,8
26322002005,8
26322002006,8
26322002007,8
26322002008,8
26322003001,8
26322003002,8
26322003003,8
26322003004,8
26322003005,8
26322003006,8
26322004001,8
26322004002,8
26322004003,8
26322004004,8
26322004005,8
26322004006,8
26322004007,8
26322004008,8
26322004009,8
26322004010,8
26322004011,8
26322004012,8
26322004013,8
26322004014,8
26322005001,8
26322005002,8
26322005003,8
26322005004,8
26322005005,8
26322005006,8
26322005007,8
26322005008,8
26322005009,8
26322005010,8
26322005011,8
26322005012,8
26322005013,8
26322005014,8
26322006001,8
26322006002,8
26322006003,8
26322006004,8
26322006005,8
26322006006,8
26322006007,8
26322006008,8
26322006009,8
26322007001,8
26322007002,8
26322007003,8
26322007004,8
26322008001,8
26322008002,8
26322008003,8
26322008004,8
26322008005,8
26322008006,8
26322008007,8
26322008008,8
26322008009,8
26322008010,8
26322009001,8
26322009002,8
26322009003,8
26322009004,8
26322009005,8
26322009006,8
26322009007,8
26322009008,8
26322009009,8
26322009010,8
26322010001,8
26322010002,8
26322010003,8
26322010004,8
26322010005,8
26322010006,8
26322010007,8
26322010008,8
26322010009,8
26322010010,8
26322010011,8
26322010012,8
26322011001,8
26322011002,8
26322011003,8
26322011004,8
26322011005,8
26322011006,8
26322011007,8
26322011008,8
26322011009,8
26322011010,8
26322011011,8
26322012001,8
26322012002,8
26322012003,8
26322012004,8
26322012005,8
26322012006,8
26322012007,8
26322012008,8
26322012009,8
26322012010,8
26322012011,8
26322012012,8
26322012013,8
26322012014,8
26322012015,8
26322012016,8
26322012017,8
26322012018,8
26322012019,8
26322012020,8
26322013001,8
26322013002,8
26322013003,8
26322013004,8
26322013005,8
26322013006,8
26322013007,8
26322013008,8
26322014001,8
26322014002,8
26322014003,8
26322014004,8
26322014005,8
26322014006,8
26322014007,8
26322015001,8
26322015002,8
26322015003,8
26322015004,8
26322015005,8
26322015006,8
26322015007,8
26322015008,8
26322015009,8
26322015010,8
26322015011,8
26322015012,8
26322015013,8
26322015014,8
26322015015,8
26322015016,8
26322015017,8
26322015018,8
26322015019,8
26322016001,8
26322016002,8
26322016003,8
26322016004,8
26322016005,8
26322016006,8
26322016007,8
26322017001,8
26322017002,8
26322017003,8
26322017004,8
26322017005,8
26322017006,8
26322017007,8
26322017008,8
26322018001,8
26322018002,8
26322018003,8
26322018004,8
26343001001,8
26343001002,8
26343001003,8
26343001004,8
26343001005,8
26343001006,8
26343001007,8
26343002001,8
26343002002,8
26343002003,8
26343002004,8
263430030,8
26344001001,8
26344001002,8
26344001003,8
26344001004,8
26344001005,8
26344001006,8
26344001007,8
26344001013,8
26344002008,8
26344002009,8
26344002010,8
26344002011,8
26344002012,8
26344002014,8
26364001001,8
26364001002,8
26364002003,8
26364002004,8
263640030,8
263640040,8
263650010,8
26365002001,8
26365002002,8
26365002003,8
26365002004,8
26365003001,8
26365003002,8
26365003003,8
26365003004,8
26365003005,8
26365003006,8
26365004001,8
26365004002,8
26365004003,8
26365004004,8
26366001000,8
26366001001,8
26366001002,8
26366001003,8
26366001004,8
26366001005,8
26366001006,8
26366001009,8
26366001010,8
26366001011,8
26366001012,8
26366001013,8
26366001014,8
26366001015,8
26366001016,8
26366001017,8
26366001018,8
26366001019,8
26366001020,8
26366001021,8
26366001022,8
26366001023,8
26366001024,8
26366001025,8
26366001026,8
26366001027,8
26366001028,8
26366001029,8
26366001030,8
26366001033,8
26366001034,8
26366001035,8
26366001036,8
26366001037,8
26366001038,8
26366001039,8
26366001040,8
26366001041,8
26366001042,8
26366001043,8
26366001044,8
26366001046,8
26366001048,8
26366001049,8
26366001050,8
26366001052,8
26366001053,8
26366001054,8
26366001055,8
26366002000,8
26366002001,8
26366002002,8
26366002003,8
26366002004,8
26366002006,8
26366002009,8
26366002010,8
26366002012,8
26366002014,8
26366002016,8
26366002020,8
26366002021,8
26366002023,8
26366002025,8
26366002026,8
26366002028,8
26366002029,8
26366002030,8
26366002031,8
26366002036,8
26366002037,8
26366002038,8
26366003002,8
26366003003,8
26366003005,8
26366003008,8
26366003009,8
26366003010,8
26366003012,8
26366003013,8
26366003014,8
26366003016,8
26366003019,8
26366003021,8
26366004000,8
26366004006,8
26366004008,8
26366004015,8
26366004016,8
26366004017,8
26366004018,8
26366004019,8
26366004021,8
26366004023,8
26366004024,8
26366004025,8
26366004027,8
26366004030,8
26366004031,8
26366004032,8
26366004033,8
26366004034,8
26366005000,8
26366005002,8
26366005003,8
26366005004,8
26366005006,8
26366005008,8
26366005009,8
26366005011,8
26366006000,8
26366006001,8
26366006005,8
26366006006,8
26366006007,8
26366006009,8
26366006010,8
26366006012,8
26366006015,8
26366006017,8
26366006018,8
26366006019,8
26366006020,8
26366006021,8
26366006024,8
26366006027,8
26366006028,8
26366006029,8
26366006030,8
26366006031,8
26366006033,8
26366006034,8
26366006037,8
26366006039,8
26366006040,8
26366006041,8
26366006043,8
26366006044,8
26366006047,8
26366006048,8
26366006049,8
26366006050,8
26366006051,8
26366006052,8
26366006053,8
26366006054,8
26366006057,8
26366006058,8
26366006059,8
26366006063,8
26366007000,8
26366007001,8
26366007002,8
26366007003,8
26366007005,8
26366007006,8
26366007007,8
26366007008,8
26366007009,8
26366007010,8
26366007011,8
26366007012,8
26366007014,8
26366007017,8
26366007018,8
26366007019,8
26366007020,8
26366007024,8
26366007026,8
26366007028,8
26366007029,8
26366007031,8
26366007033,8
26366007034,8
26366007035,8
26366008000,8
26366008001,8
26366008003,8
26366008005,8
26366008009,8
26366008010,8
26366008011,8
26366008013,8
26366008014,8
26366008016,8
26366008017,8
26366008021,8
26366008022,8
26366008025,8
26366008027,8
26366008028,8
26366008029,8
26366008031,8
26366008035,8
26366008038,8
26366009001,8
26366009002,8
26366009003,8
26366009005,8
26366009006,8
26366009007,8
26366009009,8
26366009010,8
26366009013,8
26366009014,8
26366009015,8
26366009016,8
26366009017,8
26366009018,8
26366009019,8
26366009021,8
26366009022,8
26366009023,8
26366009024,8
26366010001,8
26366010003,8
26366010004,8
26366010005,8
26366010007,8
26366010008,8
26366010009,8
26366010010,8
26366010011,8
26366010012,8
26366010013,8
26366010014,8
26366010015,8
26366010016,8
26366010017,8
26366010019,8
26366010020,8
26366010021,8
26366010022,8
26366010023,8
26366010024,8
26366010025,8
26366010027,8
26366011001,8
26366011002,8
26366011003,8
26366011004,8
26366012000,8
26366012001,8
26366012004,8
26366012005,8
26366012009,8
26366012010,8
26366012012,8
26366012013,8
26366012014,8
26366012015,8
26366012016,8
26366012021,8
26366012022,8
26366012023,8
26366012024,8
26366012025,8
26366012026,8
26366012027,8
26366012028,8
26366012029,8
26366012032,8
26366012033,8
26366012034,8
26366012036,8
26366012037,8
26366012038,8
26366012040,8
26366012041,8
26366012042,8
26366012044,8
26366012045,8
26366013001,8
26366013002,8
26366013003,8
26366013004,8
26366013005,8
26366013006,8
26366013007,8
26366013008,8
26366013009,8
263660140,8
26366015001,8
26366015002,8
26366015003,8
26366015004,8
26366015005,8
26366015006,8
26366015007,8
26366015008,8
26366015009,8
26366016000,8
26366016001,8
263670010,8
263670020,8
26367003001,8
26367003002,8
26367003003,8
26367003004,8
26367003005,8
263670040,8
263670050,8
263670060,8
264070010,6
264070020,6
264070030,6
264070040,6
264070050,6
264070060,6
264070070,6
264070080,6
264070090,6
264070100,7
264070110,6
264070120,6
264070130,7
264070140,7
264070150,6
264070160,6
264070170,6
264070180,6
264070190,6
264070200,6
264070210,7
264070220,7
264070230,7
264070240,7
26407025001,6
26407025002,6
26407025003,6
26407025004,6
26407025005,6
26407025006,6
26407025007,6
26407025008,6
264070260,6
264070270,7
264070280,7
264070290,7
264070300,7
264070310,7
264070320,6
264070330,6
264070340,6
264070350,6
264070360,7
264070370,7
264070380,7
264070390,6
264070400,6
264070410,6
264070420,6
264070430,6
264070440,6
264070450,7
264070460,6
264070470,7
264070480,6
264070490,6
264070500,6
264070510,6
264070520,6
264070530,6
264070540,6
264070550,6
26407056001,6
26407056002,6
26407056003,6
26407056004,6
264070570,6
264070580,6
264070590,6
264070600,6
264070610,6
264070620,6
264070630,6
264070640,6
264070650,6
264070660,6
264070670,6
264070680,6
264070690,6
264070700,6
264070710,6
264070720,6
264070730,6
264070740,6
264070750,6
264070760,6
264070770,6
264070780,6
264070790,6
264070800,6
264070810,6
264070820,6
264070830,6
264070840,6
264070850,6
26463001001,7
26463001002,7
26463001003,7
26463001004,7
26463001005,7
26463001006,7
26463001007,7
26463001008,7
26463002001,7
26463002002,7
26463002003,7
26463002004,7
26463002005,7
26463002006,7
26463002007,7
26463002008,7
26463003001,7
26463003002,7
26463003003,7
26463003004,7
26463003005,7
26463003006,7
26463004001,7
26463004002,7
26463004003,7
26463004004,7
26463004005,7
26463004006,7
26463004007,7
26463004008,7
26463004009,7
26463004010,7
26463004011,7
26463004012,7
26463004013,7
26465001001,7
26465001002,7
26465001004,7
26465002002,7
26465002003,7
26465002004,7
26465002005,7
26465002006,7
26465002007,7
264650030,7
264650040,7
264650050,7
264650060,7
264650070,7
264650080,7
264650090,7
264650100,7
264650110,7
26465012001,7
26465012002,7
26465012003,7
26465012004,7
26465013001,7
26465013002,7
26465013003,7
26465014001,7
26465014002,7
26465014003,7
26465014004,7
