unit_id,district
252010010,8
252010020,8
252010030,8
252010040,8
252010050,8
252010060,8
252010070,8
252010080,8
252010090,8
252010100,8
252010110,8
252010120,8
252010130,8
252010140,8
252010150,8
252010160,8
252010170,8
252010180,8
25201023001,8
25201023002,8
25201023003,8
25201023004,8
25201023005,8
25201023006,8
25201024001,8
25201024002,8
25201024003,8
252010270,8
252010280,8
25201029001,8
25201029002,8
252010310,8
252010320,8
252010330,8
252010340,8
252010350,8
252010360,8
252010370,8
252010380,8
252010390,8
25201040001,8
25201040002,8
25201042001,8
25201042002,8
25201042003,8
25201042004,8
25201042005,8
25201042006,8
25201048001,8
25201048002,8
25201048003,8
25201051001,8
25201051002,8
25201051003,8
252010541,8
25201054201,8
25201054202,8
25201054203,8
25201054204,8
25201054205,8
25201054206,8
25201054207,8
25201055101,8
25201055102,8
25201055201,8
25201055202,8
25201055203,8
25201055204,8
25201055205,8
25201055206,8
25201061001,8
25201061002,8
25201061003,8
25201064001,8
25201064002,8
25201064003,8
25201067001,8
25201067002,8
25201067003,8
25201067004,8
252010710,8
25201072001,8
25201072002,8
25201072003,8
25201072004,8
25201072005,8
25201072006,8
25201072007,8
25201072008,8
252010800,8
25201081001,8
25201081002,8
25201081003,8
25201081004,8
25201081005,8
25201081006,8
25201087001,8
25201087002,8
25201089001,8
25201089002,8
25201089003,8
25201089004,8
252010930,8
25201094001,8
25201094002,8
25201094003,8
25201097001,8
25201097002,8
25201097003,8
25201097004,8
25201101001,8
25201101002,8
25201103001,8
25201103002,8
25201103003,8
25201103004,8
252011070,8
252011080,8
25201109001,8
25201109002,8
25201109003,8
25201112001,8
25201112002,8
25201114001,8
25201114002,8
25201114003,8
252011170,8
252011180,8
252011190,8
25201120001,8
25201120002,8
25201120003,8
25201120004,8
252011240,8
25201125001,8
25201125002,8
25201127001,8
25201127002,8
252011290,8
252011300,8
252011310,8
252011320,8
252011330,8
252011340,8
252011350,8
252011360,8
25201137001,8
25201137002,8
25201137003,8
252011400,8
252011410,8
252011420,8
252011430,8
252011440,8
25201145001,8
25201145002,8
252011470,8
252011480,8
252011490,8
252011500,8
252011510,8
252011520,8
252011530,8
25201154001,8
25201154002,8
25201154003,8
25201154004,8
25201154005,8
252011560,8
25201157001,8
25201157002,8
25201157003,8
252011600,8
252011610,8
252011620,8
252011650,8
25201166001,8
25201166002,8
252011680,8
252011690,8
252011700,8
25201171001,8
25201171002,8
252011730,8
252011740,8
25201175001,8
25201175002,8
25201177001,8
25201177002,8
25201179001,8
25201179002,8
25201179003,8
25201179004,8
25201183001,8
25201183002,8
25201183003,8
25201183004,8
252011870,8
252011880,8
252011900,8
25201191001,8
25201191002,8
25201191003,8
252011940,8
252011950,8
25201196001,8
25201196002,8
252011980,8
252011990,8
25201201001,8
25201201002,8
25201201003,8
25201201004,8
252012050,8
252012060,8
252012070,8
25201208001,8
25201208002,8
252012100,8
252012110,8
25201212001,8
25201212002,8
252012140,8
252012150,8
25201216001,8
25201216002,8
25201216003,8
252012190,8
252012200,8
252012210,8
252012220,8
252012230,8
252012240,8
252012260,8
252012270,8
25201228001,8
25201228002,8
25201228003,8
252012300,8
252012320,8
252012330,8
252012340,8
252012350,8
252012360,8
25201237001,8
25201237002,8
25201237003,8
252012390,8
252012400,8
25201242001,8
25201242002,8
252012440,8
25201245001,8
25201245002,8
252012470,8
25201249001,8
25201249002,8
25201251001,8
25201251002,8
25201251003,8
25201251004,8
25201251005,8
25201256001,8
25201256002,8
252012580,8
252012590,8
252012600,8
252012610,8
252012620,8
25201263001,8
25201263002,8
25201263003,8
25201263004,8
25201267001,8
25201267002,8
25201267003,8
25201267004,8
25201267005,8
25201267006,8
252012680,8
25201273101,8
25201273102,8
25201273103,8
25201273104,8
25201273105,8
252012732,8
25201274101,8
25201274102,8
252012742,8
25201275101,8
25201275102,8
25201275103,8
25201275104,8
25201275105,8
25201275106,8
252012752,8
25201276101,8
25201276102,8
25201276103,8
252012762,8
25201277101,8
25201277102,8
25201277103,8
25201277104,8
25201277105,8
25201277106,8
25201277107,8
252012772,8
25201278101,8
25201278102,8
25201278103,8
25201278104,8
25201278105,8
25201278106,8
25201278107,8
252012782,8
25201279101,8
25201279102,8
25201279103,8
25201279104,8
252012792,8
25201280001,8
25201280002,8
25201280003,8
25201281001,8
25201281002,8
25201281003,8
25201282001,8
25201282002,8
25201282003,8
25201282004,8
25201283001,8
25201283002,8
25201283003,8
25201283004,8
25201283005,8
25201283006,8
25201283007,8
25201284001,8
25201284002,8
25201284003,8
25201285001,8
25201285002,8
25201285003,8
25201285004,8
25201286001,8
25201286002,8
25201286003,8
25201286004,8
25201286005,8
25201287001,8
25201287002,8
25201288000,8
25201288001,8
25201288002,8
25201288003,8
25201288004,8
25201288005,8
25201288006,8
25201289001,8
25201289002,8
25201289003,8
25201289004,8
25201289005,8
25201289006,8
25201289007,8
25201289008,8
25201290101,8
25201290102,8
25201290103,8
25201290104,8
25201290105,8
25201290106,8
25201290107,8
252012910,8
25201292101,8
25201292102,8
25201292103,8
252012922,8
25201293101,8
25201293102,8
25201293103,8
252012932,8
25201294101,8
25201294102,8
25201294103,8
252012942,8
25201295101,8
25201295102,8
25201295103,8
252012952,8
252012961,8
252012962,8
25201297101,8
25201297102,8
252012972,8
25201298101,8
25201298102,8
252012982,8
252012991,8
252012992,8
25201300001,8
25201300002,8
25201300003,8
25201300004,8
25201300005,8
25201300006,8
25201300007,8
25201300008,8
25201307001,8
25201307002,8
25201307003,8
25201307004,8
25201307005,8
25201307006,8
25201307007,8
252013080,8
25201310001,8
25201310002,8
25201310003,8
25201310004,8
25201310005,8
25201310006,8
25201313001,8
25201313002,8
25201313003,8
25201313004,8
25201313005,8
25201316001,8
25201316002,8
252013180,8
252013190,8
252013200,8
25201322001,8
25201322002,8
25201322003,8
25201322004,8
25201322005,8
25201322006,8
25201322007,8
25201327001,8
25201327002,8
25201327003,8
25201327004,8
25201327005,8
252013300,8
252013370,8
25201338001,8
25201338002,8
25201338003,8
25201341001,8
25201341002,8
25201341003,8
25201341004,8
25201341005,8
25201341006,8
25201341007,8
25201399001,8
25201399002,8
25201399003,8
25201399004,8
25201400001,8
25201400002,8
25201400003,8
25201400004,8
25201400005,8
25201400006,8
25201400007,8
25201400008,8
252014010,8
25201402001,8
25201402002,8
25201404001,8
25201404002,8
25201406001,8
25201406002,8
252014080,8
252014090,8
252014100,8
252014110,8
252014120,8
252014130,8
25201414001,8
25201414002,8
25201414003,8
252014170,8
252014180,8
25201419001,8
25201419002,8
252014210,8
252014220,8
252014230,8
252014240,8
252014250,8
252014260,8
252014270,8
25201428001,8
25201428002,8
25201428003,8
25202001001,6
25202001002,6
25202001003,6
25202002001,6
25202002002,6
25202002003,6
252020030,6
25202004001,6
25202004002,6
25202004003,6
25202005001,6
25202005002,6
25202005003,6
25202005004,6
252020060,6
25202007001,6
25202007002,6
25202007003,6
252020100,6
25202011001,6
25202011002,6
25202011003,6
25202012001,6
25202012002,6
25202012003,6
25202015001,6
25202015002,6
25202016001,6
25202016002,6
252020170,6
252020180,6
252020190,6
252020200,6
25202021001,6
25202021002,6
25202021003,6
25202021004,6
25202021005,6
25202022001,6
25202022002,6
25202023001,6
25202023002,6
25202024001,6
25202024002,6
25202024003,6
25202027001,6
25202027002,6
25202030001,6
25202030002,6
25202031001,6
25202031002,6
25202033001,6
25202033002,6
252020350,6
25202036002,6
25202036004,6
25202036005,6
25202037001,6
25202037002,6
25202038001,6
25202038002,6
25202038003,6
25202038004,6
25202039001,6
25202039002,6
25202041001,6
25202041002,6
25202043001,6
25202043002,6
25202043003,6
25202043004,6
25202043005,6
25202043006,6
25202043007,6
25202043008,6
25202043009,6
25202043010,6
25202043011,6
25202044001,6
25202044002,6
25202044003,6
25202044004,6
25202044005,6
25202044006,6
25202044008,6
252020450,6
25202046001,6
25202046002,6
25202046003,6
25202046004,6
25202046005,6
25202046006,6
25202046007,6
25202047001,6
25202047002,6
25202047003,6
25202048001,6
25202048002,6
252020490,6
25202050001,6
25202050002,6
25202051001,6
25202051002,6
25202051003,6
25202051004,6
25202051005,6
252020520,6
252020530,6
25202054001,6
25202054002,6
252020550,6
252020560,6
25202057001,6
25202057002,6
25202057003,6
25202057004,6
25202058001,6
25202058002,6
25202058003,6
25202059001,6
25202059002,6
25202059003,6
25202060001,6
25202060002,6
25202060003,6
252020610,6
25202062001,6
25202062002,6
25202062003,6
25202062004,6
25202062005,6
25202063001,6
25202063002,6
252020640,6
25202065001,6
25202065002,6
25202065003,6
252020660,6
25202067001,6
25202067002,6
25202067003,6
25202067004,6
25202067005,6
25202067006,6
25202067007,6
252020680,6
25202069001,6
25202069002,6
25202069003,6
25202069005,6
25202069007,6
25202069008,6
25202069009,6
25202070001,6
25202070002,6
25202071001,6
25202071002,6
25202071003,6
25202071004,6
25202071005,6
25202071007,6
25202071009,6
25202072001,6
25202072002,6
25202072003,6
25202072004,6
252020730,6
252020740,6
25202075002,6
25202075003,6
25202075004,6
25202075005,6
25202075006,6
25202075007,6
25202075008,6
25202075009,6
25202075010,6
25202075011,6
25202075012,6
25202075013,6
25202075014,6
25202075015,6
25202075016,6
25202075017,6
25202075018,6
25202075019,6
25202076001,6
25202076002,6
25202076003,6
25202076004,6
25202076005,6
25202076006,6
25202076007,6
25202076008,6
25202076009,6
252020770,6
25202078001,6
25202078002,6
25202079001,6
25202079002,6
25202079003,6
25202080001,6
25202080002,6
252020810,6
25202082001,6
25202082002,6
25202082003,6
25202082004,6
25202082005,6
252020830,6
252020840,6
252020850,6
25202086001,6
25202086002,6
252020870,6
252020880,6
252020890,6
25202090001,6
25202090002,6
25202090003,6
25202090004,6
25202090005,6
25202090006,6
25202090007,6
25202090008,6
25202090009,6
25202090010,6
25202090011,6
25202090012,6
25202090013,6
25202090014,6
25202090015,6
25202090016,6
25202090017,6
25202090018,6
25202090019,6
25202090020,6
25202090021,6
25202090022,6
25202090023,6
25202090024,6
25202090025,6
25202090026,6
252020910,6
252020920,6
252020930,6
25202094001,6
25202094002,6
25202094003,6
252020950,6
25202096001,6
25202096002,6
25202096003,6
252020970,6
252020980,6
25202099001,6
25202099002,6
252021000,6
25202101001,6
25202101002,6
25202102001,6
25202102002,6
25202102003,6
25202102004,6
25202103001,6
25202103002,6
25202103004,6
25202103005,6
25202103006,6
25202103007,6
25202103008,6
25202104001,6
25202104002,6
25202104003,6
25202104004,6
25202104005,6
25202104006,6
252021050,6
252021060,6
25202107001,6
25202107002,6
25202107003,6
25202107004,6
25202107005,6
252021080,6
252021090,6
252021100,6
252021110,6
252021120,6
252021130,6
25202114001,6
25202114002,6
25202114003,6
25202114004,6
25202114005,6
25202115001,6
25202115002,6
25202115003,6
25202115004,6
25202116001,6
25202116002,6
25202116003,6
252021170,6
25202118001,6
25202118002,6
25202119001,6
25202119002,6
25202119003,6
25202119004,6
252021200,6
25202121001,6
25202121002,6
25202121003,6
25202121004,6
252021220,6
25202123001,6
25202123002,6
25202123003,6
252021240,6
252021250,6
252021260,6
252021270,6
252021280,6
252021290,6
252021300,6
252021310,6
252021320,6
252021330,6
252021340,6
25202135001,6
25202135002,6
252021360,6
252021370,6
252021380,6
252021390,6
25202140001,6
25202140002,6
252021410,6
252030010,8
252030020,8
252030030,8
252030040,8
252030050,8
252030060,8
252030070,8
252030080,8
252030090,8
252030100,8
252030110,8
252030120,8
252030130,8
252030140,8
252030150,8
252030160,8
252030170,8
252030180,8
252030190,8
252030200,8
252030210,8
252030220,8
252030230,8
252030240,8
252030250,8
252030260,8
252030270,8
252030280,8
252030290,8
252030300,8
252030310,8
252030320,8
252030330,8
252030340,8
252030350,8
252030360,8
252030370,8
252030380,8
252030390,8
252030400,8
252030410,8
252030420,8
252030430,8
252030440,8
252030450,8
252030460,8
252030470,8
252030480,8
252030490,8
252030500,8
252030510,8
252030520,8
252030530,8
252030540,8
252030550,8
252030560,8
252030570,8
252030580,8
252030590,8
252030600,8
252030610,8
252030620,8
252030630,8
252030640,8
252030650,8
252030660,8
252030670,8
252030680,8
252030690,8
252030700,8
252030710,8
252030720,8
252030730,8
252030740,8
252030750,8
252030760,8
252030780,8
252030790,8
252030800,8
252030810,8
252030820,8
252030830,8
252030840,8
252030850,8
252030860,8
252030870,8
252030880,8
252030890,8
252030900,8
252030910,8
252030920,8
252030930,8
252030940,8
252030950,8
252030960,8
252030970,8
252030980,8
252030990,8
252031000,8
252031010,8
252031020,8
252031030,8
252031040,8
252031050,8
252031060,8
252031070,8
252031080,8
252031090,8
252031100,8
252031110,8
252031120,8
252031130,8
252031140,8
252031150,8
252031160,8
252031170,8
252031180,8
252031190,8
252031200,8
252031210,8
252031220,8
252031230,8
252031240,8
252031250,8
252031260,8
252031270,8
252031280,8
252031290,8
252031300,8
252031310,8
252031320,8
252031330,8
252031340,8
252031350,8
252031360,8
252031370,8
252031380,8
252031390,8
252031400,8
252031410,8
252031420,8
252031430,8
252031440,8
252031450,8
252031460,8
252031470,8
252031480,8
252031490,8
252031500,8
252031510,8
252031520,8
252031530,8
252031540,8
252031550,8
252031560,8
252031570,8
252031580,8
252031590,8
252031600,8
252031610,8
252031620,8
252031630,8
252031640,8
252031650,8
252031660,8
252031670,8
252031680,8
252031690,8
252031700,8
252031710,8
252031720,8
252031730,8
252031740,8
252031750,8
252031760,8
252031770,8
252031780,8
252031790,8
252031800,8
252031810,8
252031820,8
252031830,8
252031840,8
252031850,8
252031860,8
252031870,8
252031880,8
252031890,8
252031900,8
252031910,8
252031920,8
252031930,8
252031940,8
252031950,8
252031960,8
252031970,8
252031980,8
252031990,8
252032000,8
252032010,8
252032020,8
252032030,8
252032040,8
252032050,8
252032060,8
252032070,8
252032080,8
252032090,8
252032100,8
252032110,8
252032120,8
252032130,8
252032140,8
252032150,8
252032160,8
252032170,8
252032180,8
252032190,8
252032200,8
252032210,8
252032220,8
252032230,8
252032240,8
252032250,8
252032260,8
252032270,8
252032280,8
252032290,8
252032300,8
252032310,8
252032320,8
252032330,8
252032340,8
252032350,8
252032360,8
252032370,8
252032380,8
252032390,8
252032400,8
25203241001,8
25203241002,8
25203241003,8
25203241004,8
25203242001,8
25203242002,8
25203242003,8
252032430,8
252032440,8
252032450,8
252032460,8
252032470,8
252032480,8
252032490,8
25203250011,8
25203250012,8
25203250013,8
25203250014,8
25203250015,8
25203250016,8
25203250017,8
25203250018,8
25203250019,8
25203250020,8
25203250021,8
25203250022,8
25203250023,8
25203250035,8
25203250036,8
252032510,8
252032520,8
252032530,8
252032540,8
252032550,8
252032560,8
252032570,8
252032580,8
252032590,8
252032600,8
252032610,8
252032620,8
252032630,8
252032640,8
252032650,8
252032660,8
252032670,8
252032680,8
252032690,8
252032700,8
252032740,8
252032750,8
252032760,8
252032770,8
252032780,8
252032790,8
252032800,8
252032810,8
252032820,8
252032830,8
252032840,8
252032850,8
252032860,8
252032870,8
252032880,8
252032890,8
252032900,8
252032910,8
252032920,8
252032930,8
252032940,8
252032950,8
252032960,8
252032970,8
252032980,8
252032990,8
252033000,8
252033010,8
252033020,8
252033030,8
252033040,8
252040010,6
252040020,6
252040030,6
252040040,6
252040050,6
252040060,6
252040070,6
252040080,6
252040090,6
252040100,6
252040110,6
252040120,6
252040130,6
252040140,6
252040150,6
252040160,6
252040170,6
252040180,6
252040190,6
252040200,6
252040210,6
252040220,6
252040230,6
252040240,6
252040250,6
252040260,6
252040270,6
252040280,6
252040290,6
252040300,6
252040310,6
252040320,6
252040330,6
252040340,6
252040350,6
252040360,6
252040370,6
252040380,6
252040390,6
252040400,6
252040410,6
252040420,6
252040430,6
252040440,6
252040450,6
252040460,6
252040470,6
252040480,6
252040490,6
252040500,6
252040510,6
252040520,6
252040530,6
252040540,6
252040550,6
252040560,6
252040570,6
252040580,6
252040590,6
252040600,6
252040610,6
252040620,6
252040630,6
252040640,6
252040650,6
252040660,6
252040670,6
252040680,6
252040690,6
252040700,6
252040710,6
252040720,6
252040730,6
252040740,6
252040750,6
252040760,6
252040770,6
252040780,6
252040790,6
252040800,6
252040810,6
252040820,6
252040830,6
252040840,6
252040850,6
252040860,6
252040870,6
252040880,6
252040890,6
252040900,6
252040910,6
252040920,6
252040930,6
252040940,6
252040950,6
252040960,6
252040970,6
252040980,6
252040990,6
25204100101,6
25204100102,6
25204100201,6
25204100203,6
25204100204,6
25204100301,6
25204100302,6
25204100303,6
25204100304,6
252041004,6
252041011,6
252041012,6
252041013,6
252041020,6
252041030,6
252041040,6
252041050,6
252041060,6
252041070,6
252041080,6
252041090,6
252041100,6
252041110,6
252041120,6
252041130,6
252041140,6
252041150,6
252041160,6
252041170,6
252041180,6
252041190,6
252041200,6
252041210,6
252041220,6
252041230,6
252041240,6
252041250,6
252041260,6
252041270,6
252041280,6
252041290,6
252041300,6
252041310,6
252041320,6
252041330,6
252041340,6
252041350,6
252041360,6
252041370,6
252041380,6
252041390,6
252041400,6
252041410,6
252041420,6
252041430,6
252041440,6
252041450,6
252041460,6
252041470,6
252041480,6
252041490,6
252041500,6
252041510,6
252041520,6
252041530,6
252041540,6
252041550,6
252041560,6
252041570,6
252041580,6
252041590,6
252041600,6
252041610,6
252041620,6
252041630,6
252041640,6
252041650,6
252041660,6
252041670,6
252041680,6
252041690,6
252041700,6
252041710,6
252041720,6
252041730,6
252041740,6
252041750,6
252041760,6
252060010,3
252060020,3
252060030,3
252060040,3
25206005101,3
25206005102,3
25206005103,3
25206005104,3
25206005105,3
25206005106,3
25206005107,3
25206005108,3
25206005201,3
25206005202,3
25206005203,3
25206005204,3
25206005205,3
25206005206,3
25206005207,3
25206005208,3
25206005209,3
25206010001,3
25206010002,3
25206010003,3
25206010004,3
25206010005,3
25206010006,3
25206010007,3
25206010008,3
25206014001,3
25206014002,3
25206014003,3
25206014004,3
25206018001,3
25206018002,3
25206018003,3
25206018004,3
25206022001,3
25206022002,3
25206024000,3
25206024001,3
25206025001,3
25206025002,3
25206027001,3
25206027002,3
25206027003,3
25206027004,3
25206031001,3
25206031002,3
25206031003,3
25206034001,3
25206034002,3
25206034003,3
252060370,3
25206038001,3
25206038002,3
25206040001,3
25206040002,3
252060420,3
25206043101,3
25206043102,3
25206043103,3
25206043104,3
25206043105,3
25206043201,3
25206043202,3
25206043203,3
25206043204,3
25206043205,3
25206043206,3
25206043207,3
25206043500,3
25206043501,3
25206043502,3
25206043601,3
25206043602,3
25206043603,3
25206043604,3
25206043605,3
25206043606,3
25206043607,3
25206043608,3
25206043609,3
25206043701,3
25206043702,3
25206043703,3
25206043704,3
25206043705,3
25206044101,3
25206044102,3
25206044103,3
25206044104,3
25206044201,3
25206044202,3
25206044203,3
25206044204,3
25206044205,3
25206044206,3
25206044207,3
25206044208,3
252060443,3
252060450,3
252060460,3
252060470,3
252060480,3
252060490,3
252060500,3
252060510,3
252060520,3
252060530,3
25206054001,3
25206054002,3
25206054003,3
25206054004,3
25206054005,3
25206058001,3
25206058002,3
25206058003,3
25206058004,3
25206058005,3
25206058006,3
25206058007,3
25206058008,3
252060590,3
25206060001,3
25206060002,3
25206060003,3
25206060004,3
25206060005,3
25206060006,3
252060660,3
25206070001,3
25206070002,3
25206070003,3
25206070004,3
252060710,3
252060720,3
252060730,3
252060740,3
252060750,3
252060760,3
252060770,3
252060780,3
252060790,3
252060800,3
252060810,3
252060820,3
252060830,3
252060840,3
252060850,3
25207001101,3
25207001102,3
25207001103,3
25207001104,3
252070012,3
25207002101,3
25207002102,3
25207002103,3
25207002104,3
25207002105,3
25207002106,3
252070022,3
25207003101,3
25207003102,3
25207003103,3
252070032,3
25207004108,3
25207004109,3
25207004201,3
25207004202,3
25207004203,3
25207004204,3
25207004205,3
25207004206,3
25207004207,3
252070050,3
252070060,3
25207007001,3
25207007002,3
25207007003,3
252070080,3
25207009101,3
25207009102,3
25207009103,3
25207009104,3
25207009105,3
25207009106,3
252070092,3
252070100,3
252070110,3
252070120,3
25207013001,3
25207013002,3
25207014001,3
25207014002,3
252070150,3
252070160,3
252070170,3
252070180,3
25207019001,3
25207019002,3
252070200,3
252070210,3
252070220,3
252070230,3
252070240,3
252070250,3
252070260,3
252070270,3
252070280,3
25207029001,3
25207029002,3
25207029003,3
25207030001,3
25207030002,3
25207030003,3
25207030004,3
25207030005,3
25207031001,3
25207031002,3
25207032001,3
25207032002,3
25207033001,3
25207033002,3
252070340,3
25207035001,3
25207035002,3
25207035003,3
25207036001,3
25207036002,3
25207037001,3
25207037002,3
25207037003,3
25207037004,3
25207038001,3
25207038002,3
25207038003,3
25207039001,3
25207039002,3
25207039003,3
25207039004,3
25207039005,3
252070400,3
252070410,3
252070420,3
252070430,3
252070440,3
252070450,3
252080010,3
252080020,3
252080030,3
252080040,3
252080050,3
25208006001,3
25208006002,3
25208006003,3
25208006004,3
25208006005,3
25208006006,3
25208006007,3
25208006008,3
25208006009,3
252080070,3
252080080,3
25208009101,3
25208009102,3
25208009103,3
25208009104,3
25208009105,3
25208009106,3
25208009107,3
25208009108,3
25208009109,3
25208009110,3
25208010001,3
25208010002,3
25208010003,3
252080110,3
252080120,3
252080130,3
252080140,3
25208015001,3
25208015002,3
25208015003,3
25208015004,3
25208015005,3
25208015006,3
25208015007,3
25208015008,3
25208016001,3
25208016002,3
25208016003,3
25208016004,3
25208016005,3
25208016006,3
25208016007,3
252080170,3
252080180,3
252080190,3
252080201,3
252080202,3
252080210,3
252080220,3
252080230,3
252080240,3
252080250,3
252080260,3
252080270,3
25208028101,3
25208028102,3
25208028103,3
25208028104,3
25208028105,3
25208028106,3
25208028107,3
25208028108,3
25208028109,3
25208028110,3
252080290,3
252080300,3
25208031001,3
25208031002,3
25208031003,3
25208031004,3
25208032001,3
25208032002,3
25208032003,3
25208032004,3
25208032005,3
25208032006,3
252080330,3
252080340,3
252090010,6
252090020,6
252090030,6
252090040,6
252090050,6
252090062,6
25209006401,6
25209006402,6
252090065,6
252090070,6
252090080,6
252090090,6
252090100,6
252090110,6
25209012101,6
25209012102,6
25209012200,6
25209012203,6
25209012204,6
252090130,6
252090140,6
252090150,6
252090160,6
252090170,6
252090180,6
252090200,6
252090210,6
252090220,6
252090230,6
252090240,6
252090250,6
252090260,6
252090270,6
252090280,6
252090290,6
252090300,6
252090310,6
252090320,6
252090330,6
25209034001,6
25209034002,6
25209034003,6
252090370,6
252090380,6
252090390,6
252090400,6
252090410,6
252090420,6
25209043001,6
25209043002,6
252090450,6
252090460,6
252090470,6
252090480,6
252090490,6
252090500,6
252090510,6
252090520,6
252090530,6
252090540,6
252090550,6
252090560,6
252090570,6
252090580,6
252090591,6
252090592,6
252090600,6
252090610,6
252090620,6
252090630,6
252090640,6
252090650,6
252090660,6
252090670,6
252090680,6
252090690,6
252090700,6
252090710,6
252090720,6
252090730,6
252090740,6
252090750,6
252090760,6
252090770,6
252090780,6
252090790,6
252090800,6
252090810,6
252090820,6
252090830,6
252090840,6
252090850,6
252090860,6
252090870,6
252090880,6
252090890,6
252090900,6
252090910,6
252090920,6
252090930,6
252090940,6
252090950,6
252090960,6
252090970,6
252090980,6
252090990,6
252091000,6
252091010,6
252091020,6
252091030,6
252091040,6
252091050,6
252091060,6
252091070,6
252091080,6
25209109001,6
25209109023,6
252091100,6
252091110,6
25209112002,6
25209112003,6
252091130,6
252091140,6
252091150,6
252091160,6
252091170,6
252091180,6
252091190,6
252091200,6
252091210,6
252091220,6
252091230,6
252091240,6
252091250,6
252091260,6
252091270,6
25209128001,6
25209128002,6
25209128003,6
25209128004,6
25209129001,6
25209129002,6
25209129003,6
25209129004,6
25209129005,6
25209129006,6
25209129007,6
25209129008,6
25209129009,6
25209129010,6
25209130001,6
25209130002,6
25209130003,6
25209130004,6
25209130005,6
252091310,6
252091320,6
252091330,6
252091340,6
252091350,6
252091360,6
252091370,6
252091380,6
252091390,6
252091400,6
252091410,6
252091420,6
252091430,6
252091440,6
252091450,6
252091460,6
252091470,6
252091480,6
252091490,6
252091500,6
252091510,6
252091520,6
252091530,6
252100010,3
252100020,3
252100030,3
252100040,3
252100050,3
252100060,3
252100070,3
252100080,3
252100090,3
252100100,3
252100110,3
252100120,3
252100130,3
252100140,3
25210016001,3
25210016002,3
252100170,3
252100180,3
252100190,3
252100200,3
252100210,3
252100220,3
252100230,3
252100240,3
25210025001,3
25210025002,3
252100260,3
252100270,3
252100271,3
252100280,3
252100290,3
252100300,3
252100310,3
252100320,3
252100330,3
252100340,3
252100350,3
252100360,3
252100370,3
252100380,3
252100390,3
252100400,3
252100410,3
252100420,3
252100430,3
252100440,3
252100450,3
252100460,3
252100470,3
252100480,3
252100490,3
252100500,3
25210051001,3
25210051002,3
25210051003,3
25210051004,3
25210051005,3
25210051006,3
252100520,3
252100530,3
252110010,6
252110020,6
252110030,6
252110040,6
25211005101,6
25211005102,6
25211005103,6
252110052,6
25211006101,6
25211006102,6
25211006103,6
25211006104,6
252110062,6
25211007001,6
25211007002,6
25211007003,6
25211007004,6
25211007005,6
252110120,6
252110130,6
252110140,6
25211015301,6
25211015302,6
25211015401,6
25211015402,6
25211015403,6
25211015404,6
25211015601,6
25211015602,6
25211015603,6
25211015604,6
25211015701,6
25211015702,6
25211015703,6
25211015704,6
25211015705,6
25211015706,6
25211015801,6
25211015802,6
25211015803,6
25211015804,6
25211015805,6
25211015806,6
25211015807,6
252110159,6
252110160,6
252110170,6
25211018001,6
25211018002,6
25211018003,6
25211018004,6
252110220,6
252110230,6
252110240,6
252110250,6
252110260,6
252110261,6
252110270,6
252110280,6
25211029001,6
25211029002,6
25211029003,6
25211030101,6
25211030102,6
25211030201,6
25211030202,6
25211030203,6
25211030204,6
25211030205,6
25211030301,6
25211030302,6
25211030303,6
25211030304,6
25211030401,6
25211030402,6
252110305,6
25211031100,6
25211031101,6
25211031102,6
25211031103,6
25211031104,6
25211031105,6
25211032100,6
25211032101,6
25211032102,6
25211032103,6
25211032104,6
25211032105,6
25211032106,6
25211032107,6
25211033001,6
25211033002,6
25211034001,6
25211034002,6
25211034003,6
25211034004,6
25211035001,6
25211035002,6
25211036001,6
25211036002,6
25211036003,6
25211037001,6
25211037002,6
25211037003,6
25211037004,6
25211037005,6
25211037006,6
25211038001,6
25211038002,6
25211038003,6
25211038004,6
25211038005,6
25211038006,6
25211038007,6
25211038008,6
25211039001,6
25211039002,6
25211039003,6
25211039004,6
25211039005,6
25211039006,6
25211039007,6
25211039008,6
25211040001,6
25211040002,6
25211041001,6
25211041002,6
25211041003,6
25211041004,6
25212001001,8
25212001002,8
25212001003,8
25212001004,8
25212001005,8
25212001006,8
252120020,8
252120030,8
252120040,8
252120050,8
252120060,8
252120070,8
252120080,8
252120090,8
252120100,8
252120110,8
252120120,8
252120130,8
252120140,8
252120150,8
252120160,8
252120170,8
252120180,8
252120190,8
252120200,8
252120210,8
252120220,8
25212023001,8
25212023002,8
252120240,8
252120250,8
252120260,8
252120270,8
252120280,8
252120290,8
252120300,8
252120310,8
252120320,8
25212033001,8
25212033002,8
25212034001,8
25212034002,8
25212035001,8
25212035002,8
25212036001,8
25212036002,8
25212037001,8
25212037002,8
25212038001,8
25212038002,8
25212039001,8
25212039002,8
252120400,8
252120410,8
252120420,8
252120430,8
252120440,8
252120450,8
252120460,8
252120470,8
252120480,8
252120490,8
252120500,8
252120510,8
252120520,8
252120530,8
252120540,8
252120550,8
252120560,8
252120570,8
252120580,8
252120590,8
252120600,8
252120610,8
252120620,8
252120630,8
252120640,8
252120650,8
252120660,8
252120670,8
252120680,8
252120690,8
252120700,8
252120710,8
252120720,8
252120730,8
252120740,8
252120750,8
252120760,8
252120770,8
252120780,8
252120790,8
252120800,8
252120810,8
252120820,8
252120830,8
252120840,8
252120850,8
252120860,8
252120870,8
25212088001,8
25212088002,8
25212088003,8
25212088004,8
25212089001,8
25212089002,8
25212089003,8
25212089004,8
252120900,8
252120910,8
252120920,8
252120930,8
252120940,8
252120950,8
252120960,8
252120970,8
252120980,8
252120990,8
25212100001,8
25212100002,8
252121010,8
252121020,8
252121030,8
252121040,8
252121050,8
252121060,8
252121070,8
252121080,8
252121090,8
252121100,8
252121110,8
252121120,8
25212113001,8
25212113002,8
25212113003,8
25212114101,8
25212114102,8
252121142,8
25212115101,8
25212115102,8
252121152,8
25212116101,8
25212116102,8
25212116103,8
252121162,8
252121170,8
252121180,8
252121190,8
25212120001,8
25212120002,8
252121210,8
25212122001,8
25212122002,8
252121230,8
252121240,8
252121250,8
252121260,8
252130010,6
252130020,6
252130030,6
252130040,6
252130050,6
252130060,6
252130070,6
252130080,6
252130090,6
252130100,6
252130110,6
252130120,6
252130130,6
252130140,6
252130150,6
252130160,6
252130170,6
252130180,6
252130190,6
252130200,6
252130210,6
252130220,6
252130230,6
252130240,6
252130250,6
252130260,6
252130270,6
252130280,6
252130290,6
252130300,6
252130310,6
252130320,6
252130330,6
25213034001,6
25213034002,6
252130360,6
252130370,6
252130380,6
252130390,6
252130400,6
252130410,6
252130420,6
252130430,6
252130440,6
252130450,6
252130460,6
252130470,6
252130480,6
252130490,6
252130500,6
252130510,6
252130520,6
252130530,6
252130540,6
252130550,6
252130560,6
252130570,6
252130580,6
25213059001,6
25213059002,6
25213059003,6
25213062001,6
25213062002,6
25213062003,6
252130650,6
252130660,6
252130670,6
252130680,6
252130690,6
252130700,6
252130710,6
252130720,6
252130730,6
25213074001,6
25213074002,6
25213074003,6
25213074004,6
25213074005,6
25213079001,6
25213079002,6
25213079003,6
25213079004,6
25213079005,6
25213084001,6
25213084002,6
252130850,6
252130860,6
252130870,6
25213088001,6
25213088002,6
252130890,6
252130900,6
252130910,6
252130920,6
252130930,6
25213094000,6
25213094001,6
25213094100,6
25213094101,6
252130950,6
252130960,6
252130970,6
252130980,6
252130990,6
252131000,6
252131010,6
252131020,6
252131030,6
252131040,6
252131050,6
252131060,6
252131070,6
252131080,6
252131090,6
252131100,6
252131110,6
252131120,6
252131130,6
252131140,6
252131150,6
252131160,6
252131170,6
252131180,6
252131190,6
252131200,6
252131210,6
252131220,6
252131230,6
252131240,6
252131250,6
252131260,6
252131270,6
252131280,6
252131290,6
252131300,6
252131310,6
252131320,6
252131330,6
252131340,6
252131350,6
252131360,6
252131370,6
252131380,6
252131390,6
252131400,6
252131410,6
252131420,6
252131430,6
252131440,6
252131450,6
252131460,6
252131470,6
252131480,6
252131490,6
252131500,6
252131510,6
252131520,6
252131530,6
252131540,6
252131550,6
252131560,6
252131570,6
252131580,6
252131590,6
252131600,6
252131610,6
252131620,6
252131630,6
252131640,6
252131650,6
252131660,6
252131670,6
252131680,6
252131690,6
252131700,6
252131710,6
252131720,6
252131730,6
252131740,6
252131750,6
252131760,6
252131770,6
252131780,6
252131790,6
252131800,6
252131810,6
252131820,6
252131830,6
252131840,6
252131850,6
252131860,6
252131870,6
252131880,6
252131890,6
252131900,6
252131910,6
252131920,6
252131930,6
252131940,6
252131950,6
252131960,6
252131970,6
252131980,6
252131990,6
252132000,6
252132010,6
252132020,6
252132030,6
252132040,6
252132050,6
252132060,6
252132070,6
252132080,6
252132090,6
252132100,6
252132110,6
252132120,6
252132130,6
252132140,6
252132150,6
252132160,6
252132170,6
252132180,6
252132190,6
252132200,6
252132210,6
252132220,6
252132230,6
252132240,6
252132250,6
252132260,6
252132270,6
252132280,6
252132290,6
252132300,6
252132310,6
252132320,6
252132330,6
252132340,6
252132350,6
252132360,6
252132370,6
252132380,6
252132390,6
252132400,6
252140010,8
252140020,8
252140030,8
25214004001,8
25214004002,8
252140050,8
25214006001,8
25214006002,8
25214007001,8
25214007002,8
252140080,8
252140090,8
252140100,8
252140110,8
252140120,8
252140130,8
252140140,8
252140150,8
252140160,8
252140170,8
252140180,8
252140190,8
252140200,8
25214021001,8
25214021002,8
252140220,8
252140230,8
252140240,8
252140250,8
252140260,8
252140270,8
252140280,8
252140290,8
252140300,8
252140310,8
252140320,8
252140330,8
252140340,8
252140350,8
252140360,8
252140370,8
252140380,8
252140390,8
252140400,8
252140410,8
252140420,8
252140430,8
252140440,8
252140450,8
252140460,8
252140470,8
252140480,8
252140490,8
252140500,8
252140510,8
252140520,8
252140530,8
252140540,8
252140550,8
252140560,8
252140570,8
252140580,8
252140590,8
252140600,8
252140610,8
252140620,8
252140630,8
252140640,8
252140650,8
252140660,8
252140670,8
252140680,8
252140690,8
252140700,8
252140710,8
252140720,8
252140730,8
252140740,8
252140750,8
252140760,8
252140770,8
252140780,8
252140790,8
252140800,8
252140810,8
252140820,8
25214083001,8
25214083002,8
252140840,8
252140850,8
252140860,8
252140870,8
252140880,8
252140890,8
252140900,8
252140910,8
25383001001,6
25383001002,6
25383001003,6
25383001004,6
25383001005,6
253830020,6
253830030,6
253830040,6
253830050,6
25383006001,6
25383006002,6
25383006003,6
25383006004,6
25383006005,6
253830070,6
25383008001,6
25383008002,6
25383008003,6
25383009001,6
25383009002,6
25383009003,6
253830100,6
253830110,6
253830120,6
253830130,6
253830140,6
253830150,6
253830160,6
253830170,6
253830180,6
253830190,6
253830200,6
253830210,6
253830220,6
253830230,6
253830240,6
253830250,6
25383026001,6
25383026002,6
25383026003,6
25383026004,6
253830270,6
253830280,6
253830290,6
253830300,6
253830310,6
253830320,6
253830330,6
25383034001,6
25383034002,6
25383034003,6
25383034004,6
25383034005,6
25383034006,6
25383034007,6
253830350,6
253830360,6
253830370,6
25383038001,6
25383038002,6
253830390,6
25383040001,6
25383040002,6
25383040003,6
25383041001,6
25383041002,6
25383042001,6
25383042002,6
253830430,6
253830440,6
253830450,6
253830460,6
253830470,6
253830480,6
25383049001,6
25383049002,6
253830500,6
25383051001,6
25383051002,6
25383051003,6
25383051004,6
25383051005,6
25383052001,6
25383052002,6
25383052003,6
25383052004,6
253830530,6
253830540,6
253830550,6
253830560,6
253830570,6
253830580,6
253830590,6
253830600,6
253830610,6
253830620,6
253830630,6
253840010,6
253840020,6
253840030,6
253840040,6
253840050,6
253840060,6
253840070,6
253840080,6
253840090,6
253840100,6
253840110,6
253840120,6
253840130,6
253840140,6
253840150,6
253840160,6
253840170,6
253840180,6
253840190,6
253840200,6
253840210,6
253840220,6
253840230,6
253840240,6
254250010,6
254250020,6
254250030,6
254250040,6
254250050,6
254250060,6
254250070,6
254250080,6
254250090,6
254250100,6
254250110,6
254250120,6
254250130,6
254250140,6
254250150,6
254250160,6
254250170,6
254250180,6
254250190,6
254250200,6
254250210,6
254250220,6
254250230,6
254250240,6
254250250,6
254250260,6
254250270,6
254250280,6
254250290,6
254250300,6
254250310,6
254250320,6
254250330,6
254250340,6
254250350,6
254250360,6
254250370,6
254250380,6
254250390,6
254250400,6
254250410,6
254250420,6
254410010,6
254410020,6
254410030,6
254410040,6
254410050,6
254410060,6
254410070,6
254410080,6
254410090,6
254410100,6
254410110,6
254410120,6
254410130,6
254410140,6
254410150,6
254410160,6
254420010,6
254420020,6
254420030,6
254420040,6
254420050,6
254420060,6
254420070,6
254420080,6
254420090,6
25442010001,6
25442010002,6
254420120,6
254420130,6
254430010,6
254430020,6
254430030,6
254430040,6
254430050,6
254430060,6
254430070,6
254430080,6
254430090,6
254430100,6
254430110,6
254430120,6
254430130,6
254430140,6
254430150,6
254430160,6
254430170,6
254430180,6
254430190,6
254430200,6
254430210,6
254430220,6
254430230,6
254430240,6
254430250,6
254430260,6
254430270,6
254430280,6
254430290,6
254430300,6
254430310,6
254430320,6
254430330,6
254430340,6
254430350,6
254430360,6
254430370,6
254430380,6
254430390,6
26,0
26101001001,5
26101001002,5
26101001003,5
26101001004,5
26101001005,5
26101001006,5
26101001007,5
26101001008,5
26101001009,5
26101001010,5
26101001011,5
26101001012,5
26101001013,5
26101001014,5
26101001015,5
26101001016,5
26101001017,5
26101001018,5
26101001019,5
26101001020,5
26101001021,5
26101001022,5
26101002001,5
26101002002,5
26101002003,5
26101002004,5
26101002005,5
26101002006,5
26101002007,5
26101002008,5
26101002009,5
26101002010,5
26101002011,5
26101002012,5
26101002013,5
26101002014,5
26101002015,5
26101002016,5
26101002017,5
26101002018,5
26101002019,5
26101002020,5
26101002021,5
26101002022,5
26101002023,5
26101002024,5
26101002025,5
26101002026,5
26101003001,5
26101003002,5
26101003003,5
26101003004,5
26101003005,5
26101003006,5
26101003007,5
26101003008,5
26101003009,5
26101003010,5
26101003011,5
26101003012,5
26101003013,5
26101003014,5
26101003015,5
26101003016,5
26101003017,5
26101003018,5
26101003019,5
26101003020,5
26101003021,5
26101003022,5
26101004001,5
26101004002,5
26101004003,5
26101004004,5
26101004005,5
26101004006,5
26101004007,5
26101004008,5
26101004009,5
26101004010,5
26101004011,5
26101004012,5
26101004013,5
26101004014,5
26101004015,5
26101004016,5
26101004017,5
26101005001,5
26101005002,5
26101005003,5
26101005004,5
26101005005,5
26101005006,5
26101005007,5
26101005008,5
26101005009,5
26101005010,5
26101006001,5
26101006002,5
26101006003,5
26101006004,5
26101006005,5
26101006006,5
26101006007,5
26101006008,5
26101006009,5
26101006010,5
26101006011,5
26101006012,5
26101006013,5
26101006014,5
26101006015,5
26101006016,5
26101006017,5
26101006018,5
26101006019,5
26101006020,5
26101006021,5
26101006022,5
26101006023,5
26101006024,5
26101006025,5
26101006026,5
26101006027,5
26101006028,5
26101006029,5
26101006030,5
26101006031,5
26101006032,5
26101006033,5
26101006034,5
26101006035,5
26101006036,5
26101006037,5
26101006038,5
26101006039,5
26101006040,5
26101006041,5
26101006042,5
26101007001,5
26101007002,5
26101007003,5
26101007004,5
26101007005,5
26101007006,5
26101007007,5
26101007008,5
26101007009,5
26101007010,5
26101007011,5
26101007012,5
26101007013,5
26101007014,5
26101007015,5
26101007016,5
26101007017,5
26101007018,5
26101007019,5
26101007020,5
26101007021,5
26101007022,5
26101007023,5
26101007024,5
26101007025,5
26101007026,5
26101007027,5
26101007028,5
26101007029,5
26101007030,5
26101007031,5
26101007032,5
26101007033,5
26101007034,5
26101007035,5
26101007036,5
26101007037,5
26101007038,5
26101007039,5
26101007040,5
26101007041,5
26101007042,5
26101007043,5
26101007044,5
26101007045,5
26101007046,5
26101007047,5
26101007048,5
26101007049,5
26101007050,5
26101007051,5
26101007052,5
26101007053,5
26101007054,5
26101007056,5
26101007057,5
26101007058,5
26101007059,5
26101007060,5
26101007061,5
26101007062,5
26101007063,5
26101007064,5
26101007065,5
26101007066,5
26101007067,5
26101007068,5
26101007069,5
26101007070,5
26101007071,5
26101007072,5
26101007073,5
26101007074,5
26101007075,5
26101007076,5
26101007077,5
26101007078,5
26101007079,5
26101007080,5
26101007081,5
26101007082,5
26101007083,5
26101008001,5
26101008002,5
26101008003,5
26101008004,5
26101008005,5
26101008006,5
26101008007,5
26101008008,5
26101008009,5
26101008010,5
26101008011,5
26101008012,5
26101008013,5
26101008014,5
26101008015,5
26101008016,5
26101008017,5
26101008018,5
26101008019,5
26101008020,5
26101008021,5
26101008022,5
26101008023,5
26101008024,5
26101008025,5
26101008026,5
26101008027,5
26101008028,5
26101008029,5
26101008030,5
26101008031,5
26101008032,5
26101008033,5
26101008034,5
26101008035,5
26101008036,5
26101008037,5
26101008038,5
26101008039,5
26101008040,5
26101008041,5
26101008042,5
26101008043,5
26101008044,5
26101008045,5
26101008046,5
26101008047,5
26101008048,5
26101008049,5
26101008050,5
26101009001,5
26101009002,5
26101009003,5
26101009004,5
26101009005,5
26101009006,5
26101009007,5
26101009008,5
26101009009,5
26101009010,5
26101009011,5
26101009012,5
26101009013,5
26101009014,5
26101009015,5
26101009016,5
26101009017,5
26101009018,5
26101009019,5
26101009020,5
26101009021,5
26101009022,5
26101009023,5
26101009024,5
26101009025,5
26101009026,5
26101009027,5
26101009028,5
26101009029,5
26101009030,5
26101009031,5
26101009032,5
26101009033,5
26101009034,5
26101010001,5
26101010002,5
26101010003,5
26101010004,5
26101010005,5
26101010006,5
26101010007,5
26101010008,5
26101010009,5
26101010010,5
26101010011,5
26101010012,5
26101011001,5
26101011002,5
26101011003,5
26101011004,5
26101011005,5
26101011006,5
26101011007,5
26101011008,5
26101011009,5
26101011010,5
26101011011,5
26101011012,5
26101011013,5
26101011014,5
26101011015,5
26101011016,5
26101011017,5
26101011018,5
26101011019,5
26101011020,5
26101011021,5
26101011022,5
26101011023,5
26101011024,5
26101011025,5
26101012001,5
26101012002,5
26101012003,5
26101012004,5
26101012005,5
26101012006,5
26101012007,5
26101012008,5
26101013001,5
26101013002,5
26101013003,5
26101013004,5
26101013005,5
26101014001,5
26101014002,5
26101014003,5
26101014004,5
26101014005,5
26101014006,5
26101014007,5
26101014008,5
26101014009,5
26101014010,5
26101015001,5
26101015002,5
26101015003,5
26101015004,5
26101015005,5
26101015006,5
26101015007,5
26101015008,5
26101015009,5
26101015010,5
26101015011,5
26101015012,5
26101015013,5
26101015014,5
26101015015,5
26101015016,5
26101015017,5
26101015018,5
26101015019,5
26101016001,5
26101016002,5
26101016003,5
26101016004,5
26101016005,5
26101016006,5
26101016007,5
26101016008,5
26101016009,5
26101016010,5
26101016011,5
26101016012,5
26101016013,5
26101016014,5
26101016015,5
26101016016,5
26101016017,5
26101016018,5
26101016019,5
26101016020,5
26101016021,5
26101016022,5
26101016023,5
26101016024,5
26101016025,5
26101016026,5
26101016027,5
26101016028,5
26101016029,5
26101016030,5
26101016031,5
26101016032,5
26101017001,5
26101017002,5
26101017003,5
26101017004,5
26101017005,5
26101017006,5
26101017007,5
26101017008,5
26101017009,5
26101017010,5
26101017011,5
26101017012,5
26101017013,5
26101017014,5
26101017015,5
26101018001,5
26101018002,5
26101018003,5
26101018004,5
26101018005,5
26101018006,5
26101018007,5
26101018008,5
26101018009,5
26101018010,5
26101018011,5
26101018012,5
26101018013,5
26101018014,5
26101018015,5
26101018016,5
26101019001,5
26101019002,5
26101019003,5
26102001001,1
26102001002,1
26102001003,1
26102001004,1
26102001005,1
26102001006,1
26102001007,1
26102001008,1
26102001009,1
26102001010,1
26102001011,1
26102001012,1
26102001013,1
26102001014,1
26102001015,1
26102001016,1
26102001017,1
26102001018,1
26102001019,1
26102001020,1
26102001021,1
26102001022,1
26102001023,1
26102001024,1
26102001025,1
26102001026,1
26102001027,1
26102001028,1
26102001029,1
26102001030,1
26102001031,1
26102002001,1
26102002002,1
26102002003,1
26102002004,1
26102002005,1
26102002006,1
26102002007,1
26102002008,1
26102002009,1
26102002010,1
26102002011,1
26102002012,1
26102002013,1
26102002014,1
26102002015,1
26102002016,1
26102002017,1
26102002018,1
26102002019,1
26102002020,1
26102002021,1
26102002022,1
26102002023,1
26102002024,1
26102002025,1
26102002026,1
26102002027,1
26102002028,1
26102002029,1
26102002030,1
26102002031,1
26102002032,1
26102002033,1
26102002034,1
26102002035,1
26102002036,1
26102002037,1
26102002038,1
26102002039,1
26102002040,1
26102002041,1
26102002042,1
26102002043,1
26102002044,1
26102002045,1
26102002046,1
26102003001,1
26102003002,1
26102003003,1
26102003004,1
26102003005,1
26102003006,1
26102003007,1
26102003008,1
26102003009,1
26102003010,1
26102003011,1
26102003012,1
26102003013,1
26102003014,1
26102003015,1
26102003016,1
26102003017,1
26102003018,1
26102003019,1
26102003020,1
26102003021,1
26102003022,1
26102003023,1
26102003024,1
26102003025,1
26102003026,1
26102003027,1
26102003028,1
26102003029,1
26102003030,1
26102003031,1
26102003032,1
26102003033,1
26102003034,1
26102003035,1
26102003036,1
26102004001,1
26102004002,1
26102004003,1
26102004004,1
26102004005,1
26102004006,1
26102004007,1
26102004008,1
26102004009,1
26102004010,1
26102004011,1
26102004012,1
26102004013,1
26102004014,1
26102004015,1
26102004016,1
26102004017,1
26102004018,1
26102004019,1
26102004020,1
26102004021,1
26102004022,1
26102004023,1
26102004024,1
26102004025,1
26102004026,1
26102004027,1
26102004028,1
26102004029,1
26102004030,1
26102005001,1
26102005002,1
26102005003,1
26102005004,1
26102005005,1
26102005006,1
26102005007,1
26102005008,1
26102005009,1
26102005010,1
26102005011,1
26102005012,1
26102005013,1
26102005014,1
26102005015,1
26102005016,1
26102005017,1
26102005018,1
26102005019,1
26102005020,1
26102005021,1
26102005022,1
26102005023,1
26102005024,1
26102005025,1
26102005026,1
26102005027,1
26102005028,1
26102005029,1
26102005030,1
26102005031,1
26102005032,1
26102005033,1
26102005034,1
26102005035,1
26102005036,1
26102006001,1
26102006002,1
26102006003,1
26102006004,1
26102006005,1
26102006006,1
26102006007,1
26102006008,1
26102006009,1
26102006010,1
26102006011,1
26102006012,1
26102006013,1
26102006014,1
26102006015,1
26102006016,1
26102006017,1
26102006018,1
26102006019,1
26102006020,1
26102006021,1
26102006022,1
26102006023,1
26102007001,1
26102007002,1
26102007003,1
26102007004,1
26102007005,1
26102007006,1
26102007007,1
26102007008,1
26102007009,1
26102007010,1
26102007011,1
26102007012,1
26102007013,1
26102007014,1
26102007015,1
26102007016,1
26102007017,1
26102007018,1
26102007019,1
26102007020,1
26102007021,1
26102007022,1
26102007023,1
26102007024,1
26102007025,1
26102007026,1
26102008001,1
26102008002,1
26102008003,1
26102008004,1
26102008005,1
26102008006,1
26102008007,1
26102008008,1
26102008009,1
26102008010,1
26102008011,1
26102008012,1
26102008013,1
26102008014,1
26102008015,1
26102008016,1
26102008017,1
26102008018,1
26102008019,1
26102008020,1
26102008021,1
26102008022,1
26102008023,1
26102008024,1
26102008025,1
26102008026,1
26102008027,1
26102009001,1
26102009002,1
26102009003,1
26102009004,1
26102009005,1
26102009006,1
26102009007,1
26102009008,1
26102009009,1
26102009010,1
26102009011,1
26102009012,1
26102009013,1
26102009014,1
26102009015,1
26102009016,1
26102009017,1
26102009018,1
26102009019,1
26102009020,1
26102009021,1
26102009022,1
26102009023,1
26102009024,1
26102009025,1
26102009026,1
26102009027,1
26102010012,1
26102010013,1
26102010014,1
26102010015,1
26102010016,1
26102010017,1
26102010018,1
26102010019,1
26102010020,1
26102010021,1
26102010022,1
26102010023,1
26102010024,1
26102010025,1
26102010026,1
26102010027,1
26102010028,1
26102010029,1
26102010030,1
26102010031,1
26102010032,1
26102010033,1
26102010034,1
26102010035,1
26102010036,1
26102010037,1
26102010038,1
26102010039,1
26102010040,1
26102010041,1
26102010042,1
26102010043,1
26102010044,1
26102010045,1
26102010046,1
26102010047,1
26102010048,1
26102010049,1
26102010050,1
26102010051,1
26102010052,1
26102010053,1
26102010054,1
26102010055,1
26102010056,1
26102010057,1
26102010058,1
26102010059,1
26102010060,1
26102010061,1
26102010062,1
26102011001,1
26102011002,1
26102011003,1
26102011004,1
26102011005,1
26102011006,1
26102011007,1
26102011008,1
26102011009,1
26102011010,1
26102011011,1
26102011012,1
26102011013,1
26102011014,1
26102011015,1
26102011016,1
26102011017,1
26102011018,1
26102011019,1
26102011020,1
26102011021,1
26102011022,1
26102011023,1
26102011024,1
26102011025,1
26102011026,1
26102011027,1
26102011028,1
26102011029,1
26102011030,1
26102011031,1
26102011032,1
26102011033,1
26102011034,1
26102011035,1
26102011036,1
26102011037,1
26102011038,1
26102011039,1
26102011040,1
26102011041,1
26102011042,1
26102011043,1
26102011044,1
26102011045,1
26102011046,1
26102012001,1
26102012002,1
26102012003,1
26102012004,1
26102012005,1
26102012006,1
26102012007,1
26102012008,1
26102012009,1
26102012010,1
26102012011,1
26102012012,1
26102012013,1
26102012014,1
26102012015,1
26102012016,1
26102012017,1
26102012018,1
26102012019,1
26102012020,1
26102012021,1
26102013001,1
26102013002,1
26102013003,1
26102013004,1
26102013005,1
26102013006,1
26102013007,1
26102013008,1
26102013009,1
26102013010,1
26102013011,1
26102013012,1
26102013013,1
26102013014,1
26102013015,1
26102013016,1
26102013017,1
26102013018,1
26102013019,1
26102013020,1
26102013021,1
26102013022,1
26102013023,1
26102013024,1
26102013025,1
26102013026,1
26102013027,1
26102013028,1
26102013029,1
26102013030,1
26102013031,1
26102013032,1
26102013033,1
26102013034,1
26102013035,1
26102013036,1
26102013037,1
26102013038,1
26102013039,1
26102013040,1
26102013041,1
26102013042,1
26102013043,1
26102014001,1
26102014002,1
26102014003,1
26102014004,1
26102014005,1
26102014006,1
26102014007,1
26102014008,1
26102014009,1
26102014010,1
26102014011,1
26102014012,1
26102014013,1
26102014014,1
26102014015,1
26102014016,1
26102014017,1
26102014018,1
26102014019,1
26102014020,1
26102014021,1
26102014022,1
26102014023,1
26102014024,1
26102014025,1
26102014026,1
26102014027,1
26102014028,1
26102014029,1
26102015001,1
26102015002,1
26102015003,1
26102015004,1
26102015005,1
26102015006,1
26102015007,1
26102015008,1
26102015009,1
26102015010,1
26102015011,1
26102015012,1
26102015013,1
26102015014,1
26102015015,1
26102015016,1
26102015017,1
26102015018,1
26102015019,1
26102015020,1
26102015021,1
26102015022,1
26102015023,1
26102015024,1
26102015025,1
26102015026,1
26102015027,1
26102015028,1
26102015029,1
26102015030,1
26102015031,1
26102015032,1
26102015033,1
26102015034,1
26102015035,1
26102015036,1
26102015037,1
26102015038,1
26102015039,1
26102015040,1
26102016001,1
26102016002,1
26102016003,1
26102016004,1
26102016005,1
26102016006,1
26102016007,1
26102016008,1
26102016009,1
26102016010,1
26102016011,1
26102016012,1
26102016013,1
26102016014,1
26102016015,1
26102016016,1
26102016017,1
26102016018,1
26102016019,1
26102016020,1
26102016021,1
26102016022,1
26102016023,1
26102016024,1
26102016025,1
26102016026,1
26102016027,1
26102016028,1
26102016029,1
26102016030,1
26102016031,1
26102016032,1
26102016033,1
26102016034,1
26102017001,1
26102017002,1
26102017003,1
26102017004,1
26102017005,1
26102017006,1
26102017007,1
26102017008,1
26102017009,1
26102017010,1
26102017011,1
26102017012,1
26102017013,1
26102017014,1
26102017015,1
26102017016,1
26102017017,1
26102017018,1
26102017019,1
26102017020,1
26102017021,1
26102017022,1
26102017023,1
26102017024,1
26102017025,1
26102017026,1
26102017027,1
26102017028,1
26102017029,1
26102017030,1
26102017031,1
26102017032,1
26102017033,1
26102017034,1
26102017035,1
26102017036,1
26102017037,1
26103001101,5
26103001102,5
26103001103,5
26103001104,5
26103001106,5
26103001108,5
26103001109,5
26103001111,5
26103001201,5
26103001202,5
26103001203,5
26103001204,5
26103001205,5
26103001208,5
26103001209,5
26103001212,5
26103001213,5
26103001302,5
26103001304,5
26103001306,5
26103001307,5
26103001308,5
26103001310,5
26103001313,5
26103001314,5
26103001315,5
26103001316,5
26103001317,5
26103001318,5
26103001319,5
26103001320,5
26103001321,5
26103001322,5
26103001323,5
26103001324,5
26103001325,5
26103001326,5
26103001327,5
26103001328,5
26103001329,5
26103001330,5
26103001331,5
26103001332,5
26103002001,5
26103002002,5
26103002003,5
26103002004,5
26103002005,5
26103002006,5
26103003001,5
26103003002,5
26103003003,5
26103004001,5
26103004002,5
26103004003,5
26103004004,5
26103005001,5
26103005002,5
26103005003,5
26103005004,5
26103005005,5
26103006001,5
26103006002,5
26103006003,5
26103006004,5
26103006005,5
26103007001,5
26103007002,5
26103007003,5
26103007004,5
26103007005,5
26103007006,5
26103007007,5
26103007008,5
26103007009,5
26103007010,5
26103007011,5
26103007012,5
26103007013,5
26103008001,5
26103008002,5
26103008003,5
26103008004,5
26103009001,5
26103009002,5
26103009003,5
26103009004,5
26103009005,5
26103009006,5
26103009007,5
26103009008,5
26103009009,5
26103009010,5
26103009011,5
26103009012,5
26103009013,5
26103009014,5
26103009015,5
26103009016,5
26103009017,5
26103009018,5
26103009019,5
26103009020,5
26103009021,5
26103009022,5
26103009023,5
26103009024,5
26103009025,5
26103009026,5
26103009027,5
26103009028,5
26103009029,5
26103009030,5
26103009031,5
26103009032,5
26103009033,5
26103009034,5
26103009035,5
26103009036,5
26103009037,5
26103009038,5
26103009039,5
26103009040,5
26103009041,5
26103009042,5
26103009043,5
26103009044,5
26103009045,5
26103009046,5
26103009047,5
26103009048,5
26103009049,5
26103009050,5
26103009051,5
26103009052,5
26103009053,5
26103009054,5
26103009055,5
26103009056,5
26103009057,5
26103010001,5
26103010002,5
26103010003,5
26103010004,5
26103010005,5
26103010006,5
26103010007,5
26103010008,5
26103010009,5
26103010010,5
26103010011,5
26103010012,5
26103010013,5
26103010014,5
26103010015,5
26103010016,5
26103010017,5
26103010018,5
26103010019,5
26103010020,5
26103010021,5
26103010022,5
26103010023,5
26103010024,5
26103010025,5
26103010026,5
26103010027,5
26103010028,5
26103010029,5
26103010030,5
26103010031,5
26103010032,5
26103010033,5
26103010034,5
26103010035,5
26103010036,5
26103010037,5
26103010038,5
26103010039,5
26103010040,5
26103010041,5
26103010042,5
26103010043,5
26103010044,5
26103010045,5
26103010046,5
26103010047,5
26103010048,5
26103010049,5
26103010050,5
26103010051,5
26103010052,5
26103010053,5
26103010054,5
26103010055,5
26103010056,5
26103010057,5
26103010058,5
26103010059,5
26103010060,5
26103010061,5
26103010062,5
26103010063,5
26103010064,5
26103010065,5
26103010066,5
26103010067,5
26103010068,5
26103010069,5
26103010070,5
26103010071,5
26103010072,5
26103010073,5
26103010074,5
26103010075,5
26103010076,5
26103010077,5
26103010078,5
26103011001,5
26103011002,5
26103011003,5
26103011004,5
26103011005,5
26103011006,5
26103011007,5
26103011008,5
26103011009,5
26103011010,5
26103011011,5
26103011012,5
26103011013,5
26103011014,5
26103011015,5
26103011016,5
26103011017,5
26103011018,5
26103011019,5
26103011020,5
26103011021,5
26103011022,5
26103011023,5
26103011024,5
26103011025,5
26103011026,5
26103012001,5
26103012002,5
26103012003,5
26103012004,5
26103012005,5
26103012006,5
26103012007,5
26103012008,5
26103012009,5
26103012010,5
26103012011,5
26103012012,5
26103012013,5
26103012014,5
26103012015,5
26103012016,5
26103012017,5
26103012018,5
26103012019,5
26103012020,5
26103012021,5
26103012022,5
26103012023,5
26103012024,5
26103012025,5
26103012026,5
26103012027,5
26103012028,5
26103012029,5
26103012030,5
26103012031,5
26103012032,5
26103012033,5
26103012034,5
26103012035,5
26103012036,5
26103012037,5
26103012038,5
26103012039,5
26103012040,5
26103012042,5
26103012043,5
26103012044,5
26103013001,5
26103013002,5
26103013003,5
26103013004,5
26103013005,5
26103013006,5
26103013007,5
26103013008,5
26103013009,5
26103013010,5
26103013011,5
26103013012,5
26103013013,5
26103013014,5
26103013015,5
26103013016,5
26103013017,5
26103013018,5
26103013019,5
26103014001,5
26103014002,5
26103014003,5
26103014004,5
26103014005,5
26103014006,5
26103014007,5
26103014008,5
26103014009,5
26103014010,5
26103014011,5
26103014012,5
26103014013,5
26103014014,5
26103014015,5
26103014016,5
26103014017,5
26103014018,5
26103014019,5
26103014020,5
26103014021,5
26103014022,5
26103014023,5
26103014025,5
26103014026,5
26103014027,5
26103014028,5
26103014029,5
26103014030,5
26103014031,5
26103014032,5
26103014033,5
26103015001,5
26103015002,5
26103015003,5
26103015004,5
26103015005,5
26103015006,5
26103015007,5
26103015008,5
26103015009,5
26103015010,5
26103015011,5
26103015012,5
26103015013,5
26103015014,5
26103015015,5
26103015016,5
26103016001,5
26103016002,5
26103016003,5
26103016004,5
26103016005,5
26103016006,5
26103016007,5
26103016008,5
26103016009,5
26103016010,5
26103016011,5
26103016012,5
26103016013,5
26103016014,5
26103016015,5
26103016016,5
26103016017,5
26103017001,5
26103017002,5
26103017003,5
26103017004,5
26103017005,5
26103017006,5
26103017007,5
26103017008,5
26103017009,5
26103017010,5
26103017011,5
26103017012,5
26103018001,5
26103018002,5
26103018003,5
26103018004,5
26103018005,5
26103018006,5
26103018007,5
26103018008,5
26103019001,5
26103019002,5
26103019003,5
26103019004,5
26103019005,5
26103019006,5
26103019007,5
26103019008,5
26103019009,5
26103019010,5
26103019011,5
26103019012,5
26103019013,5
26103020001,5
26103020002,5
26103020003,5
26103020004,5
26103020005,5
26103020006,5
26103020007,5
26103020008,5
26103020009,5
26103020010,5
26103020011,5
26103020012,5
26103020013,5
26103020014,5
26103020015,5
26103021001,5
26103021002,5
26103021003,5
26103021004,5
26103021005,5
26103021006,5
26103021007,5
26103021008,5
26103021009,5
26103021010,5
26103021011,5
26103021012,5
26103021013,5
26103021014,5
26103021015,5
26103021016,5
26103021017,5
26103021018,5
26103021019,5
26103021020,5
26103021021,5
26103021022,5
26103021023,5
26103021024,5
26103022001,5
26103022002,5
26103022003,5
26103022004,5
26103022005,5
26103022006,5
26103022007,5
26103022008,5
26103022009,5
26103022010,5
26103022011,5
26103022012,5
26103023001,5
26103023002,5
26103023003,5
26103023004,5
26103023005,5
26103023006,5
26103023007,5
26103023008,5
26103023009,5
26103023010,5
26103023011,5
26103023012,5
26103023013,5
26103023014,5
26103023015,5
26103023016,5
26103023017,5
26103023018,5
26103023019,5
26103023020,5
26103023021,5
26103023022,5
26103023023,5
26103023024,5
26103023025,5
26103023026,5
26103023027,5
26103023028,5
26103023029,5
26103023030,5
26103023031,5
26103023032,5
26103023033,5
26103023034,5
26103023035,5
26103023036,5
26103023037,5
26103024001,5
26103024002,5
26103024003,5
26103024004,5
26103024005,5
26103024006,5
26103024007,5
26103024008,5
26103024009,5
26103024010,5
26103024011,5
26103024012,5
26103024013,5
26103024014,5
26103024015,5
26103024016,5
26103024017,5
26103024018,5
26103024019,5
26103024020,5
26103024021,5
26103024022,5
26103024023,5
26103024024,5
26103024025,5
26103024026,5
26103024027,5
26103024028,5
26103024029,5
26103024030,5
26103024031,5
26103024032,5
26103024033,5
26103024034,5
26103024035,5
26103024036,5
26103024037,5
26103024038,5
26103024039,5
26103024040,5
26103024041,5
26103024042,5
26103024043,5
26103024044,5
26103024045,5
26103024046,5
26103024047,5
26103024048,5
26103024049,5
26103024050,5
26103024051,5
26103024052,5
26103024053,5
26103024054,5
26103024055,5
26103024056,5
26103024057,5
26103024058,5
26103024059,5
26104001001,1
26104001002,1
26104001003,1
26104001004,1
26104001005,1
26104001006,1
26104001007,1
26104001008,1
26104001009,1
26104001010,1
26104001011,1
26104001012,1
26104001013,1
26104001014,1
26104001015,1
26104001016,1
26104001017,1
26104001018,1
26104001019,1
26104001020,1
26104001021,1
26104001022,1
26104001023,1
26104001024,1
26104002001,1
26104002002,1
26104002003,1
26104002004,1
26104002005,1
26104002006,1
26104002007,1
26104002008,1
26104002009,1
26104002010,1
26104002011,1
26104002012,1
26104002013,1
26104002014,1
26104002015,1
26104002016,1
26104002017,1
26104002018,1
26104002019,1
26104002020,1
26104002021,1
26104002022,1
26104002023,1
26104002024,1
26104002025,1
26104002026,1
26104002027,1
26104002028,1
26104003001,1
26104003002,1
26104003003,1
26104003004,1
26104003005,1
26104003006,1
26104003007,1
26104003008,1
26104003009,1
26104003010,1
26104003011,1
26104003012,1
26104003013,1
26104003014,1
26104003015,1
26104003016,1
26104003017,1
26104003018,1
26104003019,1
26104003020,1
26104003021,1
26104003022,1
26104004001,1
26104004002,1
26104004003,1
26104004004,1
26104004005,1
26104004006,1
26104004007,1
26104004008,1
26104004009,1
26104004010,1
26104004011,1
26104004012,1
26104004013,1
26104004014,1
26104004015,1
26104004016,1
26104004017,1
26104004018,1
26104004019,1
26104004020,1
26104004021,1
26104004022,1
26104004023,1
26104004024,1
26104004025,1
26104004026,1
26104004027,1
26104005001,1
26104005002,1
26104005003,1
26104005004,1
26104005005,1
26104005006,1
26104005007,1
26104005008,1
26104005009,1
26104005010,1
26104005011,1
26104005012,1
26104005013,1
26104005014,1
26104005015,1
26104005016,1
26104005017,1
26104005018,1
26104005019,1
26104005020,1
26104005021,1
26104005022,1
26104005023,1
26104005024,1
26104006001,1
26104006002,1
26104006003,1
26104006004,1
26104006005,1
26104006006,1
26104006007,1
26104006008,1
26104006009,1
26104006010,1
26104006011,1
26104006012,1
26104006013,1
26104006014,1
26104006015,1
26104006016,1
26104006017,1
26104006018,1
26104006019,1
26104006020,1
26104006021,1
26104006022,1
26104006023,1
26104006024,1
26104006025,1
26104006026,1
26104006027,1
26104007002,1
26104007003,1
26104007004,1
26104007005,1
26104007006,1
26104007007,1
26104007008,1
26104007009,1
26104007010,1
26104007011,1
26104007012,1
26104007013,1
26104008001,1
26104008002,1
26104008003,1
26104008004,1
26104008005,1
26104008006,1
26104009001,1
26104009002,1
26104009003,1
26104009004,1
26104009005,1
26104009006,1
26104009007,1
26104009008,1
26104009009,1
26104009010,1
26104010001,1
26104010002,1
26104010003,1
26104010004,1
26104010005,1
26104010006,1
26104010007,1
26104010008,1
26104010009,1
26104010010,1
26104010011,1
26104010012,1
26104010013,1
26104010014,1
26104011001,1
26104011002,1
26104011003,1
26104011004,1
26104011005,1
26104011006,1
26104011007,1
26104011008,1
26104011009,1
26104011010,1
26104011011,1
26104011012,1
26104011013,1
26104011014,1
26104011016,1
26104011017,1
26104012001,1
26104012002,1
26104012003,1
26104012004,1
26104012005,1
26104012006,1
26104012007,1
26104012008,1
26104012009,1
26104012010,1
26104012011,1
26104012012,1
26104012013,1
26104012014,1
26104012015,1
26104012016,1
26104012017,1
26104012018,1
26104012019,1
26104012020,1
26104012021,1
26104012022,1
26104012023,1
26104012024,1
26104012025,1
26104012026,1
26104012027,1
26104012028,1
26104013001,1
26104013002,1
26104013003,1
26104013004,1
26104013005,1
26104013006,1
26104013007,1
26104013008,1
26104013009,1
26104013010,1
26104013011,1
26104013012,1
26104014001,1
26104014002,1
26104014003,1
26104014004,1
26104014005,1
26104014006,1
26104014007,1
26104014008,1
26104015001,1
26104015002,1
26104015003,1
26104015004,1
26104015005,1
26104015006,1
26104015007,1
26104015008,1
26104015009,1
26104015010,1
26104015011,1
26104015012,1
26104015013,1
26104015014,1
26104015015,1
26104015016,1
26104015017,1
26104015018,1
26104015019,1
26104015020,1
26104015021,1
26104015022,1
26104015023,1
26104015024,1
26104015025,1
26104015026,1
26104015027,1
26104015028,1
26104015029,1
26104015030,1
26104015031,1
26104016001,1
26104016002,1
26104016003,1
26104016004,1
26104016005,1
26104016006,1
26104016007,1
26104016008,1
26104016009,1
26104016010,1
26104016011,1
26104016012,1
26104016013,1
26104016014,1
26104016015,1
26104016016,1
26104016017,1
26104016018,1
26104016019,1
26104016020,1
26104016021,1
26104016022,1
26104016023,1
26104016024,1
26104016025,1
26104016026,1
26104016027,1
26104016028,1
26104016029,1
26104016030,1
26104016031,1
26104017001,1
26104017002,1
26104017003,1
26104017004,1
26104017005,1
26104017006,1
26104017007,1
26104017008,1
26104017009,1
26104017010,1
26104017011,1
26104017012,1
26104017013,1
26104017014,1
26104017015,1
26104017016,1
26104017017,1
26104017018,1
26104017019,1
26104017020,1
26104017021,1
26104017022,1
26104017023,1
26104017024,1
26104017025,1
26104017026,1
26104017027,1
26104017028,1
26104017029,1
26104017030,1
26104018001,1
26104018002,1
26104018003,1
26104018004,1
26104018005,1
26104018006,1
26104018007,1
26104018008,1
26104018009,1
26104018010,1
26104018011,1
26104018012,1
26104018013,1
26104018014,1
26104018015,1
26104018016,1
26104018017,1
26104018018,1
26104018019,1
26104018020,1
26104018021,1
26104018022,1
26104018023,1
26104018024,1
26104018025,1
26104018026,1
26104018027,1
26104018028,1
26104018029,1
26104019001,1
26104019002,1
26104019003,1
26104019004,1
26104019005,1
26104019006,1
26104019007,1
26104019008,1
26104019009,1
26104019010,1
26104019011,1
26104019012,1
26104019013,1
26104019014,1
26104019015,1
26104019016,1
26104019017,1
26104019018,1
26104019019,1
26104019020,1
26104019021,1
26104019022,1
26104019023,1
26104019024,1
26104019025,1
26104019026,1
26104019027,1
26104020001,1
26104020002,1
26104020003,1
26104020004,1
26104020005,1
26104020006,1
26104020007,1
26104020008,1
26104020009,1
26104020010,1
26104020011,1
26104020012,1
26104020013,1
26104020014,1
26104020015,1
26104020016,1
26104020017,1
26104020018,1
26104020019,1
26104020020,1
26104020021,1
26104020022,1
26104021001,1
26104021002,1
26104021003,1
26104021004,1
26104021005,1
26104021006,1
26104021007,1
26104021008,1
26104021009,1
26104021010,1
26104021011,1
26104021012,1
26104021013,1
26104021014,1
26104021015,1
26104021016,1
26104021017,1
26104021018,1
26104021019,1
26104021020,1
26104021021,1
26104021022,1
26104021023,1
26104021024,1
26104021025,1
26104021026,1
26104021027,1
26104022001,1
26104022002,1
26104022003,1
26104022004,1
26104022005,1
26104022006,1
26104022007,1
26104022008,1
26104022009,1
26104022010,1
26104022011,1
26104022012,1
26104022013,1
26104022014,1
26104022015,1
26104022016,1
26104022017,1
26104022018,1
26104022019,1
26104022020,1
26104022021,1
26104022022,1
26104022023,1
26104022024,1
26104023001,1
26104023002,1
26104023003,1
26104023004,1
26104023005,1
26104023006,1
26104023007,1
26104023008,1
26104023009,1
26104023010,1
26104023011,1
26104023012,1
26104023013,1
26104023014,1
26104023015,1
26104023016,1
26104023017,1
26104023018,1
26104023019,1
26104023020,1
26104023021,1
26104023022,1
26104023023,1
26104023024,1
26104023025,1
26104023026,1
26104023027,1
26104023028,1
26105001001,7
26105001002,7
26105001003,7
26105001004,7
26105001005,7
26105001006,7
26105001007,7
26105001008,7
26105001009,7
26105001010,7
26105001011,7
26105001012,7
26105001013,7
26105001014,7
26105001015,7
26105001016,7
26105001017,7
26105001018,7
26105001019,7
26105001020,7
26105001021,7
26105001022,7
26105001023,7
26105001024,7
26105001025,7
26105001026,7
26105001027,7
26105001028,7
26105001029,7
26105001030,7
26105002001,7
26105002002,7
26105002003,7
26105002004,7
26105002005,7
26105002006,7
26105002007,7
26105002008,7
26105002009,7
26105002010,7
26105002011,7
26105002012,7
26105002013,7
26105002014,7
26105002015,7
26105002016,7
26105002017,7
26105002018,7
26105002019,7
26105002020,7
26105002021,7
26105002022,7
26105002023,7
26105002024,7
26105003001,7
26105003002,7
26105003003,7
26105003004,7
26105003005,7
26105003006,7
26105003007,7
26105003008,7
26105003009,7
26105003010,7
26105003011,7
26105003012,7
26105003013,7
26105003014,7
26105003015,7
26105003016,7
26105003017,7
26105003018,7
26105003019,7
26105003020,7
26105003021,7
26105003022,7
26105003023,7
26105003024,7
26105003026,7
26105003027,7
26105003028,7
26105003029,7
26105004001,7
26105004002,7
26105004003,7
26105004004,7
26105004005,7
26105004006,7
26105004007,7
26105004008,7
26105004009,7
26105004010,7
26105004011,7
26105004012,7
26105004015,7
26105005001,7
26105005002,7
26105005003,7
26105005004,7
26105005005,7
26105005006,7
26105005007,7
26105005008,7
26105005009,7
26105005010,7
26105005011,7
26105005012,7
26105005013,7
26105005014,7
26105005015,7
26105005016,7
26105005017,7
26105005018,7
26105005019,7
26105006001,7
26105006002,7
26105006003,7
26105006004,7
26105006005,7
26105006006,7
26105006007,7
26105006008,7
26105006009,7
26105006010,7
26105006011,7
26105006012,7
26105006013,7
26105006014,7
26105006015,7
26105006016,7
26105006017,7
26105006018,7
26105006019,7
26105006020,7
26105006021,7
26105006022,7
26105006023,7
26105006024,7
26105006025,7
26105006026,7
26105006027,7
26105006028,7
26105006029,7
26105006030,7
26105006031,7
26105006032,7
26105006033,7
26105007001,7
26105007002,7
26105007003,7
26105007004,7
26105007005,7
26105007006,7
26105007007,7
26105007008,7
26105007009,7
26105007010,7
26105007011,7
26105007012,7
26105007013,7
26105007014,7
26105007015,7
26105007016,7
26105007017,7
26105007018,7
26105007019,7
26105007020,7
26105007021,7
26105007022,7
26105007023,7
26105007024,7
26105007025,7
26105008001,7
26105008002,7
26105008003,7
26105008004,7
26105008005,7
26105008006,7
26105008007,7
26105008008,7
26105008009,7
26105008010,7
26105008011,7
26105008012,7
26105008013,7
26105008014,7
26105008015,7
26105008016,7
26105008017,7
26105008018,7
26105008019,7
26105008020,7
26105008021,7
26105008022,7
26105008023,7
26105009001,7
26105009002,7
26105009003,7
26105009004,7
26105009005,7
26105009006,7
26105009007,7
26105009008,7
26105009009,7
26105009010,7
26105009011,7
26105009012,7
26105009013,7
26105009014,7
26105009015,7
26105010001,7
26105010002,7
26105010003,7
26105010004,7
26105010005,7
26105010006,7
26105010007,7
26105010008,7
26105010009,7
26105010010,7
26105010011,7
26105010012,7
26105010013,7
26105010014,7
26105010015,7
26105010016,7
26105010017,7
26105011001,7
26105011002,7
26105011003,7
26105011004,7
26105011005,7
26105011006,7
26105011007,7
26105011008,7
26105011009,7
26105011010,7
26105011011,7
26105011012,7
26105011013,7
26105011014,7
26105011015,7
26105011016,7
26105011017,7
26105011018,7
26105011019,7
26105011020,7
26105011021,7
26105011022,7
26105011023,7
26105011024,7
26105011025,7
26105011026,7
26105011027,7
26105011028,7
26105011029,7
26105011030,7
26105011031,7
26105011032,7
26105011033,7
26105011034,7
26105011035,7
26105011036,7
26105011037,7
26105011038,7
26105011039,7
26105011041,7
26106001001,1
26106001002,1
26106001003,1
26106001004,1
26106001005,1
26106001006,1
26106001007,1
26106001008,1
26106001009,1
26106001010,1
26106001011,1
26106001012,1
26106001013,1
26106001014,1
26106001015,1
26106001016,1
26106001017,1
26106001018,1
26106001019,1
26106001020,1
26106001021,1
26106001022,1
26106001023,1
26106001024,1
26106002001,1
26106002002,1
26106002003,1
26106002004,1
26106002005,1
26106002006,1
26106002007,1
26106002008,1
26106002009,1
26106002010,1
26106002011,1
26106002012,1
26106002013,1
26106002014,1
26106002015,1
26106002016,1
26106002017,1
26106002018,1
26106002019,1
26106002020,1
26106002021,1
26106002022,1
26106002023,1
26106003001,1
26106003002,1
26106003003,1
26106003004,1
26106003005,1
26106003006,1
26106003007,1
26106003008,1
26106003009,1
26106003010,1
26106003011,1
26106003012,1
26106003013,1
26106003014,1
26106003015,1
26106003016,1
26106003017,1
26106003018,1
26106003019,1
26106003020,1
26106003021,1
26106003022,1
26106003023,1
26106003024,1
26106003025,1
26106003026,1
26106003027,1
26106003028,1
26106003029,1
26106003030,1
26106003031,1
26106003032,1
26106003033,1
26106003034,1
26106003035,1
26106003036,1
26106003037,1
26106003038,1
26106003039,1
26106003040,1
26106004001,1
26106004002,1
26106004003,1
26106004004,1
26106004005,1
26106004006,1
26106004007,1
26106004008,1
26106004009,1
26106004010,1
26106004011,1
26106004012,1
26106004013,1
26106004014,1
26106004015,1
26106004016,1
26106004017,1
26106004018,1
26106004019,1
26106004020,1
26106004021,1
26106004022,1
26106004023,1
26106004024,1
26106004025,1
26106004026,1
26106004027,1
26106004028,1
26106004029,1
26106004030,1
26106004031,1
26106004032,1
26106004033,1
26106005001,1
26106005002,1
26106005003,1
26106005004,1
26106005005,1
26106005006,1
26106005007,1
26106005008,1
26106005009,1
26106005010,1
26106005011,1
26106005012,1
26106005013,1
26106005014,1
26106005015,1
26106005016,1
26106005017,1
26106005018,1
26106005019,1
26106005020,1
26106005021,1
26106005022,1
26106005023,1
26106005024,1
26106005025,1
26106005026,1
26106005027,1
26106006001,1
26106006002,1
26106006003,1
26106006004,1
26106006005,1
26106006006,1
26106006007,1
26106006008,1
26106006009,1
26106006010,1
26106006011,1
26106006012,1
26106006013,1
26106006014,1
26106006015,1
26106007001,1
26106007002,1
26106007003,1
26106007004,1
26106007005,1
26106007006,1
26106007007,1
26106007008,1
26106007009,1
26106007010,1
26106007011,1
26106007012,1
26106007013,1
26106007014,1
26106007015,1
26106007016,1
26106007017,1
26106007018,1
26106007019,1
26106007020,1
26106008001,1
26106008002,1
26106008003,1
26106008004,1
26106008005,1
26106008006,1
26106008007,1
26106008008,1
26106008009,1
26106008010,1
26106008011,1
26106008012,1
26106008013,1
26106008014,1
26106008015,1
26106008016,1
26106008017,1
26106008018,1
26106009001,1
26106009002,1
26106009003,1
26106009004,1
26106009005,1
26106009006,1
26106009007,1
26106010001,1
26106010002,1
26106010003,1
26106010004,1
26106010005,1
26106010006,1
26106010007,1
26106010008,1
26106010009,1
26106010010,1
26106010011,1
26106010012,1
26106010013,1
26106010014,1
26106010015,1
26106010016,1
26106010017,1
26106010018,1
26106011001,1
26106011002,1
26106011003,1
26106011004,1
26106011005,1
26106011006,1
26106011007,1
26106011008,1
26106011009,1
26106011010,1
26106011011,1
26106011012,1
26106011013,1
26106012001,1
26106012002,1
26106012003,1
26106012004,1
26106012005,1
26106012006,1
26106012007,1
26106012008,1
26106012009,1
26106012010,1
26106012011,1
26106012012,1
26106012013,1
26106012014,1
26106012015,1
26106012016,1
26106013001,1
26106013002,1
26106013003,1
26106013004,1
26106013005,1
26106013006,1
26106013007,1
26106013008,1
26106013009,1
26106013010,1
26106013011,1
26106013012,1
26106013013,1
26106013014,1
26106013015,1
26106013016,1
26106013017,1
26106013018,1
26106013019,1
26106013020,1
26106013021,1
26106013023,1
26106014001,1
26106014002,1
26106014003,1
26106014004,1
26106014005,1
26106014006,1
26106014007,1
26106014008,1
26106014009,1
26106014010,1
26106014011,1
26106014012,1
26106014013,1
26106014014,1
26106014015,1
26106014016,1
26106014017,1
26106014018,1
26106014019,1
26106014020,1
26106014021,1
26106014022,1
26106014023,1
26106014024,1
26106014025,1
26106014026,1
26106014027,1
26106015001,1
26106015002,1
26106015003,1
26106015004,1
26106015005,1
26106015006,1
26106015007,1
26106015008,1
26106015009,1
26106015010,1
26106015011,1
26106015012,1
26106015013,1
26106015014,1
26106015015,1
26106015016,1
26106015017,1
26106015018,1
26106015019,1
26106015020,1
26106015021,1
26106015022,1
26106015023,1
26106015024,1
26106015025,1
26106015026,1
26106015027,1
26106015028,1
26106016001,1
26106016002,1
26106016003,1
26106016004,1
26106016005,1
26106016006,1
26106016007,1
26106016008,1
26106016009,1
26106016010,1
26106016011,1
26106016012,1
26106016013,1
26106016014,1
26106016015,1
26106016016,1
26106016017,1
26106016018,1
26106016019,1
26106016020,1
26106016021,1
26106016022,1
26106016023,1
26106016024,1
26106016025,1
26106016026,1
26106016027,1
26106017001,1
26106017002,1
26106017003,1
26106017004,1
26106017005,1
26106017006,1
26106017007,1
26106017008,1
26106017009,1
26106017010,1
26106017011,1
26106017012,1
26106017013,1
26106017014,1
26106017015,1
26106017016,1
26106017017,1
26106017018,1
26106017019,1
26106017020,1
26106017021,1
26106017022,1
26106017023,1
26106017024,1
26106017025,1
26106017026,1
26106017027,1
26106017028,1
26106017029,1
26106018001,1
26106018002,1
26106018003,1
26106018004,1
26106018005,1
26106018006,1
26106018007,1
26106018008,1
26106018009,1
26106018010,1
26106018011,1
26106018012,1
26106018013,1
26106018014,1
26106018015,1
26106018016,1
26106018017,1
26106018018,1
26106018019,1
26106018020,1
26106018021,1
26106018022,1
26106018023,1
26106018024,1
26106019001,1
26106019002,1
26106019003,1
26106019004,1
26106019005,1
26106019006,1
26106019007,1
26106019008,1
26106019009,1
26106019010,1
26106019011,1
26106019012,1
26106019013,1
26106019014,1
26106019015,1
26106019016,1
26106019017,1
26106019019,1
26106019020,1
26106019021,1
26106020001,1
26106020002,1
26106020003,1
26106020004,1
26106020005,1
26106020006,1
26106020007,1
26106020008,1
26106020009,1
26106020010,1
26106020011,1
26106020012,1
26106020013,1
26106020014,1
26106020015,1
26106020016,1
26106020017,1
26106020018,1
26106020019,1
26106020020,1
26106020021,1
26106020022,1
26106020023,1
26106020024,1
26106020025,1
26106020026,1
26106020027,1
26106021001,1
26106021002,1
26106021003,1
26106021004,1
26106021005,1
26106021006,1
26106021007,1
26106021008,1
26106021009,1
26106021010,1
26106021011,1
26106021012,1
26106021013,1
26106021014,1
26106021015,1
26106021016,1
26106021017,1
26106021018,1
26106021019,1
26106021020,1
26106021021,1
26106021022,1
26106021023,1
26106021024,1
26106021025,1
26106021026,1
26106021027,1
26106021028,1
26106021029,1
26106022001,1
26106022002,1
26106022003,1
26106022004,1
26106022005,1
26106022006,1
26106022007,1
26106022008,1
26106022009,1
26106022010,1
26106022011,1
26106022012,1
26106022013,1
26106022014,1
26106022015,1
26106022016,1
26106022017,1
26106022018,1
26106022019,1
26106022020,1
26106022021,1
26106022022,1
26106022023,1
26106022024,1
26106022025,1
26106022026,1
26106022027,1
26106022028,1
26106023001,1
26106023002,1
26106023003,1
26106023004,1
26106023005,1
26106023006,1
26106023007,1
26106023008,1
26107001001,1
26107001002,1
26107001003,1
26107001004,1
26107001005,1
26107001006,1
26107001007,1
26107001008,1
26107001009,1
26107001010,1
26107001011,1
26107001012,1
26107001013,1
26107002001,1
26107002002,1
26107002003,1
26107002004,1
26107002005,1
26107003001,1
26107003002,1
26107003003,1
26107004001,1
26107004002,1
26107004003,1
26107004004,1
26107004005,1
26107005001,1
26107005002,1
26107005003,1
26107005004,1
26107005005,1
26107005006,1
26107005007,1
26107005008,1
26107005009,1
26107005010,1
26107005011,1
26107006001,1
26107006002,1
26107006003,1
26107006004,1
26107006005,1
26107006006,1
26107006007,1
26107006008,1
26107006009,1
26107006010,1
26107006011,1
26107006012,1
26107006013,1
26107007001,1
26107007002,1
26107007003,1
26107007004,1
26107007005,1
26107007006,1
26107007007,1
26107007008,1
26107007009,1
26107007010,1
26107007011,1
26107007012,1
26107007013,1
26107008001,1
26107008002,1
26107008003,1
26107008004,1
26107008005,1
26107008006,1
26107008007,1
26107008008,1
26107008009,1
26107008010,1
26107008011,1
26107009001,1
26107009002,1
26107009003,1
26107009004,1
26107009005,1
26107009006,1
26107009007,1
26107009008,1
26107009009,1
26107009010,1
26107009011,1
26107009012,1
26107009013,1
26107009014,1
26107009015,1
26107009016,1
26107010001,1
26107010002,1
26107010003,1
26107010004,1
26107010005,1
26107010006,1
26107010007,1
26107010008,1
26107010009,1
26107010010,1
26107010011,1
26107010012,1
26107010013,1
26107010014,1
26107010015,1
26107010016,1
26107010017,1
26107010018,1
26107010019,1
26107010020,1
26107010021,1
26107010022,1
26107010023,1
26107010024,1
26107010025,1
26107010026,1
26107010027,1
26107010028,1
26107010029,1
26107010030,1
26107010031,1
26107010032,1
26107010033,1
26107010034,1
26107010035,1
26107010036,1
26107010037,1
26107010038,1
26107010039,1
26107010040,1
26107010041,1
26107010042,1
26107010043,1
26107010044,1
26107010045,1
26107010046,1
26107010047,1
26107010048,1
26107010049,1
26107010050,1
26107010051,1
26107010052,1
26107010053,1
26107010054,1
26107010055,1
26107010056,1
26107010057,1
26107010058,1
26107010059,1
26107010061,1
26107010062,1
26107010063,1
26107010064,1
26107011001,1
26107011002,1
26107011003,1
26107011004,1
26107011005,1
26107011006,1
26107011007,1
26107011008,1
26107011009,1
26107011010,1
26107011011,1
26107011012,1
26107011013,1
26107011014,1
26107012001,1
26107012002,1
26107012003,1
26107012004,1
26107012005,1
26107012006,1
26107012007,1
26107012008,1
26107012009,1
26107012010,1
26107012011,1
26107012012,1
26107012013,1
26107012014,1
26107012015,1
26107012016,1
26107012017,1
26107012018,1
26107012019,1
26107012020,1
26107012021,1
26107012022,1
26107012023,1
26107012024,1
26107012025,1
26107012026,1
26107012027,1
26107012029,1
26107012030,1
26107012032,1
26107012034,1
26107012035,1
26107012036,1
26107012037,1
26107013002,1
26107013003,1
26107013004,1
26107013005,1
26107013006,1
26107013007,1
26107013008,1
26107013009,1
26107013010,1
26107013011,1
26107013012,1
26107013013,1
26107013014,1
26107013015,1
26107013016,1
26107013017,1
26107013018,1
26107013019,1
26107013020,1
26107013021,1
26107013022,1
26107013023,1
26107013024,1
26107013025,1
26107013026,1
26107013027,1
26107013028,1
26107014001,1
26107014002,1
26107014003,1
26107014004,1
26107014005,1
26107014006,1
26107014007,1
26107014008,1
26107014009,1
26107014010,1
26107014011,1
26107014012,1
26107014013,1
26107014014,1
26107014016,1
26107014017,1
26107014018,1
26107014019,1
26107014020,1
26107014021,1
26107014022,1
26107014023,1
26107014024,1
26107014025,1
26107014026,1
26107014027,1
26107014028,1
26107014029,1
26107014030,1
26107015001,1
26107015002,1
26107015003,1
26107015004,1
26107015005,1
26107015006,1
26107015007,1
26107015008,1
26107015009,1
26107015010,1
26107015011,1
26107015012,1
26107015013,1
26107015014,1
26107015015,1
26107015016,1
26108001001,5
26108001002,5
26108001003,5
26108001004,5
26108001005,5
26108001006,5
26108001007,5
26108001008,5
26108001009,5
26108001010,5
26108001011,5
26108001012,5
26108001013,5
26108001014,5
26108001015,5
26108001016,5
26108001017,5
26108001018,5
26108001019,5
26108001020,5
26108001021,5
26108001022,5
26108001023,5
26108001024,5
26108001025,5
26108001026,5
26108001027,5
26108001028,5
26108001029,5
26108001030,5
26108001031,5
26108001032,5
26108001033,5
26108001034,5
26108001035,5
26108001036,5
26108001037,5
26108002001,5
26108002002,5
26108002003,5
26108002004,5
26108002005,5
26108002006,5
26108002007,5
26108002008,5
26108002009,5
26108002010,5
26108002011,5
26108002012,5
26108003001,5
26108003002,5
26108003003,5
26108003004,5
26108003005,5
26108003006,5
26108003007,5
26108003008,5
26108003009,5
26108003010,5
26108003011,5
26108003012,5
26108003013,5
26108003014,5
26108003015,5
26108003016,5
26108003017,5
26108003018,5
26108003019,5
26108003020,5
26108003021,5
26108003022,5
26108004001,5
26108004002,5
26108004003,5
26108004004,5
26108004005,5
26108004006,5
26108004007,5
26108004008,5
26108004009,5
26108004010,5
26108004011,5
26108004012,5
26108004013,5
26108004014,5
26108004017,5
26108004018,5
26108004019,5
26108004020,5
26108004021,5
26108004022,5
26108004023,5
26108004024,5
26108004025,5
26108004026,5
26108004027,5
26108004028,5
26108004029,5
26108004030,5
26108004031,5
26108004036,5
26108004037,5
26108005001,5
26108005002,5
26108005003,5
26108005004,5
26108005005,5
26108005006,5
26108005007,5
26108005008,5
26108005009,5
26108005010,5
26108005011,5
26108005012,5
26108005013,5
26108005014,5
26108005015,5
26108005016,5
26108005017,5
26108005018,5
26108006001,5
26108006002,5
26108006003,5
26108006004,5
26108006005,5
26108006006,5
26108006007,5
26108006008,5
26108006009,5
26108006010,5
26108006011,5
26108006012,5
26108006013,5
26108006014,5
26108006015,5
26108006016,5
26108006017,5
26108006018,5
26108007001,5
26108007002,5
26108007003,5
26108007004,5
26108007005,5
26108007006,5
26108007007,5
26108007008,5
26108007009,5
26108007010,5
26108007011,5
26108007012,5
26108007013,5
26108007014,5
26108007015,5
26108007016,5
26108007017,5
26108007018,5
26108007019,5
26108007021,5
26108007022,5
26108008001,5
26108008002,5
26108008003,5
26108008004,5
26108008005,5
26108008006,5
26108008007,5
26108008008,5
26108008009,5
26108008010,5
26108008011,5
26108008012,5
26108008013,5
26108008014,5
26108008015,5
26108008016,5
26108008017,5
26108008019,5
26108008020,5
26108009001,5
26108009002,5
26108009003,5
26108009004,5
26108009005,5
26108009006,5
26108009007,5
26108009008,5
26108009009,5
26108009010,5
26108009011,5
26108009012,5
26108009013,5
26108009014,5
26108009015,5
26108009016,5
26108009017,5
26108009018,5
26108009019,5
26108009020,5
26108009021,5
26108009022,5
26108009023,5
26108009024,5
26108009025,5
26108009026,5
26108009027,5
26108009028,5
26108009029,5
26108010001,5
26108010002,5
26108010003,5
26108010004,5
26108010005,5
26108010006,5
26108010007,5
26108010008,5
26108010009,5
26108010010,5
26108010011,5
26108010012,5
26108010013,5
26108010014,5
26108010015,5
26108010016,5
26108010017,5
26108010018,5
26108010019,5
26108010020,5
26108010021,5
26108010022,5
26108010023,5
26108010024,5
26108010025,5
26108010026,5
26108010027,5
26108011001,5
26108011002,5
26108011003,5
26108011004,5
26108011005,5
26108011006,5
26108011007,5
26108011008,5
26108011009,5
26108011010,5
26108011011,5
26108011012,5
26108011013,5
26108011014,5
26108011015,5
26108011016,5
26108011017,5
26108011018,5
26108011019,5
26108011021,5
26108011022,5
26108011023,5
26108011024,5
26108012001,5
26108012002,5
26108012003,5
26108012004,5
26108012005,5
26108012006,5
26108012007,5
26108012008,5
26108012009,5
26108012010,5
26108012011,5
26108012012,5
26108012013,5
26108012014,5
26108012015,5
26108012016,5
26108012017,5
26108012018,5
26108012019,5
26108012020,5
26108012021,5
26108012023,5
26108012024,5
26108013001,5
26108013002,5
26108013003,5
26108013004,5
26108013005,5
26108013006,5
26108013007,5
26108013008,5
26108013009,5
26108013010,5
26108013011,5
26108013012,5
26108013013,5
26108013014,5
26108013015,5
26108013016,5
26108013017,5
26108013018,5
26108013019,5
26108014002,5
26108014003,5
26108014004,5
26108014005,5
26108014006,5
26108014007,5
26108014008,5
26108014009,5
26108014010,5
26108014011,5
26108014012,5
26108014015,5
26108015001,5
26108015002,5
26108015003,5
26108015004,5
26108015005,5
26108015006,5
26108015007,5
26108015008,5
26108015009,5
26108015010,5
26108015011,5
26108015012,5
26108015013,5
26108015014,5
26108015015,5
26108015016,5
26108015017,5
26108016001,5
26108016002,5
26108016003,5
26108016004,5
26108016005,5
26108016006,5
26108016007,5
26108016008,5
26108016009,5
26108016010,5
26108016011,5
26108016012,5
26108016013,5
26108016014,5
26108017001,5
26108017002,5
26108017003,5
26108017004,5
26108017005,5
26108017006,5
26108017007,5
26108017008,5
26108017009,5
26108017010,5
26108017011,5
26108017012,5
26108017013,5
26108017014,5
26108017015,5
26108017016,5
26108017017,5
26108017018,5
26108017019,5
26108017020,5
26108017021,5
26108017022,5
26108017023,5
26108017024,5
26108017025,5
26108017026,5
26108017027,5
26108017028,5
26108017029,5
26108017030,5
26108017031,5
26108017032,5
26108017033,5
26108017034,5
26108017035,5
26108017036,5
26108017037,5
26108017038,5
26108017039,5
26108017040,5
26108017041,5
26108017042,5
26108017043,5
26108017044,5
26108017046,5
26108017047,5
26108017048,5
26108017049,5
26108017050,5
26108017052,5
26108017053,5
26108017054,5
26108017055,5
26108017056,5
26108017057,5
26108017058,5
26108017059,5
26108017060,5
26108017061,5
26108017062,5
26108017063,5
26108017064,5
26108017065,5
26108017066,5
26108017067,5
26108017068,5
26108017069,5
26108017070,5
26108017071,5
26108017072,5
26108017073,5
26108017075,5
26108017076,5
26108017079,5
26108017080,5
26108017081,5
26108017082,5
26108018001,5
26108018002,5
26108018003,5
26108018004,5
26108018005,5
26108019001,5
26108019002,5
26108019003,5
26108019004,5
26108019005,5
26108019006,5
26108019007,5
26108019008,5
26108019009,5
26108019010,5
26108019011,5
26108019012,5
26108020001,5
26108020002,5
26108020003,5
26108020004,5
26108020005,5
26108020006,5
26108020007,5
26108020008,5
26108020009,5
26108020010,5
26108020011,5
26108020012,5
26108020013,5
26108020014,5
26108020015,5
26108020016,5
26108020017,5
26108020018,5
26108020019,5
26108020020,5
26108020021,5
26108020022,5
26108020023,5
26108020024,5
26108020025,5
26108020026,5
26108020027,5
26108020028,5
26108020029,5
26108020030,5
26108020031,5
26108020032,5
26108020033,5
26108020034,5
26108020035,5
26108020036,5
26108020037,5
26108021001,5
26108021002,5
26108021003,5
26108021004,5
26108021005,5
26108021006,5
26108021007,5
26108021008,5
26108021009,5
26108021010,5
26108021011,5
26108021012,5
26108021013,5
26108021014,5
26108021015,5
26108021016,5
26108021017,5
26108021018,5
26108021019,5
26108021020,5
26108021021,5
26108021022,5
26108021023,5
26108021024,5
26108021025,5
26108021026,5
26108021027,5
26108021028,5
26108021029,5
26108021030,5
26108021031,5
26108021032,5
26108021033,5
26108021034,5
26108021035,5
26108021036,5
26108021037,5
26108021038,5
26108021039,5
26108021040,5
26108021041,5
26108021042,5
26108021043,5
26108021044,5
26108022001,5
26108022002,5
26108022003,5
26108022004,5
26108022005,5
26108022006,5
26108022007,5
26108022008,5
26108022009,5
26108022010,5
26108022011,5
26108022012,5
26108022013,5
26108022014,5
26108022015,5
26108022016,5
26108022017,5
26108022018,5
26108022019,5
26108022020,5
26108022021,5
26108022022,5
26108022023,5
26108022024,5
26108022025,5
26108022026,5
26108022027,5
26108022028,5
26108022029,5
26108022030,5
26108022031,5
26108022032,5
26108022033,5
26108022034,5
26108022035,5
26108022036,5
26108022038,5
26108023001,5
26108023002,5
26108023003,5
26108023004,5
26108023005,5
26108023006,5
26108024001,5
26108024002,5
26108024003,5
26108024004,5
26108024005,5
26108024006,5
26108024007,5
26108024008,5
26108024009,5
26108024010,5
26108025001,5
26108025002,5
26108025003,5
26108025004,5
26108025005,5
26108025006,5
26108025007,5
26108025008,5
26108025009,5
26108025010,5
26108025011,5
26108025012,5
26108025013,5
26108026001,5
26108026002,5
26108026003,5
26108026004,5
26108026005,5
26108026006,5
26108026007,5
26108026008,5
26108026009,5
26108026010,5
26108026011,5
26108026012,5
26108026013,5
26108026014,5
26108026015,5
26108026016,5
26108026017,5
26108026018,5
26108027001,5
26108027002,5
26108027003,5
26108027004,5
26108027005,5
26108027006,5
26108027007,5
26108027008,5
26108028001,5
26108028002,5
26108028003,5
26108028004,5
26108028005,5
26108028006,5
26109001001,7
26109001002,7
26109001003,7
26109001004,7
26109001005,7
26109001006,7
26109001007,7
26109001008,7
26109001010,7
26109001011,7
26109001012,7
26109001015,7
26109001016,7
26109001023,7
26109001024,7
26109001025,7
26109001026,7
26109001027,7
26109001028,7
26109001029,7
26109001030,7
26109001031,7
26109001032,7
26109001033,7
26109001034,7
26109001035,7
26109001036,7
26109001037,7
26109001038,7
26109001039,7
26109002001,7
26109002002,7
26109002003,7
26109002004,7
26109002005,7
26109002006,7
26109002007,7
26109002008,7
26109002009,7
26109002010,7
26109002011,7
26109002012,7
26109002013,7
26109002014,7
26109002015,7
26109002016,7
26109002017,7
26109002018,7
26109002019,7
26109002020,7
26109002021,7
26109002022,7
26109002023,7
26109002024,7
26109002025,7
26109002026,7
26109002027,7
26109002028,7
26109002029,7
26109002030,7
26109002031,7
26109002032,7
26109002033,7
26109002034,7
26109002035,7
26109002036,7
26109002037,7
26109002038,7
26109002039,7
26109002040,7
26109002041,7
26109002042,7
26109002043,7
26109002044,7
26109002048,7
26109002049,7
26109002050,7
26109002051,7
26109002052,7
26109003001,7
26109003002,7
26109003003,7
26109003004,7
26109003005,7
26109003006,7
26109003007,7
26109003008,7
26109003009,7
26109003010,7
26109003011,7
26109003012,7
26109003013,7
26109003014,7
26109003015,7
26109003016,7
26109003017,7
26109003018,7
26109003019,7
26109003020,7
26109003021,7
26109003022,7
26109003023,7
26109003024,7
26109003025,7
26109003026,7
26109003027,7
26109003028,7
26109003029,7
26109003030,7
26109003031,7
26109003032,7
26109003033,7
26109003034,7
26109003035,7
26109003036,7
26109003037,7
26109003038,7
26109003039,7
26109003040,7
26109003042,7
26109003043,7
26109003044,7
26109003045,7
26109003046,7
26109003047,7
26109003048,7
26109003049,7
26109003050,7
26109003051,7
26109003052,7
26109003053,7
26109003054,7
26109003055,7
26109003056,7
26109003057,7
26109003058,7
26109003059,7
26109003060,7
26109003061,7
26109003062,7
26109003063,7
26109003064,7
26109003065,7
26109003066,7
26109003067,7
26109003068,7
26109003069,7
26109003070,7
26109003071,7
26109003072,7
26109003073,7
26109003074,7
26109003075,7
26109003076,7
26109003077,7
26109003078,7
26109003079,7
26109004001,7
26109004002,7
26109004013,7
26109004014,7
26109004015,7
26109004016,7
26109004022,7
26109004023,7
26109004024,7
26109004026,7
26109004027,7
26109004029,7
26109004032,7
26109004033,7
26109004035,7
26109004036,7
26109004037,7
26109004038,7
26109004039,7
26109004040,7
26109004041,7
26109004042,7
26109004043,7
26109004045,7
26109004046,7
26109004047,7
26109004048,7
26109004049,7
26109004050,7
26109004052,7
26109004053,7
26109004054,7
26109004056,7
26109004057,7
26109004058,7
26109004059,7
26109004060,7
26109004061,7
26109004062,7
26109004063,7
26109004064,7
26109004065,7
26109004066,7
26109004067,7
26109004068,7
26109004069,7
26109005001,7
26109005002,7
26109005003,7
26109005004,7
26109005005,7
26109005006,7
26109005007,7
26109006001,7
26109006002,7
26109006003,7
26109006004,7
26109007001,7
26109007002,7
26109007003,7
26109007004,7
26109008001,7
26109008002,7
26109008003,7
26109008004,7
26109008005,7
26109008006,7
26109008007,7
26109008008,7
26109008009,7
26109009001,7
26109009002,7
26109009003,7
26109010001,7
26109010002,7
26109010003,7
26109010004,7
26109010005,7
26109010006,7
26109010007,7
26109010008,7
26109010009,7
26109010010,7
26109010011,7
26109010012,7
26109010013,7
26109010014,7
26109011001,7
26109011002,7
26109011003,7
26109011004,7
26109011005,7
26109011006,7
26109011007,7
26109011008,7
26109011009,7
26109011010,7
26109011011,7
26109011012,7
26109011013,7
26109011014,7
26109011015,7
26109011016,7
26109011017,7
26109011018,7
26109011019,7
26109011020,7
26109011021,7
26109011022,7
26109011023,7
26109011024,7
26109011025,7
26109011026,7
26109011027,7
26109011028,7
26109011029,7
26109011030,7
26109011031,7
26109011032,7
26109011033,7
26109011034,7
26109011038,7
26109011039,7
26109011040,7
26109011041,7
26109011042,7
26109012001,7
26109012002,7
26109012003,7
26109012004,7
26109012005,7
26109012006,7
26109012007,7
26109012008,7
26109012009,7
26109012010,7
26109012011,7
26109012012,7
26109012013,7
26109012014,7
26109012015,7
26109012016,7
26109012017,7
26109012018,7
26109012019,7
26109012020,7
26109012021,7
26109012022,7
26109012023,7
26109012024,7
26109012025,7
26109012026,7
26109012027,7
26109012028,7
26109012029,7
26109012030,7
26109012031,7
26109012032,7
26109012033,7
26109012034,7
26109012035,7
26109012036,7
26109012037,7
26109012038,7
26109012039,7
26109012040,7
26109012041,7
26109012042,7
26109012043,7
26109012044,7
26109012045,7
26109012046,7
26109012047,7
26109012048,7
26109012049,7
26109012050,7
26109012051,7
26109012052,7
26109012053,7
26109012054,7
26109012055,7
26109012056,7
26109012057,7
26109012058,7
26109012059,7
26109012060,7
26109012061,7
26109012062,7
26109012063,7
26109012064,7
26109012065,7
26109012066,7
26109012067,7
26109012068,7
26109012069,7
26109012070,7
26109012071,7
26109013001,7
26109013002,7
26109013003,7
26109013004,7
26109013005,7
26109013006,7
26109013007,7
26109013008,7
26109013009,7
26109013010,7
26109013011,7
26109013012,7
26109013013,7
26109014001,7
26109014002,7
26109014003,7
26109014004,7
26109014005,7
26109014006,7
26109014007,7
26109014008,7
26109014009,7
26109014010,7
26109014011,7
26109014012,7
26109014013,7
26109014014,7
26109014015,7
26109014016,7
26109014017,7
26109014018,7
26109014019,7
26109014020,7
26109014021,7
26109014022,7
26109014023,7
26109015001,7
26109015002,7
261090160,7
26109017001,7
26109017002,7
26109017003,7
26109017004,7
26109018001,7
26109018002,7
26109018003,7
26109018004,7
26109018005,7
26109018006,7
26109018007,7
26109018008,7
26109018009,7
26109018010,7
26109018011,7
26109018012,7
26109018013,7
26109018014,7
26109018015,7
26109018016,7
26109018017,7
26109018018,7
26109018019,7
26109018020,7
26109018021,7
26109018022,7
26109018023,7
26109018024,7
26109018025,7
26109018026,7
26109018027,7
26109018028,7
26109018029,7
26109018030,7
26109018031,7
26109018032,7
26109018033,7
26109018034,7
26109018035,7
26109018036,7
26109018037,7
26109018038,7
26109018039,7
26109019001,7
26109019002,7
26109019003,7
26109019004,7
26109019005,7
26109019006,7
26109019007,7
26109019008,7
26109019009,7
26109019010,7
26109019011,7
26109019012,7
26109019013,7
26109019014,7
26109019015,7
26109019016,7
26109019017,7
26109019018,7
26109019019,7
26109019020,7
26109019021,7
26109019022,7
26109019023,7
26109020001,7
26109020002,7
26109020003,7
26109020004,7
26109020005,7
26109021001,7
26109021002,7
26109021003,7
26109021004,7
26109021005,7
26109021006,7
26109021007,7
26109021008,7
26109021009,7
26109021010,7
26109021011,7
26109021012,7
26109021013,7
26109021014,7
26109021015,7
26109021016,7
26109021017,7
26109021018,7
26109021019,7
26109021020,7
26109021021,7
26109021022,7
26109021023,7
26109021024,7
26109021025,7
26109021027,7
26109021028,7
26109022001,7
26109022002,7
26109022003,7
26109022004,7
26109022005,7
26109022006,7
26109022007,7
26109022008,7
26109022009,7
26109022010,7
26109022011,7
26109022012,7
26109022013,7
26109022014,7
26109022015,7
26109022016,7
26109022017,7
26109022018,7
26109022019,7
26109022020,7
26109022021,7
26109022022,7
26109022023,7
26109022024,7
26109022025,7
26109022026,7
26109022027,7
26109022028,7
26109022029,7
26109022030,7
26109022031,7
26109022032,7
26109022033,7
26109022034,7
26109022036,7
26109023001,7
26109023002,7
26109023003,7
26109023004,7
26109023005,7
26109023006,7
26109023007,7
26109023008,7
26109023009,7
26109023010,7
26109023011,7
26109023012,7
26109023013,7
26109023014,7
26109023015,7
26109023016,7
26109023017,7
26109023018,7
26109023019,7
26109023020,7
26109023021,7
26109023022,7
26109023023,7
26109023024,7
26109023025,7
26109023026,7
26109023027,7
26109023028,7
26109023029,7
26109023030,7
26109023031,7
26109023032,7
26109023033,7
26109023034,7
26109023035,7
26109023036,7
26109023037,7
26109023038,7
26109023039,7
26109023040,7
26109023041,7
26109023042,7
26109023043,7
26109023044,7
26109023045,7
26109023046,7
26109023047,7
26109023048,7
26109023049,7
26109023050,7
26109023051,7
26109023052,7
26109023054,7
26109024002,7
26109024003,7
26109024004,7
26109024005,7
26109024006,7
26109024007,7
26109024008,7
26109024009,7
26109024010,7
26109024011,7
26109024012,7
26109024013,7
26109024014,7
26109024015,7
26109024016,7
26109024017,7
26109024018,7
26109024019,7
26109024020,7
26109024021,7
26109024022,7
26109024023,7
26109024024,7
26109024025,7
26109024026,7
26109024027,7
26109024028,7
26109024029,7
26109024030,7
26109024031,7
26109024032,7
26109024033,7
26109024034,7
26109024035,7
26109024036,7
26109024037,7
26109024038,7
26109024039,7
26109025002,7
26109025003,7
26109025004,7
26109025005,7
26109025006,7
26109025007,7
26109025008,7
26109025009,7
26109025010,7
26109025011,7
26109025012,7
26109025013,7
26109025014,7
26109025015,7
26109025016,7
26109025017,7
26109025018,7
26109025019,7
26109026001,7
26109026002,7
26109026003,7
26109026004,7
26109026005,7
26109026006,7
26109026007,7
26109026008,7
26109026009,7
26109026010,7
26109026011,7
26109026012,7
26109026013,7
26109026014,7
26109027001,7
26109027002,7
26109027003,7
26109027004,7
26109027005,7
26109027006,7
26109027007,7
26109027008,7
26109028001,7
26109028002,7
26109028003,7
26109028004,7
26109028005,7
26109028006,7
26109028007,7
26109028008,7
26109028009,7
26109028010,7
26109028011,7
26109028012,7
26109028013,7
26109028014,7
26109028015,7
26109028016,7
26109028017,7
26109028018,7
26109028019,7
26109028020,7
26109028021,7
26109028022,7
26109028023,7
26109028024,7
26109028025,7
26109028026,7
26109028027,7
26109028030,7
26109029001,7
26109029002,7
26109029003,7
26109029004,7
26109029005,7
26109029006,7
26109029007,7
26109029008,7
26109029009,7
26109029010,7
26109029011,7
26109030001,7
26109030002,7
26109030003,7
26109030004,7
26109030005,7
26109030006,7
26109030007,7
26109030008,7
26109030009,7
26109030010,7
26109030011,7
26109031001,7
26109031002,7
26109031003,7
26109032001,7
26109032002,7
26109032003,7
26109032004,7
26109032005,7
26109032006,7
26109032007,7
26109032008,7
26109032009,7
26109032010,7
26109032011,7
26109033001,7
26109033002,7
26109033003,7
26109033004,7
26109033005,7
26109033006,7
26109033007,7
26109034001,7
26109034002,7
26109034003,7
26109034004,7
26109034005,7
26109034006,7
26109034007,7
26109034008,7
26109034009,7
26109034010,7
26109034011,7
26109034012,7
26109034013,7
26109034014,7
26109034015,7
26109034016,7
26109034017,7
26109034018,7
26109034019,7
26109034020,7
26109034021,7
26109034022,7
26109034023,7
26109034024,7
26109034025,7
26109034026,7
26109035001,7
26109035002,7
26109035003,7
26109035004,7
26109035005,7
26109035006,7
26109035007,7
26109035008,7
26109035009,7
26109035010,7
26109035012,7
26109035013,7
26110001002,7
26110001003,7
26110001004,7
26110001005,7
26110001006,7
26110001007,7
26110001008,7
26110001009,7
26110001010,7
26110001011,7
26110001012,7
26110001013,7
26110001014,7
26110001015,7
26110001017,7
26110001018,7
26110001019,7
26110001020,7
26110001021,7
26110001022,7
26110001023,7
26110002001,7
26110002002,7
26110002003,7
26110002004,7
26110002005,7
26110002006,7
26110002007,7
26110002008,7
26110002009,7
26110002010,7
26110002011,7
26110002012,7
26110002013,7
26110002014,7
26110002015,7
26110002016,7
26110002017,7
26110003001,7
26110003002,7
26110003003,7
26110003004,7
26110003005,7
26110003006,7
26110003007,7
26110003008,7
26110003009,7
26110003010,7
26110003011,7
26110003012,7
26110003013,7
26110003014,7
26110003015,7
26110003016,7
26110003017,7
26110003018,7
26110003019,7
26110003020,7
26110003021,7
26110003022,7
26110003023,7
26110003024,7
26110003025,7
26110003026,7
26110003027,7
26110003028,7
26110003029,7
26110003030,7
26110003031,7
26110003032,7
26110003033,7
26110003034,7
26110003035,7
26110004001,7
26110004002,7
26110004003,7
26110004004,7
26110004005,7
26110004006,7
26110004007,7
26110004008,7
26110004009,7
26110005001,7
26110005002,7
26110005003,7
26110005004,7
26110005005,7
26110005006,7
26110005007,7
26110005008,7
26110005009,7
26110005010,7
26110005011,7
26110005012,7
26110005013,7
26110005014,7
26110005015,7
26110005016,7
26110005017,7
26110005018,7
26110005019,7
26110005020,7
26110006001,7
26110006002,7
26110006003,7
26110006004,7
26110006005,7
26110006006,7
26110006007,7
26110006008,7
26110006009,7
26110006010,7
26110006011,7
26110006012,7
26110006013,7
26110006014,7
26110006015,7
26110006016,7
26110006017,7
26110006018,7
26110006019,7
26110007001,7
26110007002,7
26110007003,7
26110007004,7
26110007005,7
26110007006,7
26110007007,7
26110007008,7
26110007009,7
26110007010,7
26110007011,7
26110007012,7
26110007013,7
26110007014,7
26110007015,7
26110007016,7
26110007017,7
26110007018,7
26110007019,7
26110007020,7
26110007021,7
26110007022,7
26110008001,7
26110008002,7
26110008003,7
26110008004,7
26110008005,7
26110008006,7
26110008007,7
26110008008,7
26110008009,7
26110008010,7
26110008011,7
26110008012,7
26110008013,7
26110008014,7
26110008015,7
26110008016,7
26110008017,7
26110008018,7
26110008019,7
26110008020,7
26110008021,7
26110008022,7
26110008023,7
26110008024,7
26110008025,7
26110008026,7
26110008027,7
26110008028,7
26110008029,7
26110008030,7
26110008031,7
26110008032,7
26110008033,7
26110008034,7
26110008035,7
26110008036,7
26110008037,7
26110008038,7
26110008039,7
26110008040,7
26110008041,7
26110008042,7
26110008043,7
26110008044,7
26110008045,7
26110008046,7
26110008047,7
26110008048,7
26110008049,7
26110008050,7
26110008051,7
26110008052,7
26110009001,7
26110009002,7
26110009003,7
26110009004,7
26110009005,7
26110009006,7
26110009007,7
26110009008,7
26110009009,7
26110009010,7
26110009011,7
26110009012,7
26110009013,7
26110009014,7
26110009015,7
26110009016,7
26110009017,7
26110009018,7
26110009019,7
26110009020,7
26110009021,7
26110009022,7
26110009023,7
26110009024,7
26110009025,7
26110009026,7
26110009027,7
26110009028,7
26110009029,7
26110009030,7
26110010001,7
26110010002,7
26110010003,7
26110010004,7
26110010005,7
26110010006,7
26110010007,7
26110010008,7
26110010009,7
26110010010,7
26110010011,7
26110010012,7
26110010013,7
26110010014,7
26110010015,7
26110010016,7
26110010017,7
26110010018,7
26110010019,7
26110010020,7
26110010021,7
26110010022,7
26110010023,7
26110010024,7
26110010025,7
26110010026,7
26110010027,7
26110010028,7
26110010029,7
26110010030,7
26110010031,7
26110010032,7
26110010034,7
26110010035,7
26110010036,7
26110010037,7
26110010038,7
26110010039,7
26110010040,7
26110010041,7
26110011001,7
26110011002,7
26110011003,7
26110011004,7
26110011005,7
26110011006,7
26110011007,7
26110011008,7
26110011009,7
26110011010,7
26110011011,7
26110011012,7
26110011013,7
26110011014,7
26110011015,7
26110011016,7
26110011017,7
26110011018,7
26110011019,7
26110011020,7
26110011021,7
26110011022,7
26110011023,7
26110011024,7
26110011025,7
26110011026,7
26110011027,7
26110011028,7
26110011029,7
26110011030,7
26110011031,7
26110011033,7
26110011035,7
26110011036,7
26110011037,7
26110012001,7
26110012002,7
26110012003,7
26110012004,7
26110012005,7
26110012006,7
26110012007,7
26110012008,7
26110012009,7
26110012010,7
26110012011,7
26110012012,7
26110012013,7
26110012014,7
26110012015,7
26110012016,7
26110012017,7
26110012018,7
26110012019,7
26110012020,7
26110012021,7
26110012022,7
26110012023,7
26110012024,7
26110012025,7
26110012026,7
26110012027,7
26110012028,7
26110012029,7
26110012030,7
26110012031,7
26110012032,7
26110012033,7
26110012034,7
26110013001,7
26110013002,7
26110013003,7
26110013004,7
26110013005,7
26110013006,7
26110013007,7
26110013008,7
26110013009,7
26110013010,7
26110013011,7
26110013012,7
26110013013,7
26110013014,7
26110013015,7
26110013016,7
26110013017,7
26110013018,7
26110013019,7
26110013020,7
26110013021,7
26110013022,7
26110013023,7
26110013024,7
26110013025,7
26110013026,7
26110013027,7
26110013028,7
26110013030,7
26110013031,7
26111001001,2
26111001002,2
26111001003,2
26111001004,2
26111001005,2
26111001006,2
26111001007,2
26111001008,2
26111001009,2
26111001010,2
26111001011,2
26111001012,2
26111001013,2
26111001014,2
26111001015,2
26111001016,2
26111001017,2
26111001018,2
26111001019,2
26111001020,2
26111001021,2
26111001022,2
26111002001,2
26111002002,2
26111002003,2
26111002004,2
26111002005,2
26111002006,2
26111002007,2
26111002008,2
26111002009,2
26111002010,2
26111002011,2
26111002012,2
26111002013,2
26111002014,2
26111002015,2
26111002016,2
26111002017,2
26111002018,2
26111002019,2
26111002020,2
26111002021,2
26111002022,2
26111002023,2
26111002024,2
26111002025,2
26111002026,2
26111002027,2
26111002028,2
26111002029,2
26111002030,2
26111002032,2
26111002034,2
26111002035,2
26111002036,2
26111003001,2
26111003002,2
26111003003,2
26111003004,2
26111003005,2
26111003006,2
26111003007,2
26111003008,2
26111003009,2
26111003010,2
26111003011,2
26111003012,2
26111003013,2
26111003014,2
26111003015,2
26111003016,2
26111003017,2
26111003018,2
26111003019,2
26111003020,2
26111003021,2
26111003022,2
26111003023,2
26111003024,2
26111003025,2
26111003026,2
26111003027,2
26111003028,2
26111003029,2
26111003031,2
26111003033,2
26111003034,2
26111003035,2
26111004001,2
26111004002,2
26111004003,2
26111004004,2
26111004006,2
26111004007,2
26111004008,2
26111004009,2
26111004010,2
26111004011,2
26111004012,2
26111004013,2
26111004014,2
26111004015,2
26111004016,2
26111004017,2
26111004018,2
26111004019,2
26111004020,2
26111004021,2
26111004022,2
26111004023,2
26111004024,2
26111004025,2
26111005001,2
26111005002,2
26111005003,2
26111005004,2
26111005005,2
26111005006,2
26111005007,2
26111005008,2
26111005009,2
26111005010,2
26111005011,2
26111005014,2
26111005015,2
26111005016,2
26111006001,2
26111006002,2
26111006003,2
26111006004,2
26111006005,2
26111006006,2
26111006007,2
26111006008,2
26111006009,2
26111006010,2
26111006011,2
26111006012,2
26111006013,2
26111007001,2
26111007002,2
26111007003,2
26111007004,2
26111007005,2
26111007006,2
26111007007,2
26111007008,2
26111007009,2
26111007010,2
26111007011,2
26111007012,2
26111007013,2
26111007014,2
26111007016,2
26111007017,2
26111007018,2
26111007019,2
26111007020,2
26111008001,2
26111008002,2
26111008003,2
26111008004,2
26111008005,2
26111008006,2
26111008007,2
26111008008,2
26111008009,2
26111008010,2
26111008011,2
26111008012,2
26111008013,2
26111008014,2
26111008015,2
26111008016,2
26111008017,2
26111008018,2
26111008019,2
26111008020,2
26111008021,2
26111009001,2
26111009002,2
26111009003,2
26111009004,2
26111009005,2
26111009006,2
26111009007,2
26111009008,2
26111009009,2
26111009010,2
26111009011,2
26111009012,2
26111009013,2
26111009014,2
26111009015,2
26111009016,2
26111009017,2
26111009018,2
26111009019,2
26111009020,2
26111009022,2
26111009023,2
26111009024,2
26111010001,2
26111010002,2
26111010003,2
26111010004,2
26111010005,2
26111010006,2
26111010007,2
26111010008,2
26111010009,2
26111010010,2
26111010011,2
26111010012,2
26111010013,2
26111010014,2
26111010015,2
26111010016,2
26111010017,2
26111010018,2
26111010019,2
26111010020,2
26111010021,2
26111010022,2
26111010023,2
26111010024,2
26111010025,2
26111010026,2
26111010027,2
26111010028,2
26111010029,2
26111010030,2
26111010031,2
26111010032,2
26111010033,2
26111010034,2
26111010035,2
26111010036,2
26111010037,2
26111010038,2
26111010039,2
26111010040,2
26111010041,2
26111010042,2
26111010043,2
26111010044,2
26111010045,2
26111010046,2
26111010047,2
26111010048,2
26111010049,2
26111010050,2
26111010051,2
26111010052,2
26111010053,2
26111010054,2
26111010055,2
26111010056,2
26111010057,2
26111010058,2
26111010059,2
26111010061,2
26111011001,2
26111011002,2
26111011003,2
26111011004,2
26111011007,2
26111012001,2
26111012002,2
26111012003,2
26111012004,2
26111012005,2
26111012006,2
26111012007,2
26111012008,2
26111012009,2
26111012010,2
26111012011,2
26111012012,2
26111012013,2
26111012014,2
26111012015,2
26111012016,2
26111012018,2
26111012019,2
26111013001,2
26111013002,2
26111013003,2
26111013004,2
26111013005,2
26111013006,2
26111013007,2
26111013008,2
26111013009,2
26111013010,2
26111013011,2
26111014001,2
26111014002,2
26111014003,2
26111014004,2
26111014005,2
26111014006,2
26111014007,2
26111015001,2
26111015002,2
26111015003,2
26111015004,2
26111015005,2
26111015006,2
26111015007,2
26111016001,2
26111016002,2
26111016003,2
26111016004,2
26111016005,2
26111016006,2
26111017001,2
26111017002,2
26111017003,2
26111017004,2
26111017005,2
26111017006,2
26111017007,2
26111017008,2
26111017009,2
26111017010,2
26111017011,2
26111017012,2
26111017013,2
26111017014,2
26111017015,2
26111017016,2
26201001001,0
26201001002,0
26201001003,0
26201001004,0
26201001005,0
26201001006,0
26201001007,0
26201001008,0
26201001009,0
26201001010,0
26201001011,0
26201001012,0
26201001013,0
26201001014,0
26201001015,0
26201001016,0
26201001017,0
26201001018,0
26201001019,0
26201001020,0
26201001021,0
26201001022,0
26201001023,0
26201001024,0
26201001025,0
26201001026,0
26201001027,0
26201001028,0
26201001029,0
26201001030,0
26201001031,0
26201001032,0
26201001033,0
26201001034,0
26201001035,0
26201001036,0
26201001037,0
26201002001,0
26201002002,0
26201002003,0
26201002004,0
26201002005,0
26201002006,0
26201002007,0
26201002008,0
26201002009,0
26201002010,0
26201002011,0
26201002012,0
26201002013,0
26201002014,0
26201002016,0
26201002017,0
26201002018,0
26201002019,0
26201002020,0
26201002021,0
26201002022,0
26201002023,0
26201002024,0
26201002025,0
26201003001,0
26201003002,0
26201003003,0
26201003004,0
26201003005,0
26201003006,0
26201003007,0
26201003008,0
26201003009,0
26201003010,0
26201003011,0
26201003012,0
26201003013,0
26201003014,0
26201003015,0
26201003016,0
26201004001,0
26201004002,0
26201004003,0
26201004004,0
26201004005,0
26201004006,0
26201004007,0
26201004008,0
26201004009,0
26201004010,0
26201004011,0
26201005001,0
26201005002,0
26201005003,0
26201005004,0
26201005005,0
26201005006,0
26201005007,0
26201005008,0
26201006001,0
26201006002,0
26201006003,0
26201006004,0
26201006005,0
26201006006,0
26201006007,0
26201006008,0
26201007001,0
26201007002,0
26201007003,0
26201007004,0
26201008001,0
26201008002,0
26201008003,0
26201008004,0
26201008005,0
26201008006,0
26201008007,0
26201008008,0
26201008009,0
26201008010,0
26201008011,0
26201008012,0
26201008013,0
26201008014,0
26201008015,0
26201008016,0
26201008017,0
26201008018,0
26201008019,0
26201008020,0
26201009001,0
26201009002,0
26201009003,0
26201009004,0
26201009005,0
26201009006,0
26201009007,0
26201009008,0
26201010001,0
26201010002,0
26201010003,0
26201010004,0
26201010005,0
26201010006,0
26201010007,0
26201010008,0
26201010009,0
26201010010,0
26201010011,0
26201010012,0
26201010013,0
26201011001,0
26201011002,0
26201011003,0
26201011004,0
26201011006,0
26201011007,0
26201011008,0
26201011009,0
26201011010,0
26201012001,0
26201012002,0
26201012003,0
26201012004,0
26201012005,0
26201012006,0
26201012007,0
26201012008,0
26201012009,0
26201013001,0
26201013002,0
26201013003,0
26201013004,0
26201013005,0
26201013006,0
26201013007,0
26201013008,0
26201013010,0
26201014001,0
26201014002,0
26201014003,0
26201014004,0
26201014005,0
26201014006,0
26201014007,0
26201014008,0
26201014009,0
26201014010,0
26201014011,0
26201015001,0
26201015002,0
26201015003,0
26201015004,0
26201015005,0
26201015006,0
26201015007,0
26201016001,0
26201016002,0
26201016003,0
26201016004,0
26201016005,0
26201016006,0
26201016007,0
26201016008,0
26201017001,0
26201017002,0
26201017003,0
26201017004,0
26201017005,0
26201017006,0
26201017007,0
262010180,0
262010190,0
26201020001,0
26201020002,0
26201020003,0
26201020004,0
26201020005,0
26201021001,0
26201021002,0
26201021003,0
26201021004,0
26201021005,0
26201021006,0
26201022007,0
26201022008,0
26201022009,0
26201022010,0
26201022011,0
26201022012,0
26201022013,0
26201022014,0
26201022015,0
26201022022,0
26201023016,0
26201023017,0
26201023018,0
26201023019,0
26201023020,0
26201023021,0
26201024001,0
26201024002,0
26201024003,0
26201024004,0
26201024005,0
26201024006,0
26201024007,0
262010250,0
262010260,0
26201027010,0
26201027011,0
26201027012,0
26201027013,0
26201027014,0
26201028015,0
26201028016,0
26201028017,0
262010290,0
262010300,0
262010310,0
262010320,0
262010330,0
26201034023,0
26201034024,0
26201034025,0
26201034026,0
26201034027,0
26201034028,0
26201034029,0
26201034030,0
26201034031,0
26201034032,0
26201035000,0
26201035033,0
26201035035,0
26201035036,0
26201035037,0
26201035038,0
26201035039,0
26201035040,0
26201036041,0
26201036042,0
26201036043,0
26201036044,0
26201036045,0
26201036046,0
26201037001,0
26201037002,0
26201037003,0
26201037004,0
26201037005,0
26201037006,0
26201037007,0
26201037008,0
26201038001,0
26201038002,0
26201038003,0
26201038004,0
26201038005,0
26201038006,0
26201038007,0
26201038008,0
26201038009,0
26201038010,0
26201039001,0
26201039002,0
26201039003,0
26201039004,0
26201039006,0
26201040001,0
26201040002,0
26201040003,0
26201040004,0
26201040005,0
26201040006,0
26201040007,0
26201040008,0
26201040009,0
26201041001,0
26201041002,0
26201041003,0
26201041004,0
26201041005,0
26201041006,0
26201041007,0
26201041008,0
26201042001,0
26201042002,0
26201042003,0
26201042004,0
26201042005,0
26202001001,0
26202001002,0
26202001003,0
26202001004,0
26202001005,0
26202001006,0
26202001007,0
26202001008,0
26202001009,0
26202001010,0
26202001011,0
26202001012,0
26202001013,0
26202002001,0
26202002002,0
26202002003,0
26202002004,0
26202002005,0
26202002006,0
26202002007,0
26202002008,0
26202002009,0
26202002010,0
26202002012,0
26202002013,0
26202002014,0
26202002015,0
26202002016,0
26202002017,0
26202003001,0
26202003002,0
26202003003,0
26202003004,0
26202003005,0
26202003006,0
26202003007,0
26202003008,0
26202003010,0
26202003011,0
26202003012,0
26202003013,0
26202003014,0
26202003015,0
26202003016,0
26202003017,0
26202003018,0
26202003019,0
26202003020,0
26202003021,0
26202003023,0
26202003024,0
26202003025,0
26202004001,0
26202004002,0
26202004003,0
26202004004,0
26202004005,0
26202004006,0
26202004007,0
26202004008,0
26202004009,0
26202004010,0
26202004011,0
26202004012,0
26202004013,0
26202004014,0
26202004015,0
26202004016,0
26202004017,0
26202004018,0
26202004019,0
26202004020,0
26202004021,0
26202004022,0
26202004023,0
26202005001,0
26202005002,0
26202005003,0
26202005004,0
26202005005,0
26202005006,0
26202005007,0
26202005008,0
26202005009,0
26202005010,0
26202006001,0
26202006002,0
26202006003,0
26202006004,0
26202006005,0
26202006008,0
26202006009,0
26202006010,0
26202006011,0
26202006012,0
26202006013,0
26202006014,0
26202006015,0
26202006016,0
26202006017,0
26202006018,0
26202006019,0
26202006020,0
26202006021,0
26202006022,0
26202006023,0
26202006024,0
26202006025,0
26202006026,0
26202006027,0
26202006029,0
26202006030,0
26202006031,0
26202006032,0
26202006033,0
26202006034,0
26202006035,0
26202006036,0
26202006037,0
26202006038,0
26202006039,0
26202006040,0
26202006041,0
26202006042,0
26202006043,0
26202006044,0
26202006045,0
26202006046,0
26202006047,0
26202006048,0
26202006050,0
26202006051,0
26202006052,0
26202006053,0
26202006054,0
26202006056,0
26202006057,0
26202006058,0
26202006059,0
26202006060,0
26202006061,0
26202006062,0
26202006063,0
26202006064,0
26202007001,0
26202007002,0
26202007003,0
26202007004,0
26202007005,0
26202007006,0
26202007008,0
26202007009,0
26202007010,0
26202007011,0
26202008001,0
26202008002,0
26202008003,0
26202008004,0
26202008005,0
26202008006,0
26202008007,0
26202008008,0
26202008010,0
26202008011,0
26202008012,0
26202008013,0
26202008014,0
26202008015,0
26202008016,0
26202008017,0
26202008018,0
26202008019,0
26202008020,0
26202008021,0
26202008022,0
26202008023,0
26202008024,0
26202008025,0
26202008026,0
26202008027,0
26202008028,0
26202008030,0
26202008031,0
26202008032,0
26202008033,0
26202008034,0
26202008035,0
26202008036,0
26202008037,0
26202008038,0
26202008039,0
26202008040,0
26202008041,0
26202008042,0
26202008043,0
26202008044,0
26202008045,0
26202008046,0
26202008047,0
26202008048,0
26202008049,0
26202008050,0
26202008051,0
26202008053,0
26202008054,0
26202008055,0
26202008056,0
26202008057,0
26202008058,0
26202008059,0
26202008060,0
26202008062,0
26202008063,0
26202008064,0
26202008065,0
26202008066,0
26202008067,0
26202008068,0
26202008070,0
26202008071,0
26202008072,0
26202008073,0
26202009001,0
26202009002,0
26202009003,0
26202009004,0
26202009005,0
26202009006,0
26202009007,0
26202009008,0
26202009009,0
26202009010,0
26202009011,0
26202009012,0
26202009013,0
26202009014,0
26202009015,0
26202009016,0
26202010002,0
26202010003,0
26202010004,0
26202010005,0
26202010006,0
26202010007,0
26202010008,0
26202010009,0
26202010010,0
26202010011,0
26202010012,0
26202010013,0
26202010014,0
26202010015,0
26202010016,0
26202010017,0
26202010018,0
26202010019,0
26202010020,0
26202010021,0
26202010023,0
26202010024,0
26202010025,0
26202011001,0
26202011002,0
26202011003,0
26202011004,0
26202011005,0
26202011006,0
26202011007,0
26202011008,0
26202011009,0
26202011010,0
26202011011,0
26202011012,0
26202011013,0
26202011014,0
26202011015,0
26202011016,0
26202011017,0
26202011018,0
26202011019,0
26202011020,0
26202011021,0
26202011022,0
26202011023,0
26202011024,0
26202011025,0
26202011026,0
26202011027,0
26202011028,0
26202011029,0
26202011030,0
26202011031,0
26202011032,0
26202011033,0
26202011034,0
26202011035,0
26202011036,0
26202011037,0
26202011038,0
26202011039,0
26202011040,0
26202011041,0
26202011042,0
26202011043,0
26202011044,0
26202011045,0
26202011046,0
26202011047,0
26202011048,0
26202011049,0
26202011050,0
26202011051,0
26202011052,0
26202011053,0
26202011055,0
26202011056,0
26202011057,0
26202011058,0
26202011059,0
26202011060,0
26202011061,0
26202011062,0
26202011063,0
26202011064,0
26202011065,0
26202012001,0
26202012002,0
26202012003,0
26202012004,0
26202012005,0
26202012006,0
26202012007,0
26202012008,0
26202012009,0
26202012010,0
26202012012,0
26202012013,0
26202012014,0
26202012015,0
26202012016,0
26202012017,0
26202012018,0
26202012019,0
26202012020,0
26202012021,0
26202012022,0
26202012023,0
26202012024,0
26202012025,0
26202012026,0
26202012027,0
26202012028,0
26202012029,0
26202012030,0
26202012031,0
26202012032,0
26202012034,0
26202012035,0
26202012036,0
26202013001,0
26202013002,0
26202013003,0
26202013004,0
26202013005,0
26202013006,0
26202013007,0
26202013008,0
26202013009,0
26202013010,0
26202013011,0
26202013012,0
26202013013,0
26202013014,0
26202014001,0
26202014002,0
26202014004,0
26202014005,0
26202014006,0
26202014008,0
26202014009,0
26202014011,0
26202014013,0
26202014014,0
26202014015,0
26202015001,0
26202015002,0
26202015003,0
26202015004,0
26202015006,0
26202015007,0
26202015008,0
26202015009,0
26202015010,0
26202015011,0
26202015012,0
26202015013,0
26202015014,0
26202015022,0
26202015023,0
26202015030,0
26202015040,0
26202015050,0
26202015060,0
26202016001,0
26202016002,0
26202016003,0
26202016004,0
26202016005,0
26202016006,0
26202016007,0
26202016008,0
26202016009,0
26202016010,0
26202017001,0
26202017002,0
26202017003,0
26202017004,0
26202017005,0
26202017006,0
26202017007,0
26202017008,0
26202017009,0
26202018001,0
26202018002,0
26202018003,0
26202018004,0
26202018005,0
26202018006,0
26202018007,0
26202018008,0
26202018009,0
26202019001,0
26202019002,0
26202019003,0
26202019004,0
26202019005,0
26202020001,0
26202020002,0
26202020003,0
26202020004,0
26202020005,0
26202020006,0
26202020007,0
26202020008,0
26202020009,0
26202020010,0
26202020011,0
26202020012,0
26202021001,0
26202021002,0
26202021003,0
26202021004,0
26202021005,0
262020220,0
26203001001,0
26203001002,0
26203001003,0
26203001004,0
26203001005,0
26203001006,0
26203001007,0
26203001008,0
26203001009,0
26203001010,0
26203001011,0
26203001012,0
26203001013,0
26203001014,0
26203001015,0
26203002001,0
26203002002,0
26203002003,0
26203002004,0
26203002005,0
26203002006,0
26203002007,0
26203002008,0
26203002009,0
26203002010,0
26203002011,0
26203002012,0
26203002013,0
26203002014,0
26203002015,0
26203002016,0
26203002017,0
26203002018,0
26203002019,0
26203002020,0
26203002021,0
26203002022,0
26203002023,0
26203002024,0
26203002025,0
26203002026,0
26203003001,0
26203003002,0
26203003003,0
26203003004,0
26203003005,0
26203003006,0
26203003007,0
26203003008,0
26203003009,0
26203003010,0
26203004001,0
26203004002,0
26203004003,0
26203004004,0
26203004005,0
26203004006,0
26203004007,0
26203004008,0
26203004009,0
26203004010,0
26203004011,0
26203004012,0
26203005001,0
26203005002,0
26203005003,0
26203005004,0
26203005005,0
26203005006,0
26203005007,0
26203005008,0
26203005009,0
26203005010,0
26203005011,0
26203005012,0
26203005013,0
26203005014,0
26203005015,0
26203005016,0
26203005017,0
26203005018,0
26203005019,0
26203005020,0
26203005021,0
26203005022,0
26203005023,0
26203005024,0
26203006001,0
26203006002,0
26203006003,0
26203006004,0
26203006005,0
26203006006,0
26203006009,0
26203007101,0
26203007102,0
26203007201,0
26203007202,0
26203007203,0
26203007204,0
26203007205,0
26203007206,0
26203007207,0
26203008001,0
26203008002,0
26203008003,0
26203008004,0
26203008005,0
26203008006,0
26203008007,0
26203008008,0
26203008009,0
26203008010,0
26203008011,0
26203008012,0
26203008013,0
26203008014,0
26203008015,0
26203008016,0
26203008017,0
26203008018,0
26203008019,0
26203008020,0
26203008021,0
26203008022,0
26203008023,0
26203008024,0
26203008025,0
26203008026,0
26203008027,0
26203008028,0
26203008029,0
26203008030,0
26203008031,0
26203008032,0
26203008033,0
26203008034,0
26203008035,0
26203008037,0
26203008038,0
26203008039,0
26203008041,0
26203008042,0
26203008043,0
26203008059,0
26203008060,0
26203008061,0
26203008062,0
26203008063,0
26203008064,0
26203008065,0
26203008066,0
26203009001,0
26203009002,0
26203009003,0
26203009005,0
26203009006,0
26203009007,0
26203009008,0
26203009009,0
26203009010,0
26203009011,0
26203009012,0
26203009013,0
26203010001,0
26203010002,0
26203010003,0
26203010004,0
26203010005,0
26203010006,0
26203010007,0
26203010008,0
26203010009,0
26203010010,0
26203010011,0
26203010012,0
26203010013,0
26203010014,0
26203010015,0
26203010016,0
26203010017,0
26203010018,0
26203010019,0
26203010020,0
26203010021,0
26203010022,0
26203010023,0
26203010024,0
26203010025,0
26203010026,0
26203011001,0
26203011002,0
26203011003,0
26203011004,0
26203011005,0
26203011006,0
26203011007,0
26203012001,0
26203012002,0
26203012003,0
26203012004,0
26203012005,0
26203012006,0
26203012007,0
26203012008,0
26203012009,0
26203012010,0
26204001001,4
26204001002,4
26204001003,4
26204001004,4
26204001005,4
26204001006,4
26204001007,4
26204003001,4
26204003002,4
26204003003,4
26204003004,4
26204003005,4
26204003006,4
26204003007,4
26204003008,4
26204003009,4
26204003010,4
26204003011,4
26204003012,4
26204003013,4
26204003014,4
26204003015,4
26204003016,4
26204003017,4
26204003018,4
26204003019,4
26204003020,4
26204003021,4
26204003022,4
26204003024,4
26204003025,4
26204003026,4
26204003027,4
26204003028,4
26204003029,4
26204004001,4
26204004002,4
26204004003,4
26204004004,4
26204005002,4
26204005003,4
26204005004,4
26204005005,4
26204005006,4
26204005007,4
26204005008,4
26204005009,4
26204005010,4
26204005011,4
26204005013,4
26204005015,4
26204005016,4
26204005017,4
26204005019,4
26204005020,4
26204005021,4
26204005024,4
26204005025,4
26204005026,4
26204005028,4
26204005029,4
26204005031,4
26204005032,4
26204005033,4
26204005034,4
26204005035,4
26204005036,4
26204005037,4
26204005038,4
26204005039,4
26204005040,4
26204005041,4
26204005042,4
26204007001,4
26204007002,4
26204007003,4
26204007004,4
26204007005,4
26204007006,4
26204007007,4
26204007008,4
26204007009,4
26204007010,4
26204007011,4
26204007012,4
26204007013,4
26204007014,4
26204007015,4
26204007016,4
26204007017,4
26204007018,4
26204007019,4
26204007020,4
26204007021,4
26204007022,4
26204007023,4
26204007024,4
26204007025,4
26204007026,4
26204007027,4
26204007028,4
26204007030,4
26204007031,4
26204007032,4
26204007033,4
26204007034,4
26204007035,4
26204007036,4
26204008001,4
26204008002,4
26204008003,4
26204008004,4
26204010001,4
26204010002,4
26204010003,4
26204010004,4
26204010005,4
26204010006,4
26204010007,4
26204010008,4
26204010009,4
26204010010,4
26204010011,4
26204010012,4
26204010013,4
26204010014,4
26204010015,4
26204010016,4
26204010017,4
26204010018,4
26204012001,4
26204012002,4
26204012003,4
26204012004,4
26204012005,4
26204012006,4
26204012007,4
26204012008,4
26204012009,4
26204012010,4
26204012011,4
26204012012,4
26204012013,4
26204012014,4
26204014001,4
26204014002,4
26204014003,4
26204014004,4
26204014005,4
26204014006,4
26204014007,4
26204014008,4
26204014009,4
26204014010,4
26204014011,4
26204014012,4
26204014013,4
26204014014,4
26204014015,4
26204014016,4
26204014017,4
26204016001,4
26204016002,4
26204016003,4
26204016004,4
26204016005,4
26204016006,4
26204016007,4
26204016008,4
26204018001,4
26204018002,4
26204018003,4
26204018004,4
26204018005,4
26204018006,4
26204018007,4
26204018008,4
26204018009,4
26204018010,4
26204018011,4
26204018013,4
26204018014,4
26204018015,4
26204020001,4
26204020002,4
26204020003,4
26204020004,4
26204020005,4
26204020006,4
26204020007,4
26204020008,4
26204020009,4
26204020010,4
26204020011,4
26204020012,4
26204020013,4
26204020014,4
26204020015,4
26204020016,4
26204020017,4
26204020018,4
26204022001,4
26204022002,4
26204022003,4
26204022004,4
26204024001,4
26204024002,4
26204024003,4
26204024004,4
26204024005,4
26204024006,4
26204024007,4
26204024008,4
26204024010,4
26204024011,4
26204024012,4
26204024013,4
26204024014,4
26204024015,4
26204024016,4
26204024017,4
26204024018,4
26204024019,4
26204024020,4
26204024021,4
26204024022,4
26204024023,4
26204024024,4
26204024025,4
26204024026,4
26204024027,4
26204024028,4
26204024029,4
26204024030,4
26204024031,4
26204024032,4
26204024033,4
26204024034,4
26204024035,4
26204026001,4
26204026002,4
26204026003,4
26204028001,4
26204028002,4
26204028003,4
26204028004,4
26204029001,4
26204029002,4
26204029003,4
26204030002,4
26204030003,4
26204030004,4
26204030005,4
26204030006,4
26204030007,4
26204030008,4
26204030009,4
26204030010,4
26204030011,4
26204030012,4
26204030013,4
26204030014,4
26204030015,4
26204030016,4
26204030017,4
26204030018,4
26204030019,4
26204030020,4
26204030021,4
26204030022,4
26204030023,4
26204032001,4
26204032002,4
26204032003,4
26204032004,4
262040340,4
26204036001,4
26204036002,4
26204036003,4
26204036004,4
26204036005,4
26204038001,4
26204038002,4
26204038003,4
26204038004,4
26204038005,4
26204038006,4
26204038007,4
26204038008,4
26204038009,4
26204038010,4
26204038011,4
26204038012,4
26204038013,4
26204038014,4
26204038015,4
26204038016,4
26204038017,4
26204038018,4
26204038019,4
26204038020,4
26204038021,4
26204038022,4
26204038023,4
26204038024,4
26204038025,4
26204038026,4
26204038027,4
26204038028,4
26204038029,4
26204038030,4
26204038031,4
26204038032,4
26204038033,4
26204038034,4
26204038035,4
26204038036,4
26204040001,4
26204040002,4
26204040003,4
26204040004,4
26204040005,4
26204040006,4
26204040007,4
26204040008,4
26204040009,4
26204040010,4
26204040011,4
26204040012,4
26204040013,4
26204040014,4
26204040015,4
26204040016,4
26204040017,4
26204040018,4
26204040019,4
26204040020,4
26204042001,4
26204042002,4
26204042003,4
26204042004,4
26204042005,4
26204042006,4
26204042007,4
26204042008,4
26204042009,4
26204042010,4
26204042011,4
26204042012,4
26204042013,4
26204042014,4
26204042015,4
26204042016,4
26204042017,4
26204042018,4
26204042019,4
26204042020,4
26204042021,4
26204042022,4
26204042023,4
26204044001,4
26204044002,4
26204044003,4
262040460,4
26204048001,4
26204048003,4
26204048004,4
26204048005,4
26204048006,4
26204048007,4
26204048008,4
26204048009,4
26204048010,4
26204048011,4
26204048012,4
26204048013,4
26204048014,4
26204048015,4
26204048016,4
26204048017,4
26204049001,4
26204049002,4
26204049003,4
26204051001,4
26204051002,4
26204051003,4
26204051004,4
26204051005,4
26204051006,4
26204051007,4
26204051008,4
26204051009,4
26204051010,4
26204051011,4
26204051012,4
26205001001,0
26205001002,0
26205001003,0
26205001004,0
26205001005,0
26205002001,0
26205002002,0
26205002003,0
26205002004,0
26205002005,0
26205002006,0
26205002007,0
26205002008,0
26205002009,0
26205003001,0
26205003002,0
26205003003,0
26205003004,0
26205003005,0
26205004001,0
26205004002,0
26205005001,0
26205005002,0
26205005003,0
26205005004,0
26205005005,0
26205005006,0
26205005007,0
26205005008,0
26205005009,0
26205006001,0
26205006002,0
26205006003,0
26205006004,0
26205006005,0
26205007001,0
26205007002,0
26205007003,0
26205007004,0
26205007005,0
26205007006,0
26205007007,0
26205007008,0
26205007009,0
26205007010,0
26205007011,0
26205007012,0
26205007013,0
26205007014,0
26205007015,0
26205007016,0
26205007017,0
26205007018,0
26205007019,0
26205007020,0
26205007021,0
26205007022,0
26205007023,0
26205007024,0
26205007025,0
26205007026,0
26205007027,0
26205007028,0
26205007029,0
26205007030,0
26205007031,0
26205007032,0
26205007033,0
26205007034,0
26205007035,0
26205007036,0
26205007037,0
26205007038,0
26205007039,0
26205007040,0
26205007042,0
26205007043,0
26205007044,0
26205008001,0
26205008002,0
26205008003,0
26205008004,0
26205008005,0
26205008006,0
26205009001,0
26205009002,0
26205009003,0
26205009004,0
26205009005,0
26205009006,0
26205009007,0
26205009008,0
26205009009,0
26205009010,0
26205009011,0
26205009012,0
26205009013,0
26205010001,0
26205010002,0
26205010003,0
26205010004,0
26205010005,0
26205010006,0
26206001001,0
26206001037,0
26206001039,0
26206001042,0
262060020,0
262060030,0
262060040,0
262060050,0
26206006006,0
26206006007,0
26206006028,0
26206006038,0
26206006039,0
26206007007,0
26206007044,0
262060080,0
262060090,0
262060100,0
262060110,0
262060120,0
26206013013,0
26206013043,0
26206014006,0
26206014035,0
26206014036,0
26206014043,0
26206015014,0
26206015015,0
26206015016,0
26206015017,0
26206015018,0
26206015019,0
26206015020,0
26206015048,0
262060160,0
262060170,0
262060180,0
262060190,0
26206020024,0
26206020026,0
26206020029,0
262060210,0
26206022026,0
26206022029,0
262060230,0
262060240,0
262060250,0
262060260,0
262060270,0
26206028030,0
26206028032,0
26206028046,0
262060290,0
262060300,0
26206031040,0
26206031041,0
26206031045,0
26206031047,0
26206032001,0
26206032002,0
26206032003,0
26206032004,0
26206032005,0
26206032006,0
26206032007,0
26206032008,0
26206032009,0
26206032010,0
26206032011,0
26206032012,0
26206032013,0
26206033001,0
26206033002,0
26206033003,0
26206033004,0
26206033005,0
26206033006,0
26206033007,0
26206033008,0
26206033009,0
26206033010,0
26206034001,0
26206034002,0
26206034003,0
26206034004,0
26206034005,0
26206034006,0
26206034007,0
26206034008,0
26206034009,0
26206034010,0
26206034011,0
26206034012,0
26206034013,0
26206035001,0
26206035002,0
26206035003,0
26206035004,0
26206035005,0
26206035006,0
26206035007,0
26206035008,0
26206036001,0
26206036002,0
26206036003,0
26206036004,0
26206036005,0
26206036006,0
26206036007,0
26206036008,0
26206036009,0
26206036010,0
26206036011,0
26206037001,0
26206037002,0
26206037003,0
26206037004,0
26206037005,0
26206037006,0
26206037007,0
26206038001,0
26206038002,0
26206038003,0
26206038004,0
26206038005,0
26206038006,0
26206038007,0
26206038008,0
26206039001,0
26206039002,0
26206039003,0
26206039004,0
26206040001,0
26206040002,0
26206040003,0
26206040004,0
26206040005,0
26206040006,0
26206040007,0
26206040008,0
26206040009,0
26206040010,0
26206040011,0
26206040012,0
26206041001,0
26206041002,0
26206041003,0
26206041004,0
26206041005,0
26206041006,0
26206041007,0
26206041008,0
26206041009,0
26206041010,0
26206041011,0
26206041012,0
26206041013,0
26206041014,0
26206041015,0
26206041016,0
26206042001,0
26206042002,0
26206042003,0
26206042004,0
26206042005,0
26206042006,0
26206043001,0
26206043002,0
26206043003,0
26206043004,0
26206044001,0
26206044002,0
26206044003,0
26206044004,0
26206044005,0
26206044006,0
26206044007,0
26206044008,0
26206045001,0
26206045002,0
26206045003,0
26206045004,0
26206045005,0
26206045006,0
26206045007,0
26206046001,0
26206046002,0
26206046003,0
26206046004,0
26206046005,0
26206046006,0
26206046007,0
26206046008,0
26206047001,0
26206047002,0
26206047003,0
26206047004,0
26206047005,0
26206047006,0
26206047007,0
26206048001,0
26206048002,0
26206048003,0
26206048004,0
26206048005,0
26206048006,0
26206048007,0
26206048008,0
26206048009,0
26206048010,0
26206048011,0
26206048012,0
26206048013,0
26206048014,0
26206048015,0
26206048016,0
26206048017,0
26206048018,0
26206048019,0
26206048020,0
26206048021,0
26206048022,0
26206048023,0
26206048024,0
26206048025,0
26206048026,0
26206048027,0
26206048028,0
26206048029,0
26206048030,0
26206048031,0
26206048032,0
26206048033,0
26206048034,0
26206048035,0
26206048036,0
26206048037,0
26206048038,0
26206049001,0
26206049002,0
26206049003,0
26206049004,0
26206049005,0
26206049006,0
26206049007,0
26206050001,0
26206050002,0
26206050003,0
26206050004,0
26206050005,0
26206050006,0
26206050007,0
26206050008,0
26206050009,0
26206050010,0
26206051001,0
26206051002,0
26206051003,0
26206051004,0
26206051005,0
26206051006,0
26206051007,0
26207001001,4
26207001002,4
26207001003,4
26207002001,4
26207002002,4
26207003001,4
26207003002,4
26207003004,4
26207004001,4
26207004004,4
26207005001,4
26207005004,4
26207006001,4
26207006004,4
26207007001,4
26207007004,4
26207008004,4
26207008005,4
26207008006,4
26207008009,4
26207009006,4
26207009007,4
26207009008,4
26207010010,4
26207010011,4
26207010012,4
26208101001,2
26208101002,2
26208101003,2
26208101004,2
26208101005,2
26208101006,2
26208101007,2
26208101008,2
26208101009,2
26208101010,2
26208101011,2
26208101012,2
26208101013,2
26208101014,2
26208101015,2
26208101016,2
26208101017,2
26208101018,2
26208101019,2
26208101020,2
26208101021,2
26208202001,2
26208202002,2
26208202003,2
26208202004,2
26208202005,2
26208202006,2
26208202007,2
26208202008,2
26208202009,2
26208202010,2
26208202011,2
26208202012,2
26208202013,2
26208202014,2
26208202015,2
26208202016,2
26208202017,2
26208202018,2
26208202019,2
26208202020,2
26208202021,2
26208202022,2
26208202023,2
26208202024,2
26208202025,2
26208202026,2
26208202028,2
26208202029,2
26208202030,2
26208202031,2
26208202032,2
26208202033,2
26208202034,2
26208202035,2
26208202036,2
26208202037,2
26208202038,2
26208202039,2
26208202040,2
26208202041,2
26208202042,2
26208202043,2
26208202044,2
26208202045,2
26208202046,2
26208202047,2
26208202048,2
26208202049,2
26208202050,2
26208202051,2
26208202052,2
262082030,2
26208303001,2
26208303002,2
26208303003,2
26208303004,2
26208303005,2
26208303006,2
26208303007,2
26208303008,2
26208303009,2
26208303010,2
26208303011,2
26208303012,2
26208303013,2
26208303014,2
26208303015,2
26208303016,2
26208303017,2
26208303018,2
262084020,2
26208404001,2
26208404002,2
26208404003,2
26208404004,2
26208404005,2
26208404006,2
26208404008,2
26208404009,2
26208404010,2
26208404011,2
26208404012,2
26208404013,2
26208404014,2
26208404015,2
26208404016,2
26208404017,2
26208404018,2
26208404019,2
26208404020,2
26208404021,2
26208404022,2
26208404023,2
26208404024,2
26208404025,2
26208404026,2
26208404027,2
26208404028,2
26208404029,2
26208404030,2
262084050,2
26208505001,2
26208505002,2
26208505003,2
26208505004,2
26208505005,2
26208505006,2
26208505007,2
26208505008,2
26208505009,2
26208505011,2
26208505012,2
26208505013,2
26208505014,2
26208505015,2
26208505016,2
26208505017,2
26208505018,2
26208505019,2
26208505020,2
26208505021,2
26208505022,2
26208505023,2
26208505024,2
26208505025,2
26208505026,2
26208505027,2
26208505028,2
26208505029,2
26208505030,2
26208505031,2
26208505032,2
26208505033,2
26208505034,2
26208505035,2
26208505036,2
26208505037,2
26208505038,2
26208505039,2
26208505040,2
26208505041,2
26208505042,2
26208505043,2
26208505044,2
26208505045,2
26208505046,2
26208505047,2
26208505048,2
26208505049,2
26208505050,2
26208505051,2
26208505052,2
26208505053,2
26208505054,2
26208505055,2
26208505056,2
26208505057,2
26208505058,2
26208505059,2
26208505060,2
26208505061,2
262086020,2
26208604001,2
26208604007,2
26208604018,2
26208604029,2
26208606001,2
26208606002,2
262087040,2
26208705004,2
26208705031,2
26208705046,2
26208705052,2
26208705053,2
262088020,2
262088060,2
26209001001,2
26209001002,2
26209001003,2
26209002001,2
26209002002,2
26209002003,2
26209002004,2
26209002005,2
26209003001,2
26209003002,2
26209004001,2
26209004002,2
26209004003,2
26209004004,2
26209004005,2
26209005001,2
26209005002,2
26209005003,2
26209006001,2
26209006002,2
26209006003,2
26209006004,2
26209006005,2
262090070,2
26209008001,2
26209008002,2
26209008003,2
262090090,2
262090100,2
26209011001,2
26209011002,2
26209011003,2
26209011004,2
26209011005,2
26209011006,2
26209011007,2
262090120,2
26209013001,2
26209013002,2
26209013003,2
262090140,2
262090150,2
262090170,2
262090190,2
262090200,2
262090210,2
262090220,2
26209023001,2
26209023002,2
262090240,2
262090250,2
262090270,2
26209029001,2
26209029002,2
26209029003,2
26209029004,2
262090330,2
26209034001,2
26209034002,2
26209041001,2
26209041002,2
26209041003,2
26209041004,2
26209045001,2
26209045002,2
26209045003,2
26209045004,2
26209045005,2
26209050001,2
26209050002,2
26209050003,2
26209053001,2
26209053002,2
26209056001,2
26209056002,2
26209056003,2
26209059001,2
26209059002,2
26209059003,2
26209066001,2
26209066002,2
262090680,2
26209069001,2
26209069002,2
26209071001,2
26209071002,2
262090780,2
26210111001,2
26210111002,2
26210111003,2
26210111004,2
26210111005,2
26210111006,2
26210111007,2
26210111008,2
26210111009,2
26210111010,2
26210111011,2
26210111012,2
26210111013,2
26210111014,2
26210111015,2
26210111016,2
26210111018,2
26210111019,2
26210111020,2
26210111021,2
26210111022,2
26210111023,2
26210111024,2
26210111025,2
26210111026,2
26210111027,2
26210111028,2
26210121051,2
26210121052,2
26210121053,2
26210201001,2
26210201002,2
26210201003,2
26210201004,2
26210201005,2
26210201006,2
26210201007,2
26210201008,2
26210201009,2
26210201010,2
26210201011,2
26210201012,2
26210201013,2
26210201014,2
26210201015,2
26210201016,2
26210201017,2
26210201018,2
26210201019,2
26210201020,2
26210201021,2
26210201022,2
26210201023,2
26210201024,2
26210201025,2
26210201026,2
26210201027,2
26210201028,2
26210201029,2
26210201030,2
26210201031,2
26210201051,2
26210201052,2
26210201053,2
26210201054,2
26210201055,2
26210201057,2
26210202001,2
26210202002,2
26210202003,2
26210202004,2
26210202005,2
26210202006,2
26210202007,2
26210202008,2
26210202009,2
26210202010,2
26210202011,2
26210202012,2
26210202013,2
26210202014,2
26210202015,2
26210202016,2
26210202017,2
26210202052,2
26210202055,2
26210202058,2
26210202059,2
26210202060,2
26210202061,2
26210213001,2
26210213002,2
26210213003,2
26210213004,2
26210213005,2
26210213006,2
26210213007,2
26210213008,2
26210213058,2
26210213059,2
26210213060,2
26210213062,2
26210213063,2
26210223020,2
26210223021,2
26210223022,2
26210311001,2
26210311002,2
26210311003,2
26210311004,2
26210311005,2
26210311006,2
26210311007,2
26210311008,2
26210311009,2
26210311010,2
26210311011,2
26210311012,2
26210311013,2
26210311053,2
26210311054,2
26210311056,2
26210311057,2
26210321021,2
26210321022,2
26210321023,2
26210321024,2
26210321025,2
26210321026,2
26210321027,2
26210321028,2
26210321029,2
26210321030,2
26210321031,2
26210321033,2
26210321034,2
26210402008,2
26210402009,2
26210402010,2
26210402011,2
262104110,2
26210421011,2
26210421012,2
26210421013,2
26210421014,2
26210511002,2
26210511063,2
26210511064,2
26210511065,2
26210512064,2
26210512065,2
26210521004,2
26210521005,2
26210521006,2
26210521007,2
26210522001,2
26210522002,2
26210522003,2
26210603001,2
26210603002,2
26210603003,2
26210603004,2
26210603005,2
26210603006,2
26210603007,2
26210603008,2
26210603009,2
26210603010,2
26210603011,2
26210603012,2
26210603013,2
26210603014,2
26210603016,2
26210603017,2
26210603018,2
26210603019,2
26210603020,2
26210603021,2
26210603022,2
26210603023,2
26210603024,2
26210604001,2
26210604002,2
26210604003,2
26210604004,2
26210604005,2
26210604006,2
26210604007,2
26210604008,2
26210604009,2
26210604010,2
26210604011,2
26210604012,2
26210604013,2
26210604014,2
26210604015,2
26210604016,2
26210604017,2
26210604018,2
26210604019,2
26210604020,2
26210604021,2
26210604023,2
26210604025,2
26210604026,2
26210604027,2
26210604028,2
26210604029,2
26210604030,2
26210604031,2
26210604032,2
26210604034,2
26210604035,2
26210604037,2
26210604038,2
26210604039,2
26210604040,2
26210604041,2
26210604042,2
26210604043,2
26210604044,2
26210604045,2
26210604046,2
26210604047,2
26210604048,2
26210604049,2
26210604050,2
26210604051,2
26210604052,2
26210611001,2
26210611002,2
26210611003,2
26210611004,2
26210611005,2
26210611006,2
26210611007,2
26210611008,2
26210611009,2
26210611010,2
26210611011,2
26210611012,2
26210611013,2
26210611014,2
26210611015,2
26210611016,2
26210611017,2
26210612001,2
26210612002,2
26210612003,2
26210612004,2
26210612005,2
26210612006,2
26210612008,2
26210612009,2
262106150,2
26210616001,2
26210616002,2
26210616003,2
26210616004,2
26210616005,2
26210616007,2
26210616008,2
26210616009,2
26210616011,2
26210616013,2
26210616014,2
26210616015,2
26210616016,2
26210616017,2
26210616018,2
26210616019,2
26210616021,2
26210616022,2
26210621051,2
26210621052,2
26210621053,2
26210621054,2
26210621055,2
26210621056,2
26210621057,2
26210621058,2
26210621059,2
26210621060,2
26210621061,2
26210621062,2
26210621063,2
26210621064,2
26210621065,2
26210621066,2
26210621067,2
26210621068,2
26210621069,2
26210621070,2
26210621071,2
26210621072,2
26210621073,2
26210621074,2
26210621075,2
26210621076,2
26210621077,2
26210622021,2
26210622022,2
26210622023,2
26210622024,2
26210622025,2
26210622029,2
26210622030,2
26210622031,2
26210622033,2
26210622034,2
26210625001,2
26210625002,2
26210625003,2
26210625004,2
26210625005,2
26210625006,2
26210625007,2
26210625008,2
26210625009,2
26210625010,2
26210625012,2
26210625013,2
26210625014,2
26210625015,2
26210625016,2
26210625018,2
26210625019,2
26210625020,2
26210625021,2
26210625023,2
262106260,2
26210636056,2
26210636057,2
26210636058,2
26210636059,2
262107110,2
26210712001,4
26210712002,4
262107130,4
262107210,2
262107220,2
262107230,4
262107310,2
262107410,2
262107510,2
262107610,2
262107710,2
262110010,4
26211002001,4
26211002003,4
26211002004,4
26211003001,4
26211003002,4
26211003003,4
26211004001,4
26211004002,4
26211004003,4
26211004004,4
26211004005,4
26211005001,4
26211005002,4
26211005003,4
26211006001,4
26211006002,4
26211006003,4
26211006004,4
26211007001,4
26211007002,4
26211007003,4
26211008001,4
26211008002,4
26211008003,4
26211008004,4
26211008005,4
26211008006,4
262110090,4
26211010001,4
26211010002,4
26211010003,4
262110110,4
26211012001,4
26211012002,4
26211012003,4
26211013001,4
26211013002,4
262110140,4
262110150,4
262110160,4
26211017001,4
26211017002,4
26211017003,4
26211017004,4
26211017005,4
26211017006,4
26211017007,4
26211017008,4
26211018001,4
26211018002,4
262110190,4
262110200,4
262110210,4
262110220,4
262110230,4
262110240,4
26211025001,4
26211025002,4
26211025003,4
26211025004,4
26212001001,0
26212001002,0
26212001003,0
26212002004,0
26212002005,0
26212002006,0
26212002007,0
26212002008,0
26212003009,0
26212003010,0
26212003011,0
26212003012,0
262120040,0
26212005014,0
26212005015,0
26212005016,0
26212006017,0
26212006018,0
26212006019,0
26212006020,0
26212006021,0
26212007001,0
26212007002,0
26212007003,0
26212007004,0
26212007005,0
26212007006,0
26212007007,0
26212007008,0
26212007009,0
26212007010,0
26212008001,0
26212008002,0
26212008003,0
26212008004,0
26212008005,0
26212008006,0
26212008007,0
26212008008,0
26212009001,0
26212009002,0
26212009003,0
26212009004,0
26212009005,0
26212009006,0
26212009007,0
26212009008,0
26212010001,0
26212010002,0
26212010003,0
26212010004,0
26212010005,0
26212010006,0
26212010007,0
26212010008,0
26212010009,0
26212010010,0
26212010011,0
26212011001,0
26212011002,0
26212011003,0
26212011004,0
26212011005,0
26212011006,0
26212011007,0
26212011008,0
26212011009,0
26212012001,0
26212012002,0
26212012003,0
26212012004,0
26212012005,0
26212012006,0
26212012007,0
26212012008,0
26212013001,0
26212013002,0
26212013003,0
26212013004,0
26212013005,0
26212013006,0
26212014001,0
26212014002,0
26212014003,0
26212014004,0
26212014005,0
26212015002,0
26212015003,0
26212015004,0
26212015005,0
26212015006,0
26212015007,0
26212015008,0
26212016001,0
26212016002,0
26212016003,0
26212016004,0
26212016005,0
26212016006,0
26212016007,0
26212016008,0
26212016013,0
26212017004,0
26212017009,0
26212017010,0
26212017011,0
26212017012,0
26212017013,0
26212017014,0
26212018008,0
26212018015,0
26212019008,0
26212019016,0
26212020040,0
26212020041,0
26212020042,0
26212020043,0
26212020044,0
26212020045,0
262120210,0
26212022019,0
26212022020,0
262120230,0
262120240,0
262120250,0
262120260,0
262120270,0
262120280,0
262120290,0
262120300,0
26212031028,0
26212031029,0
26212031031,0
26212031032,0
26212031033,0
26212031034,0
262120320,0
262120330,0
262120340,0
262120350,0
262120360,0
262120370,0
26212038001,0
26212038002,0
26212038003,0
26212038004,0
26212038005,0
26212038006,0
26212038007,0
26212039001,0
26212039002,0
26212039003,0
26212039004,0
26212039005,0
26212039006,0
26212039007,0
26212039008,0
26212039009,0
26212039010,0
26212040001,0
26212040002,0
26212040003,0
26212040004,0
26212040005,0
26212040006,0
26212040007,0
26212040008,0
26212041001,0
26212041002,0
26212041003,0
26212041004,0
26212041005,0
26212041006,0
26212041007,0
26212041008,0
26212041009,0
26212042001,0
26212042002,0
26212042003,0
26212042004,0
26212042005,0
26212042006,0
26212042007,0
26212042008,0
26212042009,0
26212043001,0
26212043002,0
26212043003,0
26212043004,0
26212043005,0
26212043006,0
26212043007,0
26212043008,0
26212043009,0
26212043010,0
26212043011,0
26212043012,0
26212043013,0
26212043014,0
26212044015,0
26212044016,0
262120450,0
262120460,0
26212047001,0
26212047002,0
26212048001,0
26212048002,0
26212048003,0
26212048004,0
26212049001,0
26212049002,0
26212049003,0
26212049004,0
26212049005,0
262120500,0
262120510,0
262120520,0
26213001001,0
26213001002,0
26213001003,0
26213001004,0
26213001005,0
26213001006,0
26213001007,0
26213001008,0
26213001009,0
26213001010,0
26213002001,0
26213002002,0
26213002003,0
26213002004,0
26213002005,0
26213002006,0
26213002007,0
26213002008,0
26213002009,0
26213002010,0
26213003001,0
26213003002,0
26213003003,0
26213003004,0
26213003005,0
26213003006,0
26213003007,0
26213003008,0
26213003009,0
26213004001,0
26213004002,0
26213004003,0
26213004004,0
26213004005,0
26213004006,0
26213004007,0
26213004008,0
26213004009,0
26213004010,0
26213004011,0
26213004012,0
26213004013,0
26213004014,0
26213004015,0
26213004016,0
26213004017,0
26213004018,0
26213005001,0
26213005002,0
26213005003,0
26213005004,0
26213005005,0
26213005006,0
26213005007,0
26213005008,0
26213005009,0
26213006001,0
26213006002,0
26213006003,0
26213006004,0
26213006005,0
26213007001,0
26213007002,0
26213007003,0
26213007004,0
26213007005,0
26213007006,0
26213007007,0
26213007008,0
26213008001,0
26213008002,0
26213008003,0
26213008004,0
26213008005,0
26213008006,0
26213008007,0
26213008008,0
26213008009,0
26213009001,0
26213009002,0
26213009003,0
26213009004,0
26213009005,0
26213009006,0
26213010001,0
26213010002,0
26213010003,0
26213010004,0
26213010005,0
26213010006,0
26213010007,0
26213010008,0
26213011001,0
26213011002,0
26213011003,0
26213011004,0
26213011005,0
26213011006,0
26213011007,0
26213011008,0
26213012001,0
26213012002,0
26213012003,0
26213012004,0
26213012005,0
26213012006,0
26213012007,0
26213012008,0
26213012009,0
26213012010,0
26213012011,0
26213012012,0
26213012013,0
26213012014,0
26213012015,0
26213013001,0
26213013002,0
26213013003,0
26213013004,0
26213013005,0
26213013006,0
26213013007,0
26213013008,0
26213013009,0
26213013010,0
26213013011,0
26213014001,0
26213014002,0
26213014003,0
26213014004,0
26213014005,0
26213014006,0
26213014007,0
26213014008,0
26213014009,0
26213014010,0
26213015001,0
26213015002,0
26213015003,0
26213015004,0
26213015005,0
26213015006,0
26213016001,0
26213016002,0
26213016003,0
26213017001,0
26213017002,0
26213017003,0
26213017004,0
26213017005,0
26213017006,0
26213018001,0
26213018002,0
26213018003,0
26213018004,0
26213018005,0
26213018006,0
26213018007,0
26213018008,0
26213018009,0
26213018010,0
26213018011,0
26213018012,0
26213018013,0
26213018014,0
26213018015,0
26213019001,0
26213019002,0
26213019003,0
26213019004,0
26213019005,0
26213019006,0
26213019007,0
26213019008,0
262140010,4
262140020,4
262140030,4
262140040,4
262140050,4
262140060,4
262140070,4
262140080,4
262140090,4
26214010001,4
26214010002,4
26214010003,4
26214010004,4
26214010005,4
26214010006,4
26214010007,4
26214010008,4
26214010009,4
26214010010,4
26214010011,4
26214010012,4
26214010013,4
26214010014,4
26214010015,4
26214010016,4
26214010017,4
26214010018,4
26214010019,4
26214010020,4
26214010021,4
26214010022,4
26214010023,4
26214010024,4
26214010025,4
26214010026,4
26214010027,4
26214010028,4
26214010030,4
26214010032,4
26214010033,4
26214010034,4
26214010035,4
26214010036,4
26214010037,4
26214010038,4
26214011001,4
26214011002,4
26214011003,4
26214011004,4
26214011005,4
26214011006,4
26214011007,4
26214011008,4
26214011009,4
26214011010,4
26214011011,4
26214011012,4
26214011013,4
26214011014,4
26214011015,4
26214011016,4
26214011017,4
26214011018,4
26214011019,4
26214011020,4
26214011021,4
26214011022,4
26214011023,4
26214011024,4
26214011025,4
26214011026,4
26214011027,4
26214011028,4
26214011029,4
26214011030,4
26214011031,4
26214011032,4
26214011033,4
26214011034,4
26214011035,4
26214011036,4
26214011037,4
26214011038,4
26214011039,4
26214011040,4
26214011041,4
26214011042,4
26214011043,4
26214011044,4
26214011045,4
26214011046,4
26214011047,4
26214011048,4
26214012001,4
26214012002,4
26214012003,4
26214012004,4
26214012005,4
26214012006,4
26214012007,4
26214012008,4
26214012009,4
26214013001,4
26214013002,4
26214013003,4
26214013004,4
26214013005,4
26214013006,4
26214013007,4
26214013008,4
26214013009,4
26214013010,4
26214013011,4
26214013012,4
26214013013,4
26214013014,4
26214013015,4
26214013016,4
26214013020,4
26214013022,4
26214013024,4
26214013025,4
26214013026,4
26214013027,4
26214013028,4
26214013029,4
26214013030,4
26214013031,4
26214013032,4
26214013033,4
26214013034,4
26214013035,4
26214013036,4
26214013037,4
26214013038,4
26214013039,4
26214013040,4
26214013041,4
26214013042,4
26214013043,4
26214013044,4
26214013045,4
26214014001,4
26214014002,4
26214014003,4
26214014004,4
26214014005,4
26214014006,4
26214014007,4
26214014008,4
26214014009,4
26214014010,4
26214014011,4
26214014012,4
26214014013,4
26214014014,4
26214014015,4
26214014016,4
26214014017,4
26214014018,4
26214014019,4
26214014020,4
26214014021,4
26214014022,4
26214014023,4
26214014024,4
26214014025,4
26214014026,4
26214014027,4
26214014028,4
26214014029,4
26214014030,4
26214014031,4
26214014032,4
26214014033,4
26214014034,4
26214014035,4
26214014036,4
26214015002,4
26214015003,4
26214015004,4
26214015005,4
26214015006,4
26214015007,4
26214015008,4
26214015009,4
26214015010,4
26214015011,4
26214015012,4
26214015013,4
26214015014,4
26214015015,4
26214015016,4
26214015018,4
26214015019,4
26214015020,4
26214015021,4
26214016001,4
26214016002,4
26214016003,4
26214016004,4
26214016005,4
26214016006,4
26214016007,4
26214016008,4
26214016009,4
26214016010,4
26214016011,4
26214016012,4
26214016013,4
26214016014,4
26214016015,4
26214016019,4
26214016020,4
26214016021,4
26214016022,4
26214016023,4
26214016024,4
26214016025,4
26214016026,4
26214016027,4
26214016028,4
26214016029,4
26214016030,4
26214016031,4
26214016032,4
26214016033,4
26214016034,4
26214016035,4
26214016036,4
26214016037,4
26214017001,4
26214017002,4
26214017003,4
26214017004,4
26214017005,4
26214017006,4
26214017007,4
26214017008,4
26214017009,4
26214018001,4
26214018002,4
26214018003,4
26214018004,4
26214018005,4
26214018006,4
26214018007,4
26214019001,4
26214019002,4
26214019003,4
26214019004,4
26214019005,4
26214019006,4
26214019007,4
26214019008,4
26214019009,4
26214020001,4
26214020002,4
26214020003,4
26214020004,4
26214020005,4
26214020006,4
26214020007,4
26214020008,4
26214021001,4
26214021002,4
26214021003,4
26214021004,4
26214021005,4
26214021006,4
26214021007,4
26214021008,4
26214022001,4
26214022002,4
26214022003,4
26214022004,4
26214022005,4
26214022006,4
26214022007,4
26214022008,4
26214022009,4
26214022010,4
26214022011,4
26214022012,4
26214022013,4
26214022014,4
26214022015,4
26214022016,4
26214022017,4
26214022018,4
26214022019,4
26214022020,4
26214022021,4
26214022022,4
26214022023,4
26214022024,4
26214022025,4
26214022026,4
26214022027,4
26214023023,4
26214023024,4
26214023025,4
26214023026,4
26214023027,4
26214023028,4
26214023029,4
26214023030,4
26214023031,4
26214024032,4
26214024033,4
26214024034,4
26214024035,4
26214024036,4
26214024037,4
26214024038,4
26214024039,4
26214024040,4
26214024041,4
26214024042,4
26214024043,4
26214025001,4
26214025002,4
26214025003,4
26214025004,4
26214025005,4
26214025006,4
26214025007,4
26214025008,4
26214025009,4
26214025010,4
26214025011,4
26214025012,4
26214025013,4
26214025014,4
26214025015,4
26214026001,4
26214026002,4
26214026003,4
26214026004,4
26214026005,4
26214026006,4
26214026007,4
26214026008,4
26214026009,4
26214026010,4
26214026011,4
26214026012,4
26214026013,4
26303001001,2
26303001002,2
26303001003,2
26303001004,2
26303001005,2
26303001006,2
26303001007,2
26303001008,2
26303001009,2
26303001010,2
26303001011,2
26303001012,2
26303001013,2
26303001014,2
26303001016,2
26303001017,2
26303001018,2
26303001020,2
26303001021,2
26303001022,2
26303001023,2
26303001024,2
26303001025,2
26303001026,2
26303001027,2
26303001028,2
26303001029,2
26303001030,2
26303001032,2
26303001033,2
26303002001,2
26303002002,2
26303002003,2
26303002004,2
26303002005,2
26303002006,2
26303002007,2
26303002008,2
26303002009,2
26303002010,2
26303002011,2
26303002012,2
26303002013,2
26303002014,2
26303002015,2
26303002016,2
26303002017,2
26303002018,2
26303002019,2
26303002020,2
26303002021,2
26303002022,2
26303002023,2
26303002024,2
26303002025,2
26303002026,2
26303002027,2
26303002028,2
26303002029,2
26303002030,2
26303002031,2
26303002032,2
26303002033,2
26303002034,2
26303002035,2
26303002036,2
26303002037,2
26303002038,2
26303003001,2
26303003002,2
26303003004,2
26303003005,2
26303003007,2
26303003008,2
26303003009,2
26303003010,2
26303003011,2
26303003012,2
26303003014,2
26303003015,2
26303003016,2
26303003017,2
26322001001,4
26322001002,4
26322001003,4
26322001004,4
26322001005,4
26322002001,4
26322002002,4
26322002003,4
26322002004,4
26322002005,4
26322002006,4
26322002007,4
26322002008,4
26322003001,4
26322003002,4
26322003003,4
26322003004,4
26322003005,4
26322003006,4
26322004001,4
26322004002,4
26322004003,4
26322004004,4
26322004005,4
26322004006,4
26322004007,4
26322004008,4
26322004009,4
26322004010,4
26322004011,4
26322004012,4
26322004013,4
26322004014,4
26322005001,4
26322005002,4
26322005003,4
26322005004,4
26322005005,4
26322005006,4
26322005007,4
26322005008,4
26322005009,4
26322005010,4
26322005011,4
26322005012,4
26322005013,4
26322005014,4
26322006001,4
26322006002,4
26322006003,4
26322006004,4
26322006005,4
26322006006,4
26322006007,4
26322006008,4
26322006009,4
26322007001,4
26322007002,4
26322007003,4
26322007004,4
26322008001,4
26322008002,4
26322008003,4
26322008004,4
26322008005,4
26322008006,4
26322008007,4
26322008008,4
26322008009,4
26322008010,4
26322009001,4
26322009002,4
26322009003,4
26322009004,4
26322009005,4
26322009006,4
26322009007,4
26322009008,4
26322009009,4
26322009010,4
26322010001,4
26322010002,4
26322010003,4
26322010004,4
26322010005,4
26322010006,4
26322010007,4
26322010008,4
26322010009,4
26322010010,4
26322010011,4
26322010012,4
26322011001,4
26322011002,4
26322011003,4
26322011004,4
26322011005,4
26322011006,4
26322011007,4
26322011008,4
26322011009,4
26322011010,4
26322011011,4
26322012001,4
26322012002,4
26322012003,4
26322012004,4
26322012005,4
26322012006,4
26322012007,4
26322012008,4
26322012009,4
26322012010,4
26322012011,4
26322012012,4
26322012013,4
26322012014,4
26322012015,4
26322012016,4
26322012017,4
26322012018,4
26322012019,4
26322012020,4
26322013001,4
26322013002,4
26322013003,4
26322013004,4
26322013005,4
26322013006,4
26322013007,4
26322013008,4
26322014001,4
26322014002,4
26322014003,4
26322014004,4
26322014005,4
26322014006,4
26322014007,4
26322015001,4
26322015002,4
26322015003,4
26322015004,4
26322015005,4
26322015006,4
26322015007,4
26322015008,4
26322015009,4
26322015010,4
26322015011,4
26322015012,4
26322015013,4
26322015014,4
26322015015,4
26322015016,4
26322015017,4
26322015018,4
26322015019,4
26322016001,4
26322016002,4
26322016003,4
26322016004,4
26322016005,4
26322016006,4
26322016007,4
26322017001,4
26322017002,4
26322017003,4
26322017004,4
26322017005,4
26322017006,4
26322017007,4
26322017008,4
26322018001,4
26322018002,4
26322018003,4
26322018004,4
26343001001,4
26343001002,4
26343001003,4
26343001004,4
26343001005,4
26343001006,4
26343001007,4
26343002001,4
26343002002,4
26343002003,4
26343002004,4
263430030,4
26344001001,4
26344001002,4
26344001003,4
26344001004,4
26344001005,4
26344001006,4
26344001007,4
26344001013,4
26344002008,4
26344002009,4
26344002010,4
26344002011,4
26344002012,4
26344002014,4
26364001001,4
26364001002,4
26364002003,4
26364002004,4
263640030,4
263640040,4
263650010,4
26365002001,4
26365002002,4
26365002003,4
26365002004,4
26365003001,4
26365003002,4
26365003003,4
26365003004,4
26365003005,4
26365003006,4
26365004001,4
26365004002,4
26365004003,4
26365004004,4
26366001000,4
26366001001,4
26366001002,4
26366001003,4
26366001004,4
26366001005,4
26366001006,4
26366001009,4
26366001010,4
26366001011,4
26366001012,4
26366001013,4
26366001014,4
26366001015,4
26366001016,4
26366001017,4
26366001018,4
26366001019,4
26366001020,4
26366001021,4
26366001022,4
26366001023,4
26366001024,4
26366001025,4
26366001026,4
26366001027,4
26366001028,4
26366001029,4
26366001030,4
26366001033,4
26366001034,4
26366001035,4
26366001036,4
26366001037,4
26366001038,4
26366001039,4
26366001040,4
26366001041,4
26366001042,4
26366001043,4
26366001044,4
26366001046,4
26366001048,4
26366001049,4
26366001050,4
26366001052,4
26366001053,4
26366001054,4
26366001055,4
26366002000,4
26366002001,4
26366002002,4
26366002003,4
26366002004,4
26366002006,4
26366002009,4
26366002010,4
26366002012,4
26366002014,4
26366002016,4
26366002020,4
26366002021,4
26366002023,4
26366002025,4
26366002026,4
26366002028,4
26366002029,4
26366002030,4
26366002031,4
26366002036,4
26366002037,4
26366002038,4
26366003002,4
26366003003,4
26366003005,4
26366003008,4
26366003009,4
26366003010,4
26366003012,4
26366003013,4
26366003014,4
26366003016,4
26366003019,4
26366003021,4
26366004000,4
26366004006,4
26366004008,4
26366004015,4
26366004016,4
26366004017,4
26366004018,4
26366004019,4
26366004021,4
26366004023,4
26366004024,4
26366004025,4
26366004027,4
26366004030,4
26366004031,4
26366004032,4
26366004033,4
26366004034,4
26366005000,4
26366005002,4
26366005003,4
26366005004,4
26366005006,4
26366005008,4
26366005009,4
26366005011,4
26366006000,4
26366006001,4
26366006005,4
26366006006,4
26366006007,4
26366006009,4
26366006010,4
26366006012,4
26366006015,4
26366006017,4
26366006018,4
26366006019,4
26366006020,4
26366006021,4
26366006024,4
26366006027,4
26366006028,4
26366006029,4
26366006030,4
26366006031,4
26366006033,4
26366006034,4
26366006037,4
26366006039,4
26366006040,4
26366006041,4
26366006043,4
26366006044,4
26366006047,4
26366006048,4
26366006049,4
26366006050,4
26366006051,4
26366006052,4
26366006053,4
26366006054,4
26366006057,4
26366006058,4
26366006059,4
26366006063,4
26366007000,4
26366007001,4
26366007002,4
26366007003,4
26366007005,4
26366007006,4
26366007007,4
26366007008,4
26366007009,4
26366007010,4
26366007011,4
26366007012,4
26366007014,4
26366007017,4
26366007018,4
26366007019,4
26366007020,4
26366007024,4
26366007026,4
26366007028,4
26366007029,4
26366007031,4
26366007033,4
26366007034,4
26366007035,4
26366008000,4
26366008001,4
26366008003,4
26366008005,4
26366008009,4
26366008010,4
26366008011,4
26366008013,4
26366008014,4
26366008016,4
26366008017,4
26366008021,4
26366008022,4
26366008025,4
26366008027,4
26366008028,4
26366008029,4
26366008031,4
26366008035,4
26366008038,4
26366009001,4
26366009002,4
26366009003,4
26366009005,4
26366009006,4
26366009007,4
26366009009,4
26366009010,4
26366009013,4
26366009014,4
26366009015,4
26366009016,4
26366009017,4
26366009018,4
26366009019,4
26366009021,4
26366009022,4
26366009023,4
26366009024,4
26366010001,4
26366010003,4
26366010004,4
26366010005,4
26366010007,4
26366010008,4
26366010009,4
26366010010,4
26366010011,4
26366010012,4
26366010013,4
26366010014,4
26366010015,4
26366010016,4
26366010017,4
26366010019,4
26366010020,4
26366010021,4
26366010022,4
26366010023,4
26366010024,4
26366010025,4
26366010027,4
26366011001,4
26366011002,4
26366011003,4
26366011004,4
26366012000,4
26366012001,4
26366012004,4
26366012005,4
26366012009,4
26366012010,4
26366012012,4
26366012013,4
26366012014,4
26366012015,4
26366012016,4
26366012021,4
26366012022,4
26366012023,4
26366012024,4
26366012025,4
26366012026,4
26366012027,4
26366012028,4
26366012029,4
26366012032,4
26366012033,4
26366012034,4
26366012036,4
26366012037,4
26366012038,4
26366012040,4
26366012041,4
26366012042,4
26366012044,4
26366012045,4
26366013001,4
26366013002,4
26366013003,4
26366013004,4
26366013005,4
26366013006,4
26366013007,4
26366013008,4
26366013009,4
263660140,4
26366015001,4
26366015002,4
26366015003,4
26366015004,4
26366015005,4
26366015006,4
26366015007,4
26366015008,4
26366015009,4
26366016000,4
26366016001,4
263670010,4
263670020,4
26367003001,4
26367003002,4
26367003003,4
26367003004,4
26367003005,4
263670040,4
263670050,4
263670060,4
264070010,0
264070020,0
264070030,0
264070040,0
264070050,0
264070060,0
264070070,0
264070080,0
264070090,0
264070100,0
264070110,0
264070120,0
264070130,0
264070140,0
264070150,0
264070160,0
264070170,0
264070180,0
264070190,0
264070200,0
264070210,0
264070220,0
264070230,0
264070240,0
26407025001,0
26407025002,0
26407025003,0
26407025004,0
26407025005,0
26407025006,0
26407025007,0
26407025008,0
264070260,0
264070270,0
264070280,0
264070290,0
264070300,0
264070310,0
264070320,0
264070330,0
264070340,0
264070350,0
264070360,0
264070370,0
264070380,0
264070390,0
264070400,0
264070410,0
264070420,0
264070430,0
264070440,0
264070450,0
264070460,0
264070470,0
264070480,0
264070490,0
264070500,0
264070510,0
264070520,0
264070530,0
264070540,0
264070550,0
26407056001,0
26407056002,0
26407056003,0
26407056004,0
264070570,0
264070580,0
264070590,0
264070600,0
264070610,0
264070620,0
264070630,0
264070640,0
264070650,0
264070660,0
264070670,0
264070680,0
264070690,0
264070700,0
264070710,0
264070720,0
264070730,0
264070740,0
264070750,0
264070760,0
264070770,0
264070780,0
264070790,0
264070800,0
264070810,0
264070820,0
264070830,0
264070840,0
264070850,0
26463001001,0
26463001002,0
26463001003,0
26463001004,0
26463001005,0
26463001006,0
26463001007,0
26463001008,0
26463002001,0
26463002002,0
26463002003,0
26463002004,0
26463002005,0
26463002006,0
26463002007,0
26463002008,0
26463003001,0
26463003002,0
26463003003,0
26463003004,0
26463003005,0
26463003006,0
26463004001,0
26463004002,0
26463004003,0
26463004004,0
26463004005,0
26463004006,0
26463004007,0
26463004008,0
26463004009,0
26463004010,0
26463004011,0
26463004012,0
26463004013,0
26465001001,0
26465001002,0
26465001004,0
26465002002,0
26465002003,0
26465002004,0
26465002005,0
26465002006,0
26465002007,0
264650030,0
264650040,0
264650050,0
264650060,0
264650070,0
264650080,0
264650090,0
264650100,0
264650110,0
26465012001,0
26465012002,0
26465012003,0
26465012004,0
26465013001,0
26465013002,0
26465013003,0
26465014001,0
26465014002,0
26465014003,0
26465014004,0
