unit_id,district
252010010,8
252010020,8
252010030,8
252010040,8
252010050,8
252010060,8
252010070,8
252010080,8
252010090,8
252010100,8
252010110,8
252010120,8
252010130,8
252010140,8
252010150,8
252010160,8
252010170,8
252010180,8
25201023001,8
25201023002,8
25201023003,8
25201023004,8
25201023005,8
25201023006,8
25201024001,8
25201024002,8
25201024003,8
252010270,8
252010280,8
25201029001,8
25201029002,8
252010310,8
252010320,8
252010330,8
252010340,8
252010350,8
252010360,8
252010370,8
252010380,8
252010390,8
25201040001,8
25201040002,8
25201042001,8
25201042002,8
25201042003,8
25201042004,8
25201042005,8
25201042006,8
25201048001,8
25201048002,8
25201048003,8
25201051001,8
25201051002,8
25201051003,8
252010541,8
25201054201,8
25201054202,8
25201054203,8
25201054204,8
25201054205,8
25201054206,8
25201054207,8
25201055101,8
25201055102,8
25201055201,8
25201055202,8
25201055203,8
25201055204,8
25201055205,8
25201055206,8
25201061001,8
25201061002,8
25201061003,8
25201064001,8
25201064002,8
25201064003,8
25201067001,8
25201067002,8
25201067003,8
25201067004,8
252010710,8
25201072001,8
25201072002,8
25201072003,8
25201072004,8
25201072005,8
25201072006,8
25201072007,8
25201072008,8
252010800,8
25201081001,8
25201081002,8
25201081003,8
25201081004,8
25201081005,8
25201081006,8
25201087001,8
25201087002,8
25201089001,8
25201089002,8
25201089003,8
25201089004,8
252010930,8
25201094001,8
25201094002,8
25201094003,8
25201097001,8
25201097002,8
25201097003,8
25201097004,8
25201101001,8
25201101002,8
25201103001,8
25201103002,8
25201103003,8
25201103004,8
252011070,8
252011080,8
25201109001,8
25201109002,8
25201109003,8
25201112001,8
25201112002,8
25201114001,8
25201114002,8
25201114003,8
252011170,8
252011180,8
252011190,8
25201120001,8
25201120002,8
25201120003,8
25201120004,8
252011240,8
25201125001,8
25201125002,8
25201127001,8
25201127002,8
252011290,8
252011300,8
252011310,8
252011320,8
252011330,8
252011340,8
252011350,8
252011360,8
25201137001,8
25201137002,8
25201137003,8
252011400,8
252011410,8
252011420,8
252011430,8
252011440,8
25201145001,8
25201145002,8
252011470,8
252011480,8
252011490,8
252011500,8
252011510,8
252011520,8
252011530,8
25201154001,8
25201154002,8
25201154003,8
25201154004,8
25201154005,8
252011560,8
25201157001,8
25201157002,8
25201157003,8
252011600,8
252011610,8
252011620,8
252011650,8
25201166001,8
25201166002,8
252011680,8
252011690,8
252011700,8
25201171001,8
25201171002,8
252011730,8
252011740,8
25201175001,8
25201175002,8
25201177001,8
25201177002,8
25201179001,8
25201179002,8
25201179003,8
25201179004,8
25201183001,8
25201183002,8
25201183003,8
25201183004,8
252011870,8
252011880,8
252011900,8
25201191001,8
25201191002,8
25201191003,8
252011940,8
252011950,8
25201196001,8
25201196002,8
252011980,8
252011990,8
25201201001,8
25201201002,8
25201201003,8
25201201004,8
252012050,8
252012060,8
252012070,8
25201208001,8
25201208002,8
252012100,8
252012110,8
25201212001,8
25201212002,8
252012140,8
252012150,8
25201216001,8
25201216002,8
25201216003,8
252012190,8
252012200,8
252012210,8
252012220,8
252012230,8
252012240,8
252012260,8
252012270,8
25201228001,8
25201228002,8
25201228003,8
252012300,8
252012320,8
252012330,8
252012340,8
252012350,8
252012360,8
25201237001,8
25201237002,8
25201237003,8
252012390,8
252012400,8
25201242001,8
25201242002,8
252012440,8
25201245001,8
25201245002,8
252012470,8
25201249001,8
25201249002,8
25201251001,8
25201251002,8
25201251003,8
25201251004,8
25201251005,8
25201256001,8
25201256002,8
252012580,8
252012590,8
252012600,8
252012610,8
252012620,8
25201263001,8
25201263002,8
25201263003,8
25201263004,8
25201267001,8
25201267002,8
25201267003,8
25201267004,8
25201267005,8
25201267006,8
252012680,8
25201273101,8
25201273102,8
25201273103,8
25201273104,8
25201273105,8
252012732,8
25201274101,8
25201274102,8
252012742,8
25201275101,8
25201275102,8
25201275103,8
25201275104,8
25201275105,8
25201275106,8
252012752,8
25201276101,8
25201276102,8
25201276103,8
252012762,8
25201277101,8
25201277102,8
25201277103,8
25201277104,8
25201277105,8
25201277106,8
25201277107,8
252012772,8
25201278101,8
25201278102,8
25201278103,8
25201278104,8
25201278105,8
25201278106,8
25201278107,8
252012782,8
25201279101,8
25201279102,8
25201279103,8
25201279104,8
252012792,8
25201280001,8
25201280002,8
25201280003,8
25201281001,8
25201281002,8
25201281003,8
25201282001,8
25201282002,8
25201282003,8
25201282004,8
25201283001,8
25201283002,8
25201283003,8
25201283004,8
25201283005,8
25201283006,8
25201283007,8
25201284001,8
25201284002,8
25201284003,8
25201285001,8
25201285002,8
25201285003,8
25201285004,8
25201286001,8
25201286002,8
25201286003,8
25201286004,8
25201286005,8
25201287001,8
25201287002,8
25201288000,8
25201288001,8
25201288002,8
25201288003,8
25201288004,8
25201288005,8
25201288006,8
25201289001,8
25201289002,8
25201289003,8
25201289004,8
25201289005,8
25201289006,8
25201289007,8
25201289008,8
25201290101,8
25201290102,8
25201290103,8
25201290104,8
25201290105,8
25201290106,8
25201290107,8
252012910,8
25201292101,8
25201292102,8
25201292103,8
252012922,8
25201293101,8
25201293102,8
25201293103,8
252012932,8
25201294101,8
25201294102,8
25201294103,8
252012942,8
25201295101,8
25201295102,8
25201295103,8
252012952,8
252012961,8
252012962,8
25201297101,8
25201297102,8
252012972,8
25201298101,8
25201298102,8
252012982,8
252012991,8
252012992,8
25201300001,8
25201300002,8
25201300003,8
25201300004,8
25201300005,8
25201300006,8
25201300007,8
25201300008,8
25201307001,8
25201307002,8
25201307003,8
25201307004,8
25201307005,8
25201307006,8
25201307007,8
252013080,8
25201310001,8
25201310002,8
25201310003,8
25201310004,8
25201310005,8
25201310006,8
25201313001,8
25201313002,8
25201313003,8
25201313004,8
25201313005,8
25201316001,8
25201316002,8
252013180,8
252013190,8
252013200,8
25201322001,8
25201322002,8
25201322003,8
25201322004,8
25201322005,8
25201322006,8
25201322007,8
25201327001,8
25201327002,8
25201327003,8
25201327004,8
25201327005,8
252013300,8
252013370,8
25201338001,8
25201338002,8
25201338003,8
25201341001,8
25201341002,8
25201341003,8
25201341004,8
25201341005,8
25201341006,8
25201341007,8
25201399001,8
25201399002,8
25201399003,8
25201399004,8
25201400001,8
25201400002,8
25201400003,8
25201400004,8
25201400005,8
25201400006,8
25201400007,8
25201400008,8
252014010,8
25201402001,8
25201402002,8
25201404001,8
25201404002,8
25201406001,8
25201406002,8
252014080,8
252014090,8
252014100,8
252014110,8
252014120,8
252014130,8
25201414001,8
25201414002,8
25201414003,8
252014170,8
252014180,8
25201419001,8
25201419002,8
252014210,8
252014220,8
252014230,8
252014240,8
252014250,8
252014260,8
252014270,8
25201428001,8
25201428002,8
25201428003,8
25202001001,6
25202001002,6
25202001003,6
25202002001,6
25202002002,6
25202002003,6
252020030,6
25202004001,6
25202004002,6
25202004003,6
25202005001,6
25202005002,6
25202005003,6
25202005004,6
252020060,6
25202007001,6
25202007002,6
25202007003,6
252020100,6
25202011001,6
25202011002,6
25202011003,6
25202012001,6
25202012002,6
25202012003,6
25202015001,6
25202015002,6
25202016001,6
25202016002,6
252020170,6
252020180,6
252020190,6
252020200,6
25202021001,6
25202021002,6
25202021003,6
25202021004,6
25202021005,6
25202022001,6
25202022002,6
25202023001,6
25202023002,6
25202024001,6
25202024002,6
25202024003,6
25202027001,6
25202027002,6
25202030001,6
25202030002,6
25202031001,6
25202031002,6
25202033001,6
25202033002,6
252020350,6
25202036002,6
25202036004,6
25202036005,6
25202037001,6
25202037002,6
25202038001,6
25202038002,6
25202038003,6
25202038004,6
25202039001,6
25202039002,6
25202041001,6
25202041002,6
25202043001,6
25202043002,6
25202043003,6
25202043004,6
25202043005,6
25202043006,6
25202043007,6
25202043008,6
25202043009,6
25202043010,6
25202043011,6
25202044001,6
25202044002,6
25202044003,6
25202044004,6
25202044005,6
25202044006,6
25202044008,6
252020450,6
25202046001,6
25202046002,6
25202046003,6
25202046004,6
25202046005,6
25202046006,6
25202046007,6
25202047001,6
25202047002,6
25202047003,6
25202048001,6
25202048002,6
252020490,6
25202050001,6
25202050002,6
25202051001,6
25202051002,6
25202051003,6
25202051004,6
25202051005,6
252020520,6
252020530,6
25202054001,6
25202054002,6
252020550,6
252020560,6
25202057001,6
25202057002,6
25202057003,6
25202057004,6
25202058001,6
25202058002,6
25202058003,6
25202059001,6
25202059002,6
25202059003,6
25202060001,6
25202060002,6
25202060003,6
252020610,6
25202062001,6
25202062002,6
25202062003,6
25202062004,6
25202062005,6
25202063001,6
25202063002,6
252020640,6
25202065001,6
25202065002,6
25202065003,6
252020660,6
25202067001,6
25202067002,6
25202067003,6
25202067004,6
25202067005,6
25202067006,6
25202067007,6
252020680,6
25202069001,6
25202069002,6
25202069003,6
25202069005,6
25202069007,6
25202069008,6
25202069009,6
25202070001,6
25202070002,6
25202071001,6
25202071002,6
25202071003,6
25202071004,6
25202071005,6
25202071007,6
25202071009,6
25202072001,6
25202072002,6
25202072003,6
25202072004,6
252020730,6
252020740,6
25202075002,6
25202075003,6
25202075004,6
25202075005,6
25202075006,6
25202075007,6
25202075008,6
25202075009,6
25202075010,6
25202075011,6
25202075012,6
25202075013,6
25202075014,6
25202075015,6
25202075016,6
25202075017,6
25202075018,6
25202075019,6
25202076001,6
25202076002,6
25202076003,6
25202076004,6
25202076005,6
25202076006,6
25202076007,6
25202076008,6
25202076009,6
252020770,6
25202078001,6
25202078002,6
25202079001,6
25202079002,6
25202079003,6
25202080001,6
25202080002,6
252020810,6
25202082001,6
25202082002,6
25202082003,6
25202082004,6
25202082005,6
252020830,6
252020840,6
252020850,6
25202086001,6
25202086002,6
252020870,6
252020880,6
252020890,6
25202090001,6
25202090002,6
25202090003,6
25202090004,6
25202090005,6
25202090006,6
25202090007,6
25202090008,6
25202090009,6
25202090010,6
25202090011,6
25202090012,6
25202090013,6
25202090014,6
25202090015,6
25202090016,6
25202090017,6
25202090018,6
25202090019,6
25202090020,6
25202090021,6
25202090022,6
25202090023,6
25202090024,6
25202090025,6
25202090026,6
252020910,6
252020920,6
252020930,6
25202094001,6
25202094002,6
25202094003,6
252020950,6
25202096001,6
25202096002,6
25202096003,6
252020970,6
252020980,6
25202099001,6
25202099002,6
252021000,6
25202101001,6
25202101002,6
25202102001,6
25202102002,6
25202102003,6
25202102004,6
25202103001,6
25202103002,6
25202103004,6
25202103005,6
25202103006,6
25202103007,6
25202103008,6
25202104001,6
25202104002,6
25202104003,6
25202104004,6
25202104005,6
25202104006,6
252021050,6
252021060,6
25202107001,6
25202107002,6
25202107003,6
25202107004,6
25202107005,6
252021080,6
252021090,6
252021100,6
252021110,6
252021120,6
252021130,6
25202114001,6
25202114002,6
25202114003,6
25202114004,6
25202114005,6
25202115001,6
25202115002,6
25202115003,6
25202115004,6
25202116001,6
25202116002,6
25202116003,6
252021170,6
25202118001,6
25202118002,6
25202119001,6
25202119002,6
25202119003,6
25202119004,6
252021200,6
25202121001,6
25202121002,6
25202121003,6
25202121004,6
252021220,6
25202123001,6
25202123002,6
25202123003,6
252021240,6
252021250,6
252021260,6
252021270,6
252021280,6
252021290,6
252021300,6
252021310,6
252021320,6
252021330,6
252021340,6
25202135001,6
25202135002,6
252021360,6
252021370,6
252021380,6
252021390,6
25202140001,6
25202140002,6
252021410,6
252030010,6
252030020,6
252030030,6
252030040,6
252030050,6
252030060,6
252030070,6
252030080,6
252030090,6
252030100,6
252030110,6
252030120,6
252030130,6
252030140,6
252030150,6
252030160,6
252030170,6
252030180,6
252030190,6
252030200,6
252030210,6
252030220,6
252030230,6
252030240,6
252030250,6
252030260,6
252030270,6
252030280,6
252030290,6
252030300,6
252030310,6
252030320,6
252030330,6
252030340,6
252030350,6
252030360,6
252030370,6
252030380,6
252030390,6
252030400,6
252030410,6
252030420,6
252030430,6
252030440,6
252030450,6
252030460,6
252030470,6
252030480,6
252030490,6
252030500,6
252030510,6
252030520,6
252030530,6
252030540,6
252030550,6
252030560,6
252030570,6
252030580,6
252030590,6
252030600,6
252030610,6
252030620,6
252030630,6
252030640,6
252030650,6
252030660,6
252030670,6
252030680,6
252030690,6
252030700,6
252030710,6
252030720,6
252030730,6
252030740,6
252030750,6
252030760,6
252030780,6
252030790,6
252030800,6
252030810,6
252030820,6
252030830,6
252030840,6
252030850,6
252030860,6
252030870,6
252030880,6
252030890,6
252030900,6
252030910,6
252030920,6
252030930,6
252030940,6
252030950,6
252030960,6
252030970,6
252030980,6
252030990,6
252031000,6
252031010,6
252031020,6
252031030,6
252031040,6
252031050,6
252031060,6
252031070,6
252031080,6
252031090,6
252031100,6
252031110,6
252031120,6
252031130,6
252031140,6
252031150,6
252031160,6
252031170,6
252031180,6
252031190,6
252031200,6
252031210,6
252031220,6
252031230,6
252031240,6
252031250,6
252031260,6
252031270,6
252031280,6
252031290,6
252031300,6
252031310,6
252031320,6
252031330,6
252031340,6
252031350,6
252031360,6
252031370,6
252031380,6
252031390,6
252031400,6
252031410,6
252031420,6
252031430,6
252031440,6
252031450,6
252031460,6
252031470,6
252031480,6
252031490,6
252031500,6
252031510,6
252031520,6
252031530,6
252031540,6
252031550,6
252031560,6
252031570,6
252031580,6
252031590,6
252031600,6
252031610,6
252031620,6
252031630,6
252031640,6
252031650,6
252031660,6
252031670,6
252031680,6
252031690,6
252031700,6
252031710,6
252031720,6
252031730,6
252031740,6
252031750,6
252031760,6
252031770,6
252031780,6
252031790,6
252031800,6
252031810,6
252031820,6
252031830,6
252031840,6
252031850,6
252031860,6
252031870,6
252031880,6
252031890,6
252031900,6
252031910,6
252031920,6
252031930,6
252031940,6
252031950,6
252031960,6
252031970,6
252031980,6
252031990,6
252032000,6
252032010,6
252032020,6
252032030,6
252032040,6
252032050,6
252032060,6
252032070,6
252032080,6
252032090,6
252032100,6
252032110,6
252032120,6
252032130,6
252032140,6
252032150,6
252032160,6
252032170,6
252032180,6
252032190,6
252032200,6
252032210,6
252032220,6
252032230,6
252032240,6
252032250,6
252032260,6
252032270,6
252032280,6
252032290,6
252032300,6
252032310,6
252032320,6
252032330,6
252032340,6
252032350,6
252032360,6
252032370,6
252032380,6
252032390,6
252032400,6
25203241001,6
25203241002,6
25203241003,6
25203241004,6
25203242001,6
25203242002,6
25203242003,6
252032430,6
252032440,6
252032450,6
252032460,6
252032470,6
252032480,6
252032490,6
25203250011,6
25203250012,6
25203250013,6
25203250014,6
25203250015,6
25203250016,6
25203250017,6
25203250018,6
25203250019,6
25203250020,6
25203250021,6
25203250022,6
25203250023,6
25203250035,6
25203250036,6
252032510,6
252032520,6
252032530,6
252032540,6
252032550,6
252032560,6
252032570,6
252032580,6
252032590,6
252032600,6
252032610,6
252032620,6
252032630,6
252032640,6
252032650,6
252032660,6
252032670,6
252032680,6
252032690,6
252032700,6
252032740,6
252032750,6
252032760,6
252032770,6
252032780,6
252032790,6
252032800,6
252032810,6
252032820,6
252032830,6
252032840,6
252032850,6
252032860,6
252032870,6
252032880,6
252032890,6
252032900,6
252032910,6
252032920,6
252032930,6
252032940,6
252032950,6
252032960,6
252032970,6
252032980,6
252032990,6
252033000,6
252033010,6
252033020,6
252033030,6
252033040,6
252040010,7
252040020,7
252040030,7
252040040,7
252040050,7
252040060,7
252040070,7
252040080,7
252040090,7
252040100,7
252040110,7
252040120,7
252040130,7
252040140,7
252040150,7
252040160,7
252040170,7
252040180,7
252040190,7
252040200,7
252040210,7
252040220,7
252040230,7
252040240,7
252040250,7
252040260,7
252040270,7
252040280,7
252040290,7
252040300,7
252040310,7
252040320,7
252040330,7
252040340,7
252040350,7
252040360,7
252040370,7
252040380,7
252040390,7
252040400,7
252040410,7
252040420,7
252040430,7
252040440,7
252040450,7
252040460,7
252040470,7
252040480,7
252040490,7
252040500,7
252040510,7
252040520,7
252040530,7
252040540,7
252040550,7
252040560,7
252040570,7
252040580,7
252040590,7
252040600,7
252040610,7
252040620,7
252040630,7
252040640,7
252040650,7
252040660,7
252040670,7
252040680,7
252040690,7
252040700,7
252040710,7
252040720,7
252040730,7
252040740,7
252040750,7
252040760,7
252040770,7
252040780,7
252040790,7
252040800,7
252040810,7
252040820,7
252040830,7
252040840,7
252040850,7
252040860,7
252040870,7
252040880,7
252040890,7
252040900,7
252040910,7
252040920,7
252040930,7
252040940,7
252040950,7
252040960,7
252040970,7
252040980,7
252040990,7
25204100101,7
25204100102,7
25204100201,7
25204100203,7
25204100204,7
25204100301,7
25204100302,7
25204100303,7
25204100304,7
252041004,7
252041011,7
252041012,7
252041013,7
252041020,7
252041030,7
252041040,7
252041050,7
252041060,7
252041070,7
252041080,7
252041090,7
252041100,7
252041110,7
252041120,7
252041130,7
252041140,7
252041150,7
252041160,7
252041170,7
252041180,7
252041190,7
252041200,7
252041210,7
252041220,7
252041230,7
252041240,7
252041250,7
252041260,7
252041270,7
252041280,7
252041290,7
252041300,7
252041310,7
252041320,7
252041330,7
252041340,7
252041350,7
252041360,7
252041370,7
252041380,7
252041390,7
252041400,7
252041410,7
252041420,7
252041430,7
252041440,7
252041450,7
252041460,7
252041470,7
252041480,7
252041490,7
252041500,7
252041510,7
252041520,7
252041530,7
252041540,7
252041550,7
252041560,7
252041570,7
252041580,7
252041590,7
252041600,7
252041610,7
252041620,7
252041630,7
252041640,7
252041650,7
252041660,7
252041670,7
252041680,7
252041690,7
252041700,7
252041710,7
252041720,7
252041730,7
252041740,7
252041750,7
252041760,7
252060010,8
252060020,8
252060030,8
252060040,7
25206005101,8
25206005102,8
25206005103,8
25206005104,8
25206005105,8
25206005106,8
25206005107,8
25206005108,8
25206005201,8
25206005202,8
25206005203,8
25206005204,8
25206005205,8
25206005206,8
25206005207,8
25206005208,8
25206005209,8
25206010001,8
25206010002,8
25206010003,8
25206010004,8
25206010005,8
25206010006,8
25206010007,8
25206010008,8
25206014001,8
25206014002,8
25206014003,8
25206014004,8
25206018001,8
25206018002,8
25206018003,8
25206018004,8
25206022001,8
25206022002,8
25206024000,8
25206024001,8
25206025001,8
25206025002,8
25206027001,8
25206027002,8
25206027003,8
25206027004,8
25206031001,8
25206031002,8
25206031003,8
25206034001,8
25206034002,8
25206034003,8
252060370,8
25206038001,8
25206038002,8
25206040001,8
25206040002,8
252060420,8
25206043101,8
25206043102,8
25206043103,8
25206043104,8
25206043105,8
25206043201,8
25206043202,8
25206043203,8
25206043204,8
25206043205,8
25206043206,8
25206043207,8
25206043500,8
25206043501,8
25206043502,8
25206043601,8
25206043602,8
25206043603,8
25206043604,8
25206043605,8
25206043606,8
25206043607,8
25206043608,8
25206043609,8
25206043701,8
25206043702,8
25206043703,8
25206043704,8
25206043705,8
25206044101,8
25206044102,8
25206044103,8
25206044104,8
25206044201,8
25206044202,8
25206044203,8
25206044204,8
25206044205,8
25206044206,8
25206044207,8
25206044208,8
252060443,8
252060450,8
252060460,8
252060470,8
252060480,8
252060490,8
252060500,8
252060510,8
252060520,8
252060530,8
25206054001,8
25206054002,8
25206054003,8
25206054004,8
25206054005,8
25206058001,8
25206058002,8
25206058003,8
25206058004,8
25206058005,8
25206058006,8
25206058007,8
25206058008,8
252060590,8
25206060001,8
25206060002,8
25206060003,8
25206060004,8
25206060005,8
25206060006,8
252060660,8
25206070001,8
25206070002,8
25206070003,8
25206070004,8
252060710,8
252060720,8
252060730,8
252060740,8
252060750,8
252060760,8
252060770,8
252060780,8
252060790,8
252060800,8
252060810,8
252060820,8
252060830,8
252060840,8
252060850,8
25207001101,7
25207001102,7
25207001103,7
25207001104,7
252070012,7
25207002101,7
25207002102,7
25207002103,7
25207002104,7
25207002105,7
25207002106,7
252070022,7
25207003101,7
25207003102,7
25207003103,7
252070032,7
25207004108,7
25207004109,7
25207004201,7
25207004202,7
25207004203,7
25207004204,7
25207004205,7
25207004206,7
25207004207,7
252070050,7
252070060,7
25207007001,7
25207007002,7
25207007003,7
252070080,7
25207009101,7
25207009102,7
25207009103,7
25207009104,7
25207009105,7
25207009106,7
252070092,7
252070100,7
252070110,7
252070120,7
25207013001,7
25207013002,7
25207014001,7
25207014002,7
252070150,7
252070160,7
252070170,7
252070180,7
25207019001,7
25207019002,7
252070200,7
252070210,7
252070220,7
252070230,7
252070240,7
252070250,7
252070260,7
252070270,7
252070280,7
25207029001,7
25207029002,7
25207029003,7
25207030001,7
25207030002,7
25207030003,7
25207030004,7
25207030005,7
25207031001,7
25207031002,7
25207032001,7
25207032002,7
25207033001,7
25207033002,7
252070340,7
25207035001,7
25207035002,7
25207035003,7
25207036001,7
25207036002,7
25207037001,7
25207037002,7
25207037003,7
25207037004,7
25207038001,7
25207038002,7
25207038003,7
25207039001,7
25207039002,7
25207039003,7
25207039004,7
25207039005,7
252070400,7
252070410,7
252070420,7
252070430,7
252070440,7
252070450,7
252080010,7
252080020,7
252080030,7
252080040,7
252080050,7
25208006001,7
25208006002,7
25208006003,7
25208006004,7
25208006005,7
25208006006,7
25208006007,7
25208006008,7
25208006009,7
252080070,7
252080080,7
25208009101,7
25208009102,7
25208009103,7
25208009104,7
25208009105,7
25208009106,7
25208009107,7
25208009108,7
25208009109,7
25208009110,7
25208010001,7
25208010002,7
25208010003,7
252080110,7
252080120,7
252080130,7
252080140,7
25208015001,7
25208015002,7
25208015003,7
25208015004,7
25208015005,7
25208015006,7
25208015007,7
25208015008,7
25208016001,7
25208016002,7
25208016003,7
25208016004,7
25208016005,7
25208016006,7
25208016007,7
252080170,7
252080180,7
252080190,7
252080201,7
252080202,7
252080210,7
252080220,7
252080230,7
252080240,7
252080250,7
252080260,7
252080270,7
25208028101,7
25208028102,7
25208028103,7
25208028104,7
25208028105,7
25208028106,7
25208028107,7
25208028108,7
25208028109,7
25208028110,7
252080290,7
252080300,7
25208031001,7
25208031002,7
25208031003,7
25208031004,7
25208032001,7
25208032002,7
25208032003,7
25208032004,7
25208032005,7
25208032006,7
252080330,7
252080340,7
252090010,7
252090020,7
252090030,7
252090040,7
252090050,7
252090062,7
25209006401,7
25209006402,7
252090065,7
252090070,7
252090080,7
252090090,7
252090100,7
252090110,7
25209012101,7
25209012102,7
25209012200,7
25209012203,7
25209012204,7
252090130,7
252090140,7
252090150,7
252090160,7
252090170,7
252090180,7
252090200,7
252090210,7
252090220,7
252090230,7
252090240,7
252090250,7
252090260,7
252090270,7
252090280,7
252090290,7
252090300,7
252090310,7
252090320,7
252090330,7
25209034001,7
25209034002,7
25209034003,7
252090370,7
252090380,7
252090390,7
252090400,7
252090410,7
252090420,7
25209043001,7
25209043002,7
252090450,7
252090460,7
252090470,7
252090480,7
252090490,7
252090500,7
252090510,7
252090520,7
252090530,7
252090540,7
252090550,7
252090560,7
252090570,7
252090580,7
252090591,7
252090592,7
252090600,7
252090610,7
252090620,7
252090630,7
252090640,7
252090650,7
252090660,7
252090670,7
252090680,7
252090690,7
252090700,7
252090710,7
252090720,7
252090730,7
252090740,7
252090750,7
252090760,7
252090770,7
252090780,7
252090790,7
252090800,7
252090810,7
252090820,7
252090830,7
252090840,7
252090850,7
252090860,7
252090870,7
252090880,7
252090890,7
252090900,7
252090910,7
252090920,7
252090930,7
252090940,7
252090950,7
252090960,7
252090970,7
252090980,7
252090990,7
252091000,7
252091010,7
252091020,7
252091030,7
252091040,7
252091050,7
252091060,7
252091070,7
252091080,7
25209109001,7
25209109023,7
252091100,7
252091110,7
25209112002,7
25209112003,7
252091130,7
252091140,7
252091150,7
252091160,7
252091170,7
252091180,7
252091190,7
252091200,7
252091210,7
252091220,7
252091230,7
252091240,7
252091250,7
252091260,7
252091270,7
25209128001,7
25209128002,7
25209128003,7
25209128004,7
25209129001,7
25209129002,7
25209129003,7
25209129004,7
25209129005,7
25209129006,7
25209129007,7
25209129008,7
25209129009,7
25209129010,7
25209130001,7
25209130002,7
25209130003,7
25209130004,7
25209130005,7
252091310,7
252091320,7
252091330,7
252091340,7
252091350,7
252091360,7
252091370,7
252091380,7
252091390,7
252091400,7
252091410,7
252091420,7
252091430,7
252091440,7
252091450,7
252091460,7
252091470,7
252091480,7
252091490,7
252091500,7
252091510,7
252091520,7
252091530,7
252100010,7
252100020,7
252100030,7
252100040,7
252100050,7
252100060,7
252100070,7
252100080,7
252100090,7
252100100,7
252100110,7
252100120,7
252100130,7
252100140,7
25210016001,7
25210016002,7
252100170,7
252100180,7
252100190,7
252100200,7
252100210,7
252100220,7
252100230,7
252100240,7
25210025001,7
25210025002,7
252100260,7
252100270,7
252100271,7
252100280,7
252100290,7
252100300,7
252100310,7
252100320,7
252100330,7
252100340,7
252100350,7
252100360,7
252100370,7
252100380,7
252100390,7
252100400,7
252100410,7
252100420,7
252100430,7
252100440,7
252100450,7
252100460,7
252100470,7
252100480,7
252100490,7
252100500,7
25210051001,7
25210051002,7
25210051003,7
25210051004,7
25210051005,7
25210051006,7
252100520,7
252100530,7
252110010,7
252110020,7
252110030,7
252110040,7
25211005101,7
25211005102,7
25211005103,7
252110052,7
25211006101,7
25211006102,7
25211006103,7
25211006104,7
252110062,7
25211007001,7
25211007002,7
25211007003,7
25211007004,7
25211007005,7
252110120,7
252110130,7
252110140,7
25211015301,7
25211015302,7
25211015401,7
25211015402,7
25211015403,7
25211015404,7
25211015601,7
25211015602,7
25211015603,7
25211015604,7
25211015701,7
25211015702,7
25211015703,7
25211015704,7
25211015705,7
25211015706,7
25211015801,7
25211015802,7
25211015803,7
25211015804,7
25211015805,7
25211015806,7
25211015807,7
252110159,7
252110160,7
252110170,7
25211018001,7
25211018002,7
25211018003,7
25211018004,7
252110220,7
252110230,7
252110240,7
252110250,7
252110260,7
252110261,7
252110270,7
252110280,7
25211029001,7
25211029002,7
25211029003,7
25211030101,7
25211030102,7
25211030201,7
25211030202,7
25211030203,7
25211030204,7
25211030205,7
25211030301,7
25211030302,7
25211030303,7
25211030304,7
25211030401,7
25211030402,7
252110305,7
25211031100,7
25211031101,7
25211031102,7
25211031103,7
25211031104,7
25211031105,7
25211032100,7
25211032101,7
25211032102,7
25211032103,7
25211032104,7
25211032105,7
25211032106,7
25211032107,7
25211033001,7
25211033002,7
25211034001,7
25211034002,7
25211034003,7
25211034004,7
25211035001,7
25211035002,7
25211036001,7
25211036002,7
25211036003,7
25211037001,7
25211037002,7
25211037003,7
25211037004,7
25211037005,7
25211037006,7
25211038001,7
25211038002,7
25211038003,7
25211038004,7
25211038005,7
25211038006,7
25211038007,7
25211038008,7
25211039001,7
25211039002,7
25211039003,7
25211039004,7
25211039005,7
25211039006,7
25211039007,7
25211039008,7
25211040001,7
25211040002,7
25211041001,7
25211041002,7
25211041003,7
25211041004,7
25212001001,6
25212001002,6
25212001003,6
25212001004,6
25212001005,6
25212001006,6
252120020,6
252120030,6
252120040,6
252120050,6
252120060,6
252120070,6
252120080,6
252120090,6
252120100,6
252120110,6
252120120,6
252120130,6
252120140,6
252120150,6
252120160,6
252120170,6
252120180,6
252120190,6
252120200,6
252120210,6
252120220,6
25212023001,6
25212023002,6
252120240,6
252120250,6
252120260,6
252120270,6
252120280,6
252120290,6
252120300,6
252120310,6
252120320,6
25212033001,6
25212033002,6
25212034001,6
25212034002,6
25212035001,6
25212035002,6
25212036001,6
25212036002,6
25212037001,6
25212037002,6
25212038001,6
25212038002,6
25212039001,6
25212039002,6
252120400,6
252120410,6
252120420,6
252120430,6
252120440,6
252120450,6
252120460,6
252120470,6
252120480,6
252120490,6
252120500,6
252120510,6
252120520,6
252120530,6
252120540,6
252120550,6
252120560,6
252120570,6
252120580,6
252120590,6
252120600,6
252120610,6
252120620,6
252120630,6
252120640,6
252120650,6
252120660,6
252120670,6
252120680,6
252120690,6
252120700,6
252120710,6
252120720,6
252120730,6
252120740,6
252120750,6
252120760,6
252120770,6
252120780,6
252120790,6
252120800,6
252120810,6
252120820,6
252120830,6
252120840,6
252120850,6
252120860,6
252120870,6
25212088001,6
25212088002,6
25212088003,6
25212088004,6
25212089001,6
25212089002,6
25212089003,6
25212089004,6
252120900,6
252120910,6
252120920,6
252120930,6
252120940,6
252120950,6
252120960,6
252120970,6
252120980,6
252120990,6
25212100001,6
25212100002,6
252121010,6
252121020,6
252121030,6
252121040,6
252121050,6
252121060,6
252121070,6
252121080,6
252121090,6
252121100,6
252121110,6
252121120,6
25212113001,6
25212113002,6
25212113003,6
25212114101,6
25212114102,6
252121142,6
25212115101,6
25212115102,6
252121152,6
25212116101,6
25212116102,6
25212116103,6
252121162,6
252121170,6
252121180,6
252121190,6
25212120001,6
25212120002,6
252121210,6
25212122001,6
25212122002,6
252121230,6
252121240,6
252121250,6
252121260,6
252130010,6
252130020,6
252130030,6
252130040,6
252130050,6
252130060,6
252130070,6
252130080,6
252130090,6
252130100,6
252130110,6
252130120,6
252130130,6
252130140,6
252130150,6
252130160,6
252130170,6
252130180,6
252130190,6
252130200,6
252130210,6
252130220,6
252130230,6
252130240,6
252130250,6
252130260,6
252130270,6
252130280,6
252130290,6
252130300,6
252130310,6
252130320,6
252130330,6
25213034001,6
25213034002,6
252130360,6
252130370,6
252130380,6
252130390,6
252130400,6
252130410,6
252130420,6
252130430,6
252130440,6
252130450,6
252130460,6
252130470,6
252130480,6
252130490,6
252130500,6
252130510,6
252130520,6
252130530,6
252130540,6
252130550,6
252130560,6
252130570,6
252130580,6
25213059001,6
25213059002,6
25213059003,6
25213062001,6
25213062002,6
25213062003,6
252130650,6
252130660,6
252130670,6
252130680,6
252130690,6
252130700,6
252130710,6
252130720,6
252130730,6
25213074001,6
25213074002,6
25213074003,6
25213074004,6
25213074005,6
25213079001,6
25213079002,6
25213079003,6
25213079004,6
25213079005,6
25213084001,6
25213084002,6
252130850,6
252130860,6
252130870,6
25213088001,6
25213088002,6
252130890,6
252130900,6
252130910,6
252130920,6
252130930,6
25213094000,6
25213094001,6
25213094100,6
25213094101,6
252130950,6
252130960,6
252130970,6
252130980,6
252130990,6
252131000,6
252131010,6
252131020,6
252131030,6
252131040,6
252131050,6
252131060,6
252131070,6
252131080,6
252131090,6
252131100,6
252131110,6
252131120,6
252131130,6
252131140,6
252131150,6
252131160,6
252131170,6
252131180,6
252131190,6
252131200,6
252131210,6
252131220,6
252131230,6
252131240,6
252131250,6
252131260,6
252131270,6
252131280,6
252131290,6
252131300,6
252131310,6
252131320,6
252131330,6
252131340,6
252131350,6
252131360,6
252131370,6
252131380,6
252131390,6
252131400,6
252131410,6
252131420,6
252131430,6
252131440,6
252131450,6
252131460,6
252131470,6
252131480,6
252131490,6
252131500,6
252131510,6
252131520,6
252131530,6
252131540,6
252131550,6
252131560,6
252131570,6
252131580,6
252131590,6
252131600,6
252131610,6
252131620,6
252131630,6
252131640,6
252131650,6
252131660,6
252131670,6
252131680,6
252131690,6
252131700,6
252131710,6
252131720,6
252131730,6
252131740,6
252131750,6
252131760,6
252131770,6
252131780,6
252131790,6
252131800,6
252131810,6
252131820,6
252131830,6
252131840,6
252131850,6
252131860,6
252131870,6
252131880,6
252131890,6
252131900,6
252131910,6
252131920,6
252131930,6
252131940,6
252131950,6
252131960,6
252131970,6
252131980,6
252131990,6
252132000,6
252132010,6
252132020,6
252132030,6
252132040,6
252132050,6
252132060,6
252132070,6
252132080,6
252132090,6
252132100,6
252132110,6
252132120,6
252132130,6
252132140,6
252132150,6
252132160,6
252132170,6
252132180,6
252132190,6
252132200,6
252132210,6
252132220,6
252132230,6
252132240,6
252132250,6
252132260,6
252132270,6
252132280,6
252132290,6
252132300,6
252132310,6
252132320,6
252132330,6
252132340,6
252132350,6
252132360,6
252132370,6
252132380,6
252132390,6
252132400,6
252140010,6
252140020,6
252140030,6
25214004001,6
25214004002,6
252140050,6
25214006001,6
25214006002,6
25214007001,6
25214007002,6
252140080,6
252140090,6
252140100,6
252140110,6
252140120,6
252140130,6
252140140,6
252140150,6
252140160,6
252140170,6
252140180,6
252140190,6
252140200,6
25214021001,6
25214021002,6
252140220,6
252140230,6
252140240,6
252140250,6
252140260,6
252140270,6
252140280,6
252140290,6
252140300,6
252140310,6
252140320,6
252140330,6
252140340,6
252140350,6
252140360,6
252140370,6
252140380,6
252140390,6
252140400,6
252140410,6
252140420,6
252140430,6
252140440,6
252140450,6
252140460,6
252140470,6
252140480,6
252140490,6
252140500,6
252140510,6
252140520,6
252140530,6
252140540,6
252140550,6
252140560,6
252140570,6
252140580,6
252140590,6
252140600,6
252140610,6
252140620,6
252140630,6
252140640,6
252140650,6
252140660,6
252140670,6
252140680,6
252140690,6
252140700,6
252140710,6
252140720,6
252140730,6
252140740,6
252140750,6
252140760,6
252140770,6
252140780,6
252140790,6
252140800,6
252140810,6
252140820,6
25214083001,6
25214083002,6
252140840,6
252140850,6
252140860,6
252140870,6
252140880,6
252140890,6
252140900,6
252140910,6
25383001001,6
25383001002,6
25383001003,6
25383001004,6
25383001005,6
253830020,6
253830030,6
253830040,6
253830050,6
25383006001,6
25383006002,6
25383006003,6
25383006004,6
25383006005,6
253830070,6
25383008001,6
25383008002,6
25383008003,6
25383009001,6
25383009002,6
25383009003,6
253830100,6
253830110,6
253830120,6
253830130,6
253830140,6
253830150,6
253830160,6
253830170,6
253830180,6
253830190,6
253830200,6
253830210,6
253830220,6
253830230,6
253830240,6
253830250,6
25383026001,6
25383026002,6
25383026003,6
25383026004,6
253830270,6
253830280,6
253830290,6
253830300,6
253830310,6
253830320,6
253830330,6
25383034001,6
25383034002,6
25383034003,6
25383034004,6
25383034005,6
25383034006,6
25383034007,6
253830350,6
253830360,6
253830370,6
25383038001,6
25383038002,6
253830390,6
25383040001,6
25383040002,6
25383040003,6
25383041001,6
25383041002,6
25383042001,6
25383042002,6
253830430,6
253830440,6
253830450,6
253830460,6
253830470,6
253830480,6
25383049001,6
25383049002,6
253830500,6
25383051001,6
25383051002,6
25383051003,6
25383051004,6
25383051005,6
25383052001,6
25383052002,6
25383052003,6
25383052004,6
253830530,6
253830540,6
253830550,6
253830560,6
253830570,6
253830580,6
253830590,6
253830600,6
253830610,6
253830620,6
253830630,6
253840010,7
253840020,7
253840030,7
253840040,7
253840050,7
253840060,7
253840070,7
253840080,7
253840090,7
253840100,7
253840110,7
253840120,7
253840130,7
253840140,7
253840150,7
253840160,7
253840170,7
253840180,7
253840190,7
253840200,7
253840210,7
253840220,7
253840230,7
253840240,7
254250010,6
254250020,6
254250030,6
254250040,6
254250050,6
254250060,6
254250070,6
254250080,6
254250090,6
254250100,6
254250110,6
254250120,6
254250130,6
254250140,6
254250150,6
254250160,6
254250170,6
254250180,6
254250190,6
254250200,6
254250210,6
254250220,6
254250230,6
254250240,6
254250250,6
254250260,6
254250270,6
254250280,6
254250290,6
254250300,6
254250310,6
254250320,6
254250330,6
254250340,6
254250350,6
254250360,6
254250370,6
254250380,6
254250390,6
254250400,6
254250410,6
254250420,6
254410010,6
254410020,6
254410030,6
254410040,6
254410050,6
254410060,6
254410070,6
254410080,6
254410090,6
254410100,6
254410110,6
254410120,6
254410130,6
254410140,6
254410150,6
254410160,6
254420010,6
254420020,6
254420030,6
254420040,6
254420050,6
254420060,6
254420070,6
254420080,6
254420090,6
25442010001,6
25442010002,6
254420120,6
254420130,6
254430010,6
254430020,6
254430030,6
254430040,6
254430050,6
254430060,6
254430070,6
254430080,6
254430090,6
254430100,6
254430110,6
254430120,6
254430130,6
254430140,6
254430150,6
254430160,6
254430170,6
254430180,6
254430190,6
254430200,6
254430210,6
254430220,6
254430230,6
254430240,6
254430250,6
254430260,6
254430270,6
254430280,6
254430290,6
254430300,6
254430310,6
254430320,6
254430330,6
254430340,6
254430350,6
254430360,6
254430370,6
254430380,6
254430390,6
26,3
26101001001,4
26101001002,4
26101001003,4
26101001004,4
26101001005,4
26101001006,4
26101001007,4
26101001008,4
26101001009,4
26101001010,4
26101001011,4
26101001012,4
26101001013,4
26101001014,4
26101001015,4
26101001016,4
26101001017,4
26101001018,4
26101001019,4
26101001020,4
26101001021,4
26101001022,4
26101002001,4
26101002002,4
26101002003,4
26101002004,4
26101002005,4
26101002006,4
26101002007,4
26101002008,4
26101002009,4
26101002010,4
26101002011,4
26101002012,4
26101002013,4
26101002014,4
26101002015,4
26101002016,4
26101002017,4
26101002018,4
26101002019,4
26101002020,4
26101002021,4
26101002022,4
26101002023,4
26101002024,4
26101002025,4
26101002026,4
26101003001,4
26101003002,4
26101003003,4
26101003004,4
26101003005,4
26101003006,4
26101003007,4
26101003008,4
26101003009,4
26101003010,4
26101003011,4
26101003012,4
26101003013,4
26101003014,4
26101003015,4
26101003016,4
26101003017,4
26101003018,4
26101003019,4
26101003020,4
26101003021,4
26101003022,4
26101004001,4
26101004002,4
26101004003,4
26101004004,4
26101004005,4
26101004006,4
26101004007,4
26101004008,4
26101004009,4
26101004010,4
26101004011,4
26101004012,4
26101004013,4
26101004014,4
26101004015,4
26101004016,4
26101004017,4
26101005001,4
26101005002,4
26101005003,4
26101005004,4
26101005005,4
26101005006,4
26101005007,4
26101005008,4
26101005009,4
26101005010,4
26101006001,4
26101006002,4
26101006003,4
26101006004,4
26101006005,4
26101006006,4
26101006007,4
26101006008,4
26101006009,4
26101006010,4
26101006011,4
26101006012,4
26101006013,4
26101006014,4
26101006015,4
26101006016,4
26101006017,4
26101006018,4
26101006019,4
26101006020,4
26101006021,4
26101006022,4
26101006023,4
26101006024,4
26101006025,4
26101006026,4
26101006027,4
26101006028,4
26101006029,4
26101006030,4
26101006031,4
26101006032,4
26101006033,4
26101006034,4
26101006035,4
26101006036,4
26101006037,4
26101006038,4
26101006039,4
26101006040,4
26101006041,4
26101006042,4
26101007001,4
26101007002,4
26101007003,4
26101007004,4
26101007005,4
26101007006,4
26101007007,4
26101007008,4
26101007009,4
26101007010,4
26101007011,4
26101007012,4
26101007013,4
26101007014,4
26101007015,4
26101007016,4
26101007017,4
26101007018,4
26101007019,4
26101007020,4
26101007021,4
26101007022,4
26101007023,4
26101007024,4
26101007025,4
26101007026,4
26101007027,4
26101007028,4
26101007029,4
26101007030,4
26101007031,4
26101007032,4
26101007033,4
26101007034,4
26101007035,4
26101007036,4
26101007037,4
26101007038,4
26101007039,4
26101007040,4
26101007041,4
26101007042,4
26101007043,4
26101007044,4
26101007045,4
26101007046,4
26101007047,4
26101007048,4
26101007049,4
26101007050,4
26101007051,4
26101007052,4
26101007053,4
26101007054,4
26101007056,4
26101007057,4
26101007058,4
26101007059,4
26101007060,4
26101007061,4
26101007062,4
26101007063,4
26101007064,4
26101007065,4
26101007066,4
26101007067,4
26101007068,4
26101007069,4
26101007070,4
26101007071,4
26101007072,4
26101007073,4
26101007074,4
26101007075,4
26101007076,4
26101007077,4
26101007078,4
26101007079,4
26101007080,4
26101007081,4
26101007082,4
26101007083,4
26101008001,4
26101008002,4
26101008003,4
26101008004,4
26101008005,4
26101008006,4
26101008007,4
26101008008,4
26101008009,4
26101008010,4
26101008011,4
26101008012,4
26101008013,4
26101008014,4
26101008015,4
26101008016,4
26101008017,4
26101008018,4
26101008019,4
26101008020,4
26101008021,4
26101008022,4
26101008023,4
26101008024,4
26101008025,4
26101008026,4
26101008027,4
26101008028,4
26101008029,4
26101008030,4
26101008031,4
26101008032,4
26101008033,4
26101008034,4
26101008035,4
26101008036,4
26101008037,4
26101008038,4
26101008039,4
26101008040,4
26101008041,4
26101008042,4
26101008043,4
26101008044,4
26101008045,4
26101008046,4
26101008047,4
26101008048,4
26101008049,4
26101008050,4
26101009001,4
26101009002,4
26101009003,4
26101009004,4
26101009005,4
26101009006,4
26101009007,4
26101009008,4
26101009009,4
26101009010,4
26101009011,4
26101009012,4
26101009013,4
26101009014,4
26101009015,4
26101009016,4
26101009017,4
26101009018,4
26101009019,4
26101009020,4
26101009021,4
26101009022,4
26101009023,4
26101009024,4
26101009025,4
26101009026,4
26101009027,4
26101009028,4
26101009029,4
26101009030,4
26101009031,4
26101009032,4
26101009033,4
26101009034,4
26101010001,4
26101010002,4
26101010003,4
26101010004,4
26101010005,4
26101010006,4
26101010007,4
26101010008,4
26101010009,4
26101010010,4
26101010011,4
26101010012,4
26101011001,4
26101011002,4
26101011003,4
26101011004,4
26101011005,4
26101011006,4
26101011007,4
26101011008,4
26101011009,4
26101011010,4
26101011011,4
26101011012,4
26101011013,4
26101011014,4
26101011015,4
26101011016,4
26101011017,4
26101011018,4
26101011019,4
26101011020,4
26101011021,4
26101011022,4
26101011023,4
26101011024,4
26101011025,4
26101012001,4
26101012002,4
26101012003,4
26101012004,4
26101012005,4
26101012006,4
26101012007,4
26101012008,4
26101013001,4
26101013002,4
26101013003,4
26101013004,4
26101013005,4
26101014001,4
26101014002,4
26101014003,4
26101014004,4
26101014005,4
26101014006,4
26101014007,4
26101014008,4
26101014009,4
26101014010,4
26101015001,4
26101015002,4
26101015003,4
26101015004,4
26101015005,4
26101015006,4
26101015007,4
26101015008,4
26101015009,4
26101015010,4
26101015011,4
26101015012,4
26101015013,4
26101015014,4
26101015015,4
26101015016,4
26101015017,4
26101015018,4
26101015019,4
26101016001,4
26101016002,4
26101016003,4
26101016004,4
26101016005,4
26101016006,4
26101016007,4
26101016008,4
26101016009,4
26101016010,4
26101016011,4
26101016012,4
26101016013,4
26101016014,4
26101016015,4
26101016016,4
26101016017,4
26101016018,4
26101016019,4
26101016020,4
26101016021,4
26101016022,4
26101016023,4
26101016024,4
26101016025,4
26101016026,4
26101016027,4
26101016028,4
26101016029,4
26101016030,4
26101016031,4
26101016032,4
26101017001,4
26101017002,4
26101017003,4
26101017004,4
26101017005,4
26101017006,4
26101017007,4
26101017008,4
26101017009,4
26101017010,4
26101017011,4
26101017012,4
26101017013,4
26101017014,4
26101017015,4
26101018001,4
26101018002,4
26101018003,4
26101018004,4
26101018005,4
26101018006,4
26101018007,4
26101018008,4
26101018009,4
26101018010,4
26101018011,4
26101018012,4
26101018013,4
26101018014,4
26101018015,4
26101018016,4
26101019001,4
26101019002,4
26101019003,4
26102001001,5
26102001002,5
26102001003,5
26102001004,5
26102001005,5
26102001006,5
26102001007,5
26102001008,5
26102001009,5
26102001010,5
26102001011,5
26102001012,5
26102001013,5
26102001014,5
26102001015,5
26102001016,5
26102001017,5
26102001018,5
26102001019,5
26102001020,5
26102001021,5
26102001022,5
26102001023,5
26102001024,5
26102001025,5
26102001026,5
26102001027,5
26102001028,5
26102001029,5
26102001030,5
26102001031,5
26102002001,5
26102002002,5
26102002003,5
26102002004,5
26102002005,5
26102002006,5
26102002007,5
26102002008,5
26102002009,5
26102002010,5
26102002011,5
26102002012,5
26102002013,5
26102002014,5
26102002015,5
26102002016,5
26102002017,5
26102002018,5
26102002019,5
26102002020,5
26102002021,5
26102002022,5
26102002023,5
26102002024,5
26102002025,5
26102002026,5
26102002027,5
26102002028,5
26102002029,5
26102002030,5
26102002031,5
26102002032,5
26102002033,5
26102002034,5
26102002035,5
26102002036,5
26102002037,5
26102002038,5
26102002039,5
26102002040,5
26102002041,5
26102002042,5
26102002043,5
26102002044,5
26102002045,5
26102002046,5
26102003001,5
26102003002,5
26102003003,5
26102003004,5
26102003005,5
26102003006,5
26102003007,5
26102003008,5
26102003009,5
26102003010,5
26102003011,5
26102003012,5
26102003013,5
26102003014,5
26102003015,5
26102003016,5
26102003017,5
26102003018,5
26102003019,5
26102003020,5
26102003021,5
26102003022,5
26102003023,5
26102003024,5
26102003025,5
26102003026,5
26102003027,5
26102003028,5
26102003029,5
26102003030,5
26102003031,5
26102003032,5
26102003033,5
26102003034,5
26102003035,5
26102003036,5
26102004001,5
26102004002,5
26102004003,5
26102004004,5
26102004005,5
26102004006,5
26102004007,5
26102004008,5
26102004009,5
26102004010,5
26102004011,5
26102004012,5
26102004013,5
26102004014,5
26102004015,5
26102004016,5
26102004017,5
26102004018,5
26102004019,5
26102004020,5
26102004021,5
26102004022,5
26102004023,5
26102004024,5
26102004025,5
26102004026,5
26102004027,5
26102004028,5
26102004029,5
26102004030,5
26102005001,5
26102005002,5
26102005003,5
26102005004,5
26102005005,5
26102005006,5
26102005007,5
26102005008,5
26102005009,5
26102005010,5
26102005011,5
26102005012,5
26102005013,5
26102005014,5
26102005015,5
26102005016,5
26102005017,5
26102005018,5
26102005019,5
26102005020,5
26102005021,5
26102005022,5
26102005023,5
26102005024,5
26102005025,5
26102005026,5
26102005027,5
26102005028,5
26102005029,5
26102005030,5
26102005031,5
26102005032,5
26102005033,5
26102005034,5
26102005035,5
26102005036,5
26102006001,5
26102006002,5
26102006003,5
26102006004,5
26102006005,5
26102006006,5
26102006007,5
26102006008,5
26102006009,5
26102006010,5
26102006011,5
26102006012,5
26102006013,5
26102006014,5
26102006015,5
26102006016,5
26102006017,5
26102006018,5
26102006019,5
26102006020,5
26102006021,5
26102006022,5
26102006023,5
26102007001,5
26102007002,5
26102007003,5
26102007004,5
26102007005,5
26102007006,5
26102007007,5
26102007008,5
26102007009,5
26102007010,5
26102007011,5
26102007012,5
26102007013,5
26102007014,5
26102007015,5
26102007016,5
26102007017,5
26102007018,5
26102007019,5
26102007020,5
26102007021,5
26102007022,5
26102007023,5
26102007024,5
26102007025,5
26102007026,5
26102008001,5
26102008002,5
26102008003,5
26102008004,5
26102008005,5
26102008006,5
26102008007,5
26102008008,5
26102008009,5
26102008010,5
26102008011,5
26102008012,5
26102008013,5
26102008014,5
26102008015,5
26102008016,5
26102008017,5
26102008018,5
26102008019,5
26102008020,5
26102008021,5
26102008022,5
26102008023,5
26102008024,5
26102008025,5
26102008026,5
26102008027,5
26102009001,5
26102009002,5
26102009003,5
26102009004,5
26102009005,5
26102009006,5
26102009007,5
26102009008,5
26102009009,5
26102009010,5
26102009011,5
26102009012,5
26102009013,5
26102009014,5
26102009015,5
26102009016,5
26102009017,5
26102009018,5
26102009019,5
26102009020,5
26102009021,5
26102009022,5
26102009023,5
26102009024,5
26102009025,5
26102009026,5
26102009027,5
26102010012,5
26102010013,5
26102010014,5
26102010015,5
26102010016,5
26102010017,5
26102010018,5
26102010019,5
26102010020,5
26102010021,5
26102010022,5
26102010023,5
26102010024,5
26102010025,5
26102010026,5
26102010027,5
26102010028,5
26102010029,5
26102010030,5
26102010031,5
26102010032,5
26102010033,5
26102010034,5
26102010035,5
26102010036,5
26102010037,5
26102010038,5
26102010039,5
26102010040,5
26102010041,5
26102010042,5
26102010043,5
26102010044,5
26102010045,5
26102010046,5
26102010047,5
26102010048,5
26102010049,5
26102010050,5
26102010051,5
26102010052,5
26102010053,5
26102010054,5
26102010055,5
26102010056,5
26102010057,5
26102010058,5
26102010059,5
26102010060,5
26102010061,5
26102010062,5
26102011001,5
26102011002,5
26102011003,5
26102011004,5
26102011005,5
26102011006,5
26102011007,5
26102011008,5
26102011009,5
26102011010,5
26102011011,5
26102011012,5
26102011013,5
26102011014,5
26102011015,5
26102011016,5
26102011017,5
26102011018,5
26102011019,5
26102011020,5
26102011021,5
26102011022,5
26102011023,5
26102011024,5
26102011025,5
26102011026,5
26102011027,5
26102011028,5
26102011029,5
26102011030,5
26102011031,5
26102011032,5
26102011033,5
26102011034,5
26102011035,5
26102011036,5
26102011037,5
26102011038,5
26102011039,5
26102011040,5
26102011041,5
26102011042,5
26102011043,5
26102011044,5
26102011045,5
26102011046,5
26102012001,5
26102012002,5
26102012003,5
26102012004,5
26102012005,5
26102012006,5
26102012007,5
26102012008,5
26102012009,5
26102012010,5
26102012011,5
26102012012,5
26102012013,5
26102012014,5
26102012015,5
26102012016,5
26102012017,5
26102012018,5
26102012019,5
26102012020,5
26102012021,5
26102013001,5
26102013002,5
26102013003,5
26102013004,5
26102013005,5
26102013006,5
26102013007,5
26102013008,5
26102013009,5
26102013010,5
26102013011,5
26102013012,5
26102013013,5
26102013014,5
26102013015,5
26102013016,5
26102013017,5
26102013018,5
26102013019,5
26102013020,5
26102013021,5
26102013022,5
26102013023,5
26102013024,5
26102013025,5
26102013026,5
26102013027,5
26102013028,5
26102013029,5
26102013030,5
26102013031,5
26102013032,5
26102013033,5
26102013034,5
26102013035,5
26102013036,5
26102013037,5
26102013038,5
26102013039,5
26102013040,5
26102013041,5
26102013042,5
26102013043,5
26102014001,5
26102014002,5
26102014003,5
26102014004,5
26102014005,5
26102014006,5
26102014007,5
26102014008,5
26102014009,5
26102014010,5
26102014011,5
26102014012,5
26102014013,5
26102014014,5
26102014015,5
26102014016,5
26102014017,5
26102014018,5
26102014019,5
26102014020,5
26102014021,5
26102014022,5
26102014023,5
26102014024,5
26102014025,5
26102014026,5
26102014027,5
26102014028,5
26102014029,5
26102015001,5
26102015002,5
26102015003,5
26102015004,5
26102015005,5
26102015006,5
26102015007,5
26102015008,5
26102015009,5
26102015010,5
26102015011,5
26102015012,5
26102015013,5
26102015014,5
26102015015,5
26102015016,5
26102015017,5
26102015018,5
26102015019,5
26102015020,5
26102015021,5
26102015022,5
26102015023,5
26102015024,5
26102015025,5
26102015026,5
26102015027,5
26102015028,5
26102015029,5
26102015030,5
26102015031,5
26102015032,5
26102015033,5
26102015034,5
26102015035,5
26102015036,5
26102015037,5
26102015038,5
26102015039,5
26102015040,5
26102016001,5
26102016002,5
26102016003,5
26102016004,5
26102016005,5
26102016006,5
26102016007,5
26102016008,5
26102016009,5
26102016010,5
26102016011,5
26102016012,5
26102016013,5
26102016014,5
26102016015,5
26102016016,5
26102016017,5
26102016018,5
26102016019,5
26102016020,5
26102016021,5
26102016022,5
26102016023,5
26102016024,5
26102016025,5
26102016026,5
26102016027,5
26102016028,5
26102016029,5
26102016030,5
26102016031,5
26102016032,5
26102016033,5
26102016034,5
26102017001,5
26102017002,5
26102017003,5
26102017004,5
26102017005,5
26102017006,5
26102017007,5
26102017008,5
26102017009,5
26102017010,5
26102017011,5
26102017012,5
26102017013,5
26102017014,5
26102017015,5
26102017016,5
26102017017,5
26102017018,5
26102017019,5
26102017020,5
26102017021,5
26102017022,5
26102017023,5
26102017024,5
26102017025,5
26102017026,5
26102017027,5
26102017028,5
26102017029,5
26102017030,5
26102017031,5
26102017032,5
26102017033,5
26102017034,5
26102017035,5
26102017036,5
26102017037,5
26103001101,4
26103001102,4
26103001103,4
26103001104,4
26103001106,4
26103001108,4
26103001109,4
26103001111,4
26103001201,4
26103001202,4
26103001203,4
26103001204,4
26103001205,4
26103001208,4
26103001209,4
26103001212,4
26103001213,4
26103001302,4
26103001304,4
26103001306,4
26103001307,4
26103001308,4
26103001310,4
26103001313,4
26103001314,4
26103001315,4
26103001316,4
26103001317,4
26103001318,4
26103001319,4
26103001320,4
26103001321,4
26103001322,4
26103001323,4
26103001324,4
26103001325,4
26103001326,4
26103001327,4
26103001328,4
26103001329,4
26103001330,4
26103001331,4
26103001332,4
26103002001,4
26103002002,4
26103002003,4
26103002004,4
26103002005,4
26103002006,4
26103003001,4
26103003002,4
26103003003,4
26103004001,4
26103004002,4
26103004003,4
26103004004,4
26103005001,4
26103005002,4
26103005003,4
26103005004,4
26103005005,4
26103006001,4
26103006002,4
26103006003,4
26103006004,4
26103006005,4
26103007001,4
26103007002,4
26103007003,4
26103007004,4
26103007005,4
26103007006,4
26103007007,4
26103007008,4
26103007009,4
26103007010,4
26103007011,4
26103007012,4
26103007013,4
26103008001,4
26103008002,4
26103008003,4
26103008004,4
26103009001,4
26103009002,4
26103009003,4
26103009004,4
26103009005,4
26103009006,4
26103009007,4
26103009008,4
26103009009,4
26103009010,4
26103009011,4
26103009012,4
26103009013,4
26103009014,4
26103009015,4
26103009016,4
26103009017,4
26103009018,4
26103009019,4
26103009020,4
26103009021,4
26103009022,4
26103009023,4
26103009024,4
26103009025,4
26103009026,4
26103009027,4
26103009028,4
26103009029,4
26103009030,4
26103009031,4
26103009032,4
26103009033,4
26103009034,4
26103009035,4
26103009036,4
26103009037,4
26103009038,4
26103009039,4
26103009040,4
26103009041,4
26103009042,4
26103009043,4
26103009044,4
26103009045,4
26103009046,4
26103009047,4
26103009048,4
26103009049,4
26103009050,4
26103009051,4
26103009052,4
26103009053,4
26103009054,4
26103009055,4
26103009056,4
26103009057,4
26103010001,4
26103010002,4
26103010003,4
26103010004,4
26103010005,4
26103010006,4
26103010007,4
26103010008,4
26103010009,4
26103010010,4
26103010011,4
26103010012,4
26103010013,4
26103010014,4
26103010015,4
26103010016,4
26103010017,4
26103010018,4
26103010019,4
26103010020,4
26103010021,4
26103010022,4
26103010023,4
26103010024,4
26103010025,4
26103010026,4
26103010027,4
26103010028,4
26103010029,4
26103010030,4
26103010031,4
26103010032,4
26103010033,4
26103010034,4
26103010035,4
26103010036,4
26103010037,4
26103010038,4
26103010039,4
26103010040,4
26103010041,4
26103010042,4
26103010043,4
26103010044,4
26103010045,4
26103010046,4
26103010047,4
26103010048,4
26103010049,4
26103010050,4
26103010051,4
26103010052,4
26103010053,4
26103010054,4
26103010055,4
26103010056,4
26103010057,4
26103010058,4
26103010059,4
26103010060,4
26103010061,4
26103010062,4
26103010063,4
26103010064,4
26103010065,4
26103010066,4
26103010067,4
26103010068,4
26103010069,4
26103010070,4
26103010071,4
26103010072,4
26103010073,4
26103010074,4
26103010075,4
26103010076,4
26103010077,4
26103010078,4
26103011001,4
26103011002,4
26103011003,4
26103011004,4
26103011005,4
26103011006,4
26103011007,4
26103011008,4
26103011009,4
26103011010,4
26103011011,4
26103011012,4
26103011013,4
26103011014,4
26103011015,4
26103011016,4
26103011017,4
26103011018,4
26103011019,4
26103011020,4
26103011021,4
26103011022,4
26103011023,4
26103011024,4
26103011025,4
26103011026,4
26103012001,4
26103012002,4
26103012003,4
26103012004,4
26103012005,4
26103012006,4
26103012007,4
26103012008,4
26103012009,4
26103012010,4
26103012011,4
26103012012,4
26103012013,4
26103012014,4
26103012015,4
26103012016,4
26103012017,4
26103012018,4
26103012019,4
26103012020,4
26103012021,4
26103012022,4
26103012023,4
26103012024,4
26103012025,4
26103012026,4
26103012027,4
26103012028,4
26103012029,4
26103012030,4
26103012031,4
26103012032,4
26103012033,4
26103012034,4
26103012035,4
26103012036,4
26103012037,4
26103012038,4
26103012039,4
26103012040,4
26103012042,4
26103012043,4
26103012044,4
26103013001,4
26103013002,4
26103013003,4
26103013004,4
26103013005,4
26103013006,4
26103013007,4
26103013008,4
26103013009,4
26103013010,4
26103013011,4
26103013012,4
26103013013,4
26103013014,4
26103013015,4
26103013016,4
26103013017,4
26103013018,4
26103013019,4
26103014001,4
26103014002,4
26103014003,4
26103014004,4
26103014005,4
26103014006,4
26103014007,4
26103014008,4
26103014009,4
26103014010,4
26103014011,4
26103014012,4
26103014013,4
26103014014,4
26103014015,4
26103014016,4
26103014017,4
26103014018,4
26103014019,4
26103014020,4
26103014021,4
26103014022,4
26103014023,4
26103014025,4
26103014026,4
26103014027,4
26103014028,4
26103014029,4
26103014030,4
26103014031,4
26103014032,4
26103014033,4
26103015001,4
26103015002,4
26103015003,4
26103015004,4
26103015005,4
26103015006,4
26103015007,4
26103015008,4
26103015009,4
26103015010,4
26103015011,4
26103015012,4
26103015013,4
26103015014,4
26103015015,4
26103015016,4
26103016001,4
26103016002,4
26103016003,4
26103016004,4
26103016005,4
26103016006,4
26103016007,4
26103016008,4
26103016009,4
26103016010,4
26103016011,4
26103016012,4
26103016013,4
26103016014,4
26103016015,4
26103016016,4
26103016017,4
26103017001,4
26103017002,4
26103017003,4
26103017004,4
26103017005,4
26103017006,4
26103017007,4
26103017008,4
26103017009,4
26103017010,4
26103017011,4
26103017012,4
26103018001,4
26103018002,4
26103018003,4
26103018004,4
26103018005,4
26103018006,4
26103018007,4
26103018008,4
26103019001,4
26103019002,4
26103019003,4
26103019004,4
26103019005,4
26103019006,4
26103019007,4
26103019008,4
26103019009,4
26103019010,4
26103019011,4
26103019012,4
26103019013,4
26103020001,4
26103020002,4
26103020003,4
26103020004,4
26103020005,4
26103020006,4
26103020007,4
26103020008,4
26103020009,4
26103020010,4
26103020011,4
26103020012,4
26103020013,4
26103020014,4
26103020015,4
26103021001,4
26103021002,4
26103021003,4
26103021004,4
26103021005,4
26103021006,4
26103021007,4
26103021008,4
26103021009,4
26103021010,4
26103021011,4
26103021012,4
26103021013,4
26103021014,4
26103021015,4
26103021016,4
26103021017,4
26103021018,4
26103021019,4
26103021020,4
26103021021,4
26103021022,4
26103021023,4
26103021024,4
26103022001,4
26103022002,4
26103022003,4
26103022004,4
26103022005,4
26103022006,4
26103022007,4
26103022008,4
26103022009,4
26103022010,4
26103022011,4
26103022012,4
26103023001,4
26103023002,4
26103023003,4
26103023004,4
26103023005,4
26103023006,4
26103023007,4
26103023008,4
26103023009,4
26103023010,4
26103023011,4
26103023012,4
26103023013,4
26103023014,4
26103023015,4
26103023016,4
26103023017,4
26103023018,4
26103023019,4
26103023020,4
26103023021,4
26103023022,4
26103023023,4
26103023024,4
26103023025,4
26103023026,4
26103023027,4
26103023028,4
26103023029,4
26103023030,4
26103023031,4
26103023032,4
26103023033,4
26103023034,4
26103023035,4
26103023036,4
26103023037,4
26103024001,4
26103024002,4
26103024003,4
26103024004,4
26103024005,4
26103024006,4
26103024007,4
26103024008,4
26103024009,4
26103024010,4
26103024011,4
26103024012,4
26103024013,4
26103024014,4
26103024015,4
26103024016,4
26103024017,4
26103024018,4
26103024019,4
26103024020,4
26103024021,4
26103024022,4
26103024023,4
26103024024,4
26103024025,4
26103024026,4
26103024027,4
26103024028,4
26103024029,4
26103024030,4
26103024031,4
26103024032,4
26103024033,4
26103024034,4
26103024035,4
26103024036,4
26103024037,4
26103024038,4
26103024039,4
26103024040,4
26103024041,4
26103024042,4
26103024043,4
26103024044,4
26103024045,4
26103024046,4
26103024047,4
26103024048,4
26103024049,4
26103024050,4
26103024051,4
26103024052,4
26103024053,4
26103024054,4
26103024055,4
26103024056,4
26103024057,4
26103024058,4
26103024059,4
26104001001,5
26104001002,5
26104001003,5
26104001004,5
26104001005,5
26104001006,5
26104001007,5
26104001008,5
26104001009,5
26104001010,5
26104001011,5
26104001012,5
26104001013,5
26104001014,5
26104001015,5
26104001016,5
26104001017,5
26104001018,5
26104001019,5
26104001020,5
26104001021,5
26104001022,5
26104001023,5
26104001024,5
26104002001,5
26104002002,5
26104002003,5
26104002004,5
26104002005,5
26104002006,5
26104002007,5
26104002008,5
26104002009,5
26104002010,5
26104002011,5
26104002012,5
26104002013,5
26104002014,5
26104002015,5
26104002016,5
26104002017,5
26104002018,5
26104002019,5
26104002020,5
26104002021,5
26104002022,5
26104002023,5
26104002024,5
26104002025,5
26104002026,5
26104002027,5
26104002028,5
26104003001,5
26104003002,5
26104003003,5
26104003004,5
26104003005,5
26104003006,5
26104003007,5
26104003008,5
26104003009,5
26104003010,5
26104003011,5
26104003012,5
26104003013,5
26104003014,5
26104003015,5
26104003016,5
26104003017,5
26104003018,5
26104003019,5
26104003020,5
26104003021,5
26104003022,5
26104004001,5
26104004002,5
26104004003,5
26104004004,5
26104004005,5
26104004006,5
26104004007,5
26104004008,5
26104004009,5
26104004010,5
26104004011,5
26104004012,5
26104004013,5
26104004014,5
26104004015,5
26104004016,5
26104004017,5
26104004018,5
26104004019,5
26104004020,5
26104004021,5
26104004022,5
26104004023,5
26104004024,5
26104004025,5
26104004026,5
26104004027,5
26104005001,5
26104005002,5
26104005003,5
26104005004,5
26104005005,5
26104005006,5
26104005007,5
26104005008,5
26104005009,5
26104005010,5
26104005011,5
26104005012,5
26104005013,5
26104005014,5
26104005015,5
26104005016,5
26104005017,5
26104005018,5
26104005019,5
26104005020,5
26104005021,5
26104005022,5
26104005023,5
26104005024,5
26104006001,5
26104006002,5
26104006003,5
26104006004,5
26104006005,5
26104006006,5
26104006007,5
26104006008,5
26104006009,5
26104006010,5
26104006011,5
26104006012,5
26104006013,5
26104006014,5
26104006015,5
26104006016,5
26104006017,5
26104006018,5
26104006019,5
26104006020,5
26104006021,5
26104006022,5
26104006023,5
26104006024,5
26104006025,5
26104006026,5
26104006027,5
26104007002,5
26104007003,5
26104007004,5
26104007005,5
26104007006,5
26104007007,5
26104007008,5
26104007009,5
26104007010,5
26104007011,5
26104007012,5
26104007013,5
26104008001,5
26104008002,5
26104008003,5
26104008004,5
26104008005,5
26104008006,5
26104009001,5
26104009002,5
26104009003,5
26104009004,5
26104009005,5
26104009006,5
26104009007,5
26104009008,5
26104009009,5
26104009010,5
26104010001,5
26104010002,5
26104010003,5
26104010004,5
26104010005,5
26104010006,5
26104010007,5
26104010008,5
26104010009,5
26104010010,5
26104010011,5
26104010012,5
26104010013,5
26104010014,5
26104011001,5
26104011002,5
26104011003,5
26104011004,5
26104011005,5
26104011006,5
26104011007,5
26104011008,5
26104011009,5
26104011010,5
26104011011,5
26104011012,5
26104011013,5
26104011014,5
26104011016,5
26104011017,5
26104012001,5
26104012002,5
26104012003,5
26104012004,5
26104012005,5
26104012006,5
26104012007,5
26104012008,5
26104012009,5
26104012010,5
26104012011,5
26104012012,5
26104012013,5
26104012014,5
26104012015,5
26104012016,5
26104012017,5
26104012018,5
26104012019,5
26104012020,5
26104012021,5
26104012022,5
26104012023,5
26104012024,5
26104012025,5
26104012026,5
26104012027,5
26104012028,5
26104013001,5
26104013002,5
26104013003,5
26104013004,5
26104013005,5
26104013006,5
26104013007,5
26104013008,5
26104013009,5
26104013010,5
26104013011,5
26104013012,5
26104014001,5
26104014002,5
26104014003,5
26104014004,5
26104014005,5
26104014006,5
26104014007,5
26104014008,5
26104015001,5
26104015002,5
26104015003,5
26104015004,5
26104015005,5
26104015006,5
26104015007,5
26104015008,5
26104015009,5
26104015010,5
26104015011,5
26104015012,5
26104015013,5
26104015014,5
26104015015,5
26104015016,5
26104015017,5
26104015018,5
26104015019,5
26104015020,5
26104015021,5
26104015022,5
26104015023,5
26104015024,5
26104015025,5
26104015026,5
26104015027,5
26104015028,5
26104015029,5
26104015030,5
26104015031,5
26104016001,5
26104016002,5
26104016003,5
26104016004,5
26104016005,5
26104016006,5
26104016007,5
26104016008,5
26104016009,5
26104016010,5
26104016011,5
26104016012,5
26104016013,5
26104016014,5
26104016015,5
26104016016,5
26104016017,5
26104016018,5
26104016019,5
26104016020,5
26104016021,5
26104016022,5
26104016023,5
26104016024,5
26104016025,5
26104016026,5
26104016027,5
26104016028,5
26104016029,5
26104016030,5
26104016031,5
26104017001,5
26104017002,5
26104017003,5
26104017004,5
26104017005,5
26104017006,5
26104017007,5
26104017008,5
26104017009,5
26104017010,5
26104017011,5
26104017012,5
26104017013,5
26104017014,5
26104017015,5
26104017016,5
26104017017,5
26104017018,5
26104017019,5
26104017020,5
26104017021,5
26104017022,5
26104017023,5
26104017024,5
26104017025,5
26104017026,5
26104017027,5
26104017028,5
26104017029,5
26104017030,5
26104018001,5
26104018002,5
26104018003,5
26104018004,5
26104018005,5
26104018006,5
26104018007,5
26104018008,5
26104018009,5
26104018010,5
26104018011,5
26104018012,5
26104018013,5
26104018014,5
26104018015,5
26104018016,5
26104018017,5
26104018018,5
26104018019,5
26104018020,5
26104018021,5
26104018022,5
26104018023,5
26104018024,5
26104018025,5
26104018026,5
26104018027,5
26104018028,5
26104018029,5
26104019001,5
26104019002,5
26104019003,5
26104019004,5
26104019005,5
26104019006,5
26104019007,5
26104019008,5
26104019009,5
26104019010,5
26104019011,5
26104019012,5
26104019013,5
26104019014,5
26104019015,5
26104019016,5
26104019017,5
26104019018,5
26104019019,5
26104019020,5
26104019021,5
26104019022,5
26104019023,5
26104019024,5
26104019025,5
26104019026,5
26104019027,5
26104020001,5
26104020002,5
26104020003,5
26104020004,5
26104020005,5
26104020006,5
26104020007,5
26104020008,5
26104020009,5
26104020010,5
26104020011,5
26104020012,5
26104020013,5
26104020014,5
26104020015,5
26104020016,5
26104020017,5
26104020018,5
26104020019,5
26104020020,5
26104020021,5
26104020022,5
26104021001,5
26104021002,5
26104021003,5
26104021004,5
26104021005,5
26104021006,5
26104021007,5
26104021008,5
26104021009,5
26104021010,5
26104021011,5
26104021012,5
26104021013,5
26104021014,5
26104021015,5
26104021016,5
26104021017,5
26104021018,5
26104021019,5
26104021020,5
26104021021,5
26104021022,5
26104021023,5
26104021024,5
26104021025,5
26104021026,5
26104021027,5
26104022001,5
26104022002,5
26104022003,5
26104022004,5
26104022005,5
26104022006,5
26104022007,5
26104022008,5
26104022009,5
26104022010,5
26104022011,5
26104022012,5
26104022013,5
26104022014,5
26104022015,5
26104022016,5
26104022017,5
26104022018,5
26104022019,5
26104022020,5
26104022021,5
26104022022,5
26104022023,5
26104022024,5
26104023001,5
26104023002,5
26104023003,5
26104023004,5
26104023005,5
26104023006,5
26104023007,5
26104023008,5
26104023009,5
26104023010,5
26104023011,5
26104023012,5
26104023013,5
26104023014,5
26104023015,5
26104023016,5
26104023017,5
26104023018,5
26104023019,5
26104023020,5
26104023021,5
26104023022,5
26104023023,5
26104023024,5
26104023025,5
26104023026,5
26104023027,5
26104023028,5
26105001001,5
26105001002,5
26105001003,5
26105001004,5
26105001005,5
26105001006,5
26105001007,5
26105001008,5
26105001009,5
26105001010,5
26105001011,5
26105001012,5
26105001013,5
26105001014,5
26105001015,5
26105001016,5
26105001017,5
26105001018,5
26105001019,5
26105001020,5
26105001021,5
26105001022,5
26105001023,5
26105001024,5
26105001025,5
26105001026,5
26105001027,5
26105001028,5
26105001029,5
26105001030,5
26105002001,5
26105002002,5
26105002003,5
26105002004,5
26105002005,5
26105002006,5
26105002007,5
26105002008,5
26105002009,5
26105002010,5
26105002011,5
26105002012,5
26105002013,5
26105002014,5
26105002015,5
26105002016,5
26105002017,5
26105002018,5
26105002019,5
26105002020,5
26105002021,5
26105002022,5
26105002023,5
26105002024,5
26105003001,5
26105003002,5
26105003003,5
26105003004,5
26105003005,5
26105003006,5
26105003007,5
26105003008,5
26105003009,5
26105003010,5
26105003011,5
26105003012,5
26105003013,5
26105003014,5
26105003015,5
26105003016,5
26105003017,5
26105003018,5
26105003019,5
26105003020,5
26105003021,5
26105003022,5
26105003023,5
26105003024,5
26105003026,5
26105003027,5
26105003028,5
26105003029,5
26105004001,5
26105004002,5
26105004003,5
26105004004,5
26105004005,5
26105004006,5
26105004007,5
26105004008,5
26105004009,5
26105004010,5
26105004011,5
26105004012,5
26105004015,5
26105005001,5
26105005002,5
26105005003,5
26105005004,5
26105005005,5
26105005006,5
26105005007,5
26105005008,5
26105005009,5
26105005010,5
26105005011,5
26105005012,5
26105005013,5
26105005014,5
26105005015,5
26105005016,5
26105005017,5
26105005018,5
26105005019,5
26105006001,5
26105006002,5
26105006003,5
26105006004,5
26105006005,5
26105006006,5
26105006007,5
26105006008,5
26105006009,5
26105006010,5
26105006011,5
26105006012,5
26105006013,5
26105006014,5
26105006015,5
26105006016,5
26105006017,5
26105006018,5
26105006019,5
26105006020,5
26105006021,5
26105006022,5
26105006023,5
26105006024,5
26105006025,5
26105006026,5
26105006027,5
26105006028,5
26105006029,5
26105006030,5
26105006031,5
26105006032,5
26105006033,5
26105007001,5
26105007002,5
26105007003,5
26105007004,5
26105007005,5
26105007006,5
26105007007,5
26105007008,5
26105007009,5
26105007010,5
26105007011,5
26105007012,5
26105007013,5
26105007014,5
26105007015,5
26105007016,5
26105007017,5
26105007018,5
26105007019,5
26105007020,5
26105007021,5
26105007022,5
26105007023,5
26105007024,5
26105007025,5
26105008001,5
26105008002,5
26105008003,5
26105008004,5
26105008005,5
26105008006,5
26105008007,5
26105008008,5
26105008009,5
26105008010,5
26105008011,5
26105008012,5
26105008013,5
26105008014,5
26105008015,5
26105008016,5
26105008017,5
26105008018,5
26105008019,5
26105008020,5
26105008021,5
26105008022,5
26105008023,5
26105009001,5
26105009002,5
26105009003,5
26105009004,5
26105009005,5
26105009006,5
26105009007,5
26105009008,5
26105009009,5
26105009010,5
26105009011,5
26105009012,5
26105009013,5
26105009014,5
26105009015,5
26105010001,5
26105010002,5
26105010003,5
26105010004,5
26105010005,5
26105010006,5
26105010007,5
26105010008,5
26105010009,5
26105010010,5
26105010011,5
26105010012,5
26105010013,5
26105010014,5
26105010015,5
26105010016,5
26105010017,5
26105011001,5
26105011002,5
26105011003,5
26105011004,5
26105011005,5
26105011006,5
26105011007,5
26105011008,5
26105011009,5
26105011010,5
26105011011,5
26105011012,5
26105011013,5
26105011014,5
26105011015,5
26105011016,5
26105011017,5
26105011018,5
26105011019,5
26105011020,5
26105011021,5
26105011022,5
26105011023,5
26105011024,5
26105011025,5
26105011026,5
26105011027,5
26105011028,5
26105011029,5
26105011030,5
26105011031,5
26105011032,5
26105011033,5
26105011034,5
26105011035,5
26105011036,5
26105011037,5
26105011038,5
26105011039,5
26105011041,5
26106001001,5
26106001002,5
26106001003,5
26106001004,5
26106001005,5
26106001006,5
26106001007,5
26106001008,5
26106001009,5
26106001010,5
26106001011,5
26106001012,5
26106001013,5
26106001014,5
26106001015,5
26106001016,5
26106001017,5
26106001018,5
26106001019,5
26106001020,5
26106001021,5
26106001022,5
26106001023,5
26106001024,5
26106002001,5
26106002002,5
26106002003,5
26106002004,5
26106002005,5
26106002006,5
26106002007,5
26106002008,5
26106002009,5
26106002010,5
26106002011,5
26106002012,5
26106002013,5
26106002014,5
26106002015,5
26106002016,5
26106002017,5
26106002018,5
26106002019,5
26106002020,5
26106002021,5
26106002022,5
26106002023,5
26106003001,5
26106003002,5
26106003003,5
26106003004,5
26106003005,5
26106003006,5
26106003007,5
26106003008,5
26106003009,5
26106003010,5
26106003011,5
26106003012,5
26106003013,5
26106003014,5
26106003015,5
26106003016,5
26106003017,5
26106003018,5
26106003019,5
26106003020,5
26106003021,5
26106003022,5
26106003023,5
26106003024,5
26106003025,5
26106003026,5
26106003027,5
26106003028,5
26106003029,5
26106003030,5
26106003031,5
26106003032,5
26106003033,5
26106003034,5
26106003035,5
26106003036,5
26106003037,5
26106003038,5
26106003039,5
26106003040,5
26106004001,5
26106004002,5
26106004003,5
26106004004,5
26106004005,5
26106004006,5
26106004007,5
26106004008,5
26106004009,5
26106004010,5
26106004011,5
26106004012,5
26106004013,5
26106004014,5
26106004015,5
26106004016,5
26106004017,5
26106004018,5
26106004019,5
26106004020,5
26106004021,5
26106004022,5
26106004023,5
26106004024,5
26106004025,5
26106004026,5
26106004027,5
26106004028,5
26106004029,5
26106004030,5
26106004031,5
26106004032,5
26106004033,5
26106005001,5
26106005002,5
26106005003,5
26106005004,5
26106005005,5
26106005006,5
26106005007,5
26106005008,5
26106005009,5
26106005010,5
26106005011,5
26106005012,5
26106005013,5
26106005014,5
26106005015,5
26106005016,5
26106005017,5
26106005018,5
26106005019,5
26106005020,5
26106005021,5
26106005022,5
26106005023,5
26106005024,5
26106005025,5
26106005026,5
26106005027,5
26106006001,5
26106006002,5
26106006003,5
26106006004,5
26106006005,5
26106006006,5
26106006007,5
26106006008,5
26106006009,5
26106006010,5
26106006011,5
26106006012,5
26106006013,5
26106006014,5
26106006015,5
26106007001,5
26106007002,5
26106007003,5
26106007004,5
26106007005,5
26106007006,5
26106007007,5
26106007008,5
26106007009,5
26106007010,5
26106007011,5
26106007012,5
26106007013,5
26106007014,5
26106007015,5
26106007016,5
26106007017,5
26106007018,5
26106007019,5
26106007020,5
26106008001,5
26106008002,5
26106008003,5
26106008004,5
26106008005,5
26106008006,5
26106008007,5
26106008008,5
26106008009,5
26106008010,5
26106008011,5
26106008012,5
26106008013,5
26106008014,5
26106008015,5
26106008016,5
26106008017,5
26106008018,5
26106009001,5
26106009002,5
26106009003,5
26106009004,5
26106009005,5
26106009006,5
26106009007,5
26106010001,5
26106010002,5
26106010003,5
26106010004,5
26106010005,5
26106010006,5
26106010007,5
26106010008,5
26106010009,5
26106010010,5
26106010011,5
26106010012,5
26106010013,5
26106010014,5
26106010015,5
26106010016,5
26106010017,5
26106010018,5
26106011001,5
26106011002,5
26106011003,5
26106011004,5
26106011005,5
26106011006,5
26106011007,5
26106011008,5
26106011009,5
26106011010,5
26106011011,5
26106011012,5
26106011013,5
26106012001,5
26106012002,5
26106012003,5
26106012004,5
26106012005,5
26106012006,5
26106012007,5
26106012008,5
26106012009,5
26106012010,5
26106012011,5
26106012012,5
26106012013,5
26106012014,5
26106012015,5
26106012016,5
26106013001,5
26106013002,5
26106013003,5
26106013004,5
26106013005,5
26106013006,5
26106013007,5
26106013008,5
26106013009,5
26106013010,5
26106013011,5
26106013012,5
26106013013,5
26106013014,5
26106013015,5
26106013016,5
26106013017,5
26106013018,5
26106013019,5
26106013020,5
26106013021,5
26106013023,5
26106014001,5
26106014002,5
26106014003,5
26106014004,5
26106014005,5
26106014006,5
26106014007,5
26106014008,5
26106014009,5
26106014010,5
26106014011,5
26106014012,5
26106014013,5
26106014014,5
26106014015,5
26106014016,5
26106014017,5
26106014018,5
26106014019,5
26106014020,5
26106014021,5
26106014022,5
26106014023,5
26106014024,5
26106014025,5
26106014026,5
26106014027,5
26106015001,5
26106015002,5
26106015003,5
26106015004,5
26106015005,5
26106015006,5
26106015007,5
26106015008,5
26106015009,5
26106015010,5
26106015011,5
26106015012,5
26106015013,5
26106015014,5
26106015015,5
26106015016,5
26106015017,5
26106015018,5
26106015019,5
26106015020,5
26106015021,5
26106015022,5
26106015023,5
26106015024,5
26106015025,5
26106015026,5
26106015027,5
26106015028,5
26106016001,5
26106016002,5
26106016003,5
26106016004,5
26106016005,5
26106016006,5
26106016007,5
26106016008,5
26106016009,5
26106016010,5
26106016011,5
26106016012,5
26106016013,5
26106016014,5
26106016015,5
26106016016,5
26106016017,5
26106016018,5
26106016019,5
26106016020,5
26106016021,5
26106016022,5
26106016023,5
26106016024,5
26106016025,5
26106016026,5
26106016027,5
26106017001,5
26106017002,5
26106017003,5
26106017004,5
26106017005,5
26106017006,5
26106017007,5
26106017008,5
26106017009,5
26106017010,5
26106017011,5
26106017012,5
26106017013,5
26106017014,5
26106017015,5
26106017016,5
26106017017,5
26106017018,5
26106017019,5
26106017020,5
26106017021,5
26106017022,5
26106017023,5
26106017024,5
26106017025,5
26106017026,5
26106017027,5
26106017028,5
26106017029,5
26106018001,5
26106018002,5
26106018003,5
26106018004,5
26106018005,5
26106018006,5
26106018007,5
26106018008,5
26106018009,5
26106018010,5
26106018011,5
26106018012,5
26106018013,5
26106018014,5
26106018015,5
26106018016,5
26106018017,5
26106018018,5
26106018019,5
26106018020,5
26106018021,5
26106018022,5
26106018023,5
26106018024,5
26106019001,5
26106019002,5
26106019003,5
26106019004,5
26106019005,5
26106019006,5
26106019007,5
26106019008,5
26106019009,5
26106019010,5
26106019011,5
26106019012,5
26106019013,5
26106019014,5
26106019015,5
26106019016,5
26106019017,5
26106019019,5
26106019020,5
26106019021,5
26106020001,5
26106020002,5
26106020003,5
26106020004,5
26106020005,5
26106020006,5
26106020007,5
26106020008,5
26106020009,5
26106020010,5
26106020011,5
26106020012,5
26106020013,5
26106020014,5
26106020015,5
26106020016,5
26106020017,5
26106020018,5
26106020019,5
26106020020,5
26106020021,5
26106020022,5
26106020023,5
26106020024,5
26106020025,5
26106020026,5
26106020027,5
26106021001,5
26106021002,5
26106021003,5
26106021004,5
26106021005,5
26106021006,5
26106021007,5
26106021008,5
26106021009,5
26106021010,5
26106021011,5
26106021012,5
26106021013,5
26106021014,5
26106021015,5
26106021016,5
26106021017,5
26106021018,5
26106021019,5
26106021020,5
26106021021,5
26106021022,5
26106021023,5
26106021024,5
26106021025,5
26106021026,5
26106021027,5
26106021028,5
26106021029,5
26106022001,5
26106022002,5
26106022003,5
26106022004,5
26106022005,5
26106022006,5
26106022007,5
26106022008,5
26106022009,5
26106022010,5
26106022011,5
26106022012,5
26106022013,5
26106022014,5
26106022015,5
26106022016,5
26106022017,5
26106022018,5
26106022019,5
26106022020,5
26106022021,5
26106022022,5
26106022023,5
26106022024,5
26106022025,5
26106022026,5
26106022027,5
26106022028,5
26106023001,5
26106023002,5
26106023003,5
26106023004,5
26106023005,5
26106023006,5
26106023007,5
26106023008,5
26107001001,0
26107001002,0
26107001003,0
26107001004,0
26107001005,0
26107001006,0
26107001007,0
26107001008,0
26107001009,0
26107001010,0
26107001011,0
26107001012,0
26107001013,0
26107002001,0
26107002002,0
26107002003,0
26107002004,0
26107002005,0
26107003001,0
26107003002,0
26107003003,0
26107004001,0
26107004002,0
26107004003,0
26107004004,0
26107004005,0
26107005001,0
26107005002,0
26107005003,0
26107005004,0
26107005005,0
26107005006,0
26107005007,0
26107005008,0
26107005009,0
26107005010,0
26107005011,0
26107006001,0
26107006002,0
26107006003,0
26107006004,0
26107006005,0
26107006006,0
26107006007,0
26107006008,0
26107006009,0
26107006010,0
26107006011,0
26107006012,0
26107006013,0
26107007001,0
26107007002,0
26107007003,0
26107007004,0
26107007005,0
26107007006,0
26107007007,0
26107007008,0
26107007009,0
26107007010,0
26107007011,0
26107007012,0
26107007013,0
26107008001,0
26107008002,0
26107008003,0
26107008004,0
26107008005,0
26107008006,0
26107008007,0
26107008008,0
26107008009,0
26107008010,0
26107008011,0
26107009001,0
26107009002,0
26107009003,0
26107009004,0
26107009005,0
26107009006,0
26107009007,0
26107009008,0
26107009009,0
26107009010,0
26107009011,0
26107009012,0
26107009013,0
26107009014,0
26107009015,0
26107009016,0
26107010001,0
26107010002,0
26107010003,0
26107010004,0
26107010005,0
26107010006,0
26107010007,0
26107010008,0
26107010009,0
26107010010,0
26107010011,0
26107010012,0
26107010013,0
26107010014,0
26107010015,0
26107010016,0
26107010017,0
26107010018,0
26107010019,0
26107010020,0
26107010021,0
26107010022,0
26107010023,0
26107010024,0
26107010025,0
26107010026,0
26107010027,0
26107010028,0
26107010029,0
26107010030,0
26107010031,0
26107010032,0
26107010033,0
26107010034,0
26107010035,0
26107010036,0
26107010037,0
26107010038,0
26107010039,0
26107010040,0
26107010041,0
26107010042,0
26107010043,0
26107010044,0
26107010045,0
26107010046,0
26107010047,0
26107010048,0
26107010049,0
26107010050,0
26107010051,0
26107010052,0
26107010053,0
26107010054,0
26107010055,0
26107010056,0
26107010057,0
26107010058,0
26107010059,0
26107010061,0
26107010062,0
26107010063,0
26107010064,0
26107011001,0
26107011002,0
26107011003,0
26107011004,0
26107011005,0
26107011006,0
26107011007,0
26107011008,0
26107011009,0
26107011010,0
26107011011,0
26107011012,0
26107011013,0
26107011014,0
26107012001,0
26107012002,0
26107012003,0
26107012004,0
26107012005,0
26107012006,0
26107012007,0
26107012008,0
26107012009,0
26107012010,0
26107012011,0
26107012012,0
26107012013,0
26107012014,0
26107012015,0
26107012016,0
26107012017,0
26107012018,0
26107012019,0
26107012020,0
26107012021,0
26107012022,0
26107012023,0
26107012024,0
26107012025,0
26107012026,0
26107012027,0
26107012029,0
26107012030,0
26107012032,0
26107012034,0
26107012035,0
26107012036,0
26107012037,0
26107013002,0
26107013003,0
26107013004,0
26107013005,0
26107013006,0
26107013007,0
26107013008,0
26107013009,0
26107013010,0
26107013011,0
26107013012,0
26107013013,0
26107013014,0
26107013015,0
26107013016,0
26107013017,0
26107013018,0
26107013019,0
26107013020,0
26107013021,0
26107013022,0
26107013023,0
26107013024,0
26107013025,0
26107013026,0
26107013027,0
26107013028,0
26107014001,0
26107014002,0
26107014003,0
26107014004,0
26107014005,0
26107014006,0
26107014007,0
26107014008,0
26107014009,0
26107014010,0
26107014011,0
26107014012,0
26107014013,0
26107014014,0
26107014016,0
26107014017,0
26107014018,0
26107014019,0
26107014020,0
26107014021,0
26107014022,0
26107014023,0
26107014024,0
26107014025,0
26107014026,0
26107014027,0
26107014028,0
26107014029,0
26107014030,0
26107015001,0
26107015002,0
26107015003,0
26107015004,0
26107015005,0
26107015006,0
26107015007,0
26107015008,0
26107015009,0
26107015010,0
26107015011,0
26107015012,0
26107015013,0
26107015014,0
26107015015,0
26107015016,0
26108001001,4
26108001002,4
26108001003,4
26108001004,4
26108001005,4
26108001006,4
26108001007,4
26108001008,4
26108001009,4
26108001010,4
26108001011,4
26108001012,4
26108001013,4
26108001014,4
26108001015,4
26108001016,4
26108001017,4
26108001018,4
26108001019,4
26108001020,4
26108001021,4
26108001022,4
26108001023,4
26108001024,4
26108001025,4
26108001026,4
26108001027,4
26108001028,4
26108001029,4
26108001030,4
26108001031,4
26108001032,4
26108001033,4
26108001034,4
26108001035,4
26108001036,4
26108001037,4
26108002001,4
26108002002,4
26108002003,4
26108002004,4
26108002005,4
26108002006,4
26108002007,4
26108002008,4
26108002009,4
26108002010,4
26108002011,4
26108002012,4
26108003001,4
26108003002,4
26108003003,4
26108003004,4
26108003005,4
26108003006,4
26108003007,4
26108003008,4
26108003009,4
26108003010,4
26108003011,4
26108003012,4
26108003013,4
26108003014,4
26108003015,4
26108003016,4
26108003017,4
26108003018,4
26108003019,4
26108003020,4
26108003021,4
26108003022,4
26108004001,4
26108004002,4
26108004003,4
26108004004,4
26108004005,4
26108004006,4
26108004007,4
26108004008,4
26108004009,4
26108004010,4
26108004011,4
26108004012,4
26108004013,4
26108004014,4
26108004017,4
26108004018,4
26108004019,4
26108004020,4
26108004021,4
26108004022,4
26108004023,4
26108004024,4
26108004025,4
26108004026,4
26108004027,4
26108004028,4
26108004029,4
26108004030,4
26108004031,4
26108004036,4
26108004037,4
26108005001,4
26108005002,4
26108005003,4
26108005004,4
26108005005,4
26108005006,4
26108005007,4
26108005008,4
26108005009,4
26108005010,4
26108005011,4
26108005012,4
26108005013,4
26108005014,4
26108005015,4
26108005016,4
26108005017,4
26108005018,4
26108006001,4
26108006002,4
26108006003,4
26108006004,4
26108006005,4
26108006006,4
26108006007,4
26108006008,4
26108006009,4
26108006010,4
26108006011,4
26108006012,4
26108006013,4
26108006014,4
26108006015,4
26108006016,4
26108006017,4
26108006018,4
26108007001,4
26108007002,4
26108007003,4
26108007004,4
26108007005,4
26108007006,4
26108007007,4
26108007008,4
26108007009,4
26108007010,4
26108007011,4
26108007012,4
26108007013,4
26108007014,4
26108007015,4
26108007016,4
26108007017,4
26108007018,4
26108007019,4
26108007021,4
26108007022,4
26108008001,4
26108008002,4
26108008003,4
26108008004,4
26108008005,4
26108008006,4
26108008007,4
26108008008,4
26108008009,4
26108008010,4
26108008011,4
26108008012,4
26108008013,4
26108008014,4
26108008015,4
26108008016,4
26108008017,4
26108008019,4
26108008020,4
26108009001,4
26108009002,4
26108009003,4
26108009004,4
26108009005,4
26108009006,4
26108009007,4
26108009008,4
26108009009,4
26108009010,4
26108009011,4
26108009012,4
26108009013,4
26108009014,4
26108009015,4
26108009016,4
26108009017,4
26108009018,4
26108009019,4
26108009020,4
26108009021,4
26108009022,4
26108009023,4
26108009024,4
26108009025,4
26108009026,4
26108009027,4
26108009028,4
26108009029,4
26108010001,4
26108010002,4
26108010003,4
26108010004,4
26108010005,4
26108010006,4
26108010007,4
26108010008,4
26108010009,4
26108010010,4
26108010011,4
26108010012,4
26108010013,4
26108010014,4
26108010015,4
26108010016,4
26108010017,4
26108010018,4
26108010019,4
26108010020,4
26108010021,4
26108010022,4
26108010023,4
26108010024,4
26108010025,4
26108010026,4
26108010027,4
26108011001,4
26108011002,4
26108011003,4
26108011004,4
26108011005,4
26108011006,4
26108011007,4
26108011008,4
26108011009,4
26108011010,4
26108011011,4
26108011012,4
26108011013,4
26108011014,4
26108011015,4
26108011016,4
26108011017,4
26108011018,4
26108011019,4
26108011021,4
26108011022,4
26108011023,4
26108011024,4
26108012001,4
26108012002,4
26108012003,4
26108012004,4
26108012005,4
26108012006,4
26108012007,4
26108012008,4
26108012009,4
26108012010,4
26108012011,4
26108012012,4
26108012013,4
26108012014,4
26108012015,4
26108012016,4
26108012017,4
26108012018,4
26108012019,4
26108012020,4
26108012021,4
26108012023,4
26108012024,4
26108013001,4
26108013002,4
26108013003,4
26108013004,4
26108013005,4
26108013006,4
26108013007,4
26108013008,4
26108013009,4
26108013010,4
26108013011,4
26108013012,4
26108013013,4
26108013014,4
26108013015,4
26108013016,4
26108013017,4
26108013018,4
26108013019,4
26108014002,4
26108014003,4
26108014004,4
26108014005,4
26108014006,4
26108014007,4
26108014008,4
26108014009,4
26108014010,4
26108014011,4
26108014012,4
26108014015,4
26108015001,4
26108015002,4
26108015003,4
26108015004,4
26108015005,4
26108015006,4
26108015007,4
26108015008,4
26108015009,4
26108015010,4
26108015011,4
26108015012,4
26108015013,4
26108015014,4
26108015015,4
26108015016,4
26108015017,4
26108016001,4
26108016002,4
26108016003,4
26108016004,4
26108016005,4
26108016006,4
26108016007,4
26108016008,4
26108016009,4
26108016010,4
26108016011,4
26108016012,4
26108016013,4
26108016014,4
26108017001,4
26108017002,4
26108017003,4
26108017004,4
26108017005,4
26108017006,4
26108017007,4
26108017008,4
26108017009,4
26108017010,4
26108017011,4
26108017012,4
26108017013,4
26108017014,4
26108017015,4
26108017016,4
26108017017,4
26108017018,4
26108017019,4
26108017020,4
26108017021,4
26108017022,4
26108017023,4
26108017024,4
26108017025,4
26108017026,4
26108017027,4
26108017028,4
26108017029,4
26108017030,4
26108017031,4
26108017032,4
26108017033,4
26108017034,4
26108017035,4
26108017036,4
26108017037,4
26108017038,4
26108017039,4
26108017040,4
26108017041,4
26108017042,4
26108017043,4
26108017044,4
26108017046,4
26108017047,4
26108017048,4
26108017049,4
26108017050,4
26108017052,4
26108017053,4
26108017054,4
26108017055,4
26108017056,4
26108017057,4
26108017058,4
26108017059,4
26108017060,4
26108017061,4
26108017062,4
26108017063,4
26108017064,4
26108017065,4
26108017066,4
26108017067,4
26108017068,4
26108017069,4
26108017070,4
26108017071,4
26108017072,4
26108017073,4
26108017075,4
26108017076,4
26108017079,4
26108017080,4
26108017081,4
26108017082,4
26108018001,4
26108018002,4
26108018003,4
26108018004,4
26108018005,4
26108019001,4
26108019002,4
26108019003,4
26108019004,4
26108019005,4
26108019006,4
26108019007,4
26108019008,4
26108019009,4
26108019010,4
26108019011,4
26108019012,4
26108020001,4
26108020002,4
26108020003,4
26108020004,4
26108020005,4
26108020006,4
26108020007,4
26108020008,4
26108020009,4
26108020010,4
26108020011,4
26108020012,4
26108020013,4
26108020014,4
26108020015,4
26108020016,4
26108020017,4
26108020018,4
26108020019,4
26108020020,4
26108020021,4
26108020022,4
26108020023,4
26108020024,4
26108020025,4
26108020026,4
26108020027,4
26108020028,4
26108020029,4
26108020030,4
26108020031,4
26108020032,4
26108020033,4
26108020034,4
26108020035,4
26108020036,4
26108020037,4
26108021001,4
26108021002,4
26108021003,4
26108021004,4
26108021005,4
26108021006,4
26108021007,4
26108021008,4
26108021009,4
26108021010,4
26108021011,4
26108021012,4
26108021013,4
26108021014,4
26108021015,4
26108021016,4
26108021017,4
26108021018,4
26108021019,4
26108021020,4
26108021021,4
26108021022,4
26108021023,4
26108021024,4
26108021025,4
26108021026,4
26108021027,4
26108021028,4
26108021029,4
26108021030,4
26108021031,4
26108021032,4
26108021033,4
26108021034,4
26108021035,4
26108021036,4
26108021037,4
26108021038,4
26108021039,4
26108021040,4
26108021041,4
26108021042,4
26108021043,4
26108021044,4
26108022001,4
26108022002,4
26108022003,4
26108022004,4
26108022005,4
26108022006,4
26108022007,4
26108022008,4
26108022009,4
26108022010,4
26108022011,4
26108022012,4
26108022013,4
26108022014,4
26108022015,4
26108022016,4
26108022017,4
26108022018,4
26108022019,4
26108022020,4
26108022021,4
26108022022,4
26108022023,4
26108022024,4
26108022025,4
26108022026,4
26108022027,4
26108022028,4
26108022029,4
26108022030,4
26108022031,4
26108022032,4
26108022033,4
26108022034,4
26108022035,4
26108022036,4
26108022038,4
26108023001,4
26108023002,4
26108023003,4
26108023004,4
26108023005,4
26108023006,4
26108024001,4
26108024002,4
26108024003,4
26108024004,4
26108024005,4
26108024006,4
26108024007,4
26108024008,4
26108024009,4
26108024010,4
26108025001,4
26108025002,4
26108025003,4
26108025004,4
26108025005,4
26108025006,4
26108025007,4
26108025008,4
26108025009,4
26108025010,4
26108025011,4
26108025012,4
26108025013,4
26108026001,4
26108026002,4
26108026003,4
26108026004,4
26108026005,4
26108026006,4
26108026007,4
26108026008,4
26108026009,4
26108026010,4
26108026011,4
26108026012,4
26108026013,4
26108026014,4
26108026015,4
26108026016,4
26108026017,4
26108026018,4
26108027001,4
26108027002,4
26108027003,4
26108027004,4
26108027005,4
26108027006,4
26108027007,4
26108027008,4
26108028001,4
26108028002,4
26108028003,4
26108028004,4
26108028005,4
26108028006,4
26109001001,2
26109001002,2
26109001003,2
26109001004,2
26109001005,2
26109001006,2
26109001007,2
26109001008,2
26109001010,2
26109001011,2
26109001012,2
26109001015,2
26109001016,2
26109001023,2
26109001024,2
26109001025,2
26109001026,2
26109001027,2
26109001028,2
26109001029,2
26109001030,2
26109001031,2
26109001032,2
26109001033,2
26109001034,2
26109001035,2
26109001036,2
26109001037,2
26109001038,2
26109001039,2
26109002001,2
26109002002,2
26109002003,2
26109002004,2
26109002005,2
26109002006,2
26109002007,2
26109002008,2
26109002009,2
26109002010,2
26109002011,2
26109002012,2
26109002013,2
26109002014,2
26109002015,2
26109002016,2
26109002017,2
26109002018,2
26109002019,2
26109002020,2
26109002021,2
26109002022,2
26109002023,2
26109002024,2
26109002025,2
26109002026,2
26109002027,2
26109002028,2
26109002029,2
26109002030,2
26109002031,2
26109002032,2
26109002033,2
26109002034,2
26109002035,2
26109002036,2
26109002037,2
26109002038,2
26109002039,2
26109002040,2
26109002041,2
26109002042,2
26109002043,2
26109002044,2
26109002048,2
26109002049,2
26109002050,2
26109002051,2
26109002052,2
26109003001,2
26109003002,2
26109003003,2
26109003004,2
26109003005,2
26109003006,2
26109003007,2
26109003008,2
26109003009,2
26109003010,2
26109003011,2
26109003012,2
26109003013,2
26109003014,2
26109003015,2
26109003016,2
26109003017,2
26109003018,2
26109003019,2
26109003020,2
26109003021,2
26109003022,2
26109003023,2
26109003024,2
26109003025,2
26109003026,2
26109003027,2
26109003028,2
26109003029,2
26109003030,2
26109003031,2
26109003032,2
26109003033,2
26109003034,2
26109003035,2
26109003036,2
26109003037,2
26109003038,2
26109003039,2
26109003040,2
26109003042,2
26109003043,2
26109003044,2
26109003045,2
26109003046,2
26109003047,2
26109003048,2
26109003049,2
26109003050,2
26109003051,2
26109003052,2
26109003053,2
26109003054,2
26109003055,2
26109003056,2
26109003057,2
26109003058,2
26109003059,2
26109003060,2
26109003061,2
26109003062,2
26109003063,2
26109003064,2
26109003065,2
26109003066,2
26109003067,2
26109003068,2
26109003069,2
26109003070,2
26109003071,2
26109003072,2
26109003073,2
26109003074,2
26109003075,2
26109003076,2
26109003077,2
26109003078,2
26109003079,2
26109004001,2
26109004002,2
26109004013,2
26109004014,2
26109004015,2
26109004016,2
26109004022,2
26109004023,2
26109004024,2
26109004026,2
26109004027,2
26109004029,2
26109004032,2
26109004033,2
26109004035,2
26109004036,2
26109004037,2
26109004038,2
26109004039,2
26109004040,2
26109004041,2
26109004042,2
26109004043,2
26109004045,2
26109004046,2
26109004047,2
26109004048,2
26109004049,2
26109004050,2
26109004052,2
26109004053,2
26109004054,2
26109004056,2
26109004057,2
26109004058,2
26109004059,2
26109004060,2
26109004061,2
26109004062,2
26109004063,2
26109004064,2
26109004065,2
26109004066,2
26109004067,2
26109004068,2
26109004069,2
26109005001,2
26109005002,2
26109005003,2
26109005004,2
26109005005,2
26109005006,2
26109005007,2
26109006001,0
26109006002,2
26109006003,0
26109006004,2
26109007001,2
26109007002,0
26109007003,0
26109007004,0
26109008001,2
26109008002,2
26109008003,2
26109008004,1
26109008005,2
26109008006,1
26109008007,2
26109008008,2
26109008009,2
26109009001,1
26109009002,1
26109009003,2
26109010001,2
26109010002,2
26109010003,2
26109010004,2
26109010005,2
26109010006,2
26109010007,2
26109010008,2
26109010009,2
26109010010,2
26109010011,2
26109010012,2
26109010013,2
26109010014,2
26109011001,2
26109011002,2
26109011003,2
26109011004,2
26109011005,2
26109011006,2
26109011007,2
26109011008,2
26109011009,2
26109011010,2
26109011011,2
26109011012,2
26109011013,2
26109011014,2
26109011015,2
26109011016,2
26109011017,2
26109011018,2
26109011019,2
26109011020,2
26109011021,2
26109011022,2
26109011023,2
26109011024,2
26109011025,2
26109011026,2
26109011027,2
26109011028,2
26109011029,2
26109011030,2
26109011031,2
26109011032,2
26109011033,2
26109011034,2
26109011038,2
26109011039,2
26109011040,2
26109011041,2
26109011042,2
26109012001,2
26109012002,2
26109012003,2
26109012004,2
26109012005,2
26109012006,2
26109012007,2
26109012008,2
26109012009,2
26109012010,2
26109012011,2
26109012012,2
26109012013,2
26109012014,2
26109012015,2
26109012016,2
26109012017,2
26109012018,2
26109012019,2
26109012020,2
26109012021,2
26109012022,2
26109012023,2
26109012024,2
26109012025,2
26109012026,2
26109012027,2
26109012028,2
26109012029,2
26109012030,2
26109012031,2
26109012032,2
26109012033,2
26109012034,2
26109012035,2
26109012036,2
26109012037,2
26109012038,2
26109012039,2
26109012040,2
26109012041,2
26109012042,2
26109012043,2
26109012044,2
26109012045,2
26109012046,2
26109012047,2
26109012048,2
26109012049,2
26109012050,2
26109012051,2
26109012052,2
26109012053,2
26109012054,2
26109012055,2
26109012056,2
26109012057,2
26109012058,2
26109012059,2
26109012060,2
26109012061,2
26109012062,2
26109012063,2
26109012064,2
26109012065,2
26109012066,2
26109012067,2
26109012068,2
26109012069,2
26109012070,2
26109012071,2
26109013001,2
26109013002,2
26109013003,2
26109013004,2
26109013005,2
26109013006,2
26109013007,2
26109013008,2
26109013009,2
26109013010,2
26109013011,2
26109013012,2
26109013013,2
26109014001,2
26109014002,2
26109014003,2
26109014004,2
26109014005,2
26109014006,2
26109014007,2
26109014008,2
26109014009,2
26109014010,2
26109014011,2
26109014012,2
26109014013,2
26109014014,2
26109014015,2
26109014016,2
26109014017,2
26109014018,2
26109014019,2
26109014020,2
26109014021,2
26109014022,2
26109014023,2
26109015001,2
26109015002,2
261090160,2
26109017001,2
26109017002,2
26109017003,2
26109017004,2
26109018001,2
26109018002,2
26109018003,2
26109018004,2
26109018005,2
26109018006,2
26109018007,2
26109018008,2
26109018009,2
26109018010,2
26109018011,2
26109018012,2
26109018013,2
26109018014,2
26109018015,2
26109018016,2
26109018017,2
26109018018,2
26109018019,2
26109018020,2
26109018021,2
26109018022,2
26109018023,2
26109018024,2
26109018025,2
26109018026,2
26109018027,2
26109018028,2
26109018029,2
26109018030,2
26109018031,2
26109018032,2
26109018033,2
26109018034,2
26109018035,2
26109018036,2
26109018037,2
26109018038,2
26109018039,2
26109019001,2
26109019002,2
26109019003,2
26109019004,2
26109019005,2
26109019006,2
26109019007,2
26109019008,2
26109019009,2
26109019010,2
26109019011,2
26109019012,2
26109019013,2
26109019014,2
26109019015,2
26109019016,2
26109019017,2
26109019018,2
26109019019,2
26109019020,2
26109019021,2
26109019022,2
26109019023,2
26109020001,2
26109020002,2
26109020003,2
26109020004,2
26109020005,2
26109021001,2
26109021002,2
26109021003,2
26109021004,2
26109021005,2
26109021006,2
26109021007,2
26109021008,2
26109021009,2
26109021010,2
26109021011,2
26109021012,2
26109021013,2
26109021014,2
26109021015,2
26109021016,2
26109021017,2
26109021018,2
26109021019,2
26109021020,2
26109021021,2
26109021022,2
26109021023,2
26109021024,2
26109021025,2
26109021027,2
26109021028,2
26109022001,2
26109022002,2
26109022003,2
26109022004,2
26109022005,2
26109022006,2
26109022007,2
26109022008,2
26109022009,2
26109022010,2
26109022011,2
26109022012,2
26109022013,2
26109022014,2
26109022015,2
26109022016,2
26109022017,2
26109022018,2
26109022019,2
26109022020,2
26109022021,2
26109022022,2
26109022023,2
26109022024,2
26109022025,2
26109022026,2
26109022027,2
26109022028,2
26109022029,2
26109022030,2
26109022031,2
26109022032,2
26109022033,2
26109022034,2
26109022036,2
26109023001,2
26109023002,2
26109023003,2
26109023004,2
26109023005,2
26109023006,2
26109023007,2
26109023008,2
26109023009,2
26109023010,2
26109023011,2
26109023012,2
26109023013,2
26109023014,2
26109023015,2
26109023016,2
26109023017,2
26109023018,2
26109023019,2
26109023020,2
26109023021,2
26109023022,2
26109023023,2
26109023024,2
26109023025,2
26109023026,2
26109023027,2
26109023028,2
26109023029,2
26109023030,2
26109023031,2
26109023032,2
26109023033,2
26109023034,2
26109023035,2
26109023036,2
26109023037,2
26109023038,2
26109023039,2
26109023040,2
26109023041,2
26109023042,2
26109023043,2
26109023044,2
26109023045,2
26109023046,2
26109023047,2
26109023048,2
26109023049,2
26109023050,2
26109023051,2
26109023052,2
26109023054,2
26109024002,2
26109024003,2
26109024004,2
26109024005,2
26109024006,2
26109024007,2
26109024008,2
26109024009,2
26109024010,2
26109024011,2
26109024012,2
26109024013,2
26109024014,2
26109024015,2
26109024016,2
26109024017,2
26109024018,2
26109024019,2
26109024020,2
26109024021,2
26109024022,2
26109024023,2
26109024024,2
26109024025,2
26109024026,2
26109024027,2
26109024028,2
26109024029,2
26109024030,2
26109024031,2
26109024032,2
26109024033,2
26109024034,2
26109024035,2
26109024036,2
26109024037,2
26109024038,2
26109024039,2
26109025002,2
26109025003,2
26109025004,2
26109025005,2
26109025006,2
26109025007,2
26109025008,2
26109025009,2
26109025010,2
26109025011,2
26109025012,2
26109025013,2
26109025014,2
26109025015,2
26109025016,2
26109025017,2
26109025018,2
26109025019,2
26109026001,2
26109026002,2
26109026003,2
26109026004,2
26109026005,2
26109026006,2
26109026007,2
26109026008,2
26109026009,2
26109026010,2
26109026011,2
26109026012,2
26109026013,2
26109026014,2
26109027001,2
26109027002,2
26109027003,2
26109027004,2
26109027005,2
26109027006,2
26109027007,2
26109027008,2
26109028001,2
26109028002,2
26109028003,2
26109028004,2
26109028005,2
26109028006,2
26109028007,2
26109028008,2
26109028009,2
26109028010,2
26109028011,2
26109028012,2
26109028013,2
26109028014,2
26109028015,2
26109028016,2
26109028017,2
26109028018,2
26109028019,2
26109028020,2
26109028021,2
26109028022,2
26109028023,2
26109028024,2
26109028025,2
26109028026,2
26109028027,2
26109028030,2
26109029001,2
26109029002,2
26109029003,2
26109029004,2
26109029005,2
26109029006,2
26109029007,2
26109029008,2
26109029009,2
26109029010,2
26109029011,2
26109030001,2
26109030002,2
26109030003,2
26109030004,2
26109030005,2
26109030006,2
26109030007,2
26109030008,2
26109030009,2
26109030010,2
26109030011,2
26109031001,2
26109031002,2
26109031003,2
26109032001,2
26109032002,2
26109032003,2
26109032004,2
26109032005,2
26109032006,2
26109032007,2
26109032008,2
26109032009,2
26109032010,2
26109032011,2
26109033001,2
26109033002,2
26109033003,2
26109033004,2
26109033005,2
26109033006,2
26109033007,2
26109034001,2
26109034002,2
26109034003,2
26109034004,2
26109034005,2
26109034006,2
26109034007,2
26109034008,2
26109034009,2
26109034010,2
26109034011,2
26109034012,2
26109034013,2
26109034014,2
26109034015,2
26109034016,2
26109034017,2
26109034018,2
26109034019,2
26109034020,2
26109034021,2
26109034022,2
26109034023,2
26109034024,2
26109034025,2
26109034026,2
26109035001,2
26109035002,2
26109035003,2
26109035004,2
26109035005,2
26109035006,2
26109035007,2
26109035008,2
26109035009,2
26109035010,2
26109035012,2
26109035013,2
26110001002,5
26110001003,5
26110001004,5
26110001005,5
26110001006,5
26110001007,5
26110001008,5
26110001009,5
26110001010,5
26110001011,5
26110001012,5
26110001013,5
26110001014,5
26110001015,5
26110001017,5
26110001018,5
26110001019,5
26110001020,5
26110001021,5
26110001022,5
26110001023,5
26110002001,5
26110002002,5
26110002003,5
26110002004,5
26110002005,5
26110002006,5
26110002007,5
26110002008,5
26110002009,5
26110002010,5
26110002011,5
26110002012,5
26110002013,5
26110002014,5
26110002015,5
26110002016,5
26110002017,5
26110003001,5
26110003002,5
26110003003,5
26110003004,5
26110003005,5
26110003006,5
26110003007,5
26110003008,5
26110003009,5
26110003010,5
26110003011,5
26110003012,5
26110003013,5
26110003014,5
26110003015,5
26110003016,5
26110003017,5
26110003018,5
26110003019,5
26110003020,5
26110003021,5
26110003022,5
26110003023,5
26110003024,5
26110003025,5
26110003026,5
26110003027,5
26110003028,5
26110003029,5
26110003030,5
26110003031,5
26110003032,5
26110003033,5
26110003034,5
26110003035,5
26110004001,5
26110004002,5
26110004003,5
26110004004,5
26110004005,5
26110004006,5
26110004007,5
26110004008,5
26110004009,5
26110005001,5
26110005002,5
26110005003,5
26110005004,5
26110005005,5
26110005006,5
26110005007,5
26110005008,5
26110005009,5
26110005010,5
26110005011,5
26110005012,5
26110005013,5
26110005014,5
26110005015,5
26110005016,5
26110005017,5
26110005018,5
26110005019,5
26110005020,5
26110006001,5
26110006002,5
26110006003,5
26110006004,5
26110006005,5
26110006006,5
26110006007,5
26110006008,5
26110006009,5
26110006010,5
26110006011,5
26110006012,5
26110006013,5
26110006014,5
26110006015,5
26110006016,5
26110006017,5
26110006018,5
26110006019,5
26110007001,5
26110007002,5
26110007003,5
26110007004,5
26110007005,5
26110007006,5
26110007007,5
26110007008,5
26110007009,5
26110007010,5
26110007011,5
26110007012,5
26110007013,5
26110007014,5
26110007015,5
26110007016,5
26110007017,5
26110007018,5
26110007019,5
26110007020,5
26110007021,5
26110007022,5
26110008001,5
26110008002,5
26110008003,5
26110008004,5
26110008005,5
26110008006,5
26110008007,5
26110008008,5
26110008009,5
26110008010,5
26110008011,5
26110008012,5
26110008013,5
26110008014,5
26110008015,5
26110008016,5
26110008017,5
26110008018,5
26110008019,5
26110008020,5
26110008021,5
26110008022,5
26110008023,5
26110008024,5
26110008025,5
26110008026,5
26110008027,5
26110008028,5
26110008029,5
26110008030,5
26110008031,5
26110008032,5
26110008033,5
26110008034,5
26110008035,5
26110008036,5
26110008037,5
26110008038,5
26110008039,5
26110008040,5
26110008041,5
26110008042,5
26110008043,5
26110008044,5
26110008045,5
26110008046,5
26110008047,5
26110008048,5
26110008049,5
26110008050,5
26110008051,5
26110008052,5
26110009001,5
26110009002,5
26110009003,5
26110009004,5
26110009005,5
26110009006,5
26110009007,5
26110009008,5
26110009009,5
26110009010,5
26110009011,5
26110009012,5
26110009013,5
26110009014,5
26110009015,5
26110009016,5
26110009017,5
26110009018,5
26110009019,5
26110009020,5
26110009021,5
26110009022,5
26110009023,5
26110009024,5
26110009025,5
26110009026,5
26110009027,5
26110009028,5
26110009029,5
26110009030,5
26110010001,5
26110010002,5
26110010003,5
26110010004,5
26110010005,5
26110010006,5
26110010007,5
26110010008,5
26110010009,5
26110010010,5
26110010011,5
26110010012,5
26110010013,5
26110010014,5
26110010015,5
26110010016,5
26110010017,5
26110010018,5
26110010019,5
26110010020,5
26110010021,5
26110010022,5
26110010023,5
26110010024,5
26110010025,5
26110010026,5
26110010027,5
26110010028,5
26110010029,5
26110010030,5
26110010031,5
26110010032,5
26110010034,5
26110010035,5
26110010036,5
26110010037,5
26110010038,5
26110010039,5
26110010040,5
26110010041,5
26110011001,5
26110011002,5
26110011003,5
26110011004,5
26110011005,5
26110011006,5
26110011007,5
26110011008,5
26110011009,5
26110011010,5
26110011011,5
26110011012,5
26110011013,5
26110011014,5
26110011015,5
26110011016,5
26110011017,5
26110011018,5
26110011019,5
26110011020,5
26110011021,5
26110011022,5
26110011023,5
26110011024,5
26110011025,5
26110011026,5
26110011027,5
26110011028,5
26110011029,5
26110011030,5
26110011031,5
26110011033,5
26110011035,5
26110011036,5
26110011037,5
26110012001,5
26110012002,5
26110012003,5
26110012004,5
26110012005,5
26110012006,5
26110012007,5
26110012008,5
26110012009,5
26110012010,5
26110012011,5
26110012012,5
26110012013,5
26110012014,5
26110012015,5
26110012016,5
26110012017,5
26110012018,5
26110012019,5
26110012020,5
26110012021,5
26110012022,5
26110012023,5
26110012024,5
26110012025,5
26110012026,5
26110012027,5
26110012028,5
26110012029,5
26110012030,5
26110012031,5
26110012032,5
26110012033,5
26110012034,5
26110013001,5
26110013002,5
26110013003,5
26110013004,5
26110013005,5
26110013006,5
26110013007,5
26110013008,5
26110013009,5
26110013010,5
26110013011,5
26110013012,5
26110013013,5
26110013014,5
26110013015,5
26110013016,5
26110013017,5
26110013018,5
26110013019,5
26110013020,5
26110013021,5
26110013022,5
26110013023,5
26110013024,5
26110013025,5
26110013026,5
26110013027,5
26110013028,5
26110013030,5
26110013031,5
26111001001,0
26111001002,0
26111001003,0
26111001004,0
26111001005,0
26111001006,0
26111001007,0
26111001008,0
26111001009,0
26111001010,0
26111001011,0
26111001012,0
26111001013,0
26111001014,0
26111001015,0
26111001016,0
26111001017,0
26111001018,0
26111001019,0
26111001020,0
26111001021,0
26111001022,0
26111002001,0
26111002002,0
26111002003,0
26111002004,0
26111002005,0
26111002006,0
26111002007,0
26111002008,0
26111002009,0
26111002010,0
26111002011,0
26111002012,0
26111002013,0
26111002014,0
26111002015,0
26111002016,0
26111002017,0
26111002018,0
26111002019,0
26111002020,0
26111002021,0
26111002022,0
26111002023,0
26111002024,0
26111002025,0
26111002026,0
26111002027,0
26111002028,0
26111002029,0
26111002030,0
26111002032,0
26111002034,0
26111002035,0
26111002036,0
26111003001,0
26111003002,0
26111003003,0
26111003004,0
26111003005,0
26111003006,0
26111003007,0
26111003008,0
26111003009,0
26111003010,0
26111003011,0
26111003012,0
26111003013,0
26111003014,0
26111003015,0
26111003016,0
26111003017,0
26111003018,0
26111003019,0
26111003020,0
26111003021,0
26111003022,0
26111003023,0
26111003024,0
26111003025,0
26111003026,0
26111003027,0
26111003028,0
26111003029,0
26111003031,0
26111003033,0
26111003034,0
26111003035,0
26111004001,0
26111004002,0
26111004003,0
26111004004,0
26111004006,0
26111004007,0
26111004008,0
26111004009,0
26111004010,0
26111004011,0
26111004012,0
26111004013,0
26111004014,0
26111004015,0
26111004016,0
26111004017,0
26111004018,0
26111004019,0
26111004020,0
26111004021,0
26111004022,0
26111004023,0
26111004024,0
26111004025,0
26111005001,0
26111005002,0
26111005003,0
26111005004,0
26111005005,0
26111005006,0
26111005007,0
26111005008,0
26111005009,0
26111005010,0
26111005011,0
26111005014,0
26111005015,0
26111005016,0
26111006001,0
26111006002,0
26111006003,0
26111006004,0
26111006005,0
26111006006,0
26111006007,0
26111006008,0
26111006009,0
26111006010,0
26111006011,0
26111006012,0
26111006013,0
26111007001,0
26111007002,0
26111007003,0
26111007004,0
26111007005,0
26111007006,0
26111007007,0
26111007008,0
26111007009,0
26111007010,0
26111007011,0
26111007012,0
26111007013,0
26111007014,0
26111007016,0
26111007017,0
26111007018,0
26111007019,0
26111007020,0
26111008001,0
26111008002,0
26111008003,0
26111008004,0
26111008005,0
26111008006,0
26111008007,0
26111008008,0
26111008009,0
26111008010,0
26111008011,0
26111008012,0
26111008013,0
26111008014,0
26111008015,0
26111008016,0
26111008017,0
26111008018,0
26111008019,0
26111008020,0
26111008021,0
26111009001,0
26111009002,0
26111009003,0
26111009004,0
26111009005,0
26111009006,0
26111009007,0
26111009008,0
26111009009,0
26111009010,0
26111009011,0
26111009012,0
26111009013,0
26111009014,0
26111009015,0
26111009016,0
26111009017,0
26111009018,0
26111009019,0
26111009020,0
26111009022,0
26111009023,0
26111009024,0
26111010001,0
26111010002,0
26111010003,0
26111010004,0
26111010005,0
26111010006,0
26111010007,0
26111010008,0
26111010009,0
26111010010,0
26111010011,0
26111010012,0
26111010013,0
26111010014,0
26111010015,0
26111010016,0
26111010017,0
26111010018,0
26111010019,0
26111010020,0
26111010021,0
26111010022,0
26111010023,0
26111010024,0
26111010025,0
26111010026,0
26111010027,0
26111010028,0
26111010029,0
26111010030,0
26111010031,0
26111010032,0
26111010033,0
26111010034,0
26111010035,0
26111010036,0
26111010037,0
26111010038,0
26111010039,0
26111010040,0
26111010041,0
26111010042,0
26111010043,0
26111010044,0
26111010045,0
26111010046,0
26111010047,0
26111010048,0
26111010049,0
26111010050,0
26111010051,0
26111010052,0
26111010053,0
26111010054,0
26111010055,0
26111010056,0
26111010057,0
26111010058,0
26111010059,0
26111010061,0
26111011001,0
26111011002,0
26111011003,0
26111011004,0
26111011007,0
26111012001,0
26111012002,0
26111012003,0
26111012004,0
26111012005,0
26111012006,0
26111012007,0
26111012008,0
26111012009,0
26111012010,0
26111012011,0
26111012012,0
26111012013,0
26111012014,0
26111012015,0
26111012016,0
26111012018,0
26111012019,0
26111013001,0
26111013002,0
26111013003,0
26111013004,0
26111013005,0
26111013006,0
26111013007,0
26111013008,0
26111013009,0
26111013010,0
26111013011,0
26111014001,0
26111014002,0
26111014003,0
26111014004,0
26111014005,0
26111014006,0
26111014007,0
26111015001,0
26111015002,0
26111015003,0
26111015004,0
26111015005,0
26111015006,0
26111015007,0
26111016001,0
26111016002,0
26111016003,0
26111016004,0
26111016005,0
26111016006,0
26111017001,0
26111017002,0
26111017003,0
26111017004,0
26111017005,0
26111017006,0
26111017007,0
26111017008,0
26111017009,0
26111017010,0
26111017011,0
26111017012,0
26111017013,0
26111017014,0
26111017015,0
26111017016,0
26201001001,3
26201001002,3
26201001003,3
26201001004,3
26201001005,3
26201001006,3
26201001007,3
26201001008,3
26201001009,3
26201001010,3
26201001011,3
26201001012,3
26201001013,3
26201001014,3
26201001015,3
26201001016,3
26201001017,3
26201001018,3
26201001019,3
26201001020,3
26201001021,3
26201001022,3
26201001023,3
26201001024,3
26201001025,3
26201001026,3
26201001027,3
26201001028,3
26201001029,3
26201001030,3
26201001031,3
26201001032,3
26201001033,3
26201001034,3
26201001035,3
26201001036,3
26201001037,3
26201002001,3
26201002002,3
26201002003,3
26201002004,3
26201002005,3
26201002006,3
26201002007,3
26201002008,3
26201002009,3
26201002010,3
26201002011,3
26201002012,3
26201002013,3
26201002014,3
26201002016,3
26201002017,3
26201002018,3
26201002019,3
26201002020,3
26201002021,3
26201002022,3
26201002023,3
26201002024,3
26201002025,3
26201003001,3
26201003002,3
26201003003,3
26201003004,3
26201003005,3
26201003006,3
26201003007,3
26201003008,3
26201003009,3
26201003010,3
26201003011,3
26201003012,3
26201003013,3
26201003014,3
26201003015,3
26201003016,3
26201004001,3
26201004002,3
26201004003,3
26201004004,3
26201004005,3
26201004006,3
26201004007,3
26201004008,3
26201004009,3
26201004010,3
26201004011,3
26201005001,3
26201005002,3
26201005003,3
26201005004,3
26201005005,3
26201005006,3
26201005007,3
26201005008,3
26201006001,3
26201006002,3
26201006003,3
26201006004,3
26201006005,3
26201006006,3
26201006007,3
26201006008,3
26201007001,3
26201007002,3
26201007003,3
26201007004,3
26201008001,3
26201008002,3
26201008003,3
26201008004,3
26201008005,3
26201008006,3
26201008007,3
26201008008,3
26201008009,3
26201008010,3
26201008011,3
26201008012,3
26201008013,3
26201008014,3
26201008015,3
26201008016,3
26201008017,3
26201008018,3
26201008019,3
26201008020,3
26201009001,3
26201009002,3
26201009003,3
26201009004,3
26201009005,3
26201009006,3
26201009007,3
26201009008,3
26201010001,3
26201010002,3
26201010003,3
26201010004,3
26201010005,3
26201010006,3
26201010007,3
26201010008,3
26201010009,3
26201010010,3
26201010011,3
26201010012,3
26201010013,3
26201011001,3
26201011002,3
26201011003,3
26201011004,3
26201011006,3
26201011007,3
26201011008,3
26201011009,3
26201011010,3
26201012001,3
26201012002,3
26201012003,3
26201012004,3
26201012005,3
26201012006,3
26201012007,3
26201012008,3
26201012009,3
26201013001,3
26201013002,3
26201013003,3
26201013004,3
26201013005,3
26201013006,3
26201013007,3
26201013008,3
26201013010,3
26201014001,3
26201014002,3
26201014003,3
26201014004,3
26201014005,3
26201014006,3
26201014007,3
26201014008,3
26201014009,3
26201014010,3
26201014011,3
26201015001,3
26201015002,3
26201015003,3
26201015004,3
26201015005,3
26201015006,3
26201015007,3
26201016001,3
26201016002,3
26201016003,3
26201016004,3
26201016005,3
26201016006,3
26201016007,3
26201016008,3
26201017001,3
26201017002,3
26201017003,3
26201017004,3
26201017005,3
26201017006,3
26201017007,3
262010180,3
262010190,3
26201020001,3
26201020002,3
26201020003,3
26201020004,3
26201020005,3
26201021001,3
26201021002,3
26201021003,3
26201021004,3
26201021005,3
26201021006,3
26201022007,3
26201022008,3
26201022009,3
26201022010,3
26201022011,3
26201022012,3
26201022013,3
26201022014,3
26201022015,3
26201022022,3
26201023016,3
26201023017,3
26201023018,3
26201023019,3
26201023020,3
26201023021,3
26201024001,3
26201024002,3
26201024003,3
26201024004,3
26201024005,3
26201024006,3
26201024007,3
262010250,3
262010260,3
26201027010,3
26201027011,3
26201027012,3
26201027013,3
26201027014,3
26201028015,3
26201028016,3
26201028017,3
262010290,3
262010300,3
262010310,3
262010320,3
262010330,3
26201034023,3
26201034024,3
26201034025,3
26201034026,3
26201034027,3
26201034028,3
26201034029,3
26201034030,3
26201034031,3
26201034032,3
26201035000,3
26201035033,3
26201035035,3
26201035036,3
26201035037,3
26201035038,3
26201035039,3
26201035040,3
26201036041,3
26201036042,3
26201036043,3
26201036044,3
26201036045,3
26201036046,3
26201037001,3
26201037002,3
26201037003,3
26201037004,3
26201037005,3
26201037006,3
26201037007,3
26201037008,3
26201038001,3
26201038002,3
26201038003,3
26201038004,3
26201038005,3
26201038006,3
26201038007,3
26201038008,3
26201038009,3
26201038010,3
26201039001,3
26201039002,3
26201039003,3
26201039004,3
26201039006,3
26201040001,3
26201040002,3
26201040003,3
26201040004,3
26201040005,3
26201040006,3
26201040007,3
26201040008,3
26201040009,3
26201041001,3
26201041002,3
26201041003,3
26201041004,3
26201041005,3
26201041006,3
26201041007,3
26201041008,3
26201042001,3
26201042002,3
26201042003,3
26201042004,3
26201042005,3
26202001001,3
26202001002,3
26202001003,3
26202001004,3
26202001005,3
26202001006,3
26202001007,3
26202001008,3
26202001009,3
26202001010,3
26202001011,3
26202001012,3
26202001013,3
26202002001,3
26202002002,3
26202002003,3
26202002004,3
26202002005,3
26202002006,3
26202002007,3
26202002008,3
26202002009,3
26202002010,3
26202002012,3
26202002013,3
26202002014,3
26202002015,3
26202002016,3
26202002017,3
26202003001,3
26202003002,3
26202003003,3
26202003004,3
26202003005,3
26202003006,3
26202003007,3
26202003008,3
26202003010,3
26202003011,3
26202003012,3
26202003013,3
26202003014,3
26202003015,3
26202003016,3
26202003017,3
26202003018,3
26202003019,3
26202003020,3
26202003021,3
26202003023,3
26202003024,3
26202003025,3
26202004001,3
26202004002,3
26202004003,3
26202004004,3
26202004005,3
26202004006,3
26202004007,3
26202004008,3
26202004009,3
26202004010,3
26202004011,3
26202004012,3
26202004013,3
26202004014,3
26202004015,3
26202004016,3
26202004017,3
26202004018,3
26202004019,3
26202004020,3
26202004021,3
26202004022,3
26202004023,3
26202005001,3
26202005002,3
26202005003,3
26202005004,3
26202005005,3
26202005006,3
26202005007,3
26202005008,3
26202005009,3
26202005010,3
26202006001,3
26202006002,3
26202006003,3
26202006004,3
26202006005,3
26202006008,3
26202006009,3
26202006010,3
26202006011,3
26202006012,3
26202006013,3
26202006014,3
26202006015,3
26202006016,3
26202006017,3
26202006018,3
26202006019,3
26202006020,3
26202006021,3
26202006022,3
26202006023,3
26202006024,3
26202006025,3
26202006026,3
26202006027,3
26202006029,3
26202006030,3
26202006031,3
26202006032,3
26202006033,3
26202006034,3
26202006035,3
26202006036,3
26202006037,3
26202006038,3
26202006039,3
26202006040,3
26202006041,3
26202006042,3
26202006043,3
26202006044,3
26202006045,3
26202006046,3
26202006047,3
26202006048,3
26202006050,3
26202006051,3
26202006052,3
26202006053,3
26202006054,3
26202006056,3
26202006057,3
26202006058,3
26202006059,3
26202006060,3
26202006061,3
26202006062,3
26202006063,3
26202006064,3
26202007001,3
26202007002,3
26202007003,3
26202007004,3
26202007005,3
26202007006,3
26202007008,3
26202007009,3
26202007010,3
26202007011,3
26202008001,3
26202008002,3
26202008003,3
26202008004,3
26202008005,3
26202008006,3
26202008007,3
26202008008,3
26202008010,3
26202008011,3
26202008012,3
26202008013,3
26202008014,3
26202008015,3
26202008016,3
26202008017,3
26202008018,3
26202008019,3
26202008020,3
26202008021,3
26202008022,3
26202008023,3
26202008024,3
26202008025,3
26202008026,3
26202008027,3
26202008028,3
26202008030,3
26202008031,3
26202008032,3
26202008033,3
26202008034,3
26202008035,3
26202008036,3
26202008037,3
26202008038,3
26202008039,3
26202008040,3
26202008041,3
26202008042,3
26202008043,3
26202008044,3
26202008045,3
26202008046,3
26202008047,3
26202008048,3
26202008049,3
26202008050,3
26202008051,3
26202008053,3
26202008054,3
26202008055,3
26202008056,3
26202008057,3
26202008058,3
26202008059,3
26202008060,3
26202008062,3
26202008063,3
26202008064,3
26202008065,3
26202008066,3
26202008067,3
26202008068,3
26202008070,3
26202008071,3
26202008072,3
26202008073,3
26202009001,3
26202009002,3
26202009003,3
26202009004,3
26202009005,3
26202009006,3
26202009007,3
26202009008,3
26202009009,3
26202009010,3
26202009011,3
26202009012,3
26202009013,3
26202009014,3
26202009015,3
26202009016,3
26202010002,3
26202010003,3
26202010004,3
26202010005,3
26202010006,3
26202010007,3
26202010008,3
26202010009,3
26202010010,3
26202010011,3
26202010012,3
26202010013,3
26202010014,3
26202010015,3
26202010016,3
26202010017,3
26202010018,3
26202010019,3
26202010020,3
26202010021,3
26202010023,3
26202010024,3
26202010025,3
26202011001,3
26202011002,3
26202011003,3
26202011004,3
26202011005,3
26202011006,3
26202011007,3
26202011008,3
26202011009,3
26202011010,3
26202011011,3
26202011012,3
26202011013,3
26202011014,3
26202011015,3
26202011016,3
26202011017,3
26202011018,3
26202011019,3
26202011020,3
26202011021,3
26202011022,3
26202011023,3
26202011024,3
26202011025,3
26202011026,3
26202011027,3
26202011028,3
26202011029,3
26202011030,3
26202011031,3
26202011032,3
26202011033,3
26202011034,3
26202011035,3
26202011036,3
26202011037,3
26202011038,3
26202011039,3
26202011040,3
26202011041,3
26202011042,3
26202011043,3
26202011044,3
26202011045,3
26202011046,3
26202011047,3
26202011048,3
26202011049,3
26202011050,3
26202011051,3
26202011052,3
26202011053,3
26202011055,3
26202011056,3
26202011057,3
26202011058,3
26202011059,3
26202011060,3
26202011061,3
26202011062,3
26202011063,3
26202011064,3
26202011065,3
26202012001,3
26202012002,3
26202012003,3
26202012004,3
26202012005,3
26202012006,3
26202012007,3
26202012008,3
26202012009,3
26202012010,3
26202012012,3
26202012013,3
26202012014,3
26202012015,3
26202012016,3
26202012017,3
26202012018,3
26202012019,3
26202012020,3
26202012021,3
26202012022,3
26202012023,3
26202012024,3
26202012025,3
26202012026,3
26202012027,3
26202012028,3
26202012029,3
26202012030,3
26202012031,3
26202012032,3
26202012034,3
26202012035,3
26202012036,3
26202013001,3
26202013002,3
26202013003,3
26202013004,3
26202013005,3
26202013006,3
26202013007,3
26202013008,3
26202013009,3
26202013010,3
26202013011,3
26202013012,3
26202013013,3
26202013014,3
26202014001,3
26202014002,3
26202014004,3
26202014005,3
26202014006,3
26202014008,3
26202014009,3
26202014011,3
26202014013,3
26202014014,3
26202014015,3
26202015001,3
26202015002,3
26202015003,3
26202015004,3
26202015006,3
26202015007,3
26202015008,3
26202015009,3
26202015010,3
26202015011,3
26202015012,3
26202015013,3
26202015014,3
26202015022,3
26202015023,3
26202015030,3
26202015040,3
26202015050,3
26202015060,3
26202016001,3
26202016002,3
26202016003,3
26202016004,3
26202016005,3
26202016006,3
26202016007,3
26202016008,3
26202016009,3
26202016010,3
26202017001,3
26202017002,3
26202017003,3
26202017004,3
26202017005,3
26202017006,3
26202017007,3
26202017008,3
26202017009,3
26202018001,3
26202018002,3
26202018003,3
26202018004,3
26202018005,3
26202018006,3
26202018007,3
26202018008,3
26202018009,3
26202019001,3
26202019002,3
26202019003,3
26202019004,3
26202019005,3
26202020001,3
26202020002,3
26202020003,3
26202020004,3
26202020005,3
26202020006,3
26202020007,3
26202020008,3
26202020009,3
26202020010,3
26202020011,3
26202020012,3
26202021001,3
26202021002,3
26202021003,3
26202021004,3
26202021005,3
262020220,3
26203001001,3
26203001002,3
26203001003,3
26203001004,3
26203001005,3
26203001006,3
26203001007,3
26203001008,3
26203001009,3
26203001010,3
26203001011,3
26203001012,3
26203001013,3
26203001014,3
26203001015,3
26203002001,3
26203002002,3
26203002003,3
26203002004,3
26203002005,3
26203002006,3
26203002007,3
26203002008,3
26203002009,3
26203002010,3
26203002011,3
26203002012,3
26203002013,3
26203002014,3
26203002015,3
26203002016,3
26203002017,3
26203002018,3
26203002019,3
26203002020,3
26203002021,3
26203002022,3
26203002023,3
26203002024,3
26203002025,3
26203002026,3
26203003001,3
26203003002,3
26203003003,3
26203003004,3
26203003005,3
26203003006,3
26203003007,3
26203003008,3
26203003009,3
26203003010,3
26203004001,3
26203004002,3
26203004003,3
26203004004,3
26203004005,3
26203004006,3
26203004007,3
26203004008,3
26203004009,3
26203004010,3
26203004011,3
26203004012,3
26203005001,3
26203005002,3
26203005003,3
26203005004,3
26203005005,3
26203005006,3
26203005007,3
26203005008,3
26203005009,3
26203005010,3
26203005011,3
26203005012,3
26203005013,3
26203005014,3
26203005015,3
26203005016,3
26203005017,3
26203005018,3
26203005019,3
26203005020,3
26203005021,3
26203005022,3
26203005023,3
26203005024,3
26203006001,3
26203006002,3
26203006003,3
26203006004,3
26203006005,3
26203006006,3
26203006009,3
26203007101,3
26203007102,3
26203007201,3
26203007202,3
26203007203,3
26203007204,3
26203007205,3
26203007206,3
26203007207,3
26203008001,3
26203008002,3
26203008003,3
26203008004,3
26203008005,3
26203008006,3
26203008007,3
26203008008,3
26203008009,3
26203008010,3
26203008011,3
26203008012,3
26203008013,3
26203008014,3
26203008015,3
26203008016,3
26203008017,3
26203008018,3
26203008019,3
26203008020,3
26203008021,3
26203008022,3
26203008023,3
26203008024,3
26203008025,3
26203008026,3
26203008027,3
26203008028,3
26203008029,3
26203008030,3
26203008031,3
26203008032,3
26203008033,3
26203008034,3
26203008035,3
26203008037,3
26203008038,3
26203008039,3
26203008041,3
26203008042,3
26203008043,3
26203008059,3
26203008060,3
26203008061,3
26203008062,3
26203008063,3
26203008064,3
26203008065,3
26203008066,3
26203009001,3
26203009002,3
26203009003,3
26203009005,3
26203009006,3
26203009007,3
26203009008,3
26203009009,3
26203009010,3
26203009011,3
26203009012,3
26203009013,3
26203010001,3
26203010002,3
26203010003,3
26203010004,3
26203010005,3
26203010006,3
26203010007,3
26203010008,3
26203010009,3
26203010010,3
26203010011,3
26203010012,3
26203010013,3
26203010014,3
26203010015,3
26203010016,3
26203010017,3
26203010018,3
26203010019,3
26203010020,3
26203010021,3
26203010022,3
26203010023,3
26203010024,3
26203010025,3
26203010026,3
26203011001,3
26203011002,3
26203011003,3
26203011004,3
26203011005,3
26203011006,3
26203011007,3
26203012001,3
26203012002,3
26203012003,3
26203012004,3
26203012005,3
26203012006,3
26203012007,3
26203012008,3
26203012009,3
26203012010,3
26204001001,2
26204001002,2
26204001003,2
26204001004,2
26204001005,2
26204001006,2
26204001007,2
26204003001,2
26204003002,2
26204003003,2
26204003004,2
26204003005,2
26204003006,2
26204003007,2
26204003008,2
26204003009,2
26204003010,2
26204003011,2
26204003012,2
26204003013,2
26204003014,2
26204003015,2
26204003016,2
26204003017,2
26204003018,2
26204003019,2
26204003020,2
26204003021,2
26204003022,2
26204003024,2
26204003025,2
26204003026,2
26204003027,2
26204003028,2
26204003029,2
26204004001,2
26204004002,2
26204004003,2
26204004004,2
26204005002,2
26204005003,2
26204005004,2
26204005005,2
26204005006,2
26204005007,2
26204005008,2
26204005009,2
26204005010,2
26204005011,2
26204005013,2
26204005015,2
26204005016,2
26204005017,2
26204005019,2
26204005020,2
26204005021,2
26204005024,2
26204005025,2
26204005026,2
26204005028,2
26204005029,2
26204005031,2
26204005032,2
26204005033,2
26204005034,2
26204005035,2
26204005036,2
26204005037,2
26204005038,2
26204005039,2
26204005040,2
26204005041,2
26204005042,2
26204007001,2
26204007002,2
26204007003,2
26204007004,2
26204007005,2
26204007006,2
26204007007,2
26204007008,2
26204007009,2
26204007010,2
26204007011,2
26204007012,2
26204007013,2
26204007014,2
26204007015,2
26204007016,2
26204007017,2
26204007018,2
26204007019,2
26204007020,2
26204007021,2
26204007022,2
26204007023,2
26204007024,2
26204007025,2
26204007026,2
26204007027,2
26204007028,2
26204007030,2
26204007031,2
26204007032,2
26204007033,2
26204007034,2
26204007035,2
26204007036,2
26204008001,2
26204008002,2
26204008003,2
26204008004,2
26204010001,2
26204010002,2
26204010003,2
26204010004,2
26204010005,2
26204010006,2
26204010007,2
26204010008,2
26204010009,2
26204010010,2
26204010011,2
26204010012,2
26204010013,2
26204010014,2
26204010015,2
26204010016,2
26204010017,2
26204010018,2
26204012001,2
26204012002,2
26204012003,2
26204012004,2
26204012005,2
26204012006,2
26204012007,2
26204012008,2
26204012009,2
26204012010,2
26204012011,2
26204012012,2
26204012013,2
26204012014,2
26204014001,2
26204014002,2
26204014003,2
26204014004,2
26204014005,2
26204014006,2
26204014007,2
26204014008,2
26204014009,2
26204014010,2
26204014011,2
26204014012,2
26204014013,2
26204014014,2
26204014015,2
26204014016,2
26204014017,2
26204016001,2
26204016002,2
26204016003,2
26204016004,2
26204016005,2
26204016006,2
26204016007,2
26204016008,2
26204018001,2
26204018002,2
26204018003,2
26204018004,2
26204018005,2
26204018006,2
26204018007,2
26204018008,2
26204018009,2
26204018010,2
26204018011,2
26204018013,2
26204018014,2
26204018015,2
26204020001,2
26204020002,2
26204020003,2
26204020004,2
26204020005,2
26204020006,2
26204020007,2
26204020008,2
26204020009,2
26204020010,2
26204020011,2
26204020012,2
26204020013,2
26204020014,2
26204020015,2
26204020016,2
26204020017,2
26204020018,2
26204022001,2
26204022002,2
26204022003,2
26204022004,2
26204024001,2
26204024002,2
26204024003,2
26204024004,2
26204024005,2
26204024006,2
26204024007,2
26204024008,2
26204024010,2
26204024011,2
26204024012,2
26204024013,2
26204024014,2
26204024015,2
26204024016,2
26204024017,2
26204024018,2
26204024019,2
26204024020,2
26204024021,2
26204024022,2
26204024023,1
26204024024,2
26204024025,2
26204024026,2
26204024027,2
26204024028,2
26204024029,2
26204024030,2
26204024031,2
26204024032,2
26204024033,2
26204024034,2
26204024035,2
26204026001,2
26204026002,2
26204026003,2
26204028001,2
26204028002,2
26204028003,2
26204028004,2
26204029001,2
26204029002,2
26204029003,2
26204030002,2
26204030003,2
26204030004,2
26204030005,2
26204030006,2
26204030007,2
26204030008,2
26204030009,2
26204030010,2
26204030011,2
26204030012,2
26204030013,2
26204030014,2
26204030015,2
26204030016,2
26204030017,2
26204030018,2
26204030019,2
26204030020,2
26204030021,2
26204030022,2
26204030023,2
26204032001,2
26204032002,2
26204032003,2
26204032004,2
262040340,2
26204036001,2
26204036002,2
26204036003,2
26204036004,2
26204036005,2
26204038001,2
26204038002,2
26204038003,2
26204038004,2
26204038005,2
26204038006,2
26204038007,2
26204038008,2
26204038009,2
26204038010,2
26204038011,2
26204038012,2
26204038013,2
26204038014,2
26204038015,2
26204038016,2
26204038017,2
26204038018,2
26204038019,2
26204038020,2
26204038021,2
26204038022,2
26204038023,2
26204038024,2
26204038025,2
26204038026,2
26204038027,2
26204038028,2
26204038029,2
26204038030,2
26204038031,2
26204038032,2
26204038033,2
26204038034,2
26204038035,2
26204038036,2
26204040001,2
26204040002,2
26204040003,2
26204040004,2
26204040005,2
26204040006,2
26204040007,2
26204040008,2
26204040009,2
26204040010,2
26204040011,2
26204040012,2
26204040013,2
26204040014,2
26204040015,2
26204040016,2
26204040017,2
26204040018,2
26204040019,2
26204040020,2
26204042001,2
26204042002,2
26204042003,2
26204042004,2
26204042005,2
26204042006,2
26204042007,2
26204042008,2
26204042009,2
26204042010,2
26204042011,2
26204042012,2
26204042013,2
26204042014,2
26204042015,2
26204042016,2
26204042017,2
26204042018,2
26204042019,2
26204042020,2
26204042021,2
26204042022,2
26204042023,2
26204044001,2
26204044002,2
26204044003,2
262040460,2
26204048001,2
26204048003,1
26204048004,1
26204048005,2
26204048006,2
26204048007,2
26204048008,1
26204048009,1
26204048010,2
26204048011,2
26204048012,2
26204048013,2
26204048014,2
26204048015,2
26204048016,2
26204048017,2
26204049001,2
26204049002,2
26204049003,2
26204051001,1
26204051002,2
26204051003,2
26204051004,2
26204051005,2
26204051006,2
26204051007,2
26204051008,2
26204051009,2
26204051010,1
26204051011,2
26204051012,2
26205001001,3
26205001002,3
26205001003,3
26205001004,3
26205001005,3
26205002001,3
26205002002,3
26205002003,3
26205002004,3
26205002005,3
26205002006,3
26205002007,3
26205002008,3
26205002009,3
26205003001,3
26205003002,3
26205003003,3
26205003004,3
26205003005,3
26205004001,3
26205004002,3
26205005001,3
26205005002,3
26205005003,3
26205005004,3
26205005005,3
26205005006,3
26205005007,3
26205005008,3
26205005009,3
26205006001,3
26205006002,3
26205006003,3
26205006004,3
26205006005,3
26205007001,3
26205007002,3
26205007003,3
26205007004,3
26205007005,3
26205007006,3
26205007007,3
26205007008,3
26205007009,3
26205007010,3
26205007011,3
26205007012,3
26205007013,3
26205007014,3
26205007015,3
26205007016,3
26205007017,3
26205007018,3
26205007019,3
26205007020,3
26205007021,3
26205007022,3
26205007023,3
26205007024,3
26205007025,3
26205007026,3
26205007027,3
26205007028,3
26205007029,3
26205007030,3
26205007031,3
26205007032,3
26205007033,3
26205007034,3
26205007035,3
26205007036,3
26205007037,3
26205007038,3
26205007039,3
26205007040,3
26205007042,3
26205007043,3
26205007044,3
26205008001,3
26205008002,3
26205008003,3
26205008004,3
26205008005,3
26205008006,3
26205009001,3
26205009002,3
26205009003,3
26205009004,3
26205009005,3
26205009006,3
26205009007,3
26205009008,3
26205009009,3
26205009010,3
26205009011,3
26205009012,3
26205009013,3
26205010001,3
26205010002,3
26205010003,3
26205010004,3
26205010005,3
26205010006,3
26206001001,3
26206001037,3
26206001039,3
26206001042,3
262060020,3
262060030,3
262060040,3
262060050,3
26206006006,3
26206006007,3
26206006028,3
26206006038,3
26206006039,3
26206007007,3
26206007044,3
262060080,3
262060090,3
262060100,3
262060110,3
262060120,3
26206013013,3
26206013043,3
26206014006,3
26206014035,3
26206014036,3
26206014043,3
26206015014,3
26206015015,3
26206015016,3
26206015017,3
26206015018,3
26206015019,3
26206015020,3
26206015048,3
262060160,3
262060170,3
262060180,3
262060190,3
26206020024,3
26206020026,3
26206020029,3
262060210,3
26206022026,3
26206022029,3
262060230,3
262060240,3
262060250,3
262060260,3
262060270,3
26206028030,3
26206028032,3
26206028046,3
262060290,3
262060300,3
26206031040,3
26206031041,3
26206031045,3
26206031047,3
26206032001,3
26206032002,3
26206032003,3
26206032004,3
26206032005,3
26206032006,3
26206032007,3
26206032008,3
26206032009,3
26206032010,3
26206032011,3
26206032012,3
26206032013,3
26206033001,3
26206033002,3
26206033003,3
26206033004,3
26206033005,3
26206033006,3
26206033007,3
26206033008,3
26206033009,3
26206033010,3
26206034001,3
26206034002,3
26206034003,3
26206034004,3
26206034005,3
26206034006,3
26206034007,3
26206034008,3
26206034009,3
26206034010,3
26206034011,3
26206034012,3
26206034013,3
26206035001,3
26206035002,3
26206035003,3
26206035004,3
26206035005,3
26206035006,3
26206035007,3
26206035008,3
26206036001,3
26206036002,3
26206036003,3
26206036004,3
26206036005,3
26206036006,3
26206036007,3
26206036008,3
26206036009,3
26206036010,3
26206036011,3
26206037001,3
26206037002,3
26206037003,3
26206037004,3
26206037005,3
26206037006,3
26206037007,3
26206038001,3
26206038002,3
26206038003,3
26206038004,3
26206038005,3
26206038006,3
26206038007,3
26206038008,3
26206039001,3
26206039002,3
26206039003,3
26206039004,3
26206040001,3
26206040002,3
26206040003,3
26206040004,3
26206040005,3
26206040006,3
26206040007,3
26206040008,3
26206040009,3
26206040010,3
26206040011,3
26206040012,3
26206041001,3
26206041002,3
26206041003,3
26206041004,3
26206041005,3
26206041006,3
26206041007,3
26206041008,3
26206041009,3
26206041010,3
26206041011,3
26206041012,3
26206041013,3
26206041014,3
26206041015,3
26206041016,3
26206042001,3
26206042002,3
26206042003,3
26206042004,3
26206042005,3
26206042006,3
26206043001,3
26206043002,3
26206043003,3
26206043004,3
26206044001,3
26206044002,3
26206044003,3
26206044004,3
26206044005,3
26206044006,3
26206044007,3
26206044008,3
26206045001,3
26206045002,3
26206045003,3
26206045004,3
26206045005,3
26206045006,3
26206045007,3
26206046001,3
26206046002,3
26206046003,3
26206046004,3
26206046005,3
26206046006,3
26206046007,3
26206046008,3
26206047001,3
26206047002,3
26206047003,3
26206047004,3
26206047005,3
26206047006,3
26206047007,3
26206048001,3
26206048002,3
26206048003,3
26206048004,3
26206048005,3
26206048006,3
26206048007,3
26206048008,3
26206048009,3
26206048010,3
26206048011,3
26206048012,3
26206048013,3
26206048014,3
26206048015,3
26206048016,3
26206048017,3
26206048018,3
26206048019,3
26206048020,3
26206048021,3
26206048022,3
26206048023,3
26206048024,3
26206048025,3
26206048026,3
26206048027,3
26206048028,3
26206048029,3
26206048030,3
26206048031,3
26206048032,3
26206048033,3
26206048034,3
26206048035,3
26206048036,3
26206048037,3
26206048038,3
26206049001,3
26206049002,3
26206049003,3
26206049004,3
26206049005,3
26206049006,3
26206049007,3
26206050001,3
26206050002,3
26206050003,3
26206050004,3
26206050005,3
26206050006,3
26206050007,3
26206050008,3
26206050009,3
26206050010,3
26206051001,3
26206051002,3
26206051003,3
26206051004,3
26206051005,3
26206051006,3
26206051007,3
26207001001,1
26207001002,1
26207001003,1
26207002001,1
26207002002,1
26207003001,1
26207003002,1
26207003004,1
26207004001,1
26207004004,1
26207005001,1
26207005004,1
26207006001,1
26207006004,1
26207007001,1
26207007004,1
26207008004,1
26207008005,1
26207008006,1
26207008009,1
26207009006,1
26207009007,1
26207009008,1
26207010010,1
26207010011,1
26207010012,1
26208101001,0
26208101002,0
26208101003,0
26208101004,0
26208101005,0
26208101006,0
26208101007,0
26208101008,0
26208101009,0
26208101010,0
26208101011,0
26208101012,0
26208101013,0
26208101014,0
26208101015,0
26208101016,0
26208101017,0
26208101018,0
26208101019,0
26208101020,0
26208101021,0
26208202001,0
26208202002,0
26208202003,0
26208202004,0
26208202005,0
26208202006,0
26208202007,0
26208202008,0
26208202009,0
26208202010,0
26208202011,0
26208202012,0
26208202013,0
26208202014,0
26208202015,0
26208202016,0
26208202017,0
26208202018,0
26208202019,0
26208202020,0
26208202021,0
26208202022,0
26208202023,0
26208202024,0
26208202025,0
26208202026,0
26208202028,0
26208202029,0
26208202030,0
26208202031,0
26208202032,0
26208202033,0
26208202034,0
26208202035,0
26208202036,0
26208202037,0
26208202038,0
26208202039,0
26208202040,0
26208202041,0
26208202042,0
26208202043,0
26208202044,0
26208202045,0
26208202046,0
26208202047,0
26208202048,0
26208202049,0
26208202050,0
26208202051,0
26208202052,0
262082030,0
26208303001,0
26208303002,0
26208303003,0
26208303004,0
26208303005,0
26208303006,0
26208303007,0
26208303008,0
26208303009,0
26208303010,0
26208303011,0
26208303012,0
26208303013,0
26208303014,0
26208303015,0
26208303016,0
26208303017,0
26208303018,0
262084020,0
26208404001,0
26208404002,0
26208404003,0
26208404004,0
26208404005,0
26208404006,0
26208404008,0
26208404009,0
26208404010,0
26208404011,0
26208404012,0
26208404013,0
26208404014,0
26208404015,0
26208404016,0
26208404017,0
26208404018,0
26208404019,0
26208404020,0
26208404021,0
26208404022,0
26208404023,0
26208404024,0
26208404025,0
26208404026,0
26208404027,0
26208404028,0
26208404029,0
26208404030,0
262084050,0
26208505001,0
26208505002,0
26208505003,0
26208505004,0
26208505005,0
26208505006,0
26208505007,0
26208505008,0
26208505009,0
26208505011,0
26208505012,0
26208505013,0
26208505014,0
26208505015,0
26208505016,0
26208505017,0
26208505018,0
26208505019,0
26208505020,0
26208505021,0
26208505022,0
26208505023,0
26208505024,0
26208505025,0
26208505026,0
26208505027,0
26208505028,0
26208505029,0
26208505030,0
26208505031,0
26208505032,0
26208505033,0
26208505034,0
26208505035,0
26208505036,0
26208505037,0
26208505038,0
26208505039,0
26208505040,0
26208505041,0
26208505042,0
26208505043,0
26208505044,0
26208505045,0
26208505046,0
26208505047,0
26208505048,0
26208505049,0
26208505050,0
26208505051,0
26208505052,0
26208505053,0
26208505054,0
26208505055,0
26208505056,0
26208505057,0
26208505058,0
26208505059,0
26208505060,0
26208505061,0
262086020,0
26208604001,0
26208604007,0
26208604018,0
26208604029,0
26208606001,0
26208606002,0
262087040,0
26208705004,0
26208705031,0
26208705046,0
26208705052,0
26208705053,0
262088020,0
262088060,0
26209001001,0
26209001002,0
26209001003,0
26209002001,0
26209002002,0
26209002003,0
26209002004,0
26209002005,0
26209003001,0
26209003002,0
26209004001,0
26209004002,0
26209004003,0
26209004004,0
26209004005,0
26209005001,0
26209005002,0
26209005003,0
26209006001,0
26209006002,0
26209006003,0
26209006004,0
26209006005,0
262090070,1
26209008001,0
26209008002,0
26209008003,0
262090090,0
262090100,0
26209011001,0
26209011002,0
26209011003,0
26209011004,0
26209011005,0
26209011006,0
26209011007,0
262090120,0
26209013001,0
26209013002,0
26209013003,0
262090140,0
262090150,0
262090170,0
262090190,0
262090200,0
262090210,0
262090220,0
26209023001,0
26209023002,0
262090240,0
262090250,0
262090270,0
26209029001,0
26209029002,0
26209029003,0
26209029004,0
262090330,0
26209034001,0
26209034002,0
26209041001,0
26209041002,0
26209041003,0
26209041004,0
26209045001,0
26209045002,0
26209045003,0
26209045004,0
26209045005,0
26209050001,0
26209050002,0
26209050003,0
26209053001,0
26209053002,0
26209056001,0
26209056002,0
26209056003,0
26209059001,0
26209059002,0
26209059003,0
26209066001,0
26209066002,0
262090680,0
26209069001,0
26209069002,0
26209071001,0
26209071002,0
262090780,0
26210111001,1
26210111002,1
26210111003,1
26210111004,1
26210111005,1
26210111006,1
26210111007,1
26210111008,1
26210111009,1
26210111010,1
26210111011,1
26210111012,1
26210111013,1
26210111014,1
26210111015,1
26210111016,1
26210111018,1
26210111019,1
26210111020,1
26210111021,1
26210111022,1
26210111023,1
26210111024,1
26210111025,1
26210111026,1
26210111027,1
26210111028,1
26210121051,1
26210121052,1
26210121053,1
26210201001,1
26210201002,1
26210201003,1
26210201004,1
26210201005,1
26210201006,1
26210201007,1
26210201008,1
26210201009,1
26210201010,1
26210201011,1
26210201012,1
26210201013,1
26210201014,1
26210201015,1
26210201016,1
26210201017,1
26210201018,1
26210201019,1
26210201020,1
26210201021,1
26210201022,1
26210201023,1
26210201024,1
26210201025,1
26210201026,1
26210201027,1
26210201028,1
26210201029,1
26210201030,1
26210201031,1
26210201051,1
26210201052,1
26210201053,1
26210201054,1
26210201055,1
26210201057,1
26210202001,1
26210202002,1
26210202003,1
26210202004,1
26210202005,1
26210202006,1
26210202007,1
26210202008,1
26210202009,1
26210202010,1
26210202011,1
26210202012,1
26210202013,1
26210202014,1
26210202015,1
26210202016,1
26210202017,1
26210202052,1
26210202055,1
26210202058,1
26210202059,1
26210202060,1
26210202061,1
26210213001,1
26210213002,1
26210213003,1
26210213004,1
26210213005,1
26210213006,1
26210213007,1
26210213008,1
26210213058,1
26210213059,1
26210213060,1
26210213062,1
26210213063,1
26210223020,1
26210223021,1
26210223022,1
26210311001,1
26210311002,1
26210311003,1
26210311004,1
26210311005,1
26210311006,1
26210311007,1
26210311008,1
26210311009,1
26210311010,1
26210311011,1
26210311012,1
26210311013,1
26210311053,1
26210311054,1
26210311056,1
26210311057,1
26210321021,1
26210321022,1
26210321023,1
26210321024,1
26210321025,1
26210321026,1
26210321027,1
26210321028,1
26210321029,1
26210321030,1
26210321031,1
26210321033,1
26210321034,1
26210402008,1
26210402009,1
26210402010,1
26210402011,1
262104110,1
26210421011,1
26210421012,1
26210421013,1
26210421014,1
26210511002,1
26210511063,1
26210511064,1
26210511065,1
26210512064,1
26210512065,1
26210521004,1
26210521005,1
26210521006,1
26210521007,1
26210522001,1
26210522002,1
26210522003,1
26210603001,1
26210603002,1
26210603003,1
26210603004,1
26210603005,1
26210603006,1
26210603007,1
26210603008,1
26210603009,1
26210603010,1
26210603011,1
26210603012,1
26210603013,1
26210603014,1
26210603016,1
26210603017,1
26210603018,1
26210603019,1
26210603020,1
26210603021,1
26210603022,1
26210603023,1
26210603024,1
26210604001,1
26210604002,1
26210604003,1
26210604004,1
26210604005,1
26210604006,1
26210604007,1
26210604008,1
26210604009,1
26210604010,1
26210604011,1
26210604012,1
26210604013,1
26210604014,1
26210604015,1
26210604016,1
26210604017,1
26210604018,1
26210604019,1
26210604020,1
26210604021,1
26210604023,1
26210604025,1
26210604026,1
26210604027,1
26210604028,1
26210604029,1
26210604030,1
26210604031,1
26210604032,1
26210604034,1
26210604035,1
26210604037,1
26210604038,1
26210604039,1
26210604040,1
26210604041,1
26210604042,1
26210604043,1
26210604044,1
26210604045,1
26210604046,1
26210604047,1
26210604048,1
26210604049,1
26210604050,1
26210604051,1
26210604052,1
26210611001,1
26210611002,1
26210611003,1
26210611004,1
26210611005,1
26210611006,1
26210611007,1
26210611008,1
26210611009,1
26210611010,1
26210611011,1
26210611012,1
26210611013,1
26210611014,1
26210611015,1
26210611016,1
26210611017,1
26210612001,1
26210612002,1
26210612003,1
26210612004,1
26210612005,1
26210612006,1
26210612008,1
26210612009,1
262106150,1
26210616001,1
26210616002,1
26210616003,1
26210616004,1
26210616005,1
26210616007,1
26210616008,1
26210616009,1
26210616011,1
26210616013,1
26210616014,1
26210616015,1
26210616016,1
26210616017,1
26210616018,1
26210616019,1
26210616021,1
26210616022,1
26210621051,1
26210621052,1
26210621053,1
26210621054,1
26210621055,1
26210621056,1
26210621057,1
26210621058,1
26210621059,1
26210621060,1
26210621061,1
26210621062,1
26210621063,1
26210621064,1
26210621065,1
26210621066,1
26210621067,1
26210621068,1
26210621069,1
26210621070,1
26210621071,1
26210621072,1
26210621073,1
26210621074,1
26210621075,1
26210621076,1
26210621077,1
26210622021,1
26210622022,1
26210622023,1
26210622024,1
26210622025,1
26210622029,1
26210622030,1
26210622031,1
26210622033,1
26210622034,1
26210625001,1
26210625002,1
26210625003,1
26210625004,1
26210625005,1
26210625006,1
26210625007,1
26210625008,1
26210625009,1
26210625010,1
26210625012,1
26210625013,1
26210625014,1
26210625015,1
26210625016,1
26210625018,1
26210625019,1
26210625020,1
26210625021,1
26210625023,1
262106260,1
26210636056,1
26210636057,1
26210636058,1
26210636059,1
262107110,1
26210712001,1
26210712002,1
262107130,1
262107210,1
262107220,1
262107230,1
262107310,1
262107410,1
262107510,1
262107610,1
262107710,1
262110010,1
26211002001,1
26211002003,1
26211002004,1
26211003001,1
26211003002,1
26211003003,1
26211004001,1
26211004002,1
26211004003,1
26211004004,1
26211004005,1
26211005001,1
26211005002,1
26211005003,1
26211006001,1
26211006002,1
26211006003,1
26211006004,1
26211007001,1
26211007002,1
26211007003,1
26211008001,1
26211008002,1
26211008003,1
26211008004,1
26211008005,1
26211008006,1
262110090,1
26211010001,1
26211010002,1
26211010003,1
262110110,1
26211012001,1
26211012002,1
26211012003,1
26211013001,1
26211013002,1
262110140,1
262110150,1
262110160,1
26211017001,1
26211017002,1
26211017003,1
26211017004,1
26211017005,1
26211017006,1
26211017007,1
26211017008,1
26211018001,1
26211018002,1
262110190,1
262110200,1
262110210,1
262110220,1
262110230,1
262110240,1
26211025001,1
26211025002,1
26211025003,1
26211025004,1
26212001001,3
26212001002,3
26212001003,3
26212002004,3
26212002005,3
26212002006,3
26212002007,3
26212002008,3
26212003009,3
26212003010,3
26212003011,3
26212003012,3
262120040,3
26212005014,3
26212005015,3
26212005016,3
26212006017,3
26212006018,3
26212006019,3
26212006020,3
26212006021,3
26212007001,3
26212007002,3
26212007003,3
26212007004,3
26212007005,3
26212007006,3
26212007007,3
26212007008,3
26212007009,3
26212007010,3
26212008001,3
26212008002,3
26212008003,3
26212008004,3
26212008005,3
26212008006,3
26212008007,3
26212008008,3
26212009001,3
26212009002,3
26212009003,3
26212009004,3
26212009005,3
26212009006,3
26212009007,3
26212009008,3
26212010001,3
26212010002,3
26212010003,3
26212010004,3
26212010005,3
26212010006,3
26212010007,3
26212010008,3
26212010009,3
26212010010,3
26212010011,3
26212011001,3
26212011002,3
26212011003,3
26212011004,3
26212011005,3
26212011006,3
26212011007,3
26212011008,3
26212011009,3
26212012001,3
26212012002,3
26212012003,3
26212012004,3
26212012005,3
26212012006,3
26212012007,3
26212012008,3
26212013001,3
26212013002,3
26212013003,3
26212013004,3
26212013005,3
26212013006,3
26212014001,3
26212014002,3
26212014003,3
26212014004,3
26212014005,3
26212015002,3
26212015003,3
26212015004,3
26212015005,3
26212015006,3
26212015007,3
26212015008,3
26212016001,3
26212016002,3
26212016003,3
26212016004,3
26212016005,3
26212016006,3
26212016007,3
26212016008,3
26212016013,3
26212017004,3
26212017009,3
26212017010,3
26212017011,3
26212017012,3
26212017013,3
26212017014,3
26212018008,3
26212018015,3
26212019008,3
26212019016,3
26212020040,3
26212020041,3
26212020042,3
26212020043,3
26212020044,3
26212020045,3
262120210,3
26212022019,3
26212022020,3
262120230,3
262120240,3
262120250,3
262120260,3
262120270,3
262120280,3
262120290,3
262120300,3
26212031028,3
26212031029,3
26212031031,3
26212031032,3
26212031033,3
26212031034,3
262120320,3
262120330,3
262120340,3
262120350,3
262120360,3
262120370,3
26212038001,3
26212038002,3
26212038003,3
26212038004,3
26212038005,3
26212038006,3
26212038007,3
26212039001,3
26212039002,3
26212039003,3
26212039004,3
26212039005,3
26212039006,3
26212039007,3
26212039008,3
26212039009,3
26212039010,3
26212040001,3
26212040002,3
26212040003,3
26212040004,3
26212040005,3
26212040006,3
26212040007,3
26212040008,3
26212041001,3
26212041002,3
26212041003,3
26212041004,3
26212041005,3
26212041006,3
26212041007,3
26212041008,3
26212041009,3
26212042001,3
26212042002,3
26212042003,3
26212042004,3
26212042005,3
26212042006,3
26212042007,3
26212042008,3
26212042009,3
26212043001,3
26212043002,3
26212043003,3
26212043004,3
26212043005,3
26212043006,3
26212043007,3
26212043008,3
26212043009,3
26212043010,3
26212043011,3
26212043012,3
26212043013,3
26212043014,3
26212044015,3
26212044016,3
262120450,3
262120460,3
26212047001,3
26212047002,3
26212048001,3
26212048002,3
26212048003,3
26212048004,3
26212049001,3
26212049002,3
26212049003,3
26212049004,3
26212049005,3
262120500,3
262120510,3
262120520,3
26213001001,3
26213001002,3
26213001003,3
26213001004,3
26213001005,3
26213001006,3
26213001007,3
26213001008,3
26213001009,3
26213001010,3
26213002001,3
26213002002,3
26213002003,3
26213002004,3
26213002005,3
26213002006,3
26213002007,3
26213002008,3
26213002009,3
26213002010,3
26213003001,3
26213003002,3
26213003003,3
26213003004,3
26213003005,3
26213003006,3
26213003007,3
26213003008,3
26213003009,3
26213004001,3
26213004002,3
26213004003,3
26213004004,3
26213004005,3
26213004006,3
26213004007,3
26213004008,3
26213004009,3
26213004010,3
26213004011,3
26213004012,3
26213004013,3
26213004014,3
26213004015,3
26213004016,3
26213004017,3
26213004018,3
26213005001,3
26213005002,3
26213005003,3
26213005004,3
26213005005,3
26213005006,3
26213005007,3
26213005008,3
26213005009,3
26213006001,3
26213006002,3
26213006003,3
26213006004,3
26213006005,3
26213007001,3
26213007002,3
26213007003,3
26213007004,3
26213007005,3
26213007006,3
26213007007,3
26213007008,3
26213008001,3
26213008002,3
26213008003,3
26213008004,3
26213008005,3
26213008006,3
26213008007,3
26213008008,3
26213008009,3
26213009001,3
26213009002,3
26213009003,3
26213009004,3
26213009005,3
26213009006,3
26213010001,3
26213010002,3
26213010003,3
26213010004,3
26213010005,3
26213010006,3
26213010007,3
26213010008,3
26213011001,3
26213011002,3
26213011003,3
26213011004,3
26213011005,3
26213011006,3
26213011007,3
26213011008,3
26213012001,3
26213012002,3
26213012003,3
26213012004,3
26213012005,3
26213012006,3
26213012007,3
26213012008,3
26213012009,3
26213012010,3
26213012011,3
26213012012,3
26213012013,3
26213012014,3
26213012015,3
26213013001,3
26213013002,3
26213013003,3
26213013004,3
26213013005,3
26213013006,3
26213013007,3
26213013008,3
26213013009,3
26213013010,3
26213013011,3
26213014001,3
26213014002,3
26213014003,3
26213014004,3
26213014005,3
26213014006,3
26213014007,3
26213014008,3
26213014009,3
26213014010,3
26213015001,3
26213015002,3
26213015003,3
26213015004,3
26213015005,3
26213015006,3
26213016001,3
26213016002,3
26213016003,3
26213017001,3
26213017002,3
26213017003,3
26213017004,3
26213017005,3
26213017006,3
26213018001,3
26213018002,3
26213018003,3
26213018004,3
26213018005,3
26213018006,3
26213018007,3
26213018008,3
26213018009,3
26213018010,3
26213018011,3
26213018012,3
26213018013,3
26213018014,3
26213018015,3
26213019001,3
26213019002,3
26213019003,3
26213019004,3
26213019005,3
26213019006,3
26213019007,3
26213019008,3
262140010,1
262140020,1
262140030,1
262140040,1
262140050,1
262140060,1
262140070,1
262140080,1
262140090,1
26214010001,1
26214010002,1
26214010003,1
26214010004,1
26214010005,1
26214010006,1
26214010007,1
26214010008,1
26214010009,1
26214010010,1
26214010011,1
26214010012,1
26214010013,1
26214010014,1
26214010015,1
26214010016,1
26214010017,1
26214010018,1
26214010019,1
26214010020,1
26214010021,1
26214010022,1
26214010023,1
26214010024,1
26214010025,1
26214010026,1
26214010027,1
26214010028,1
26214010030,1
26214010032,1
26214010033,1
26214010034,1
26214010035,1
26214010036,1
26214010037,1
26214010038,1
26214011001,1
26214011002,1
26214011003,1
26214011004,1
26214011005,1
26214011006,1
26214011007,1
26214011008,1
26214011009,1
26214011010,1
26214011011,1
26214011012,1
26214011013,1
26214011014,1
26214011015,1
26214011016,1
26214011017,1
26214011018,1
26214011019,1
26214011020,1
26214011021,1
26214011022,1
26214011023,1
26214011024,1
26214011025,1
26214011026,1
26214011027,1
26214011028,1
26214011029,1
26214011030,1
26214011031,1
26214011032,1
26214011033,1
26214011034,1
26214011035,1
26214011036,1
26214011037,1
26214011038,1
26214011039,1
26214011040,1
26214011041,1
26214011042,1
26214011043,1
26214011044,1
26214011045,1
26214011046,1
26214011047,1
26214011048,1
26214012001,1
26214012002,1
26214012003,1
26214012004,1
26214012005,1
26214012006,1
26214012007,1
26214012008,1
26214012009,1
26214013001,1
26214013002,1
26214013003,1
26214013004,1
26214013005,1
26214013006,1
26214013007,1
26214013008,1
26214013009,1
26214013010,1
26214013011,1
26214013012,1
26214013013,1
26214013014,1
26214013015,1
26214013016,1
26214013020,1
26214013022,1
26214013024,1
26214013025,1
26214013026,1
26214013027,1
26214013028,1
26214013029,1
26214013030,1
26214013031,1
26214013032,1
26214013033,1
26214013034,1
26214013035,1
26214013036,1
26214013037,1
26214013038,1
26214013039,1
26214013040,1
26214013041,1
26214013042,1
26214013043,1
26214013044,1
26214013045,1
26214014001,1
26214014002,1
26214014003,1
26214014004,1
26214014005,1
26214014006,1
26214014007,1
26214014008,1
26214014009,1
26214014010,1
26214014011,1
26214014012,1
26214014013,1
26214014014,1
26214014015,1
26214014016,1
26214014017,1
26214014018,1
26214014019,1
26214014020,1
26214014021,1
26214014022,1
26214014023,1
26214014024,1
26214014025,1
26214014026,1
26214014027,1
26214014028,1
26214014029,1
26214014030,1
26214014031,1
26214014032,1
26214014033,1
26214014034,1
26214014035,1
26214014036,1
26214015002,1
26214015003,1
26214015004,1
26214015005,1
26214015006,1
26214015007,1
26214015008,1
26214015009,1
26214015010,1
26214015011,1
26214015012,1
26214015013,1
26214015014,1
26214015015,1
26214015016,1
26214015018,1
26214015019,1
26214015020,1
26214015021,1
26214016001,1
26214016002,1
26214016003,1
26214016004,1
26214016005,1
26214016006,1
26214016007,1
26214016008,1
26214016009,1
26214016010,1
26214016011,1
26214016012,1
26214016013,1
26214016014,1
26214016015,1
26214016019,1
26214016020,1
26214016021,1
26214016022,1
26214016023,1
26214016024,1
26214016025,1
26214016026,1
26214016027,1
26214016028,1
26214016029,1
26214016030,1
26214016031,1
26214016032,1
26214016033,1
26214016034,1
26214016035,1
26214016036,1
26214016037,1
26214017001,1
26214017002,1
26214017003,1
26214017004,1
26214017005,1
26214017006,1
26214017007,1
26214017008,1
26214017009,1
26214018001,1
26214018002,1
26214018003,1
26214018004,1
26214018005,1
26214018006,1
26214018007,1
26214019001,1
26214019002,1
26214019003,1
26214019004,1
26214019005,1
26214019006,1
26214019007,1
26214019008,1
26214019009,1
26214020001,1
26214020002,1
26214020003,1
26214020004,1
26214020005,1
26214020006,1
26214020007,1
26214020008,1
26214021001,1
26214021002,1
26214021003,1
26214021004,1
26214021005,1
26214021006,1
26214021007,1
26214021008,1
26214022001,1
26214022002,1
26214022003,1
26214022004,1
26214022005,1
26214022006,1
26214022007,1
26214022008,1
26214022009,1
26214022010,1
26214022011,1
26214022012,1
26214022013,1
26214022014,1
26214022015,1
26214022016,1
26214022017,1
26214022018,1
26214022019,1
26214022020,1
26214022021,1
26214022022,1
26214022023,1
26214022024,1
26214022025,1
26214022026,1
26214022027,1
26214023023,1
26214023024,1
26214023025,1
26214023026,1
26214023027,1
26214023028,1
26214023029,1
26214023030,1
26214023031,1
26214024032,1
26214024033,1
26214024034,1
26214024035,1
26214024036,1
26214024037,1
26214024038,1
26214024039,1
26214024040,1
26214024041,1
26214024042,1
26214024043,1
26214025001,1
26214025002,1
26214025003,1
26214025004,1
26214025005,1
26214025006,1
26214025007,1
26214025008,1
26214025009,1
26214025010,1
26214025011,1
26214025012,1
26214025013,1
26214025014,1
26214025015,1
26214026001,1
26214026002,1
26214026003,1
26214026004,1
26214026005,1
26214026006,1
26214026007,1
26214026008,1
26214026009,1
26214026010,1
26214026011,1
26214026012,1
26214026013,1
26303001001,1
26303001002,1
26303001003,1
26303001004,1
26303001005,1
26303001006,1
26303001007,1
26303001008,1
26303001009,1
26303001010,1
26303001011,1
26303001012,1
26303001013,1
26303001014,1
26303001016,1
26303001017,1
26303001018,1
26303001020,1
26303001021,1
26303001022,1
26303001023,1
26303001024,1
26303001025,1
26303001026,1
26303001027,1
26303001028,1
26303001029,1
26303001030,1
26303001032,1
26303001033,1
26303002001,1
26303002002,1
26303002003,1
26303002004,1
26303002005,1
26303002006,1
26303002007,1
26303002008,1
26303002009,1
26303002010,1
26303002011,1
26303002012,1
26303002013,1
26303002014,1
26303002015,1
26303002016,1
26303002017,1
26303002018,1
26303002019,1
26303002020,1
26303002021,1
26303002022,1
26303002023,1
26303002024,1
26303002025,1
26303002026,1
26303002027,1
26303002028,1
26303002029,1
26303002030,1
26303002031,1
26303002032,1
26303002033,1
26303002034,1
26303002035,1
26303002036,1
26303002037,1
26303002038,1
26303003001,1
26303003002,1
26303003004,1
26303003005,1
26303003007,1
26303003008,1
26303003009,1
26303003010,1
26303003011,1
26303003012,1
26303003014,1
26303003015,1
26303003016,1
26303003017,1
26322001001,2
26322001002,2
26322001003,2
26322001004,2
26322001005,2
26322002001,2
26322002002,2
26322002003,2
26322002004,2
26322002005,2
26322002006,2
26322002007,2
26322002008,2
26322003001,2
26322003002,2
26322003003,2
26322003004,2
26322003005,2
26322003006,2
26322004001,2
26322004002,2
26322004003,2
26322004004,2
26322004005,2
26322004006,2
26322004007,2
26322004008,2
26322004009,2
26322004010,2
26322004011,2
26322004012,2
26322004013,2
26322004014,2
26322005001,2
26322005002,2
26322005003,2
26322005004,2
26322005005,2
26322005006,2
26322005007,2
26322005008,2
26322005009,2
26322005010,2
26322005011,2
26322005012,2
26322005013,2
26322005014,2
26322006001,2
26322006002,2
26322006003,2
26322006004,2
26322006005,2
26322006006,2
26322006007,2
26322006008,2
26322006009,2
26322007001,2
26322007002,2
26322007003,2
26322007004,2
26322008001,2
26322008002,2
26322008003,2
26322008004,2
26322008005,2
26322008006,2
26322008007,2
26322008008,2
26322008009,2
26322008010,2
26322009001,2
26322009002,2
26322009003,2
26322009004,2
26322009005,2
26322009006,2
26322009007,2
26322009008,2
26322009009,2
26322009010,2
26322010001,2
26322010002,2
26322010003,2
26322010004,2
26322010005,2
26322010006,2
26322010007,2
26322010008,2
26322010009,2
26322010010,2
26322010011,2
26322010012,2
26322011001,2
26322011002,2
26322011003,2
26322011004,2
26322011005,2
26322011006,2
26322011007,2
26322011008,2
26322011009,2
26322011010,2
26322011011,2
26322012001,2
26322012002,2
26322012003,2
26322012004,2
26322012005,2
26322012006,2
26322012007,2
26322012008,2
26322012009,2
26322012010,2
26322012011,2
26322012012,2
26322012013,2
26322012014,2
26322012015,2
26322012016,2
26322012017,2
26322012018,2
26322012019,2
26322012020,2
26322013001,2
26322013002,2
26322013003,2
26322013004,2
26322013005,2
26322013006,2
26322013007,2
26322013008,2
26322014001,2
26322014002,2
26322014003,2
26322014004,2
26322014005,2
26322014006,2
26322014007,2
26322015001,2
26322015002,2
26322015003,2
26322015004,2
26322015005,2
26322015006,2
26322015007,2
26322015008,2
26322015009,2
26322015010,2
26322015011,2
26322015012,2
26322015013,2
26322015014,2
26322015015,2
26322015016,2
26322015017,2
26322015018,2
26322015019,2
26322016001,2
26322016002,2
26322016003,2
26322016004,2
26322016005,2
26322016006,2
26322016007,2
26322017001,2
26322017002,2
26322017003,2
26322017004,2
26322017005,2
26322017006,2
26322017007,2
26322017008,2
26322018001,2
26322018002,2
26322018003,2
26322018004,2
26343001001,1
26343001002,1
26343001003,1
26343001004,1
26343001005,1
26343001006,1
26343001007,1
26343002001,1
26343002002,1
26343002003,1
26343002004,1
263430030,1
26344001001,1
26344001002,1
26344001003,1
26344001004,1
26344001005,1
26344001006,1
26344001007,1
26344001013,1
26344002008,1
26344002009,1
26344002010,1
26344002011,1
26344002012,1
26344002014,1
26364001001,1
26364001002,1
26364002003,1
26364002004,1
263640030,1
263640040,1
263650010,1
26365002001,1
26365002002,1
26365002003,1
26365002004,1
26365003001,1
26365003002,1
26365003003,1
26365003004,1
26365003005,1
26365003006,1
26365004001,1
26365004002,1
26365004003,1
26365004004,1
26366001000,1
26366001001,1
26366001002,1
26366001003,1
26366001004,1
26366001005,1
26366001006,1
26366001009,1
26366001010,1
26366001011,1
26366001012,1
26366001013,1
26366001014,1
26366001015,1
26366001016,1
26366001017,1
26366001018,1
26366001019,1
26366001020,1
26366001021,1
26366001022,1
26366001023,1
26366001024,1
26366001025,1
26366001026,1
26366001027,1
26366001028,1
26366001029,1
26366001030,1
26366001033,1
26366001034,1
26366001035,1
26366001036,1
26366001037,1
26366001038,1
26366001039,1
26366001040,1
26366001041,1
26366001042,1
26366001043,1
26366001044,1
26366001046,1
26366001048,1
26366001049,1
26366001050,1
26366001052,1
26366001053,1
26366001054,1
26366001055,1
26366002000,1
26366002001,1
26366002002,1
26366002003,1
26366002004,1
26366002006,1
26366002009,1
26366002010,1
26366002012,1
26366002014,1
26366002016,1
26366002020,1
26366002021,1
26366002023,1
26366002025,1
26366002026,1
26366002028,1
26366002029,1
26366002030,1
26366002031,1
26366002036,1
26366002037,1
26366002038,1
26366003002,1
26366003003,1
26366003005,1
26366003008,1
26366003009,1
26366003010,1
26366003012,1
26366003013,1
26366003014,1
26366003016,1
26366003019,1
26366003021,1
26366004000,1
26366004006,1
26366004008,1
26366004015,1
26366004016,1
26366004017,1
26366004018,1
26366004019,1
26366004021,1
26366004023,1
26366004024,1
26366004025,1
26366004027,1
26366004030,1
26366004031,1
26366004032,1
26366004033,1
26366004034,1
26366005000,1
26366005002,1
26366005003,1
26366005004,1
26366005006,1
26366005008,1
26366005009,1
26366005011,1
26366006000,1
26366006001,1
26366006005,1
26366006006,1
26366006007,1
26366006009,1
26366006010,1
26366006012,1
26366006015,1
26366006017,1
26366006018,1
26366006019,1
26366006020,1
26366006021,1
26366006024,1
26366006027,1
26366006028,1
26366006029,1
26366006030,1
26366006031,1
26366006033,1
26366006034,1
26366006037,1
26366006039,1
26366006040,1
26366006041,1
26366006043,1
26366006044,1
26366006047,1
26366006048,1
26366006049,1
26366006050,1
26366006051,1
26366006052,1
26366006053,1
26366006054,1
26366006057,1
26366006058,1
26366006059,1
26366006063,1
26366007000,1
26366007001,1
26366007002,1
26366007003,1
26366007005,1
26366007006,1
26366007007,1
26366007008,1
26366007009,1
26366007010,1
26366007011,1
26366007012,1
26366007014,1
26366007017,1
26366007018,1
26366007019,1
26366007020,1
26366007024,1
26366007026,1
26366007028,1
26366007029,1
26366007031,1
26366007033,1
26366007034,1
26366007035,1
26366008000,1
26366008001,1
26366008003,1
26366008005,1
26366008009,1
26366008010,1
26366008011,1
26366008013,1
26366008014,1
26366008016,1
26366008017,1
26366008021,1
26366008022,1
26366008025,1
26366008027,1
26366008028,1
26366008029,1
26366008031,1
26366008035,1
26366008038,1
26366009001,1
26366009002,1
26366009003,1
26366009005,1
26366009006,1
26366009007,1
26366009009,1
26366009010,1
26366009013,1
26366009014,1
26366009015,1
26366009016,1
26366009017,1
26366009018,1
26366009019,1
26366009021,1
26366009022,1
26366009023,1
26366009024,1
26366010001,1
26366010003,1
26366010004,1
26366010005,1
26366010007,1
26366010008,1
26366010009,1
26366010010,1
26366010011,1
26366010012,1
26366010013,1
26366010014,1
26366010015,1
26366010016,1
26366010017,1
26366010019,1
26366010020,1
26366010021,1
26366010022,1
26366010023,1
26366010024,1
26366010025,1
26366010027,1
26366011001,1
26366011002,1
26366011003,1
26366011004,1
26366012000,1
26366012001,1
26366012004,1
26366012005,1
26366012009,1
26366012010,1
26366012012,1
26366012013,1
26366012014,1
26366012015,1
26366012016,1
26366012021,1
26366012022,1
26366012023,1
26366012024,1
26366012025,1
26366012026,1
26366012027,1
26366012028,1
26366012029,1
26366012032,1
26366012033,1
26366012034,1
26366012036,1
26366012037,1
26366012038,1
26366012040,1
26366012041,1
26366012042,1
26366012044,1
26366012045,1
26366013001,1
26366013002,1
26366013003,1
26366013004,1
26366013005,1
26366013006,1
26366013007,1
26366013008,1
26366013009,1
263660140,1
26366015001,1
26366015002,1
26366015003,1
26366015004,1
26366015005,1
26366015006,1
26366015007,1
26366015008,1
26366015009,1
26366016000,1
26366016001,1
263670010,1
263670020,1
26367003001,1
26367003002,1
26367003003,1
26367003004,1
26367003005,1
263670040,1
263670050,1
263670060,1
264070010,3
264070020,3
264070030,3
264070040,3
264070050,3
264070060,3
264070070,3
264070080,3
264070090,3
264070100,3
264070110,3
264070120,3
264070130,3
264070140,3
264070150,3
264070160,3
264070170,3
264070180,3
264070190,3
264070200,3
264070210,3
264070220,3
264070230,3
264070240,3
26407025001,3
26407025002,3
26407025003,3
26407025004,3
26407025005,3
26407025006,3
26407025007,3
26407025008,3
264070260,3
264070270,3
264070280,3
264070290,3
264070300,3
264070310,3
264070320,3
264070330,3
264070340,3
264070350,3
264070360,3
264070370,3
264070380,3
264070390,3
264070400,3
264070410,3
264070420,3
264070430,3
264070440,3
264070450,3
264070460,3
264070470,3
264070480,3
264070490,3
264070500,3
264070510,3
264070520,3
264070530,3
264070540,3
264070550,3
26407056001,3
26407056002,3
26407056003,3
26407056004,3
264070570,3
264070580,3
264070590,3
264070600,3
264070610,3
264070620,3
264070630,3
264070640,3
264070650,3
264070660,3
264070670,3
264070680,3
264070690,3
264070700,3
264070710,3
264070720,3
264070730,3
264070740,3
264070750,3
264070760,3
264070770,3
264070780,3
264070790,3
264070800,3
264070810,3
264070820,3
264070830,3
264070840,3
264070850,3
26463001001,3
26463001002,3
26463001003,3
26463001004,3
26463001005,3
26463001006,3
26463001007,3
26463001008,3
26463002001,3
26463002002,3
26463002003,3
26463002004,3
26463002005,3
26463002006,3
26463002007,3
26463002008,3
26463003001,3
26463003002,3
26463003003,3
26463003004,3
26463003005,3
26463003006,3
26463004001,3
26463004002,3
26463004003,3
26463004004,3
26463004005,3
26463004006,3
26463004007,3
26463004008,3
26463004009,3
26463004010,3
26463004011,3
26463004012,3
26463004013,3
26465001001,3
26465001002,3
26465001004,3
26465002002,3
26465002003,3
26465002004,3
26465002005,3
26465002006,3
26465002007,3
264650030,3
264650040,3
264650050,3
264650060,3
264650070,3
264650080,3
264650090,3
264650100,3
264650110,3
26465012001,3
26465012002,3
26465012003,3
26465012004,3
26465013001,3
26465013002,3
26465013003,3
26465014001,3
26465014002,3
26465014003,3
26465014004,3
