unit_id,district
252010010,8
252010020,8
252010030,8
252010040,8
252010050,8
252010060,8
252010070,8
252010080,8
252010090,8
252010100,8
252010110,8
252010120,8
252010130,8
252010140,8
252010150,8
252010160,8
252010170,8
252010180,8
25201023001,8
25201023002,8
25201023003,8
25201023004,8
25201023005,8
25201023006,8
25201024001,8
25201024002,8
25201024003,8
252010270,8
252010280,8
25201029001,8
25201029002,8
252010310,8
252010320,8
252010330,8
252010340,8
252010350,8
252010360,8
252010370,8
252010380,8
252010390,8
25201040001,8
25201040002,8
25201042001,8
25201042002,8
25201042003,8
25201042004,8
25201042005,8
25201042006,8
25201048001,8
25201048002,8
25201048003,8
25201051001,8
25201051002,8
25201051003,8
252010541,8
25201054201,8
25201054202,8
25201054203,8
25201054204,8
25201054205,8
25201054206,8
25201054207,8
25201055101,8
25201055102,8
25201055201,8
25201055202,8
25201055203,8
25201055204,8
25201055205,8
25201055206,8
25201061001,8
25201061002,8
25201061003,8
25201064001,8
25201064002,8
25201064003,8
25201067001,8
25201067002,8
25201067003,8
25201067004,8
252010710,8
25201072001,8
25201072002,8
25201072003,8
25201072004,8
25201072005,8
25201072006,8
25201072007,8
25201072008,8
252010800,8
25201081001,8
25201081002,8
25201081003,8
25201081004,8
25201081005,8
25201081006,8
25201087001,8
25201087002,8
25201089001,8
25201089002,8
25201089003,8
25201089004,8
252010930,8
25201094001,8
25201094002,8
25201094003,8
25201097001,8
25201097002,8
25201097003,8
25201097004,8
25201101001,8
25201101002,8
25201103001,8
25201103002,8
25201103003,8
25201103004,8
252011070,8
252011080,8
25201109001,8
25201109002,8
25201109003,8
25201112001,8
25201112002,8
25201114001,8
25201114002,8
25201114003,8
252011170,8
252011180,8
252011190,8
25201120001,8
25201120002,8
25201120003,8
25201120004,8
252011240,8
25201125001,8
25201125002,8
25201127001,8
25201127002,8
252011290,8
252011300,8
252011310,8
252011320,8
252011330,8
252011340,8
252011350,8
252011360,8
25201137001,8
25201137002,8
25201137003,8
252011400,8
252011410,8
252011420,8
252011430,8
252011440,8
25201145001,8
25201145002,8
252011470,8
252011480,8
252011490,8
252011500,8
252011510,8
252011520,8
252011530,8
25201154001,8
25201154002,8
25201154003,8
25201154004,8
25201154005,8
252011560,8
25201157001,8
25201157002,8
25201157003,8
252011600,8
252011610,8
252011620,8
252011650,8
25201166001,8
25201166002,8
252011680,8
252011690,8
252011700,8
25201171001,8
25201171002,8
252011730,8
252011740,8
25201175001,8
25201175002,8
25201177001,8
25201177002,8
25201179001,8
25201179002,8
25201179003,8
25201179004,8
25201183001,8
25201183002,8
25201183003,8
25201183004,8
252011870,8
252011880,8
252011900,8
25201191001,8
25201191002,8
25201191003,8
252011940,8
252011950,8
25201196001,8
25201196002,8
252011980,8
252011990,8
25201201001,8
25201201002,8
25201201003,8
25201201004,8
252012050,8
252012060,8
252012070,8
25201208001,8
25201208002,8
252012100,8
252012110,8
25201212001,8
25201212002,8
252012140,8
252012150,8
25201216001,8
25201216002,8
25201216003,8
252012190,8
252012200,8
252012210,8
252012220,8
252012230,8
252012240,8
252012260,8
252012270,8
25201228001,8
25201228002,8
25201228003,8
252012300,8
252012320,8
252012330,8
252012340,8
252012350,8
252012360,8
25201237001,8
25201237002,8
25201237003,8
252012390,8
252012400,8
25201242001,8
25201242002,8
252012440,8
25201245001,8
25201245002,8
252012470,8
25201249001,8
25201249002,8
25201251001,8
25201251002,8
25201251003,8
25201251004,8
25201251005,8
25201256001,8
25201256002,8
252012580,8
252012590,8
252012600,8
252012610,8
252012620,8
25201263001,8
25201263002,8
25201263003,8
25201263004,8
25201267001,8
25201267002,8
25201267003,8
25201267004,8
25201267005,8
25201267006,8
252012680,8
25201273101,8
25201273102,8
25201273103,8
25201273104,8
25201273105,8
252012732,8
25201274101,8
25201274102,8
252012742,8
25201275101,8
25201275102,8
25201275103,8
25201275104,8
25201275105,8
25201275106,8
252012752,8
25201276101,8
25201276102,8
25201276103,8
252012762,8
25201277101,8
25201277102,8
25201277103,8
25201277104,8
25201277105,8
25201277106,8
25201277107,8
252012772,8
25201278101,8
25201278102,8
25201278103,8
25201278104,8
25201278105,8
25201278106,8
25201278107,8
252012782,8
25201279101,8
25201279102,8
25201279103,8
25201279104,8
252012792,8
25201280001,8
25201280002,8
25201280003,8
25201281001,8
25201281002,8
25201281003,8
25201282001,8
25201282002,8
25201282003,8
25201282004,8
25201283001,8
25201283002,8
25201283003,8
25201283004,8
25201283005,8
25201283006,8
25201283007,8
25201284001,8
25201284002,8
25201284003,8
25201285001,8
25201285002,8
25201285003,8
25201285004,8
25201286001,8
25201286002,8
25201286003,8
25201286004,8
25201286005,8
25201287001,8
25201287002,8
25201288000,8
25201288001,8
25201288002,8
25201288003,8
25201288004,8
25201288005,8
25201288006,8
25201289001,8
25201289002,8
25201289003,8
25201289004,8
25201289005,8
25201289006,8
25201289007,8
25201289008,8
25201290101,8
25201290102,8
25201290103,8
25201290104,8
25201290105,8
25201290106,8
25201290107,8
252012910,8
25201292101,8
25201292102,8
25201292103,8
252012922,8
25201293101,8
25201293102,8
25201293103,8
252012932,8
25201294101,8
25201294102,8
25201294103,8
252012942,8
25201295101,8
25201295102,8
25201295103,8
252012952,8
252012961,8
252012962,8
25201297101,8
25201297102,8
252012972,8
25201298101,8
25201298102,8
252012982,8
252012991,8
252012992,8
25201300001,8
25201300002,8
25201300003,8
25201300004,8
25201300005,8
25201300006,8
25201300007,8
25201300008,8
25201307001,8
25201307002,8
25201307003,8
25201307004,8
25201307005,8
25201307006,8
25201307007,8
252013080,8
25201310001,8
25201310002,8
25201310003,8
25201310004,8
25201310005,8
25201310006,8
25201313001,8
25201313002,8
25201313003,8
25201313004,8
25201313005,8
25201316001,8
25201316002,8
252013180,8
252013190,8
252013200,8
25201322001,8
25201322002,8
25201322003,8
25201322004,8
25201322005,8
25201322006,8
25201322007,8
25201327001,8
25201327002,8
25201327003,8
25201327004,8
25201327005,8
252013300,8
252013370,8
25201338001,8
25201338002,8
25201338003,8
25201341001,8
25201341002,8
25201341003,8
25201341004,8
25201341005,8
25201341006,8
25201341007,8
25201399001,8
25201399002,8
25201399003,8
25201399004,8
25201400001,8
25201400002,8
25201400003,8
25201400004,8
25201400005,8
25201400006,8
25201400007,8
25201400008,8
252014010,8
25201402001,8
25201402002,8
25201404001,8
25201404002,8
25201406001,8
25201406002,8
252014080,8
252014090,8
252014100,8
252014110,8
252014120,8
252014130,8
25201414001,8
25201414002,8
25201414003,8
252014170,8
252014180,8
25201419001,8
25201419002,8
252014210,8
252014220,8
252014230,8
252014240,8
252014250,8
252014260,8
252014270,8
25201428001,8
25201428002,8
25201428003,8
25202001001,4
25202001002,4
25202001003,4
25202002001,4
25202002002,4
25202002003,4
252020030,4
25202004001,4
25202004002,4
25202004003,4
25202005001,4
25202005002,4
25202005003,4
25202005004,4
252020060,4
25202007001,4
25202007002,4
25202007003,4
252020100,4
25202011001,4
25202011002,4
25202011003,4
25202012001,4
25202012002,4
25202012003,4
25202015001,4
25202015002,4
25202016001,4
25202016002,4
252020170,4
252020180,4
252020190,4
252020200,4
25202021001,4
25202021002,4
25202021003,4
25202021004,4
25202021005,4
25202022001,4
25202022002,4
25202023001,4
25202023002,4
25202024001,4
25202024002,4
25202024003,4
25202027001,4
25202027002,4
25202030001,4
25202030002,4
25202031001,4
25202031002,4
25202033001,4
25202033002,4
252020350,4
25202036002,4
25202036004,4
25202036005,4
25202037001,4
25202037002,4
25202038001,4
25202038002,4
25202038003,4
25202038004,4
25202039001,4
25202039002,4
25202041001,4
25202041002,4
25202043001,4
25202043002,4
25202043003,4
25202043004,4
25202043005,4
25202043006,4
25202043007,4
25202043008,4
25202043009,4
25202043010,4
25202043011,4
25202044001,4
25202044002,4
25202044003,4
25202044004,4
25202044005,4
25202044006,4
25202044008,4
252020450,4
25202046001,4
25202046002,4
25202046003,4
25202046004,4
25202046005,4
25202046006,4
25202046007,4
25202047001,4
25202047002,4
25202047003,4
25202048001,4
25202048002,4
252020490,4
25202050001,4
25202050002,4
25202051001,4
25202051002,4
25202051003,4
25202051004,4
25202051005,4
252020520,4
252020530,4
25202054001,4
25202054002,4
252020550,4
252020560,4
25202057001,4
25202057002,4
25202057003,4
25202057004,4
25202058001,4
25202058002,4
25202058003,4
25202059001,4
25202059002,4
25202059003,4
25202060001,4
25202060002,4
25202060003,4
252020610,4
25202062001,4
25202062002,4
25202062003,4
25202062004,4
25202062005,4
25202063001,4
25202063002,4
252020640,4
25202065001,4
25202065002,4
25202065003,4
252020660,4
25202067001,4
25202067002,4
25202067003,4
25202067004,4
25202067005,4
25202067006,4
25202067007,4
252020680,4
25202069001,4
25202069002,4
25202069003,4
25202069005,4
25202069007,4
25202069008,4
25202069009,4
25202070001,4
25202070002,4
25202071001,4
25202071002,4
25202071003,4
25202071004,4
25202071005,4
25202071007,4
25202071009,4
25202072001,4
25202072002,4
25202072003,4
25202072004,4
252020730,4
252020740,4
25202075002,4
25202075003,4
25202075004,4
25202075005,4
25202075006,4
25202075007,4
25202075008,4
25202075009,4
25202075010,4
25202075011,4
25202075012,4
25202075013,4
25202075014,4
25202075015,4
25202075016,4
25202075017,4
25202075018,4
25202075019,4
25202076001,4
25202076002,4
25202076003,4
25202076004,4
25202076005,4
25202076006,4
25202076007,4
25202076008,4
25202076009,4
252020770,4
25202078001,4
25202078002,4
25202079001,4
25202079002,4
25202079003,4
25202080001,4
25202080002,4
252020810,4
25202082001,4
25202082002,4
25202082003,4
25202082004,4
25202082005,4
252020830,4
252020840,4
252020850,4
25202086001,4
25202086002,4
252020870,4
252020880,4
252020890,4
25202090001,4
25202090002,4
25202090003,4
25202090004,4
25202090005,4
25202090006,4
25202090007,4
25202090008,4
25202090009,4
25202090010,4
25202090011,4
25202090012,4
25202090013,4
25202090014,4
25202090015,4
25202090016,4
25202090017,4
25202090018,4
25202090019,4
25202090020,4
25202090021,4
25202090022,4
25202090023,4
25202090024,4
25202090025,4
25202090026,4
252020910,4
252020920,4
252020930,4
25202094001,4
25202094002,4
25202094003,4
252020950,4
25202096001,4
25202096002,4
25202096003,4
252020970,4
252020980,4
25202099001,4
25202099002,4
252021000,4
25202101001,4
25202101002,4
25202102001,4
25202102002,4
25202102003,4
25202102004,4
25202103001,4
25202103002,4
25202103004,4
25202103005,4
25202103006,4
25202103007,4
25202103008,4
25202104001,4
25202104002,4
25202104003,4
25202104004,4
25202104005,4
25202104006,4
252021050,4
252021060,4
25202107001,4
25202107002,4
25202107003,4
25202107004,4
25202107005,4
252021080,4
252021090,4
252021100,4
252021110,4
252021120,4
252021130,4
25202114001,4
25202114002,4
25202114003,4
25202114004,4
25202114005,4
25202115001,4
25202115002,4
25202115003,4
25202115004,4
25202116001,4
25202116002,4
25202116003,4
252021170,4
25202118001,4
25202118002,4
25202119001,4
25202119002,4
25202119003,4
25202119004,4
252021200,4
25202121001,4
25202121002,4
25202121003,4
25202121004,4
252021220,4
25202123001,4
25202123002,4
25202123003,4
252021240,4
252021250,4
252021260,4
252021270,4
252021280,4
252021290,4
252021300,4
252021310,4
252021320,4
252021330,4
252021340,4
25202135001,4
25202135002,4
252021360,4
252021370,4
252021380,4
252021390,4
25202140001,4
25202140002,4
252021410,4
252030010,1
252030020,1
252030030,1
252030040,1
252030050,1
252030060,1
252030070,1
252030080,1
252030090,1
252030100,1
252030110,1
252030120,1
252030130,1
252030140,1
252030150,1
252030160,1
252030170,1
252030180,1
252030190,1
252030200,1
252030210,1
252030220,1
252030230,1
252030240,1
252030250,1
252030260,1
252030270,1
252030280,1
252030290,1
252030300,1
252030310,1
252030320,1
252030330,1
252030340,1
252030350,1
252030360,1
252030370,1
252030380,1
252030390,1
252030400,1
252030410,1
252030420,1
252030430,1
252030440,1
252030450,1
252030460,1
252030470,1
252030480,1
252030490,1
252030500,1
252030510,1
252030520,1
252030530,1
252030540,1
252030550,1
252030560,1
252030570,1
252030580,1
252030590,1
252030600,1
252030610,1
252030620,1
252030630,1
252030640,1
252030650,1
252030660,1
252030670,1
252030680,1
252030690,1
252030700,1
252030710,1
252030720,1
252030730,1
252030740,1
252030750,1
252030760,1
252030780,1
252030790,1
252030800,1
252030810,1
252030820,1
252030830,1
252030840,1
252030850,1
252030860,1
252030870,1
252030880,1
252030890,1
252030900,1
252030910,1
252030920,1
252030930,1
252030940,1
252030950,1
252030960,1
252030970,1
252030980,1
252030990,1
252031000,1
252031010,1
252031020,1
252031030,1
252031040,1
252031050,1
252031060,1
252031070,1
252031080,1
252031090,1
252031100,1
252031110,1
252031120,1
252031130,1
252031140,1
252031150,1
252031160,1
252031170,1
252031180,1
252031190,1
252031200,1
252031210,1
252031220,1
252031230,1
252031240,1
252031250,1
252031260,1
252031270,1
252031280,1
252031290,1
252031300,1
252031310,1
252031320,1
252031330,1
252031340,1
252031350,1
252031360,1
252031370,1
252031380,1
252031390,1
252031400,1
252031410,1
252031420,1
252031430,1
252031440,1
252031450,1
252031460,1
252031470,1
252031480,1
252031490,1
252031500,1
252031510,1
252031520,1
252031530,1
252031540,1
252031550,1
252031560,1
252031570,1
252031580,1
252031590,1
252031600,1
252031610,1
252031620,1
252031630,1
252031640,1
252031650,1
252031660,1
252031670,1
252031680,1
252031690,1
252031700,1
252031710,1
252031720,1
252031730,1
252031740,1
252031750,1
252031760,1
252031770,1
252031780,1
252031790,1
252031800,1
252031810,1
252031820,1
252031830,1
252031840,1
252031850,1
252031860,1
252031870,1
252031880,1
252031890,1
252031900,1
252031910,1
252031920,1
252031930,1
252031940,1
252031950,1
252031960,1
252031970,1
252031980,1
252031990,1
252032000,1
252032010,1
252032020,1
252032030,1
252032040,1
252032050,1
252032060,1
252032070,1
252032080,1
252032090,1
252032100,1
252032110,1
252032120,1
252032130,1
252032140,1
252032150,1
252032160,1
252032170,1
252032180,1
252032190,1
252032200,1
252032210,1
252032220,1
252032230,1
252032240,1
252032250,1
252032260,1
252032270,1
252032280,1
252032290,1
252032300,1
252032310,1
252032320,1
252032330,1
252032340,1
252032350,1
252032360,1
252032370,1
252032380,1
252032390,1
252032400,1
25203241001,1
25203241002,1
25203241003,1
25203241004,1
25203242001,1
25203242002,1
25203242003,1
252032430,1
252032440,1
252032450,1
252032460,1
252032470,1
252032480,1
252032490,1
25203250011,1
25203250012,1
25203250013,1
25203250014,1
25203250015,1
25203250016,1
25203250017,1
25203250018,1
25203250019,1
25203250020,1
25203250021,1
25203250022,1
25203250023,1
25203250035,1
25203250036,1
252032510,1
252032520,1
252032530,1
252032540,1
252032550,1
252032560,1
252032570,1
252032580,1
252032590,1
252032600,1
252032610,1
252032620,1
252032630,1
252032640,1
252032650,1
252032660,1
252032670,1
252032680,1
252032690,1
252032700,1
252032740,1
252032750,1
252032760,1
252032770,1
252032780,1
252032790,1
252032800,1
252032810,1
252032820,1
252032830,1
252032840,1
252032850,1
252032860,1
252032870,1
252032880,1
252032890,1
252032900,1
252032910,1
252032920,1
252032930,1
252032940,1
252032950,1
252032960,1
252032970,1
252032980,1
252032990,1
252033000,1
252033010,1
252033020,1
252033030,1
252033040,1
252040010,4
252040020,4
252040030,4
252040040,4
252040050,4
252040060,4
252040070,4
252040080,4
252040090,4
252040100,4
252040110,4
252040120,4
252040130,4
252040140,4
252040150,4
252040160,4
252040170,4
252040180,4
252040190,4
252040200,4
252040210,4
252040220,4
252040230,4
252040240,4
252040250,4
252040260,4
252040270,4
252040280,4
252040290,4
252040300,4
252040310,4
252040320,4
252040330,4
252040340,4
252040350,4
252040360,4
252040370,4
252040380,4
252040390,4
252040400,4
252040410,4
252040420,4
252040430,4
252040440,4
252040450,4
252040460,4
252040470,4
252040480,4
252040490,4
252040500,4
252040510,4
252040520,4
252040530,4
252040540,4
252040550,4
252040560,4
252040570,4
252040580,4
252040590,4
252040600,4
252040610,4
252040620,4
252040630,4
252040640,4
252040650,4
252040660,4
252040670,4
252040680,4
252040690,4
252040700,4
252040710,4
252040720,4
252040730,4
252040740,4
252040750,4
252040760,4
252040770,4
252040780,4
252040790,4
252040800,4
252040810,4
252040820,4
252040830,4
252040840,4
252040850,4
252040860,4
252040870,4
252040880,4
252040890,4
252040900,4
252040910,4
252040920,4
252040930,4
252040940,4
252040950,4
252040960,4
252040970,4
252040980,4
252040990,4
25204100101,4
25204100102,4
25204100201,4
25204100203,4
25204100204,4
25204100301,4
25204100302,4
25204100303,4
25204100304,4
252041004,4
252041011,4
252041012,4
252041013,4
252041020,4
252041030,4
252041040,4
252041050,4
252041060,4
252041070,4
252041080,4
252041090,4
252041100,4
252041110,4
252041120,4
252041130,4
252041140,4
252041150,4
252041160,4
252041170,4
252041180,4
252041190,4
252041200,4
252041210,4
252041220,4
252041230,4
252041240,4
252041250,4
252041260,4
252041270,4
252041280,4
252041290,4
252041300,4
252041310,4
252041320,4
252041330,4
252041340,4
252041350,4
252041360,4
252041370,4
252041380,4
252041390,4
252041400,4
252041410,4
252041420,4
252041430,4
252041440,4
252041450,4
252041460,4
252041470,4
252041480,4
252041490,4
252041500,4
252041510,4
252041520,4
252041530,4
252041540,4
252041550,4
252041560,4
252041570,4
252041580,4
252041590,4
252041600,4
252041610,4
252041620,4
252041630,4
252041640,4
252041650,4
252041660,4
252041670,4
252041680,4
252041690,4
252041700,4
252041710,4
252041720,4
252041730,4
252041740,4
252041750,4
252041760,4
252060010,0
252060020,0
252060030,0
252060040,0
25206005101,0
25206005102,0
25206005103,0
25206005104,0
25206005105,0
25206005106,0
25206005107,0
25206005108,0
25206005201,0
25206005202,0
25206005203,0
25206005204,0
25206005205,0
25206005206,0
25206005207,0
25206005208,0
25206005209,0
25206010001,0
25206010002,0
25206010003,0
25206010004,0
25206010005,0
25206010006,0
25206010007,0
25206010008,0
25206014001,0
25206014002,0
25206014003,0
25206014004,0
25206018001,0
25206018002,0
25206018003,0
25206018004,0
25206022001,0
25206022002,0
25206024000,0
25206024001,0
25206025001,0
25206025002,0
25206027001,0
25206027002,0
25206027003,0
25206027004,0
25206031001,0
25206031002,0
25206031003,0
25206034001,0
25206034002,0
25206034003,0
252060370,0
25206038001,0
25206038002,0
25206040001,0
25206040002,0
252060420,0
25206043101,0
25206043102,0
25206043103,0
25206043104,0
25206043105,0
25206043201,0
25206043202,0
25206043203,0
25206043204,0
25206043205,0
25206043206,0
25206043207,0
25206043500,0
25206043501,0
25206043502,0
25206043601,0
25206043602,0
25206043603,0
25206043604,0
25206043605,0
25206043606,0
25206043607,0
25206043608,0
25206043609,0
25206043701,0
25206043702,0
25206043703,0
25206043704,0
25206043705,0
25206044101,0
25206044102,0
25206044103,0
25206044104,0
25206044201,0
25206044202,0
25206044203,0
25206044204,0
25206044205,0
25206044206,0
25206044207,0
25206044208,0
252060443,0
252060450,0
252060460,0
252060470,0
252060480,0
252060490,0
252060500,0
252060510,0
252060520,0
252060530,0
25206054001,0
25206054002,0
25206054003,0
25206054004,0
25206054005,0
25206058001,0
25206058002,0
25206058003,0
25206058004,0
25206058005,0
25206058006,0
25206058007,0
25206058008,0
252060590,0
25206060001,0
25206060002,0
25206060003,0
25206060004,0
25206060005,0
25206060006,0
252060660,0
25206070001,0
25206070002,0
25206070003,0
25206070004,0
252060710,0
252060720,0
252060730,0
252060740,0
252060750,0
252060760,0
252060770,0
252060780,0
252060790,0
252060800,0
252060810,0
252060820,0
252060830,0
252060840,0
252060850,0
25207001101,0
25207001102,0
25207001103,0
25207001104,0
252070012,0
25207002101,0
25207002102,0
25207002103,0
25207002104,0
25207002105,0
25207002106,0
252070022,0
25207003101,0
25207003102,0
25207003103,0
252070032,0
25207004108,0
25207004109,0
25207004201,0
25207004202,0
25207004203,0
25207004204,0
25207004205,0
25207004206,0
25207004207,0
252070050,0
252070060,0
25207007001,0
25207007002,0
25207007003,0
252070080,0
25207009101,0
25207009102,0
25207009103,0
25207009104,0
25207009105,0
25207009106,0
252070092,0
252070100,0
252070110,0
252070120,0
25207013001,0
25207013002,0
25207014001,0
25207014002,0
252070150,0
252070160,0
252070170,0
252070180,0
25207019001,0
25207019002,0
252070200,0
252070210,0
252070220,0
252070230,0
252070240,0
252070250,0
252070260,0
252070270,0
252070280,0
25207029001,0
25207029002,0
25207029003,0
25207030001,0
25207030002,0
25207030003,0
25207030004,0
25207030005,0
25207031001,0
25207031002,0
25207032001,0
25207032002,0
25207033001,0
25207033002,0
252070340,0
25207035001,0
25207035002,0
25207035003,0
25207036001,0
25207036002,0
25207037001,0
25207037002,0
25207037003,0
25207037004,0
25207038001,0
25207038002,0
25207038003,0
25207039001,0
25207039002,0
25207039003,0
25207039004,0
25207039005,0
252070400,0
252070410,0
252070420,0
252070430,0
252070440,0
252070450,0
252080010,0
252080020,0
252080030,0
252080040,0
252080050,0
25208006001,0
25208006002,0
25208006003,0
25208006004,0
25208006005,0
25208006006,0
25208006007,0
25208006008,0
25208006009,0
252080070,0
252080080,0
25208009101,0
25208009102,0
25208009103,0
25208009104,0
25208009105,0
25208009106,0
25208009107,0
25208009108,0
25208009109,0
25208009110,0
25208010001,0
25208010002,0
25208010003,0
252080110,0
252080120,0
252080130,0
252080140,0
25208015001,0
25208015002,0
25208015003,0
25208015004,0
25208015005,0
25208015006,0
25208015007,0
25208015008,0
25208016001,0
25208016002,0
25208016003,0
25208016004,0
25208016005,0
25208016006,0
25208016007,0
252080170,0
252080180,0
252080190,0
252080201,0
252080202,0
252080210,0
252080220,0
252080230,0
252080240,0
252080250,0
252080260,0
252080270,0
25208028101,0
25208028102,0
25208028103,0
25208028104,0
25208028105,0
25208028106,0
25208028107,0
25208028108,0
25208028109,0
25208028110,0
252080290,0
252080300,0
25208031001,0
25208031002,0
25208031003,0
25208031004,0
25208032001,0
25208032002,0
25208032003,0
25208032004,0
25208032005,0
25208032006,0
252080330,0
252080340,0
252090010,8
252090020,8
252090030,8
252090040,8
252090050,8
252090062,8
25209006401,8
25209006402,8
252090065,8
252090070,8
252090080,8
252090090,8
252090100,8
252090110,8
25209012101,8
25209012102,8
25209012200,8
25209012203,8
25209012204,8
252090130,8
252090140,8
252090150,8
252090160,8
252090170,8
252090180,8
252090200,8
252090210,8
252090220,8
252090230,8
252090240,8
252090250,8
252090260,8
252090270,8
252090280,8
252090290,8
252090300,8
252090310,8
252090320,8
252090330,8
25209034001,8
25209034002,8
25209034003,8
252090370,8
252090380,8
252090390,8
252090400,8
252090410,8
252090420,8
25209043001,8
25209043002,8
252090450,8
252090460,8
252090470,8
252090480,8
252090490,8
252090500,8
252090510,8
252090520,8
252090530,8
252090540,8
252090550,8
252090560,8
252090570,8
252090580,8
252090591,8
252090592,8
252090600,8
252090610,8
252090620,8
252090630,8
252090640,8
252090650,8
252090660,8
252090670,8
252090680,8
252090690,8
252090700,8
252090710,8
252090720,8
252090730,8
252090740,8
252090750,8
252090760,8
252090770,8
252090780,8
252090790,8
252090800,8
252090810,8
252090820,8
252090830,8
252090840,8
252090850,8
252090860,8
252090870,8
252090880,8
252090890,8
252090900,8
252090910,8
252090920,8
252090930,8
252090940,8
252090950,8
252090960,8
252090970,8
252090980,8
252090990,8
252091000,8
252091010,8
252091020,8
252091030,8
252091040,8
252091050,8
252091060,8
252091070,8
252091080,8
25209109001,8
25209109023,8
252091100,8
252091110,8
25209112002,8
25209112003,8
252091130,8
252091140,8
252091150,8
252091160,8
252091170,8
252091180,8
252091190,8
252091200,8
252091210,8
252091220,8
252091230,8
252091240,8
252091250,8
252091260,8
252091270,8
25209128001,8
25209128002,8
25209128003,8
25209128004,8
25209129001,8
25209129002,8
25209129003,8
25209129004,8
25209129005,8
25209129006,8
25209129007,8
25209129008,8
25209129009,8
25209129010,8
25209130001,8
25209130002,8
25209130003,8
25209130004,8
25209130005,8
252091310,8
252091320,8
252091330,8
252091340,8
252091350,8
252091360,8
252091370,8
252091380,8
252091390,8
252091400,8
252091410,8
252091420,8
252091430,8
252091440,8
252091450,8
252091460,8
252091470,8
252091480,8
252091490,8
252091500,8
252091510,8
252091520,8
252091530,8
252100010,0
252100020,0
252100030,0
252100040,0
252100050,0
252100060,0
252100070,0
252100080,0
252100090,0
252100100,0
252100110,0
252100120,0
252100130,0
252100140,0
25210016001,0
25210016002,0
252100170,0
252100180,0
252100190,0
252100200,0
252100210,0
252100220,0
252100230,0
252100240,0
25210025001,0
25210025002,0
252100260,0
252100270,0
252100271,0
252100280,0
252100290,0
252100300,0
252100310,0
252100320,0
252100330,0
252100340,0
252100350,0
252100360,0
252100370,0
252100380,0
252100390,0
252100400,0
252100410,0
252100420,0
252100430,0
252100440,0
252100450,0
252100460,0
252100470,0
252100480,0
252100490,0
252100500,0
25210051001,0
25210051002,0
25210051003,0
25210051004,0
25210051005,0
25210051006,0
252100520,0
252100530,0
252110010,0
252110020,0
252110030,0
252110040,0
25211005101,0
25211005102,0
25211005103,0
252110052,0
25211006101,0
25211006102,0
25211006103,0
25211006104,0
252110062,0
25211007001,0
25211007002,0
25211007003,0
25211007004,0
25211007005,0
252110120,0
252110130,0
252110140,0
25211015301,0
25211015302,0
25211015401,0
25211015402,0
25211015403,0
25211015404,0
25211015601,0
25211015602,0
25211015603,0
25211015604,0
25211015701,0
25211015702,0
25211015703,0
25211015704,0
25211015705,0
25211015706,0
25211015801,0
25211015802,0
25211015803,0
25211015804,0
25211015805,0
25211015806,0
25211015807,0
252110159,0
252110160,0
252110170,0
25211018001,0
25211018002,0
25211018003,0
25211018004,0
252110220,0
252110230,0
252110240,0
252110250,0
252110260,0
252110261,0
252110270,0
252110280,0
25211029001,0
25211029002,0
25211029003,0
25211030101,0
25211030102,0
25211030201,0
25211030202,0
25211030203,0
25211030204,0
25211030205,0
25211030301,0
25211030302,0
25211030303,0
25211030304,0
25211030401,0
25211030402,0
252110305,0
25211031100,0
25211031101,0
25211031102,0
25211031103,0
25211031104,0
25211031105,0
25211032100,0
25211032101,0
25211032102,0
25211032103,0
25211032104,0
25211032105,0
25211032106,0
25211032107,0
25211033001,0
25211033002,0
25211034001,0
25211034002,0
25211034003,0
25211034004,0
25211035001,0
25211035002,0
25211036001,0
25211036002,0
25211036003,0
25211037001,0
25211037002,0
25211037003,0
25211037004,0
25211037005,0
25211037006,0
25211038001,0
25211038002,0
25211038003,0
25211038004,0
25211038005,0
25211038006,0
25211038007,0
25211038008,0
25211039001,0
25211039002,0
25211039003,0
25211039004,0
25211039005,0
25211039006,0
25211039007,0
25211039008,0
25211040001,0
25211040002,0
25211041001,0
25211041002,0
25211041003,0
25211041004,0
25212001001,1
25212001002,1
25212001003,1
25212001004,1
25212001005,1
25212001006,1
252120020,1
252120030,1
252120040,1
252120050,1
252120060,1
252120070,1
252120080,1
252120090,1
252120100,1
252120110,1
252120120,1
252120130,1
252120140,1
252120150,1
252120160,1
252120170,1
252120180,1
252120190,1
252120200,1
252120210,1
252120220,1
25212023001,1
25212023002,1
252120240,1
252120250,1
252120260,1
252120270,1
252120280,1
252120290,1
252120300,1
252120310,1
252120320,1
25212033001,1
25212033002,1
25212034001,1
25212034002,1
25212035001,1
25212035002,1
25212036001,1
25212036002,1
25212037001,1
25212037002,1
25212038001,1
25212038002,1
25212039001,1
25212039002,1
252120400,1
252120410,1
252120420,1
252120430,1
252120440,1
252120450,1
252120460,1
252120470,1
252120480,1
252120490,1
252120500,1
252120510,1
252120520,1
252120530,1
252120540,1
252120550,1
252120560,1
252120570,1
252120580,1
252120590,1
252120600,1
252120610,1
252120620,1
252120630,1
252120640,1
252120650,1
252120660,1
252120670,1
252120680,1
252120690,1
252120700,1
252120710,1
252120720,1
252120730,1
252120740,1
252120750,1
252120760,1
252120770,1
252120780,1
252120790,1
252120800,1
252120810,1
252120820,1
252120830,1
252120840,1
252120850,1
252120860,1
252120870,1
25212088001,1
25212088002,1
25212088003,1
25212088004,1
25212089001,1
25212089002,1
25212089003,1
25212089004,1
252120900,1
252120910,1
252120920,1
252120930,1
252120940,1
252120950,1
252120960,1
252120970,1
252120980,1
252120990,1
25212100001,1
25212100002,1
252121010,1
252121020,1
252121030,1
252121040,1
252121050,1
252121060,1
252121070,1
252121080,1
252121090,1
252121100,1
252121110,1
252121120,1
25212113001,1
25212113002,1
25212113003,1
25212114101,1
25212114102,1
252121142,1
25212115101,1
25212115102,1
252121152,1
25212116101,1
25212116102,1
25212116103,1
252121162,1
252121170,1
252121180,1
252121190,1
25212120001,1
25212120002,1
252121210,1
25212122001,1
25212122002,1
252121230,1
252121240,1
252121250,1
252121260,1
252130010,4
252130020,4
252130030,4
252130040,4
252130050,4
252130060,4
252130070,4
252130080,4
252130090,4
252130100,4
252130110,4
252130120,4
252130130,4
252130140,4
252130150,4
252130160,4
252130170,4
252130180,4
252130190,4
252130200,4
252130210,4
252130220,4
252130230,4
252130240,4
252130250,4
252130260,4
252130270,4
252130280,4
252130290,4
252130300,4
252130310,4
252130320,4
252130330,4
25213034001,4
25213034002,4
252130360,4
252130370,4
252130380,4
252130390,4
252130400,4
252130410,4
252130420,4
252130430,4
252130440,4
252130450,4
252130460,4
252130470,4
252130480,4
252130490,4
252130500,4
252130510,4
252130520,4
252130530,4
252130540,4
252130550,4
252130560,4
252130570,4
252130580,4
25213059001,4
25213059002,4
25213059003,4
25213062001,4
25213062002,4
25213062003,4
252130650,4
252130660,4
252130670,4
252130680,4
252130690,4
252130700,4
252130710,4
252130720,4
252130730,4
25213074001,4
25213074002,4
25213074003,4
25213074004,4
25213074005,4
25213079001,4
25213079002,4
25213079003,4
25213079004,4
25213079005,4
25213084001,4
25213084002,4
252130850,4
252130860,4
252130870,4
25213088001,4
25213088002,4
252130890,4
252130900,4
252130910,4
252130920,4
252130930,4
25213094000,4
25213094001,4
25213094100,4
25213094101,4
252130950,4
252130960,4
252130970,4
252130980,4
252130990,4
252131000,4
252131010,4
252131020,4
252131030,4
252131040,4
252131050,4
252131060,4
252131070,4
252131080,4
252131090,4
252131100,4
252131110,4
252131120,4
252131130,4
252131140,4
252131150,4
252131160,4
252131170,4
252131180,4
252131190,4
252131200,4
252131210,4
252131220,4
252131230,4
252131240,4
252131250,4
252131260,4
252131270,4
252131280,4
252131290,4
252131300,4
252131310,4
252131320,4
252131330,4
252131340,4
252131350,4
252131360,4
252131370,4
252131380,4
252131390,4
252131400,4
252131410,4
252131420,4
252131430,4
252131440,4
252131450,4
252131460,4
252131470,4
252131480,4
252131490,4
252131500,4
252131510,4
252131520,4
252131530,4
252131540,4
252131550,4
252131560,4
252131570,4
252131580,4
252131590,4
252131600,4
252131610,4
252131620,4
252131630,4
252131640,4
252131650,4
252131660,4
252131670,4
252131680,4
252131690,4
252131700,4
252131710,4
252131720,4
252131730,4
252131740,4
252131750,4
252131760,4
252131770,4
252131780,4
252131790,4
252131800,4
252131810,4
252131820,4
252131830,4
252131840,4
252131850,4
252131860,4
252131870,4
252131880,4
252131890,4
252131900,4
252131910,4
252131920,4
252131930,4
252131940,4
252131950,4
252131960,4
252131970,4
252131980,4
252131990,4
252132000,4
252132010,4
252132020,4
252132030,4
252132040,4
252132050,4
252132060,4
252132070,4
252132080,4
252132090,4
252132100,4
252132110,4
252132120,4
252132130,4
252132140,4
252132150,4
252132160,4
252132170,4
252132180,4
252132190,4
252132200,4
252132210,4
252132220,4
252132230,4
252132240,4
252132250,4
252132260,4
252132270,4
252132280,4
252132290,4
252132300,4
252132310,4
252132320,4
252132330,4
252132340,4
252132350,4
252132360,4
252132370,4
252132380,4
252132390,4
252132400,4
252140010,4
252140020,4
252140030,4
25214004001,4
25214004002,4
252140050,4
25214006001,4
25214006002,4
25214007001,4
25214007002,4
252140080,4
252140090,4
252140100,4
252140110,4
252140120,4
252140130,4
252140140,4
252140150,4
252140160,4
252140170,4
252140180,4
252140190,4
252140200,4
25214021001,4
25214021002,4
252140220,4
252140230,4
252140240,4
252140250,4
252140260,4
252140270,4
252140280,4
252140290,4
252140300,4
252140310,4
252140320,4
252140330,4
252140340,4
252140350,4
252140360,4
252140370,4
252140380,4
252140390,4
252140400,4
252140410,4
252140420,4
252140430,4
252140440,4
252140450,4
252140460,4
252140470,4
252140480,4
252140490,4
252140500,4
252140510,4
252140520,4
252140530,4
252140540,4
252140550,4
252140560,4
252140570,4
252140580,4
252140590,4
252140600,4
252140610,4
252140620,4
252140630,4
252140640,4
252140650,4
252140660,4
252140670,4
252140680,4
252140690,4
252140700,4
252140710,4
252140720,4
252140730,4
252140740,4
252140750,4
252140760,4
252140770,4
252140780,4
252140790,4
252140800,4
252140810,4
252140820,4
25214083001,4
25214083002,4
252140840,4
252140850,4
252140860,4
252140870,4
252140880,4
252140890,4
252140900,4
252140910,4
25383001001,4
25383001002,4
25383001003,4
25383001004,4
25383001005,4
253830020,4
253830030,4
253830040,4
253830050,4
25383006001,4
25383006002,4
25383006003,4
25383006004,4
25383006005,4
253830070,4
25383008001,4
25383008002,4
25383008003,4
25383009001,4
25383009002,4
25383009003,4
253830100,4
253830110,4
253830120,4
253830130,4
253830140,4
253830150,4
253830160,4
253830170,4
253830180,4
253830190,4
253830200,4
253830210,4
253830220,4
253830230,4
253830240,4
253830250,4
25383026001,4
25383026002,4
25383026003,4
25383026004,4
253830270,4
253830280,4
253830290,4
253830300,4
253830310,4
253830320,4
253830330,4
25383034001,4
25383034002,4
25383034003,4
25383034004,4
25383034005,4
25383034006,4
25383034007,4
253830350,4
253830360,4
253830370,4
25383038001,4
25383038002,4
253830390,4
25383040001,4
25383040002,4
25383040003,4
25383041001,4
25383041002,4
25383042001,4
25383042002,4
253830430,4
253830440,4
253830450,4
253830460,4
253830470,4
253830480,4
25383049001,4
25383049002,4
253830500,4
25383051001,4
25383051002,4
25383051003,4
25383051004,4
25383051005,4
25383052001,4
25383052002,4
25383052003,4
25383052004,4
253830530,4
253830540,4
253830550,4
253830560,4
253830570,4
253830580,4
253830590,4
253830600,4
253830610,4
253830620,4
253830630,4
253840010,0
253840020,0
253840030,0
253840040,0
253840050,0
253840060,0
253840070,0
253840080,0
253840090,0
253840100,0
253840110,0
253840120,0
253840130,0
253840140,0
253840150,0
253840160,0
253840170,0
253840180,0
253840190,0
253840200,0
253840210,0
253840220,0
253840230,0
253840240,0
254250010,4
254250020,4
254250030,4
254250040,4
254250050,4
254250060,4
254250070,4
254250080,4
254250090,4
254250100,4
254250110,4
254250120,4
254250130,4
254250140,4
254250150,4
254250160,4
254250170,4
254250180,4
254250190,4
254250200,4
254250210,4
254250220,4
254250230,4
254250240,4
254250250,4
254250260,4
254250270,4
254250280,4
254250290,4
254250300,4
254250310,4
254250320,4
254250330,4
254250340,4
254250350,4
254250360,4
254250370,4
254250380,4
254250390,4
254250400,4
254250410,4
254250420,4
254410010,4
254410020,4
254410030,4
254410040,4
254410050,4
254410060,4
254410070,4
254410080,4
254410090,4
254410100,4
254410110,4
254410120,4
254410130,4
254410140,4
254410150,4
254410160,4
254420010,4
254420020,4
254420030,4
254420040,4
254420050,4
254420060,4
254420070,4
254420080,4
254420090,4
25442010001,4
25442010002,4
254420120,4
254420130,4
254430010,4
254430020,4
254430030,4
254430040,4
254430050,4
254430060,4
254430070,4
254430080,4
254430090,4
254430100,4
254430110,4
254430120,4
254430130,4
254430140,4
254430150,4
254430160,4
254430170,4
254430180,4
254430190,4
254430200,4
254430210,4
254430220,4
254430230,4
254430240,4
254430250,4
254430260,4
254430270,4
254430280,4
254430290,4
254430300,4
254430310,4
254430320,4
254430330,4
254430340,4
254430350,4
254430360,4
254430370,4
254430380,4
254430390,4
26,1
26101001001,6
26101001002,6
26101001003,6
26101001004,6
26101001005,6
26101001006,6
26101001007,6
26101001008,6
26101001009,6
26101001010,6
26101001011,6
26101001012,6
26101001013,6
26101001014,6
26101001015,6
26101001016,6
26101001017,6
26101001018,6
26101001019,6
26101001020,6
26101001021,6
26101001022,6
26101002001,6
26101002002,6
26101002003,6
26101002004,6
26101002005,6
26101002006,6
26101002007,6
26101002008,6
26101002009,6
26101002010,6
26101002011,6
26101002012,6
26101002013,6
26101002014,6
26101002015,6
26101002016,6
26101002017,6
26101002018,6
26101002019,6
26101002020,6
26101002021,6
26101002022,6
26101002023,6
26101002024,6
26101002025,6
26101002026,6
26101003001,6
26101003002,6
26101003003,6
26101003004,6
26101003005,6
26101003006,6
26101003007,6
26101003008,6
26101003009,6
26101003010,6
26101003011,6
26101003012,6
26101003013,6
26101003014,6
26101003015,6
26101003016,6
26101003017,6
26101003018,6
26101003019,6
26101003020,6
26101003021,6
26101003022,6
26101004001,6
26101004002,6
26101004003,6
26101004004,6
26101004005,6
26101004006,6
26101004007,6
26101004008,6
26101004009,6
26101004010,6
26101004011,6
26101004012,6
26101004013,6
26101004014,6
26101004015,6
26101004016,6
26101004017,6
26101005001,6
26101005002,6
26101005003,6
26101005004,6
26101005005,6
26101005006,6
26101005007,6
26101005008,6
26101005009,6
26101005010,6
26101006001,6
26101006002,6
26101006003,6
26101006004,6
26101006005,6
26101006006,6
26101006007,6
26101006008,6
26101006009,6
26101006010,6
26101006011,6
26101006012,6
26101006013,6
26101006014,6
26101006015,6
26101006016,6
26101006017,6
26101006018,6
26101006019,6
26101006020,6
26101006021,6
26101006022,6
26101006023,6
26101006024,6
26101006025,6
26101006026,6
26101006027,6
26101006028,6
26101006029,6
26101006030,6
26101006031,6
26101006032,6
26101006033,6
26101006034,6
26101006035,6
26101006036,6
26101006037,6
26101006038,6
26101006039,6
26101006040,6
26101006041,6
26101006042,6
26101007001,6
26101007002,6
26101007003,6
26101007004,6
26101007005,6
26101007006,6
26101007007,6
26101007008,6
26101007009,6
26101007010,6
26101007011,6
26101007012,6
26101007013,6
26101007014,6
26101007015,6
26101007016,6
26101007017,6
26101007018,6
26101007019,6
26101007020,6
26101007021,6
26101007022,6
26101007023,6
26101007024,6
26101007025,6
26101007026,6
26101007027,6
26101007028,6
26101007029,6
26101007030,6
26101007031,6
26101007032,6
26101007033,6
26101007034,6
26101007035,6
26101007036,6
26101007037,6
26101007038,6
26101007039,6
26101007040,6
26101007041,6
26101007042,6
26101007043,6
26101007044,6
26101007045,6
26101007046,6
26101007047,6
26101007048,6
26101007049,6
26101007050,6
26101007051,6
26101007052,6
26101007053,6
26101007054,6
26101007056,6
26101007057,6
26101007058,6
26101007059,6
26101007060,6
26101007061,6
26101007062,6
26101007063,6
26101007064,6
26101007065,6
26101007066,6
26101007067,6
26101007068,6
26101007069,6
26101007070,6
26101007071,6
26101007072,6
26101007073,6
26101007074,6
26101007075,6
26101007076,6
26101007077,6
26101007078,6
26101007079,6
26101007080,6
26101007081,6
26101007082,6
26101007083,6
26101008001,6
26101008002,6
26101008003,6
26101008004,6
26101008005,6
26101008006,6
26101008007,6
26101008008,6
26101008009,6
26101008010,6
26101008011,6
26101008012,6
26101008013,6
26101008014,6
26101008015,6
26101008016,6
26101008017,6
26101008018,6
26101008019,6
26101008020,6
26101008021,6
26101008022,6
26101008023,6
26101008024,6
26101008025,6
26101008026,6
26101008027,6
26101008028,6
26101008029,6
26101008030,6
26101008031,6
26101008032,6
26101008033,6
26101008034,6
26101008035,6
26101008036,6
26101008037,6
26101008038,6
26101008039,6
26101008040,6
26101008041,6
26101008042,6
26101008043,6
26101008044,6
26101008045,6
26101008046,6
26101008047,6
26101008048,6
26101008049,6
26101008050,6
26101009001,6
26101009002,6
26101009003,6
26101009004,6
26101009005,6
26101009006,6
26101009007,6
26101009008,6
26101009009,6
26101009010,6
26101009011,6
26101009012,6
26101009013,6
26101009014,6
26101009015,6
26101009016,6
26101009017,6
26101009018,6
26101009019,6
26101009020,6
26101009021,6
26101009022,6
26101009023,6
26101009024,6
26101009025,6
26101009026,6
26101009027,6
26101009028,6
26101009029,6
26101009030,6
26101009031,6
26101009032,6
26101009033,6
26101009034,6
26101010001,6
26101010002,6
26101010003,6
26101010004,6
26101010005,6
26101010006,6
26101010007,6
26101010008,6
26101010009,6
26101010010,6
26101010011,6
26101010012,6
26101011001,6
26101011002,6
26101011003,6
26101011004,6
26101011005,6
26101011006,6
26101011007,6
26101011008,6
26101011009,6
26101011010,6
26101011011,6
26101011012,6
26101011013,6
26101011014,6
26101011015,6
26101011016,6
26101011017,6
26101011018,6
26101011019,6
26101011020,6
26101011021,6
26101011022,6
26101011023,6
26101011024,6
26101011025,6
26101012001,6
26101012002,6
26101012003,6
26101012004,6
26101012005,6
26101012006,6
26101012007,6
26101012008,6
26101013001,6
26101013002,6
26101013003,6
26101013004,6
26101013005,6
26101014001,6
26101014002,6
26101014003,6
26101014004,6
26101014005,6
26101014006,6
26101014007,6
26101014008,6
26101014009,6
26101014010,6
26101015001,6
26101015002,6
26101015003,6
26101015004,6
26101015005,6
26101015006,6
26101015007,6
26101015008,6
26101015009,6
26101015010,6
26101015011,6
26101015012,6
26101015013,6
26101015014,6
26101015015,6
26101015016,6
26101015017,6
26101015018,6
26101015019,6
26101016001,6
26101016002,6
26101016003,6
26101016004,6
26101016005,6
26101016006,6
26101016007,6
26101016008,6
26101016009,6
26101016010,6
26101016011,6
26101016012,6
26101016013,6
26101016014,6
26101016015,6
26101016016,6
26101016017,6
26101016018,6
26101016019,6
26101016020,6
26101016021,6
26101016022,6
26101016023,6
26101016024,6
26101016025,6
26101016026,6
26101016027,6
26101016028,6
26101016029,6
26101016030,6
26101016031,6
26101016032,6
26101017001,6
26101017002,6
26101017003,6
26101017004,6
26101017005,6
26101017006,6
26101017007,6
26101017008,6
26101017009,6
26101017010,6
26101017011,6
26101017012,6
26101017013,6
26101017014,6
26101017015,6
26101018001,6
26101018002,6
26101018003,6
26101018004,6
26101018005,6
26101018006,6
26101018007,6
26101018008,6
26101018009,6
26101018010,6
26101018011,6
26101018012,6
26101018013,6
26101018014,6
26101018015,6
26101018016,6
26101019001,6
26101019002,6
26101019003,6
26102001001,3
26102001002,3
26102001003,3
26102001004,3
26102001005,3
26102001006,3
26102001007,3
26102001008,3
26102001009,3
26102001010,3
26102001011,3
26102001012,3
26102001013,3
26102001014,3
26102001015,3
26102001016,3
26102001017,3
26102001018,3
26102001019,3
26102001020,3
26102001021,3
26102001022,3
26102001023,3
26102001024,3
26102001025,3
26102001026,3
26102001027,3
26102001028,3
26102001029,3
26102001030,3
26102001031,3
26102002001,3
26102002002,3
26102002003,3
26102002004,3
26102002005,3
26102002006,3
26102002007,3
26102002008,3
26102002009,3
26102002010,3
26102002011,3
26102002012,3
26102002013,3
26102002014,3
26102002015,3
26102002016,3
26102002017,3
26102002018,3
26102002019,3
26102002020,3
26102002021,3
26102002022,3
26102002023,3
26102002024,3
26102002025,3
26102002026,3
26102002027,3
26102002028,3
26102002029,3
26102002030,3
26102002031,3
26102002032,3
26102002033,3
26102002034,3
26102002035,3
26102002036,3
26102002037,3
26102002038,3
26102002039,3
26102002040,3
26102002041,3
26102002042,3
26102002043,3
26102002044,3
26102002045,3
26102002046,3
26102003001,3
26102003002,3
26102003003,3
26102003004,3
26102003005,3
26102003006,3
26102003007,3
26102003008,3
26102003009,3
26102003010,3
26102003011,3
26102003012,3
26102003013,3
26102003014,3
26102003015,3
26102003016,3
26102003017,3
26102003018,3
26102003019,3
26102003020,3
26102003021,3
26102003022,3
26102003023,3
26102003024,3
26102003025,3
26102003026,3
26102003027,3
26102003028,3
26102003029,3
26102003030,3
26102003031,3
26102003032,3
26102003033,3
26102003034,3
26102003035,3
26102003036,3
26102004001,3
26102004002,3
26102004003,3
26102004004,3
26102004005,3
26102004006,3
26102004007,3
26102004008,3
26102004009,3
26102004010,3
26102004011,3
26102004012,3
26102004013,3
26102004014,3
26102004015,3
26102004016,3
26102004017,3
26102004018,3
26102004019,3
26102004020,3
26102004021,3
26102004022,3
26102004023,3
26102004024,3
26102004025,3
26102004026,3
26102004027,3
26102004028,3
26102004029,3
26102004030,3
26102005001,3
26102005002,3
26102005003,3
26102005004,3
26102005005,3
26102005006,3
26102005007,3
26102005008,3
26102005009,3
26102005010,3
26102005011,3
26102005012,3
26102005013,3
26102005014,3
26102005015,3
26102005016,3
26102005017,3
26102005018,3
26102005019,3
26102005020,3
26102005021,3
26102005022,3
26102005023,3
26102005024,3
26102005025,3
26102005026,3
26102005027,3
26102005028,3
26102005029,3
26102005030,3
26102005031,3
26102005032,3
26102005033,3
26102005034,3
26102005035,3
26102005036,3
26102006001,3
26102006002,3
26102006003,3
26102006004,3
26102006005,3
26102006006,3
26102006007,3
26102006008,3
26102006009,3
26102006010,3
26102006011,3
26102006012,3
26102006013,3
26102006014,3
26102006015,3
26102006016,3
26102006017,3
26102006018,3
26102006019,3
26102006020,3
26102006021,3
26102006022,3
26102006023,3
26102007001,3
26102007002,3
26102007003,3
26102007004,3
26102007005,3
26102007006,3
26102007007,3
26102007008,3
26102007009,3
26102007010,3
26102007011,3
26102007012,3
26102007013,3
26102007014,3
26102007015,3
26102007016,3
26102007017,3
26102007018,3
26102007019,3
26102007020,3
26102007021,3
26102007022,3
26102007023,3
26102007024,3
26102007025,3
26102007026,3
26102008001,3
26102008002,3
26102008003,3
26102008004,3
26102008005,3
26102008006,3
26102008007,3
26102008008,3
26102008009,3
26102008010,3
26102008011,3
26102008012,3
26102008013,3
26102008014,3
26102008015,3
26102008016,3
26102008017,3
26102008018,3
26102008019,3
26102008020,3
26102008021,3
26102008022,3
26102008023,3
26102008024,3
26102008025,3
26102008026,3
26102008027,3
26102009001,3
26102009002,3
26102009003,3
26102009004,3
26102009005,3
26102009006,3
26102009007,3
26102009008,3
26102009009,3
26102009010,3
26102009011,3
26102009012,3
26102009013,3
26102009014,3
26102009015,3
26102009016,3
26102009017,3
26102009018,3
26102009019,3
26102009020,3
26102009021,3
26102009022,3
26102009023,3
26102009024,3
26102009025,3
26102009026,3
26102009027,3
26102010012,3
26102010013,3
26102010014,3
26102010015,3
26102010016,3
26102010017,3
26102010018,3
26102010019,3
26102010020,3
26102010021,3
26102010022,3
26102010023,3
26102010024,3
26102010025,3
26102010026,3
26102010027,3
26102010028,3
26102010029,3
26102010030,3
26102010031,3
26102010032,3
26102010033,3
26102010034,3
26102010035,3
26102010036,3
26102010037,3
26102010038,3
26102010039,3
26102010040,3
26102010041,3
26102010042,3
26102010043,3
26102010044,3
26102010045,3
26102010046,3
26102010047,3
26102010048,3
26102010049,3
26102010050,3
26102010051,3
26102010052,3
26102010053,3
26102010054,3
26102010055,3
26102010056,3
26102010057,3
26102010058,3
26102010059,3
26102010060,3
26102010061,3
26102010062,3
26102011001,3
26102011002,3
26102011003,3
26102011004,3
26102011005,3
26102011006,3
26102011007,3
26102011008,3
26102011009,3
26102011010,3
26102011011,3
26102011012,3
26102011013,3
26102011014,3
26102011015,3
26102011016,3
26102011017,3
26102011018,3
26102011019,3
26102011020,3
26102011021,3
26102011022,3
26102011023,3
26102011024,3
26102011025,3
26102011026,3
26102011027,3
26102011028,3
26102011029,3
26102011030,3
26102011031,3
26102011032,3
26102011033,3
26102011034,3
26102011035,3
26102011036,3
26102011037,3
26102011038,3
26102011039,3
26102011040,3
26102011041,3
26102011042,3
26102011043,3
26102011044,3
26102011045,3
26102011046,3
26102012001,3
26102012002,3
26102012003,3
26102012004,3
26102012005,3
26102012006,3
26102012007,3
26102012008,3
26102012009,3
26102012010,3
26102012011,3
26102012012,3
26102012013,3
26102012014,3
26102012015,3
26102012016,3
26102012017,3
26102012018,3
26102012019,3
26102012020,3
26102012021,3
26102013001,3
26102013002,3
26102013003,3
26102013004,3
26102013005,3
26102013006,3
26102013007,3
26102013008,3
26102013009,3
26102013010,3
26102013011,3
26102013012,3
26102013013,3
26102013014,3
26102013015,3
26102013016,3
26102013017,3
26102013018,3
26102013019,3
26102013020,3
26102013021,3
26102013022,3
26102013023,3
26102013024,3
26102013025,3
26102013026,3
26102013027,3
26102013028,3
26102013029,3
26102013030,3
26102013031,3
26102013032,3
26102013033,3
26102013034,3
26102013035,3
26102013036,3
26102013037,3
26102013038,3
26102013039,3
26102013040,3
26102013041,3
26102013042,3
26102013043,3
26102014001,3
26102014002,3
26102014003,3
26102014004,3
26102014005,3
26102014006,3
26102014007,3
26102014008,3
26102014009,3
26102014010,3
26102014011,3
26102014012,3
26102014013,3
26102014014,3
26102014015,3
26102014016,3
26102014017,3
26102014018,3
26102014019,3
26102014020,3
26102014021,3
26102014022,3
26102014023,3
26102014024,3
26102014025,3
26102014026,3
26102014027,3
26102014028,3
26102014029,3
26102015001,3
26102015002,3
26102015003,3
26102015004,3
26102015005,3
26102015006,3
26102015007,3
26102015008,3
26102015009,3
26102015010,3
26102015011,3
26102015012,3
26102015013,3
26102015014,3
26102015015,3
26102015016,3
26102015017,3
26102015018,3
26102015019,3
26102015020,3
26102015021,3
26102015022,3
26102015023,3
26102015024,3
26102015025,3
26102015026,3
26102015027,3
26102015028,3
26102015029,3
26102015030,3
26102015031,3
26102015032,3
26102015033,3
26102015034,3
26102015035,3
26102015036,3
26102015037,3
26102015038,3
26102015039,3
26102015040,3
26102016001,3
26102016002,3
26102016003,3
26102016004,3
26102016005,3
26102016006,3
26102016007,3
26102016008,3
26102016009,3
26102016010,3
26102016011,3
26102016012,3
26102016013,3
26102016014,3
26102016015,3
26102016016,3
26102016017,3
26102016018,3
26102016019,3
26102016020,3
26102016021,3
26102016022,3
26102016023,3
26102016024,3
26102016025,3
26102016026,3
26102016027,3
26102016028,3
26102016029,3
26102016030,3
26102016031,3
26102016032,3
26102016033,3
26102016034,3
26102017001,3
26102017002,3
26102017003,3
26102017004,3
26102017005,3
26102017006,3
26102017007,3
26102017008,3
26102017009,3
26102017010,3
26102017011,3
26102017012,3
26102017013,3
26102017014,3
26102017015,3
26102017016,3
26102017017,3
26102017018,3
26102017019,3
26102017020,3
26102017021,3
26102017022,3
26102017023,3
26102017024,3
26102017025,3
26102017026,3
26102017027,3
26102017028,3
26102017029,3
26102017030,3
26102017031,3
26102017032,3
26102017033,3
26102017034,3
26102017035,3
26102017036,3
26102017037,3
26103001101,6
26103001102,6
26103001103,6
26103001104,6
26103001106,6
26103001108,6
26103001109,6
26103001111,6
26103001201,6
26103001202,6
26103001203,6
26103001204,6
26103001205,6
26103001208,6
26103001209,6
26103001212,6
26103001213,6
26103001302,6
26103001304,6
26103001306,6
26103001307,6
26103001308,6
26103001310,6
26103001313,6
26103001314,6
26103001315,6
26103001316,6
26103001317,6
26103001318,6
26103001319,6
26103001320,6
26103001321,6
26103001322,6
26103001323,6
26103001324,6
26103001325,6
26103001326,6
26103001327,6
26103001328,6
26103001329,6
26103001330,6
26103001331,6
26103001332,6
26103002001,6
26103002002,6
26103002003,6
26103002004,6
26103002005,6
26103002006,6
26103003001,6
26103003002,6
26103003003,6
26103004001,6
26103004002,6
26103004003,6
26103004004,6
26103005001,6
26103005002,6
26103005003,6
26103005004,6
26103005005,6
26103006001,6
26103006002,6
26103006003,6
26103006004,6
26103006005,6
26103007001,6
26103007002,6
26103007003,6
26103007004,6
26103007005,6
26103007006,6
26103007007,6
26103007008,6
26103007009,6
26103007010,6
26103007011,6
26103007012,6
26103007013,6
26103008001,6
26103008002,6
26103008003,6
26103008004,6
26103009001,6
26103009002,6
26103009003,6
26103009004,6
26103009005,6
26103009006,6
26103009007,6
26103009008,6
26103009009,6
26103009010,6
26103009011,6
26103009012,6
26103009013,6
26103009014,6
26103009015,6
26103009016,6
26103009017,6
26103009018,6
26103009019,6
26103009020,6
26103009021,6
26103009022,6
26103009023,6
26103009024,6
26103009025,6
26103009026,6
26103009027,6
26103009028,6
26103009029,6
26103009030,6
26103009031,6
26103009032,6
26103009033,6
26103009034,6
26103009035,6
26103009036,6
26103009037,6
26103009038,6
26103009039,6
26103009040,6
26103009041,6
26103009042,6
26103009043,6
26103009044,6
26103009045,6
26103009046,6
26103009047,6
26103009048,6
26103009049,6
26103009050,6
26103009051,6
26103009052,6
26103009053,6
26103009054,6
26103009055,6
26103009056,6
26103009057,6
26103010001,6
26103010002,6
26103010003,6
26103010004,6
26103010005,6
26103010006,6
26103010007,6
26103010008,6
26103010009,6
26103010010,6
26103010011,6
26103010012,6
26103010013,6
26103010014,6
26103010015,6
26103010016,6
26103010017,6
26103010018,6
26103010019,6
26103010020,6
26103010021,6
26103010022,6
26103010023,6
26103010024,6
26103010025,6
26103010026,6
26103010027,6
26103010028,6
26103010029,6
26103010030,6
26103010031,6
26103010032,6
26103010033,6
26103010034,6
26103010035,6
26103010036,6
26103010037,6
26103010038,6
26103010039,6
26103010040,6
26103010041,6
26103010042,6
26103010043,6
26103010044,6
26103010045,6
26103010046,6
26103010047,6
26103010048,6
26103010049,6
26103010050,6
26103010051,6
26103010052,6
26103010053,6
26103010054,6
26103010055,6
26103010056,6
26103010057,6
26103010058,6
26103010059,6
26103010060,6
26103010061,6
26103010062,6
26103010063,6
26103010064,6
26103010065,6
26103010066,6
26103010067,6
26103010068,6
26103010069,6
26103010070,6
26103010071,6
26103010072,6
26103010073,6
26103010074,6
26103010075,6
26103010076,6
26103010077,6
26103010078,6
26103011001,6
26103011002,6
26103011003,6
26103011004,6
26103011005,6
26103011006,6
26103011007,6
26103011008,6
26103011009,6
26103011010,6
26103011011,6
26103011012,6
26103011013,6
26103011014,6
26103011015,6
26103011016,6
26103011017,6
26103011018,6
26103011019,6
26103011020,6
26103011021,6
26103011022,6
26103011023,6
26103011024,6
26103011025,6
26103011026,6
26103012001,6
26103012002,6
26103012003,6
26103012004,6
26103012005,6
26103012006,6
26103012007,6
26103012008,6
26103012009,6
26103012010,6
26103012011,6
26103012012,6
26103012013,6
26103012014,6
26103012015,6
26103012016,6
26103012017,6
26103012018,6
26103012019,6
26103012020,6
26103012021,6
26103012022,6
26103012023,6
26103012024,6
26103012025,6
26103012026,6
26103012027,6
26103012028,6
26103012029,6
26103012030,6
26103012031,6
26103012032,6
26103012033,6
26103012034,6
26103012035,6
26103012036,6
26103012037,6
26103012038,6
26103012039,6
26103012040,6
26103012042,6
26103012043,6
26103012044,6
26103013001,6
26103013002,6
26103013003,6
26103013004,6
26103013005,6
26103013006,6
26103013007,6
26103013008,6
26103013009,6
26103013010,6
26103013011,6
26103013012,6
26103013013,6
26103013014,6
26103013015,6
26103013016,6
26103013017,6
26103013018,6
26103013019,6
26103014001,6
26103014002,6
26103014003,6
26103014004,6
26103014005,6
26103014006,6
26103014007,6
26103014008,6
26103014009,6
26103014010,6
26103014011,6
26103014012,6
26103014013,6
26103014014,6
26103014015,6
26103014016,6
26103014017,6
26103014018,6
26103014019,6
26103014020,6
26103014021,6
26103014022,6
26103014023,6
26103014025,6
26103014026,6
26103014027,6
26103014028,6
26103014029,6
26103014030,6
26103014031,6
26103014032,6
26103014033,6
26103015001,6
26103015002,6
26103015003,6
26103015004,6
26103015005,6
26103015006,6
26103015007,6
26103015008,6
26103015009,6
26103015010,6
26103015011,6
26103015012,6
26103015013,6
26103015014,6
26103015015,6
26103015016,6
26103016001,6
26103016002,6
26103016003,6
26103016004,6
26103016005,6
26103016006,6
26103016007,6
26103016008,6
26103016009,6
26103016010,6
26103016011,6
26103016012,6
26103016013,6
26103016014,6
26103016015,6
26103016016,6
26103016017,6
26103017001,6
26103017002,6
26103017003,6
26103017004,6
26103017005,6
26103017006,6
26103017007,6
26103017008,6
26103017009,6
26103017010,6
26103017011,6
26103017012,6
26103018001,6
26103018002,6
26103018003,6
26103018004,6
26103018005,6
26103018006,6
26103018007,6
26103018008,6
26103019001,6
26103019002,6
26103019003,6
26103019004,6
26103019005,6
26103019006,6
26103019007,6
26103019008,6
26103019009,6
26103019010,6
26103019011,6
26103019012,6
26103019013,6
26103020001,6
26103020002,6
26103020003,6
26103020004,6
26103020005,6
26103020006,6
26103020007,6
26103020008,6
26103020009,6
26103020010,6
26103020011,6
26103020012,6
26103020013,6
26103020014,6
26103020015,6
26103021001,6
26103021002,6
26103021003,6
26103021004,6
26103021005,6
26103021006,6
26103021007,6
26103021008,6
26103021009,6
26103021010,6
26103021011,6
26103021012,6
26103021013,6
26103021014,6
26103021015,6
26103021016,6
26103021017,6
26103021018,6
26103021019,6
26103021020,6
26103021021,6
26103021022,6
26103021023,6
26103021024,6
26103022001,6
26103022002,6
26103022003,6
26103022004,6
26103022005,6
26103022006,6
26103022007,6
26103022008,6
26103022009,6
26103022010,6
26103022011,6
26103022012,6
26103023001,6
26103023002,6
26103023003,6
26103023004,6
26103023005,6
26103023006,6
26103023007,6
26103023008,6
26103023009,6
26103023010,6
26103023011,6
26103023012,6
26103023013,6
26103023014,6
26103023015,6
26103023016,6
26103023017,6
26103023018,6
26103023019,6
26103023020,6
26103023021,6
26103023022,6
26103023023,6
26103023024,6
26103023025,6
26103023026,6
26103023027,6
26103023028,6
26103023029,6
26103023030,6
26103023031,6
26103023032,6
26103023033,6
26103023034,6
26103023035,6
26103023036,6
26103023037,6
26103024001,6
26103024002,6
26103024003,6
26103024004,6
26103024005,6
26103024006,6
26103024007,6
26103024008,6
26103024009,6
26103024010,6
26103024011,6
26103024012,6
26103024013,6
26103024014,6
26103024015,6
26103024016,6
26103024017,6
26103024018,6
26103024019,6
26103024020,6
26103024021,6
26103024022,6
26103024023,6
26103024024,6
26103024025,6
26103024026,6
26103024027,6
26103024028,6
26103024029,6
26103024030,6
26103024031,6
26103024032,6
26103024033,6
26103024034,6
26103024035,6
26103024036,6
26103024037,6
26103024038,6
26103024039,6
26103024040,6
26103024041,6
26103024042,6
26103024043,6
26103024044,6
26103024045,6
26103024046,6
26103024047,6
26103024048,6
26103024049,6
26103024050,6
26103024051,6
26103024052,6
26103024053,6
26103024054,6
26103024055,6
26103024056,6
26103024057,6
26103024058,6
26103024059,6
26104001001,3
26104001002,3
26104001003,3
26104001004,3
26104001005,3
26104001006,3
26104001007,3
26104001008,3
26104001009,3
26104001010,3
26104001011,3
26104001012,3
26104001013,3
26104001014,3
26104001015,3
26104001016,3
26104001017,3
26104001018,3
26104001019,3
26104001020,3
26104001021,3
26104001022,3
26104001023,3
26104001024,3
26104002001,3
26104002002,3
26104002003,3
26104002004,3
26104002005,3
26104002006,3
26104002007,3
26104002008,3
26104002009,3
26104002010,3
26104002011,3
26104002012,3
26104002013,3
26104002014,3
26104002015,3
26104002016,3
26104002017,3
26104002018,3
26104002019,3
26104002020,3
26104002021,3
26104002022,3
26104002023,3
26104002024,3
26104002025,3
26104002026,3
26104002027,3
26104002028,3
26104003001,3
26104003002,3
26104003003,3
26104003004,3
26104003005,3
26104003006,3
26104003007,3
26104003008,3
26104003009,3
26104003010,3
26104003011,3
26104003012,3
26104003013,3
26104003014,3
26104003015,3
26104003016,3
26104003017,3
26104003018,3
26104003019,3
26104003020,3
26104003021,3
26104003022,3
26104004001,3
26104004002,3
26104004003,3
26104004004,3
26104004005,3
26104004006,3
26104004007,3
26104004008,3
26104004009,3
26104004010,3
26104004011,3
26104004012,3
26104004013,3
26104004014,3
26104004015,3
26104004016,3
26104004017,3
26104004018,3
26104004019,3
26104004020,3
26104004021,3
26104004022,3
26104004023,3
26104004024,3
26104004025,3
26104004026,3
26104004027,3
26104005001,3
26104005002,3
26104005003,3
26104005004,3
26104005005,3
26104005006,3
26104005007,3
26104005008,3
26104005009,3
26104005010,3
26104005011,3
26104005012,3
26104005013,3
26104005014,3
26104005015,3
26104005016,3
26104005017,3
26104005018,3
26104005019,3
26104005020,3
26104005021,3
26104005022,3
26104005023,3
26104005024,3
26104006001,3
26104006002,3
26104006003,3
26104006004,3
26104006005,3
26104006006,3
26104006007,3
26104006008,3
26104006009,3
26104006010,3
26104006011,3
26104006012,3
26104006013,3
26104006014,3
26104006015,3
26104006016,3
26104006017,3
26104006018,3
26104006019,3
26104006020,3
26104006021,3
26104006022,3
26104006023,3
26104006024,3
26104006025,3
26104006026,3
26104006027,3
26104007002,3
26104007003,3
26104007004,3
26104007005,3
26104007006,3
26104007007,3
26104007008,3
26104007009,3
26104007010,3
26104007011,3
26104007012,3
26104007013,3
26104008001,3
26104008002,3
26104008003,3
26104008004,3
26104008005,3
26104008006,3
26104009001,3
26104009002,3
26104009003,3
26104009004,3
26104009005,3
26104009006,3
26104009007,3
26104009008,3
26104009009,3
26104009010,3
26104010001,3
26104010002,3
26104010003,3
26104010004,3
26104010005,3
26104010006,3
26104010007,3
26104010008,3
26104010009,3
26104010010,3
26104010011,3
26104010012,3
26104010013,3
26104010014,3
26104011001,3
26104011002,3
26104011003,3
26104011004,3
26104011005,3
26104011006,3
26104011007,3
26104011008,3
26104011009,3
26104011010,3
26104011011,3
26104011012,3
26104011013,3
26104011014,3
26104011016,3
26104011017,3
26104012001,3
26104012002,3
26104012003,3
26104012004,3
26104012005,3
26104012006,3
26104012007,3
26104012008,3
26104012009,3
26104012010,3
26104012011,3
26104012012,3
26104012013,3
26104012014,3
26104012015,3
26104012016,3
26104012017,3
26104012018,3
26104012019,3
26104012020,3
26104012021,3
26104012022,3
26104012023,3
26104012024,3
26104012025,3
26104012026,3
26104012027,3
26104012028,3
26104013001,3
26104013002,3
26104013003,3
26104013004,3
26104013005,3
26104013006,3
26104013007,3
26104013008,3
26104013009,3
26104013010,3
26104013011,3
26104013012,3
26104014001,3
26104014002,3
26104014003,3
26104014004,3
26104014005,3
26104014006,3
26104014007,3
26104014008,3
26104015001,3
26104015002,3
26104015003,3
26104015004,3
26104015005,3
26104015006,3
26104015007,3
26104015008,3
26104015009,3
26104015010,3
26104015011,3
26104015012,3
26104015013,3
26104015014,3
26104015015,3
26104015016,3
26104015017,3
26104015018,3
26104015019,3
26104015020,3
26104015021,3
26104015022,3
26104015023,3
26104015024,3
26104015025,3
26104015026,3
26104015027,3
26104015028,3
26104015029,3
26104015030,3
26104015031,3
26104016001,3
26104016002,3
26104016003,3
26104016004,3
26104016005,3
26104016006,3
26104016007,3
26104016008,3
26104016009,3
26104016010,3
26104016011,3
26104016012,3
26104016013,3
26104016014,3
26104016015,3
26104016016,3
26104016017,3
26104016018,3
26104016019,3
26104016020,3
26104016021,3
26104016022,3
26104016023,3
26104016024,3
26104016025,3
26104016026,3
26104016027,3
26104016028,3
26104016029,3
26104016030,3
26104016031,3
26104017001,3
26104017002,3
26104017003,3
26104017004,3
26104017005,3
26104017006,3
26104017007,3
26104017008,3
26104017009,3
26104017010,3
26104017011,3
26104017012,3
26104017013,3
26104017014,3
26104017015,3
26104017016,3
26104017017,3
26104017018,3
26104017019,3
26104017020,3
26104017021,3
26104017022,3
26104017023,3
26104017024,3
26104017025,3
26104017026,3
26104017027,3
26104017028,3
26104017029,3
26104017030,3
26104018001,3
26104018002,3
26104018003,3
26104018004,3
26104018005,3
26104018006,3
26104018007,3
26104018008,3
26104018009,3
26104018010,3
26104018011,3
26104018012,3
26104018013,3
26104018014,3
26104018015,3
26104018016,3
26104018017,3
26104018018,3
26104018019,3
26104018020,3
26104018021,3
26104018022,3
26104018023,3
26104018024,3
26104018025,3
26104018026,3
26104018027,3
26104018028,3
26104018029,3
26104019001,3
26104019002,3
26104019003,3
26104019004,3
26104019005,3
26104019006,3
26104019007,3
26104019008,3
26104019009,3
26104019010,3
26104019011,3
26104019012,3
26104019013,3
26104019014,3
26104019015,3
26104019016,3
26104019017,3
26104019018,3
26104019019,3
26104019020,3
26104019021,3
26104019022,3
26104019023,3
26104019024,3
26104019025,3
26104019026,3
26104019027,3
26104020001,3
26104020002,3
26104020003,3
26104020004,3
26104020005,3
26104020006,3
26104020007,3
26104020008,3
26104020009,3
26104020010,3
26104020011,3
26104020012,3
26104020013,3
26104020014,3
26104020015,3
26104020016,3
26104020017,3
26104020018,3
26104020019,3
26104020020,3
26104020021,3
26104020022,3
26104021001,3
26104021002,3
26104021003,3
26104021004,3
26104021005,3
26104021006,3
26104021007,3
26104021008,3
26104021009,3
26104021010,3
26104021011,3
26104021012,3
26104021013,3
26104021014,3
26104021015,3
26104021016,3
26104021017,3
26104021018,3
26104021019,3
26104021020,3
26104021021,3
26104021022,3
26104021023,3
26104021024,3
26104021025,3
26104021026,3
26104021027,3
26104022001,3
26104022002,3
26104022003,3
26104022004,3
26104022005,3
26104022006,3
26104022007,3
26104022008,3
26104022009,3
26104022010,3
26104022011,3
26104022012,3
26104022013,3
26104022014,3
26104022015,3
26104022016,3
26104022017,3
26104022018,3
26104022019,3
26104022020,3
26104022021,3
26104022022,3
26104022023,3
26104022024,3
26104023001,3
26104023002,3
26104023003,3
26104023004,3
26104023005,3
26104023006,3
26104023007,3
26104023008,3
26104023009,3
26104023010,3
26104023011,3
26104023012,3
26104023013,3
26104023014,3
26104023015,3
26104023016,3
26104023017,3
26104023018,3
26104023019,3
26104023020,3
26104023021,3
26104023022,3
26104023023,3
26104023024,3
26104023025,3
26104023026,3
26104023027,3
26104023028,3
26105001001,3
26105001002,3
26105001003,3
26105001004,3
26105001005,3
26105001006,3
26105001007,3
26105001008,3
26105001009,3
26105001010,3
26105001011,3
26105001012,3
26105001013,3
26105001014,3
26105001015,3
26105001016,3
26105001017,3
26105001018,3
26105001019,3
26105001020,3
26105001021,3
26105001022,3
26105001023,3
26105001024,3
26105001025,3
26105001026,3
26105001027,3
26105001028,3
26105001029,3
26105001030,3
26105002001,3
26105002002,3
26105002003,3
26105002004,3
26105002005,3
26105002006,3
26105002007,3
26105002008,3
26105002009,3
26105002010,3
26105002011,3
26105002012,3
26105002013,3
26105002014,3
26105002015,3
26105002016,3
26105002017,3
26105002018,3
26105002019,3
26105002020,3
26105002021,3
26105002022,3
26105002023,3
26105002024,3
26105003001,3
26105003002,3
26105003003,3
26105003004,3
26105003005,3
26105003006,3
26105003007,3
26105003008,3
26105003009,3
26105003010,3
26105003011,3
26105003012,3
26105003013,3
26105003014,3
26105003015,3
26105003016,3
26105003017,3
26105003018,3
26105003019,3
26105003020,3
26105003021,3
26105003022,3
26105003023,3
26105003024,3
26105003026,3
26105003027,3
26105003028,3
26105003029,3
26105004001,3
26105004002,3
26105004003,3
26105004004,3
26105004005,3
26105004006,3
26105004007,3
26105004008,3
26105004009,3
26105004010,3
26105004011,3
26105004012,3
26105004015,3
26105005001,3
26105005002,3
26105005003,3
26105005004,3
26105005005,3
26105005006,3
26105005007,3
26105005008,3
26105005009,3
26105005010,3
26105005011,3
26105005012,3
26105005013,3
26105005014,3
26105005015,3
26105005016,3
26105005017,3
26105005018,3
26105005019,3
26105006001,3
26105006002,3
26105006003,3
26105006004,3
26105006005,3
26105006006,3
26105006007,3
26105006008,3
26105006009,3
26105006010,3
26105006011,3
26105006012,3
26105006013,3
26105006014,3
26105006015,3
26105006016,3
26105006017,3
26105006018,3
26105006019,3
26105006020,3
26105006021,3
26105006022,3
26105006023,3
26105006024,3
26105006025,3
26105006026,3
26105006027,3
26105006028,3
26105006029,3
26105006030,3
26105006031,3
26105006032,3
26105006033,3
26105007001,3
26105007002,3
26105007003,3
26105007004,3
26105007005,3
26105007006,3
26105007007,3
26105007008,3
26105007009,3
26105007010,3
26105007011,3
26105007012,3
26105007013,3
26105007014,3
26105007015,3
26105007016,3
26105007017,3
26105007018,3
26105007019,3
26105007020,3
26105007021,3
26105007022,3
26105007023,3
26105007024,3
26105007025,3
26105008001,3
26105008002,3
26105008003,3
26105008004,3
26105008005,3
26105008006,3
26105008007,3
26105008008,3
26105008009,3
26105008010,3
26105008011,3
26105008012,3
26105008013,3
26105008014,3
26105008015,3
26105008016,3
26105008017,3
26105008018,3
26105008019,3
26105008020,3
26105008021,3
26105008022,3
26105008023,3
26105009001,3
26105009002,3
26105009003,3
26105009004,3
26105009005,3
26105009006,3
26105009007,3
26105009008,3
26105009009,3
26105009010,3
26105009011,3
26105009012,3
26105009013,3
26105009014,3
26105009015,3
26105010001,3
26105010002,3
26105010003,3
26105010004,3
26105010005,3
26105010006,3
26105010007,3
26105010008,3
26105010009,3
26105010010,3
26105010011,3
26105010012,3
26105010013,3
26105010014,3
26105010015,3
26105010016,3
26105010017,3
26105011001,3
26105011002,3
26105011003,3
26105011004,3
26105011005,3
26105011006,3
26105011007,3
26105011008,3
26105011009,3
26105011010,3
26105011011,3
26105011012,3
26105011013,3
26105011014,3
26105011015,3
26105011016,3
26105011017,3
26105011018,3
26105011019,3
26105011020,3
26105011021,3
26105011022,3
26105011023,3
26105011024,3
26105011025,3
26105011026,3
26105011027,3
26105011028,3
26105011029,3
26105011030,3
26105011031,3
26105011032,3
26105011033,3
26105011034,3
26105011035,3
26105011036,3
26105011037,3
26105011038,3
26105011039,3
26105011041,3
26106001001,3
26106001002,3
26106001003,3
26106001004,3
26106001005,3
26106001006,3
26106001007,3
26106001008,3
26106001009,3
26106001010,3
26106001011,3
26106001012,3
26106001013,3
26106001014,3
26106001015,3
26106001016,3
26106001017,3
26106001018,3
26106001019,3
26106001020,3
26106001021,3
26106001022,3
26106001023,3
26106001024,3
26106002001,3
26106002002,3
26106002003,3
26106002004,3
26106002005,3
26106002006,3
26106002007,3
26106002008,3
26106002009,3
26106002010,3
26106002011,3
26106002012,3
26106002013,3
26106002014,3
26106002015,3
26106002016,3
26106002017,3
26106002018,3
26106002019,3
26106002020,3
26106002021,3
26106002022,3
26106002023,3
26106003001,3
26106003002,3
26106003003,3
26106003004,3
26106003005,3
26106003006,3
26106003007,3
26106003008,3
26106003009,3
26106003010,3
26106003011,3
26106003012,3
26106003013,3
26106003014,3
26106003015,3
26106003016,3
26106003017,3
26106003018,3
26106003019,3
26106003020,3
26106003021,3
26106003022,3
26106003023,3
26106003024,3
26106003025,3
26106003026,3
26106003027,3
26106003028,3
26106003029,3
26106003030,3
26106003031,3
26106003032,3
26106003033,3
26106003034,3
26106003035,3
26106003036,3
26106003037,3
26106003038,3
26106003039,3
26106003040,3
26106004001,3
26106004002,3
26106004003,3
26106004004,3
26106004005,3
26106004006,3
26106004007,3
26106004008,3
26106004009,3
26106004010,3
26106004011,3
26106004012,3
26106004013,3
26106004014,3
26106004015,3
26106004016,3
26106004017,3
26106004018,3
26106004019,3
26106004020,3
26106004021,3
26106004022,3
26106004023,3
26106004024,3
26106004025,3
26106004026,3
26106004027,3
26106004028,3
26106004029,3
26106004030,3
26106004031,3
26106004032,3
26106004033,3
26106005001,3
26106005002,3
26106005003,3
26106005004,3
26106005005,3
26106005006,3
26106005007,3
26106005008,3
26106005009,3
26106005010,3
26106005011,3
26106005012,3
26106005013,3
26106005014,3
26106005015,3
26106005016,3
26106005017,3
26106005018,3
26106005019,3
26106005020,3
26106005021,3
26106005022,3
26106005023,3
26106005024,3
26106005025,3
26106005026,3
26106005027,3
26106006001,3
26106006002,3
26106006003,3
26106006004,3
26106006005,3
26106006006,3
26106006007,3
26106006008,3
26106006009,3
26106006010,3
26106006011,3
26106006012,3
26106006013,3
26106006014,3
26106006015,3
26106007001,3
26106007002,3
26106007003,3
26106007004,3
26106007005,3
26106007006,3
26106007007,3
26106007008,3
26106007009,3
26106007010,3
26106007011,3
26106007012,3
26106007013,3
26106007014,3
26106007015,3
26106007016,3
26106007017,3
26106007018,3
26106007019,3
26106007020,3
26106008001,3
26106008002,3
26106008003,3
26106008004,3
26106008005,3
26106008006,3
26106008007,3
26106008008,3
26106008009,3
26106008010,3
26106008011,3
26106008012,3
26106008013,3
26106008014,3
26106008015,3
26106008016,3
26106008017,3
26106008018,3
26106009001,3
26106009002,3
26106009003,3
26106009004,3
26106009005,3
26106009006,3
26106009007,3
26106010001,3
26106010002,3
26106010003,3
26106010004,3
26106010005,3
26106010006,3
26106010007,3
26106010008,3
26106010009,3
26106010010,3
26106010011,3
26106010012,3
26106010013,3
26106010014,3
26106010015,3
26106010016,3
26106010017,3
26106010018,3
26106011001,3
26106011002,3
26106011003,3
26106011004,3
26106011005,3
26106011006,3
26106011007,3
26106011008,3
26106011009,3
26106011010,3
26106011011,3
26106011012,3
26106011013,3
26106012001,3
26106012002,3
26106012003,3
26106012004,3
26106012005,3
26106012006,3
26106012007,3
26106012008,3
26106012009,3
26106012010,3
26106012011,3
26106012012,3
26106012013,3
26106012014,3
26106012015,3
26106012016,3
26106013001,3
26106013002,3
26106013003,3
26106013004,3
26106013005,3
26106013006,3
26106013007,3
26106013008,3
26106013009,3
26106013010,3
26106013011,3
26106013012,3
26106013013,3
26106013014,3
26106013015,3
26106013016,3
26106013017,3
26106013018,3
26106013019,3
26106013020,3
26106013021,3
26106013023,3
26106014001,3
26106014002,3
26106014003,3
26106014004,3
26106014005,3
26106014006,3
26106014007,3
26106014008,3
26106014009,3
26106014010,3
26106014011,3
26106014012,3
26106014013,3
26106014014,3
26106014015,3
26106014016,3
26106014017,3
26106014018,3
26106014019,3
26106014020,3
26106014021,3
26106014022,3
26106014023,3
26106014024,3
26106014025,3
26106014026,3
26106014027,3
26106015001,3
26106015002,3
26106015003,3
26106015004,3
26106015005,3
26106015006,3
26106015007,3
26106015008,3
26106015009,3
26106015010,3
26106015011,3
26106015012,3
26106015013,3
26106015014,3
26106015015,3
26106015016,3
26106015017,3
26106015018,3
26106015019,3
26106015020,3
26106015021,3
26106015022,3
26106015023,3
26106015024,3
26106015025,3
26106015026,3
26106015027,3
26106015028,3
26106016001,3
26106016002,3
26106016003,3
26106016004,3
26106016005,3
26106016006,3
26106016007,3
26106016008,3
26106016009,3
26106016010,3
26106016011,3
26106016012,3
26106016013,3
26106016014,3
26106016015,3
26106016016,3
26106016017,3
26106016018,3
26106016019,3
26106016020,3
26106016021,3
26106016022,3
26106016023,3
26106016024,3
26106016025,3
26106016026,3
26106016027,3
26106017001,3
26106017002,3
26106017003,3
26106017004,3
26106017005,3
26106017006,3
26106017007,3
26106017008,3
26106017009,3
26106017010,3
26106017011,3
26106017012,3
26106017013,3
26106017014,3
26106017015,3
26106017016,3
26106017017,3
26106017018,3
26106017019,3
26106017020,3
26106017021,3
26106017022,3
26106017023,3
26106017024,3
26106017025,3
26106017026,3
26106017027,3
26106017028,3
26106017029,3
26106018001,3
26106018002,3
26106018003,3
26106018004,3
26106018005,3
26106018006,3
26106018007,3
26106018008,3
26106018009,3
26106018010,3
26106018011,3
26106018012,3
26106018013,3
26106018014,3
26106018015,3
26106018016,3
26106018017,3
26106018018,3
26106018019,3
26106018020,3
26106018021,3
26106018022,3
26106018023,3
26106018024,3
26106019001,3
26106019002,3
26106019003,3
26106019004,3
26106019005,3
26106019006,3
26106019007,3
26106019008,3
26106019009,3
26106019010,3
26106019011,3
26106019012,3
26106019013,3
26106019014,3
26106019015,3
26106019016,3
26106019017,3
26106019019,3
26106019020,3
26106019021,3
26106020001,3
26106020002,3
26106020003,3
26106020004,3
26106020005,3
26106020006,3
26106020007,3
26106020008,3
26106020009,3
26106020010,3
26106020011,3
26106020012,3
26106020013,3
26106020014,3
26106020015,3
26106020016,3
26106020017,3
26106020018,3
26106020019,3
26106020020,3
26106020021,3
26106020022,3
26106020023,3
26106020024,3
26106020025,3
26106020026,3
26106020027,3
26106021001,3
26106021002,3
26106021003,3
26106021004,3
26106021005,3
26106021006,3
26106021007,3
26106021008,3
26106021009,3
26106021010,3
26106021011,3
26106021012,3
26106021013,3
26106021014,3
26106021015,3
26106021016,3
26106021017,3
26106021018,3
26106021019,3
26106021020,3
26106021021,3
26106021022,3
26106021023,3
26106021024,3
26106021025,3
26106021026,3
26106021027,3
26106021028,3
26106021029,3
26106022001,3
26106022002,3
26106022003,3
26106022004,3
26106022005,3
26106022006,3
26106022007,3
26106022008,3
26106022009,3
26106022010,3
26106022011,3
26106022012,3
26106022013,3
26106022014,3
26106022015,3
26106022016,3
26106022017,3
26106022018,3
26106022019,3
26106022020,3
26106022021,3
26106022022,3
26106022023,3
26106022024,3
26106022025,3
26106022026,3
26106022027,3
26106022028,3
26106023001,3
26106023002,3
26106023003,3
26106023004,3
26106023005,3
26106023006,3
26106023007,3
26106023008,3
26107001001,3
26107001002,3
26107001003,3
26107001004,3
26107001005,3
26107001006,3
26107001007,3
26107001008,3
26107001009,3
26107001010,3
26107001011,3
26107001012,3
26107001013,3
26107002001,3
26107002002,3
26107002003,3
26107002004,3
26107002005,3
26107003001,3
26107003002,3
26107003003,3
26107004001,3
26107004002,3
26107004003,3
26107004004,3
26107004005,3
26107005001,3
26107005002,3
26107005003,3
26107005004,3
26107005005,3
26107005006,3
26107005007,3
26107005008,3
26107005009,3
26107005010,3
26107005011,3
26107006001,3
26107006002,3
26107006003,3
26107006004,3
26107006005,3
26107006006,3
26107006007,3
26107006008,3
26107006009,3
26107006010,3
26107006011,3
26107006012,3
26107006013,3
26107007001,3
26107007002,3
26107007003,3
26107007004,3
26107007005,3
26107007006,3
26107007007,3
26107007008,3
26107007009,3
26107007010,3
26107007011,3
26107007012,3
26107007013,3
26107008001,3
26107008002,3
26107008003,3
26107008004,3
26107008005,3
26107008006,3
26107008007,3
26107008008,3
26107008009,3
26107008010,3
26107008011,3
26107009001,3
26107009002,3
26107009003,3
26107009004,3
26107009005,3
26107009006,3
26107009007,3
26107009008,3
26107009009,3
26107009010,3
26107009011,3
26107009012,3
26107009013,3
26107009014,3
26107009015,3
26107009016,3
26107010001,3
26107010002,3
26107010003,3
26107010004,3
26107010005,3
26107010006,3
26107010007,3
26107010008,3
26107010009,3
26107010010,3
26107010011,3
26107010012,3
26107010013,3
26107010014,3
26107010015,3
26107010016,3
26107010017,3
26107010018,3
26107010019,3
26107010020,3
26107010021,3
26107010022,3
26107010023,3
26107010024,3
26107010025,3
26107010026,3
26107010027,3
26107010028,3
26107010029,3
26107010030,3
26107010031,3
26107010032,3
26107010033,3
26107010034,3
26107010035,3
26107010036,3
26107010037,3
26107010038,3
26107010039,3
26107010040,3
26107010041,3
26107010042,3
26107010043,3
26107010044,3
26107010045,3
26107010046,3
26107010047,3
26107010048,3
26107010049,3
26107010050,3
26107010051,3
26107010052,3
26107010053,3
26107010054,3
26107010055,3
26107010056,3
26107010057,3
26107010058,3
26107010059,3
26107010061,3
26107010062,3
26107010063,3
26107010064,3
26107011001,3
26107011002,3
26107011003,3
26107011004,3
26107011005,3
26107011006,3
26107011007,3
26107011008,3
26107011009,3
26107011010,3
26107011011,3
26107011012,3
26107011013,3
26107011014,3
26107012001,3
26107012002,3
26107012003,3
26107012004,3
26107012005,3
26107012006,3
26107012007,3
26107012008,3
26107012009,3
26107012010,3
26107012011,3
26107012012,3
26107012013,3
26107012014,3
26107012015,3
26107012016,3
26107012017,3
26107012018,3
26107012019,3
26107012020,3
26107012021,3
26107012022,3
26107012023,3
26107012024,3
26107012025,3
26107012026,3
26107012027,3
26107012029,3
26107012030,3
26107012032,3
26107012034,3
26107012035,3
26107012036,3
26107012037,3
26107013002,3
26107013003,3
26107013004,3
26107013005,3
26107013006,3
26107013007,3
26107013008,3
26107013009,3
26107013010,3
26107013011,3
26107013012,3
26107013013,3
26107013014,3
26107013015,3
26107013016,3
26107013017,3
26107013018,3
26107013019,3
26107013020,3
26107013021,3
26107013022,3
26107013023,3
26107013024,3
26107013025,3
26107013026,3
26107013027,3
26107013028,3
26107014001,3
26107014002,3
26107014003,3
26107014004,3
26107014005,3
26107014006,3
26107014007,3
26107014008,3
26107014009,3
26107014010,3
26107014011,3
26107014012,3
26107014013,3
26107014014,3
26107014016,3
26107014017,3
26107014018,3
26107014019,3
26107014020,3
26107014021,3
26107014022,3
26107014023,3
26107014024,3
26107014025,3
26107014026,3
26107014027,3
26107014028,3
26107014029,3
26107014030,3
26107015001,3
26107015002,3
26107015003,3
26107015004,3
26107015005,3
26107015006,3
26107015007,3
26107015008,3
26107015009,3
26107015010,3
26107015011,3
26107015012,3
26107015013,3
26107015014,3
26107015015,3
26107015016,3
26108001001,6
26108001002,6
26108001003,6
26108001004,6
26108001005,6
26108001006,6
26108001007,6
26108001008,6
26108001009,6
26108001010,6
26108001011,6
26108001012,6
26108001013,6
26108001014,6
26108001015,6
26108001016,6
26108001017,6
26108001018,6
26108001019,6
26108001020,6
26108001021,6
26108001022,6
26108001023,6
26108001024,6
26108001025,6
26108001026,6
26108001027,6
26108001028,6
26108001029,6
26108001030,6
26108001031,6
26108001032,6
26108001033,6
26108001034,6
26108001035,6
26108001036,6
26108001037,6
26108002001,6
26108002002,6
26108002003,6
26108002004,6
26108002005,6
26108002006,6
26108002007,6
26108002008,6
26108002009,6
26108002010,6
26108002011,6
26108002012,6
26108003001,6
26108003002,6
26108003003,6
26108003004,6
26108003005,6
26108003006,6
26108003007,6
26108003008,6
26108003009,6
26108003010,6
26108003011,6
26108003012,6
26108003013,6
26108003014,6
26108003015,6
26108003016,6
26108003017,6
26108003018,6
26108003019,6
26108003020,6
26108003021,6
26108003022,6
26108004001,6
26108004002,6
26108004003,6
26108004004,6
26108004005,6
26108004006,6
26108004007,6
26108004008,6
26108004009,6
26108004010,6
26108004011,6
26108004012,6
26108004013,6
26108004014,6
26108004017,6
26108004018,6
26108004019,6
26108004020,6
26108004021,6
26108004022,6
26108004023,6
26108004024,6
26108004025,6
26108004026,6
26108004027,6
26108004028,6
26108004029,6
26108004030,6
26108004031,6
26108004036,6
26108004037,6
26108005001,6
26108005002,6
26108005003,6
26108005004,6
26108005005,6
26108005006,6
26108005007,6
26108005008,6
26108005009,6
26108005010,6
26108005011,6
26108005012,6
26108005013,6
26108005014,6
26108005015,6
26108005016,6
26108005017,6
26108005018,6
26108006001,6
26108006002,6
26108006003,6
26108006004,6
26108006005,6
26108006006,6
26108006007,6
26108006008,6
26108006009,6
26108006010,6
26108006011,6
26108006012,6
26108006013,6
26108006014,6
26108006015,6
26108006016,6
26108006017,6
26108006018,6
26108007001,6
26108007002,6
26108007003,6
26108007004,6
26108007005,6
26108007006,6
26108007007,6
26108007008,6
26108007009,6
26108007010,6
26108007011,6
26108007012,6
26108007013,6
26108007014,6
26108007015,6
26108007016,6
26108007017,6
26108007018,6
26108007019,6
26108007021,6
26108007022,6
26108008001,6
26108008002,6
26108008003,6
26108008004,6
26108008005,6
26108008006,6
26108008007,6
26108008008,6
26108008009,6
26108008010,6
26108008011,6
26108008012,6
26108008013,6
26108008014,6
26108008015,6
26108008016,6
26108008017,6
26108008019,6
26108008020,6
26108009001,6
26108009002,6
26108009003,6
26108009004,6
26108009005,6
26108009006,6
26108009007,6
26108009008,6
26108009009,6
26108009010,6
26108009011,6
26108009012,6
26108009013,6
26108009014,6
26108009015,6
26108009016,6
26108009017,6
26108009018,6
26108009019,6
26108009020,6
26108009021,6
26108009022,6
26108009023,6
26108009024,6
26108009025,6
26108009026,6
26108009027,6
26108009028,6
26108009029,6
26108010001,6
26108010002,6
26108010003,6
26108010004,6
26108010005,6
26108010006,6
26108010007,6
26108010008,6
26108010009,6
26108010010,6
26108010011,6
26108010012,6
26108010013,6
26108010014,6
26108010015,6
26108010016,6
26108010017,6
26108010018,6
26108010019,6
26108010020,6
26108010021,6
26108010022,6
26108010023,6
26108010024,6
26108010025,6
26108010026,6
26108010027,6
26108011001,6
26108011002,6
26108011003,6
26108011004,6
26108011005,6
26108011006,6
26108011007,6
26108011008,6
26108011009,6
26108011010,6
26108011011,6
26108011012,6
26108011013,6
26108011014,6
26108011015,6
26108011016,6
26108011017,6
26108011018,6
26108011019,6
26108011021,6
26108011022,6
26108011023,6
26108011024,6
26108012001,6
26108012002,6
26108012003,6
26108012004,6
26108012005,6
26108012006,6
26108012007,6
26108012008,6
26108012009,6
26108012010,6
26108012011,6
26108012012,6
26108012013,6
26108012014,6
26108012015,6
26108012016,6
26108012017,6
26108012018,6
26108012019,6
26108012020,6
26108012021,6
26108012023,6
26108012024,6
26108013001,6
26108013002,6
26108013003,6
26108013004,6
26108013005,6
26108013006,6
26108013007,6
26108013008,6
26108013009,6
26108013010,6
26108013011,6
26108013012,6
26108013013,6
26108013014,6
26108013015,6
26108013016,6
26108013017,6
26108013018,6
26108013019,6
26108014002,6
26108014003,6
26108014004,6
26108014005,6
26108014006,6
26108014007,6
26108014008,6
26108014009,6
26108014010,6
26108014011,6
26108014012,6
26108014015,6
26108015001,6
26108015002,6
26108015003,6
26108015004,6
26108015005,6
26108015006,6
26108015007,6
26108015008,6
26108015009,6
26108015010,6
26108015011,6
26108015012,6
26108015013,6
26108015014,6
26108015015,6
26108015016,6
26108015017,6
26108016001,6
26108016002,6
26108016003,6
26108016004,6
26108016005,6
26108016006,6
26108016007,6
26108016008,6
26108016009,6
26108016010,6
26108016011,6
26108016012,6
26108016013,6
26108016014,6
26108017001,6
26108017002,6
26108017003,6
26108017004,6
26108017005,6
26108017006,6
26108017007,6
26108017008,6
26108017009,6
26108017010,6
26108017011,6
26108017012,6
26108017013,6
26108017014,6
26108017015,6
26108017016,6
26108017017,6
26108017018,6
26108017019,6
26108017020,6
26108017021,6
26108017022,6
26108017023,6
26108017024,6
26108017025,6
26108017026,6
26108017027,6
26108017028,6
26108017029,6
26108017030,6
26108017031,6
26108017032,6
26108017033,6
26108017034,6
26108017035,6
26108017036,6
26108017037,6
26108017038,6
26108017039,6
26108017040,6
26108017041,6
26108017042,6
26108017043,6
26108017044,6
26108017046,6
26108017047,6
26108017048,6
26108017049,6
26108017050,6
26108017052,6
26108017053,6
26108017054,6
26108017055,6
26108017056,6
26108017057,6
26108017058,6
26108017059,6
26108017060,6
26108017061,6
26108017062,6
26108017063,6
26108017064,6
26108017065,6
26108017066,6
26108017067,6
26108017068,6
26108017069,6
26108017070,6
26108017071,6
26108017072,6
26108017073,6
26108017075,6
26108017076,6
26108017079,6
26108017080,6
26108017081,6
26108017082,6
26108018001,6
26108018002,6
26108018003,6
26108018004,6
26108018005,6
26108019001,6
26108019002,6
26108019003,6
26108019004,6
26108019005,6
26108019006,6
26108019007,6
26108019008,6
26108019009,6
26108019010,6
26108019011,6
26108019012,6
26108020001,6
26108020002,6
26108020003,6
26108020004,6
26108020005,6
26108020006,6
26108020007,6
26108020008,6
26108020009,6
26108020010,6
26108020011,6
26108020012,6
26108020013,6
26108020014,6
26108020015,6
26108020016,6
26108020017,6
26108020018,6
26108020019,6
26108020020,6
26108020021,6
26108020022,6
26108020023,6
26108020024,6
26108020025,6
26108020026,6
26108020027,6
26108020028,6
26108020029,6
26108020030,6
26108020031,6
26108020032,6
26108020033,6
26108020034,6
26108020035,6
26108020036,6
26108020037,6
26108021001,6
26108021002,6
26108021003,6
26108021004,6
26108021005,6
26108021006,6
26108021007,6
26108021008,6
26108021009,6
26108021010,6
26108021011,6
26108021012,6
26108021013,6
26108021014,6
26108021015,6
26108021016,6
26108021017,6
26108021018,6
26108021019,6
26108021020,6
26108021021,6
26108021022,6
26108021023,6
26108021024,6
26108021025,6
26108021026,6
26108021027,6
26108021028,6
26108021029,6
26108021030,6
26108021031,6
26108021032,6
26108021033,6
26108021034,6
26108021035,6
26108021036,6
26108021037,6
26108021038,6
26108021039,6
26108021040,6
26108021041,6
26108021042,6
26108021043,6
26108021044,6
26108022001,6
26108022002,6
26108022003,6
26108022004,6
26108022005,6
26108022006,6
26108022007,6
26108022008,6
26108022009,6
26108022010,6
26108022011,6
26108022012,6
26108022013,6
26108022014,6
26108022015,6
26108022016,6
26108022017,6
26108022018,6
26108022019,6
26108022020,6
26108022021,6
26108022022,6
26108022023,6
26108022024,6
26108022025,6
26108022026,6
26108022027,6
26108022028,6
26108022029,6
26108022030,6
26108022031,6
26108022032,6
26108022033,6
26108022034,6
26108022035,6
26108022036,6
26108022038,6
26108023001,6
26108023002,6
26108023003,6
26108023004,6
26108023005,6
26108023006,6
26108024001,6
26108024002,6
26108024003,6
26108024004,6
26108024005,6
26108024006,6
26108024007,6
26108024008,6
26108024009,6
26108024010,6
26108025001,6
26108025002,6
26108025003,6
26108025004,6
26108025005,6
26108025006,6
26108025007,6
26108025008,6
26108025009,6
26108025010,6
26108025011,6
26108025012,6
26108025013,6
26108026001,6
26108026002,6
26108026003,6
26108026004,6
26108026005,6
26108026006,6
26108026007,6
26108026008,6
26108026009,6
26108026010,6
26108026011,6
26108026012,6
26108026013,6
26108026014,6
26108026015,6
26108026016,6
26108026017,6
26108026018,6
26108027001,6
26108027002,6
26108027003,6
26108027004,6
26108027005,6
26108027006,6
26108027007,6
26108027008,6
26108028001,6
26108028002,6
26108028003,6
26108028004,6
26108028005,6
26108028006,6
26109001001,7
26109001002,7
26109001003,7
26109001004,7
26109001005,7
26109001006,7
26109001007,7
26109001008,7
26109001010,7
26109001011,7
26109001012,7
26109001015,7
26109001016,7
26109001023,7
26109001024,7
26109001025,7
26109001026,7
26109001027,7
26109001028,7
26109001029,7
26109001030,7
26109001031,7
26109001032,7
26109001033,7
26109001034,7
26109001035,7
26109001036,7
26109001037,7
26109001038,7
26109001039,7
26109002001,7
26109002002,7
26109002003,7
26109002004,7
26109002005,7
26109002006,7
26109002007,7
26109002008,7
26109002009,7
26109002010,7
26109002011,7
26109002012,7
26109002013,7
26109002014,7
26109002015,7
26109002016,7
26109002017,7
26109002018,7
26109002019,7
26109002020,7
26109002021,7
26109002022,7
26109002023,7
26109002024,7
26109002025,7
26109002026,7
26109002027,7
26109002028,7
26109002029,7
26109002030,7
26109002031,7
26109002032,7
26109002033,7
26109002034,7
26109002035,7
26109002036,7
26109002037,7
26109002038,7
26109002039,7
26109002040,7
26109002041,7
26109002042,7
26109002043,7
26109002044,7
26109002048,7
26109002049,7
26109002050,7
26109002051,7
26109002052,7
26109003001,7
26109003002,7
26109003003,7
26109003004,7
26109003005,7
26109003006,7
26109003007,7
26109003008,7
26109003009,7
26109003010,7
26109003011,7
26109003012,7
26109003013,7
26109003014,7
26109003015,7
26109003016,7
26109003017,7
26109003018,7
26109003019,7
26109003020,7
26109003021,7
26109003022,7
26109003023,7
26109003024,7
26109003025,7
26109003026,7
26109003027,7
26109003028,7
26109003029,7
26109003030,7
26109003031,7
26109003032,7
26109003033,7
26109003034,7
26109003035,7
26109003036,7
26109003037,7
26109003038,7
26109003039,7
26109003040,7
26109003042,7
26109003043,7
26109003044,7
26109003045,7
26109003046,7
26109003047,7
26109003048,7
26109003049,7
26109003050,7
26109003051,7
26109003052,7
26109003053,7
26109003054,7
26109003055,7
26109003056,7
26109003057,7
26109003058,7
26109003059,7
26109003060,7
26109003061,7
26109003062,7
26109003063,7
26109003064,7
26109003065,7
26109003066,7
26109003067,7
26109003068,7
26109003069,7
26109003070,7
26109003071,7
26109003072,7
26109003073,7
26109003074,7
26109003075,7
26109003076,7
26109003077,7
26109003078,7
26109003079,7
26109004001,7
26109004002,7
26109004013,7
26109004014,7
26109004015,7
26109004016,7
26109004022,7
26109004023,7
26109004024,7
26109004026,7
26109004027,7
26109004029,7
26109004032,7
26109004033,7
26109004035,7
26109004036,7
26109004037,7
26109004038,7
26109004039,7
26109004040,7
26109004041,7
26109004042,7
26109004043,7
26109004045,7
26109004046,7
26109004047,7
26109004048,7
26109004049,7
26109004050,7
26109004052,7
26109004053,7
26109004054,7
26109004056,7
26109004057,7
26109004058,7
26109004059,7
26109004060,7
26109004061,7
26109004062,7
26109004063,7
26109004064,7
26109004065,7
26109004066,7
26109004067,7
26109004068,7
26109004069,7
26109005001,7
26109005002,7
26109005003,7
26109005004,7
26109005005,7
26109005006,7
26109005007,7
26109006001,7
26109006002,7
26109006003,7
26109006004,7
26109007001,7
26109007002,7
26109007003,7
26109007004,7
26109008001,7
26109008002,7
26109008003,7
26109008004,7
26109008005,7
26109008006,7
26109008007,7
26109008008,7
26109008009,7
26109009001,7
26109009002,7
26109009003,7
26109010001,7
26109010002,7
26109010003,7
26109010004,7
26109010005,7
26109010006,7
26109010007,7
26109010008,7
26109010009,7
26109010010,7
26109010011,7
26109010012,7
26109010013,7
26109010014,7
26109011001,7
26109011002,7
26109011003,7
26109011004,7
26109011005,7
26109011006,7
26109011007,7
26109011008,7
26109011009,7
26109011010,7
26109011011,7
26109011012,7
26109011013,7
26109011014,7
26109011015,7
26109011016,7
26109011017,7
26109011018,7
26109011019,7
26109011020,7
26109011021,7
26109011022,7
26109011023,7
26109011024,7
26109011025,7
26109011026,7
26109011027,7
26109011028,7
26109011029,7
26109011030,7
26109011031,7
26109011032,7
26109011033,7
26109011034,7
26109011038,7
26109011039,7
26109011040,7
26109011041,7
26109011042,7
26109012001,7
26109012002,7
26109012003,7
26109012004,7
26109012005,7
26109012006,7
26109012007,7
26109012008,7
26109012009,7
26109012010,7
26109012011,7
26109012012,7
26109012013,7
26109012014,7
26109012015,7
26109012016,7
26109012017,7
26109012018,7
26109012019,7
26109012020,7
26109012021,7
26109012022,7
26109012023,7
26109012024,7
26109012025,7
26109012026,7
26109012027,7
26109012028,7
26109012029,7
26109012030,7
26109012031,7
26109012032,7
26109012033,7
26109012034,7
26109012035,7
26109012036,7
26109012037,7
26109012038,7
26109012039,7
26109012040,7
26109012041,7
26109012042,7
26109012043,7
26109012044,7
26109012045,7
26109012046,7
26109012047,7
26109012048,7
26109012049,7
26109012050,7
26109012051,7
26109012052,7
26109012053,7
26109012054,7
26109012055,7
26109012056,7
26109012057,7
26109012058,7
26109012059,7
26109012060,7
26109012061,7
26109012062,7
26109012063,7
26109012064,7
26109012065,7
26109012066,7
26109012067,7
26109012068,7
26109012069,7
26109012070,7
26109012071,7
26109013001,7
26109013002,7
26109013003,7
26109013004,7
26109013005,7
26109013006,7
26109013007,7
26109013008,7
26109013009,7
26109013010,7
26109013011,7
26109013012,7
26109013013,7
26109014001,7
26109014002,7
26109014003,7
26109014004,7
26109014005,7
26109014006,7
26109014007,7
26109014008,7
26109014009,7
26109014010,7
26109014011,7
26109014012,7
26109014013,7
26109014014,7
26109014015,7
26109014016,7
26109014017,7
26109014018,7
26109014019,7
26109014020,7
26109014021,7
26109014022,7
26109014023,7
26109015001,7
26109015002,7
261090160,7
26109017001,7
26109017002,7
26109017003,7
26109017004,7
26109018001,7
26109018002,7
26109018003,7
26109018004,7
26109018005,7
26109018006,7
26109018007,7
26109018008,7
26109018009,7
26109018010,7
26109018011,7
26109018012,7
26109018013,7
26109018014,7
26109018015,7
26109018016,7
26109018017,7
26109018018,7
26109018019,7
26109018020,7
26109018021,7
26109018022,7
26109018023,7
26109018024,7
26109018025,7
26109018026,7
26109018027,7
26109018028,7
26109018029,7
26109018030,7
26109018031,7
26109018032,7
26109018033,7
26109018034,7
26109018035,7
26109018036,7
26109018037,7
26109018038,7
26109018039,7
26109019001,7
26109019002,7
26109019003,7
26109019004,7
26109019005,7
26109019006,7
26109019007,7
26109019008,7
26109019009,7
26109019010,7
26109019011,7
26109019012,7
26109019013,7
26109019014,7
26109019015,7
26109019016,7
26109019017,7
26109019018,7
26109019019,7
26109019020,7
26109019021,7
26109019022,7
26109019023,7
26109020001,7
26109020002,7
26109020003,7
26109020004,7
26109020005,7
26109021001,7
26109021002,7
26109021003,7
26109021004,7
26109021005,7
26109021006,7
26109021007,7
26109021008,7
26109021009,7
26109021010,7
26109021011,7
26109021012,7
26109021013,7
26109021014,7
26109021015,7
26109021016,7
26109021017,7
26109021018,7
26109021019,7
26109021020,7
26109021021,7
26109021022,7
26109021023,7
26109021024,7
26109021025,7
26109021027,7
26109021028,7
26109022001,7
26109022002,7
26109022003,7
26109022004,7
26109022005,7
26109022006,7
26109022007,7
26109022008,7
26109022009,7
26109022010,7
26109022011,7
26109022012,7
26109022013,7
26109022014,7
26109022015,7
26109022016,7
26109022017,7
26109022018,7
26109022019,7
26109022020,7
26109022021,7
26109022022,7
26109022023,7
26109022024,7
26109022025,7
26109022026,7
26109022027,7
26109022028,7
26109022029,7
26109022030,7
26109022031,7
26109022032,7
26109022033,7
26109022034,7
26109022036,7
26109023001,7
26109023002,7
26109023003,7
26109023004,7
26109023005,7
26109023006,7
26109023007,7
26109023008,7
26109023009,7
26109023010,7
26109023011,7
26109023012,7
26109023013,7
26109023014,7
26109023015,7
26109023016,7
26109023017,7
26109023018,7
26109023019,7
26109023020,7
26109023021,7
26109023022,7
26109023023,7
26109023024,7
26109023025,7
26109023026,7
26109023027,7
26109023028,7
26109023029,7
26109023030,7
26109023031,7
26109023032,7
26109023033,7
26109023034,7
26109023035,7
26109023036,7
26109023037,7
26109023038,7
26109023039,7
26109023040,7
26109023041,7
26109023042,7
26109023043,7
26109023044,7
26109023045,7
26109023046,7
26109023047,7
26109023048,7
26109023049,7
26109023050,7
26109023051,7
26109023052,7
26109023054,7
26109024002,7
26109024003,7
26109024004,7
26109024005,7
26109024006,7
26109024007,7
26109024008,7
26109024009,7
26109024010,7
26109024011,7
26109024012,7
26109024013,7
26109024014,7
26109024015,7
26109024016,7
26109024017,7
26109024018,7
26109024019,7
26109024020,7
26109024021,7
26109024022,7
26109024023,7
26109024024,7
26109024025,7
26109024026,7
26109024027,7
26109024028,7
26109024029,7
26109024030,7
26109024031,7
26109024032,7
26109024033,7
26109024034,7
26109024035,7
26109024036,7
26109024037,7
26109024038,7
26109024039,7
26109025002,7
26109025003,7
26109025004,7
26109025005,7
26109025006,7
26109025007,7
26109025008,7
26109025009,7
26109025010,7
26109025011,7
26109025012,7
26109025013,7
26109025014,7
26109025015,7
26109025016,7
26109025017,7
26109025018,7
26109025019,7
26109026001,7
26109026002,7
26109026003,7
26109026004,7
26109026005,7
26109026006,7
26109026007,7
26109026008,7
26109026009,7
26109026010,7
26109026011,7
26109026012,7
26109026013,7
26109026014,7
26109027001,7
26109027002,7
26109027003,7
26109027004,7
26109027005,7
26109027006,7
26109027007,7
26109027008,7
26109028001,7
26109028002,7
26109028003,7
26109028004,7
26109028005,7
26109028006,7
26109028007,7
26109028008,7
26109028009,7
26109028010,7
26109028011,7
26109028012,7
26109028013,7
26109028014,7
26109028015,7
26109028016,7
26109028017,7
26109028018,7
26109028019,7
26109028020,7
26109028021,7
26109028022,7
26109028023,7
26109028024,7
26109028025,7
26109028026,7
26109028027,7
26109028030,7
26109029001,7
26109029002,7
26109029003,7
26109029004,7
26109029005,7
26109029006,7
26109029007,7
26109029008,7
26109029009,7
26109029010,7
26109029011,7
26109030001,7
26109030002,7
26109030003,7
26109030004,7
26109030005,7
26109030006,7
26109030007,7
26109030008,7
26109030009,7
26109030010,7
26109030011,7
26109031001,7
26109031002,7
26109031003,7
26109032001,7
26109032002,7
26109032003,7
26109032004,7
26109032005,7
26109032006,7
26109032007,7
26109032008,7
26109032009,7
26109032010,7
26109032011,7
26109033001,7
26109033002,7
26109033003,7
26109033004,7
26109033005,7
26109033006,7
26109033007,7
26109034001,7
26109034002,7
26109034003,7
26109034004,7
26109034005,7
26109034006,7
26109034007,7
26109034008,7
26109034009,7
26109034010,7
26109034011,7
26109034012,7
26109034013,7
26109034014,7
26109034015,7
26109034016,7
26109034017,7
26109034018,7
26109034019,7
26109034020,7
26109034021,7
26109034022,7
26109034023,7
26109034024,7
26109034025,7
26109034026,7
26109035001,7
26109035002,7
26109035003,7
26109035004,7
26109035005,7
26109035006,7
26109035007,7
26109035008,7
26109035009,7
26109035010,7
26109035012,7
26109035013,7
26110001002,7
26110001003,7
26110001004,7
26110001005,7
26110001006,7
26110001007,7
26110001008,7
26110001009,7
26110001010,7
26110001011,7
26110001012,7
26110001013,7
26110001014,7
26110001015,7
26110001017,7
26110001018,7
26110001019,7
26110001020,7
26110001021,7
26110001022,7
26110001023,7
26110002001,7
26110002002,7
26110002003,7
26110002004,7
26110002005,7
26110002006,7
26110002007,7
26110002008,7
26110002009,7
26110002010,7
26110002011,7
26110002012,7
26110002013,7
26110002014,7
26110002015,7
26110002016,7
26110002017,7
26110003001,7
26110003002,7
26110003003,7
26110003004,7
26110003005,7
26110003006,7
26110003007,7
26110003008,7
26110003009,7
26110003010,7
26110003011,7
26110003012,7
26110003013,7
26110003014,7
26110003015,7
26110003016,7
26110003017,7
26110003018,7
26110003019,7
26110003020,7
26110003021,7
26110003022,7
26110003023,7
26110003024,7
26110003025,7
26110003026,7
26110003027,7
26110003028,7
26110003029,7
26110003030,7
26110003031,7
26110003032,7
26110003033,7
26110003034,7
26110003035,7
26110004001,7
26110004002,7
26110004003,7
26110004004,7
26110004005,7
26110004006,7
26110004007,7
26110004008,7
26110004009,7
26110005001,7
26110005002,7
26110005003,7
26110005004,7
26110005005,7
26110005006,7
26110005007,7
26110005008,7
26110005009,7
26110005010,7
26110005011,7
26110005012,7
26110005013,7
26110005014,7
26110005015,7
26110005016,7
26110005017,7
26110005018,7
26110005019,7
26110005020,7
26110006001,7
26110006002,7
26110006003,7
26110006004,7
26110006005,7
26110006006,7
26110006007,7
26110006008,7
26110006009,7
26110006010,7
26110006011,7
26110006012,7
26110006013,7
26110006014,7
26110006015,7
26110006016,7
26110006017,7
26110006018,7
26110006019,7
26110007001,7
26110007002,7
26110007003,7
26110007004,7
26110007005,7
26110007006,7
26110007007,7
26110007008,7
26110007009,7
26110007010,7
26110007011,7
26110007012,7
26110007013,7
26110007014,7
26110007015,7
26110007016,7
26110007017,7
26110007018,7
26110007019,7
26110007020,7
26110007021,7
26110007022,7
26110008001,7
26110008002,7
26110008003,7
26110008004,7
26110008005,7
26110008006,7
26110008007,7
26110008008,7
26110008009,7
26110008010,7
26110008011,7
26110008012,7
26110008013,7
26110008014,7
26110008015,7
26110008016,7
26110008017,7
26110008018,7
26110008019,7
26110008020,7
26110008021,7
26110008022,7
26110008023,7
26110008024,7
26110008025,7
26110008026,7
26110008027,7
26110008028,7
26110008029,7
26110008030,7
26110008031,7
26110008032,7
26110008033,7
26110008034,7
26110008035,7
26110008036,7
26110008037,7
26110008038,7
26110008039,7
26110008040,7
26110008041,7
26110008042,7
26110008043,7
26110008044,7
26110008045,7
26110008046,7
26110008047,7
26110008048,7
26110008049,7
26110008050,7
26110008051,7
26110008052,7
26110009001,7
26110009002,7
26110009003,7
26110009004,7
26110009005,7
26110009006,7
26110009007,7
26110009008,7
26110009009,7
26110009010,7
26110009011,7
26110009012,7
26110009013,7
26110009014,7
26110009015,7
26110009016,7
26110009017,7
26110009018,7
26110009019,7
26110009020,7
26110009021,7
26110009022,7
26110009023,7
26110009024,7
26110009025,7
26110009026,7
26110009027,7
26110009028,7
26110009029,7
26110009030,7
26110010001,7
26110010002,7
26110010003,7
26110010004,7
26110010005,7
26110010006,7
26110010007,7
26110010008,7
26110010009,7
26110010010,7
26110010011,7
26110010012,7
26110010013,7
26110010014,7
26110010015,7
26110010016,7
26110010017,7
26110010018,7
26110010019,7
26110010020,7
26110010021,7
26110010022,7
26110010023,7
26110010024,7
26110010025,7
26110010026,7
26110010027,7
26110010028,7
26110010029,7
26110010030,7
26110010031,7
26110010032,7
26110010034,7
26110010035,7
26110010036,7
26110010037,7
26110010038,7
26110010039,7
26110010040,7
26110010041,7
26110011001,7
26110011002,7
26110011003,7
26110011004,7
26110011005,7
26110011006,7
26110011007,7
26110011008,7
26110011009,7
26110011010,7
26110011011,7
26110011012,7
26110011013,7
26110011014,7
26110011015,7
26110011016,7
26110011017,7
26110011018,7
26110011019,7
26110011020,7
26110011021,7
26110011022,7
26110011023,7
26110011024,7
26110011025,7
26110011026,7
26110011027,7
26110011028,7
26110011029,7
26110011030,7
26110011031,7
26110011033,7
26110011035,7
26110011036,7
26110011037,7
26110012001,7
26110012002,7
26110012003,7
26110012004,7
26110012005,7
26110012006,7
26110012007,7
26110012008,7
26110012009,7
26110012010,7
26110012011,7
26110012012,7
26110012013,7
26110012014,7
26110012015,7
26110012016,7
26110012017,7
26110012018,7
26110012019,7
26110012020,7
26110012021,7
26110012022,7
26110012023,7
26110012024,7
26110012025,7
26110012026,7
26110012027,7
26110012028,7
26110012029,7
26110012030,7
26110012031,7
26110012032,7
26110012033,7
26110012034,7
26110013001,7
26110013002,7
26110013003,7
26110013004,7
26110013005,7
26110013006,7
26110013007,7
26110013008,7
26110013009,7
26110013010,7
26110013011,7
26110013012,7
26110013013,7
26110013014,7
26110013015,7
26110013016,7
26110013017,7
26110013018,7
26110013019,7
26110013020,7
26110013021,7
26110013022,7
26110013023,7
26110013024,7
26110013025,7
26110013026,7
26110013027,7
26110013028,7
26110013030,7
26110013031,7
26111001001,5
26111001002,5
26111001003,5
26111001004,5
26111001005,5
26111001006,5
26111001007,5
26111001008,5
26111001009,5
26111001010,5
26111001011,5
26111001012,5
26111001013,5
26111001014,5
26111001015,5
26111001016,5
26111001017,5
26111001018,5
26111001019,5
26111001020,5
26111001021,5
26111001022,5
26111002001,5
26111002002,5
26111002003,5
26111002004,5
26111002005,5
26111002006,5
26111002007,5
26111002008,5
26111002009,5
26111002010,5
26111002011,5
26111002012,5
26111002013,5
26111002014,5
26111002015,5
26111002016,5
26111002017,5
26111002018,5
26111002019,5
26111002020,5
26111002021,5
26111002022,5
26111002023,5
26111002024,5
26111002025,5
26111002026,5
26111002027,5
26111002028,5
26111002029,5
26111002030,5
26111002032,5
26111002034,5
26111002035,5
26111002036,5
26111003001,5
26111003002,5
26111003003,5
26111003004,5
26111003005,5
26111003006,5
26111003007,5
26111003008,5
26111003009,5
26111003010,5
26111003011,5
26111003012,5
26111003013,5
26111003014,5
26111003015,5
26111003016,5
26111003017,5
26111003018,5
26111003019,5
26111003020,5
26111003021,5
26111003022,5
26111003023,5
26111003024,5
26111003025,5
26111003026,5
26111003027,5
26111003028,5
26111003029,5
26111003031,5
26111003033,5
26111003034,5
26111003035,5
26111004001,5
26111004002,5
26111004003,5
26111004004,5
26111004006,5
26111004007,5
26111004008,5
26111004009,5
26111004010,5
26111004011,5
26111004012,5
26111004013,5
26111004014,5
26111004015,5
26111004016,5
26111004017,5
26111004018,5
26111004019,5
26111004020,5
26111004021,5
26111004022,5
26111004023,5
26111004024,5
26111004025,5
26111005001,5
26111005002,5
26111005003,5
26111005004,5
26111005005,5
26111005006,5
26111005007,5
26111005008,5
26111005009,5
26111005010,5
26111005011,5
26111005014,5
26111005015,5
26111005016,5
26111006001,5
26111006002,5
26111006003,5
26111006004,5
26111006005,5
26111006006,5
26111006007,5
26111006008,5
26111006009,5
26111006010,5
26111006011,5
26111006012,5
26111006013,5
26111007001,5
26111007002,5
26111007003,5
26111007004,5
26111007005,5
26111007006,5
26111007007,5
26111007008,5
26111007009,5
26111007010,5
26111007011,5
26111007012,5
26111007013,5
26111007014,5
26111007016,5
26111007017,5
26111007018,5
26111007019,5
26111007020,5
26111008001,5
26111008002,5
26111008003,5
26111008004,5
26111008005,5
26111008006,5
26111008007,5
26111008008,5
26111008009,5
26111008010,5
26111008011,5
26111008012,5
26111008013,5
26111008014,5
26111008015,5
26111008016,5
26111008017,5
26111008018,5
26111008019,5
26111008020,5
26111008021,5
26111009001,5
26111009002,5
26111009003,5
26111009004,5
26111009005,5
26111009006,5
26111009007,5
26111009008,5
26111009009,5
26111009010,5
26111009011,5
26111009012,5
26111009013,5
26111009014,5
26111009015,5
26111009016,5
26111009017,5
26111009018,5
26111009019,5
26111009020,5
26111009022,5
26111009023,5
26111009024,5
26111010001,5
26111010002,5
26111010003,5
26111010004,5
26111010005,5
26111010006,5
26111010007,5
26111010008,5
26111010009,5
26111010010,5
26111010011,5
26111010012,5
26111010013,5
26111010014,5
26111010015,5
26111010016,5
26111010017,5
26111010018,5
26111010019,5
26111010020,5
26111010021,5
26111010022,5
26111010023,5
26111010024,5
26111010025,5
26111010026,5
26111010027,5
26111010028,5
26111010029,5
26111010030,5
26111010031,5
26111010032,5
26111010033,5
26111010034,5
26111010035,5
26111010036,5
26111010037,5
26111010038,5
26111010039,5
26111010040,5
26111010041,5
26111010042,5
26111010043,5
26111010044,5
26111010045,5
26111010046,5
26111010047,5
26111010048,5
26111010049,5
26111010050,5
26111010051,5
26111010052,5
26111010053,5
26111010054,5
26111010055,5
26111010056,5
26111010057,5
26111010058,5
26111010059,5
26111010061,5
26111011001,5
26111011002,5
26111011003,5
26111011004,5
26111011007,5
26111012001,5
26111012002,5
26111012003,5
26111012004,5
26111012005,5
26111012006,5
26111012007,5
26111012008,5
26111012009,5
26111012010,5
26111012011,5
26111012012,5
26111012013,5
26111012014,5
26111012015,5
26111012016,5
26111012018,5
26111012019,5
26111013001,5
26111013002,5
26111013003,5
26111013004,5
26111013005,5
26111013006,5
26111013007,5
26111013008,5
26111013009,5
26111013010,5
26111013011,5
26111014001,5
26111014002,5
26111014003,5
26111014004,5
26111014005,5
26111014006,5
26111014007,5
26111015001,5
26111015002,5
26111015003,5
26111015004,5
26111015005,5
26111015006,5
26111015007,5
26111016001,5
26111016002,5
26111016003,5
26111016004,5
26111016005,5
26111016006,5
26111017001,5
26111017002,5
26111017003,5
26111017004,5
26111017005,5
26111017006,5
26111017007,5
26111017008,5
26111017009,5
26111017010,5
26111017011,5
26111017012,5
26111017013,5
26111017014,5
26111017015,5
26111017016,5
26201001001,1
26201001002,1
26201001003,1
26201001004,1
26201001005,1
26201001006,1
26201001007,1
26201001008,1
26201001009,1
26201001010,1
26201001011,1
26201001012,1
26201001013,1
26201001014,1
26201001015,1
26201001016,1
26201001017,1
26201001018,1
26201001019,1
26201001020,1
26201001021,1
26201001022,1
26201001023,1
26201001024,1
26201001025,1
26201001026,1
26201001027,1
26201001028,1
26201001029,1
26201001030,1
26201001031,1
26201001032,1
26201001033,1
26201001034,1
26201001035,1
26201001036,1
26201001037,1
26201002001,1
26201002002,1
26201002003,1
26201002004,1
26201002005,1
26201002006,1
26201002007,1
26201002008,1
26201002009,1
26201002010,1
26201002011,1
26201002012,1
26201002013,1
26201002014,1
26201002016,1
26201002017,1
26201002018,1
26201002019,1
26201002020,1
26201002021,1
26201002022,1
26201002023,1
26201002024,1
26201002025,1
26201003001,1
26201003002,1
26201003003,1
26201003004,1
26201003005,1
26201003006,1
26201003007,1
26201003008,1
26201003009,1
26201003010,1
26201003011,1
26201003012,1
26201003013,1
26201003014,1
26201003015,1
26201003016,1
26201004001,1
26201004002,1
26201004003,1
26201004004,1
26201004005,1
26201004006,1
26201004007,1
26201004008,1
26201004009,1
26201004010,1
26201004011,1
26201005001,1
26201005002,1
26201005003,1
26201005004,1
26201005005,1
26201005006,1
26201005007,1
26201005008,1
26201006001,1
26201006002,1
26201006003,1
26201006004,1
26201006005,1
26201006006,1
26201006007,1
26201006008,1
26201007001,1
26201007002,1
26201007003,1
26201007004,1
26201008001,1
26201008002,1
26201008003,1
26201008004,1
26201008005,1
26201008006,1
26201008007,1
26201008008,1
26201008009,1
26201008010,1
26201008011,1
26201008012,1
26201008013,1
26201008014,1
26201008015,1
26201008016,1
26201008017,1
26201008018,1
26201008019,1
26201008020,1
26201009001,1
26201009002,1
26201009003,1
26201009004,1
26201009005,1
26201009006,1
26201009007,1
26201009008,1
26201010001,1
26201010002,1
26201010003,1
26201010004,1
26201010005,1
26201010006,1
26201010007,1
26201010008,1
26201010009,1
26201010010,1
26201010011,1
26201010012,1
26201010013,1
26201011001,1
26201011002,1
26201011003,1
26201011004,1
26201011006,1
26201011007,1
26201011008,1
26201011009,1
26201011010,1
26201012001,1
26201012002,1
26201012003,1
26201012004,1
26201012005,1
26201012006,1
26201012007,1
26201012008,1
26201012009,1
26201013001,1
26201013002,1
26201013003,1
26201013004,1
26201013005,1
26201013006,1
26201013007,1
26201013008,1
26201013010,1
26201014001,1
26201014002,1
26201014003,1
26201014004,1
26201014005,1
26201014006,1
26201014007,1
26201014008,1
26201014009,1
26201014010,1
26201014011,1
26201015001,1
26201015002,1
26201015003,1
26201015004,1
26201015005,1
26201015006,1
26201015007,1
26201016001,1
26201016002,1
26201016003,1
26201016004,1
26201016005,1
26201016006,1
26201016007,1
26201016008,1
26201017001,1
26201017002,1
26201017003,1
26201017004,1
26201017005,1
26201017006,1
26201017007,1
262010180,1
262010190,1
26201020001,1
26201020002,1
26201020003,1
26201020004,1
26201020005,1
26201021001,1
26201021002,1
26201021003,1
26201021004,1
26201021005,1
26201021006,1
26201022007,1
26201022008,1
26201022009,1
26201022010,1
26201022011,1
26201022012,1
26201022013,1
26201022014,1
26201022015,1
26201022022,1
26201023016,1
26201023017,1
26201023018,1
26201023019,1
26201023020,1
26201023021,1
26201024001,1
26201024002,1
26201024003,1
26201024004,1
26201024005,1
26201024006,1
26201024007,1
262010250,1
262010260,1
26201027010,1
26201027011,1
26201027012,1
26201027013,1
26201027014,1
26201028015,1
26201028016,1
26201028017,1
262010290,1
262010300,1
262010310,1
262010320,1
262010330,1
26201034023,1
26201034024,1
26201034025,1
26201034026,1
26201034027,1
26201034028,1
26201034029,1
26201034030,1
26201034031,1
26201034032,1
26201035000,1
26201035033,1
26201035035,1
26201035036,1
26201035037,1
26201035038,1
26201035039,1
26201035040,1
26201036041,1
26201036042,1
26201036043,1
26201036044,1
26201036045,1
26201036046,1
26201037001,1
26201037002,1
26201037003,1
26201037004,1
26201037005,1
26201037006,1
26201037007,1
26201037008,1
26201038001,1
26201038002,1
26201038003,1
26201038004,1
26201038005,1
26201038006,1
26201038007,1
26201038008,1
26201038009,1
26201038010,1
26201039001,1
26201039002,1
26201039003,1
26201039004,1
26201039006,1
26201040001,1
26201040002,1
26201040003,1
26201040004,1
26201040005,1
26201040006,1
26201040007,1
26201040008,1
26201040009,1
26201041001,1
26201041002,1
26201041003,1
26201041004,1
26201041005,1
26201041006,1
26201041007,1
26201041008,1
26201042001,1
26201042002,1
26201042003,1
26201042004,1
26201042005,1
26202001001,1
26202001002,1
26202001003,1
26202001004,1
26202001005,1
26202001006,1
26202001007,1
26202001008,1
26202001009,1
26202001010,1
26202001011,1
26202001012,1
26202001013,1
26202002001,1
26202002002,1
26202002003,1
26202002004,1
26202002005,1
26202002006,1
26202002007,1
26202002008,1
26202002009,1
26202002010,1
26202002012,1
26202002013,1
26202002014,1
26202002015,1
26202002016,1
26202002017,1
26202003001,1
26202003002,1
26202003003,1
26202003004,1
26202003005,1
26202003006,1
26202003007,1
26202003008,1
26202003010,1
26202003011,1
26202003012,1
26202003013,1
26202003014,1
26202003015,1
26202003016,1
26202003017,1
26202003018,1
26202003019,1
26202003020,1
26202003021,1
26202003023,1
26202003024,1
26202003025,1
26202004001,1
26202004002,1
26202004003,1
26202004004,1
26202004005,1
26202004006,1
26202004007,1
26202004008,1
26202004009,1
26202004010,1
26202004011,1
26202004012,1
26202004013,1
26202004014,1
26202004015,1
26202004016,1
26202004017,1
26202004018,1
26202004019,1
26202004020,1
26202004021,1
26202004022,1
26202004023,1
26202005001,1
26202005002,1
26202005003,1
26202005004,1
26202005005,1
26202005006,1
26202005007,1
26202005008,1
26202005009,1
26202005010,1
26202006001,1
26202006002,1
26202006003,1
26202006004,1
26202006005,1
26202006008,1
26202006009,1
26202006010,1
26202006011,1
26202006012,1
26202006013,1
26202006014,1
26202006015,1
26202006016,1
26202006017,1
26202006018,1
26202006019,1
26202006020,1
26202006021,1
26202006022,1
26202006023,1
26202006024,1
26202006025,1
26202006026,1
26202006027,1
26202006029,1
26202006030,1
26202006031,1
26202006032,1
26202006033,1
26202006034,1
26202006035,1
26202006036,1
26202006037,1
26202006038,1
26202006039,1
26202006040,1
26202006041,1
26202006042,1
26202006043,1
26202006044,1
26202006045,1
26202006046,1
26202006047,1
26202006048,1
26202006050,1
26202006051,1
26202006052,1
26202006053,1
26202006054,1
26202006056,1
26202006057,1
26202006058,1
26202006059,1
26202006060,1
26202006061,1
26202006062,1
26202006063,1
26202006064,1
26202007001,1
26202007002,1
26202007003,1
26202007004,1
26202007005,1
26202007006,1
26202007008,1
26202007009,1
26202007010,1
26202007011,1
26202008001,1
26202008002,1
26202008003,1
26202008004,1
26202008005,1
26202008006,1
26202008007,1
26202008008,1
26202008010,1
26202008011,1
26202008012,1
26202008013,1
26202008014,1
26202008015,1
26202008016,1
26202008017,1
26202008018,1
26202008019,1
26202008020,1
26202008021,1
26202008022,1
26202008023,1
26202008024,1
26202008025,1
26202008026,1
26202008027,1
26202008028,1
26202008030,1
26202008031,1
26202008032,1
26202008033,1
26202008034,1
26202008035,1
26202008036,1
26202008037,1
26202008038,1
26202008039,1
26202008040,1
26202008041,1
26202008042,1
26202008043,1
26202008044,1
26202008045,1
26202008046,1
26202008047,1
26202008048,1
26202008049,1
26202008050,1
26202008051,1
26202008053,1
26202008054,1
26202008055,1
26202008056,1
26202008057,1
26202008058,1
26202008059,1
26202008060,1
26202008062,1
26202008063,1
26202008064,1
26202008065,1
26202008066,1
26202008067,1
26202008068,1
26202008070,1
26202008071,1
26202008072,1
26202008073,1
26202009001,1
26202009002,1
26202009003,1
26202009004,1
26202009005,1
26202009006,1
26202009007,1
26202009008,1
26202009009,1
26202009010,1
26202009011,1
26202009012,1
26202009013,1
26202009014,1
26202009015,1
26202009016,1
26202010002,1
26202010003,1
26202010004,1
26202010005,1
26202010006,1
26202010007,1
26202010008,1
26202010009,1
26202010010,1
26202010011,1
26202010012,1
26202010013,1
26202010014,1
26202010015,1
26202010016,1
26202010017,1
26202010018,1
26202010019,1
26202010020,1
26202010021,1
26202010023,1
26202010024,1
26202010025,1
26202011001,1
26202011002,1
26202011003,1
26202011004,1
26202011005,1
26202011006,1
26202011007,1
26202011008,1
26202011009,1
26202011010,1
26202011011,1
26202011012,1
26202011013,1
26202011014,1
26202011015,1
26202011016,1
26202011017,1
26202011018,1
26202011019,1
26202011020,1
26202011021,1
26202011022,1
26202011023,1
26202011024,1
26202011025,1
26202011026,1
26202011027,1
26202011028,1
26202011029,1
26202011030,1
26202011031,1
26202011032,1
26202011033,1
26202011034,1
26202011035,1
26202011036,1
26202011037,1
26202011038,1
26202011039,1
26202011040,1
26202011041,1
26202011042,1
26202011043,1
26202011044,1
26202011045,1
26202011046,1
26202011047,1
26202011048,1
26202011049,1
26202011050,1
26202011051,1
26202011052,1
26202011053,1
26202011055,1
26202011056,1
26202011057,1
26202011058,1
26202011059,1
26202011060,1
26202011061,1
26202011062,1
26202011063,1
26202011064,1
26202011065,1
26202012001,1
26202012002,1
26202012003,1
26202012004,1
26202012005,1
26202012006,1
26202012007,1
26202012008,1
26202012009,1
26202012010,1
26202012012,1
26202012013,1
26202012014,1
26202012015,1
26202012016,1
26202012017,1
26202012018,1
26202012019,1
26202012020,1
26202012021,1
26202012022,1
26202012023,1
26202012024,1
26202012025,1
26202012026,1
26202012027,1
26202012028,1
26202012029,1
26202012030,1
26202012031,1
26202012032,1
26202012034,1
26202012035,1
26202012036,1
26202013001,1
26202013002,1
26202013003,1
26202013004,1
26202013005,1
26202013006,1
26202013007,1
26202013008,1
26202013009,1
26202013010,1
26202013011,1
26202013012,1
26202013013,1
26202013014,1
26202014001,1
26202014002,1
26202014004,1
26202014005,1
26202014006,1
26202014008,1
26202014009,1
26202014011,1
26202014013,1
26202014014,1
26202014015,1
26202015001,1
26202015002,1
26202015003,1
26202015004,1
26202015006,1
26202015007,1
26202015008,1
26202015009,1
26202015010,1
26202015011,1
26202015012,1
26202015013,1
26202015014,1
26202015022,1
26202015023,1
26202015030,1
26202015040,1
26202015050,1
26202015060,1
26202016001,1
26202016002,1
26202016003,1
26202016004,1
26202016005,1
26202016006,1
26202016007,1
26202016008,1
26202016009,1
26202016010,1
26202017001,1
26202017002,1
26202017003,1
26202017004,1
26202017005,1
26202017006,1
26202017007,1
26202017008,1
26202017009,1
26202018001,1
26202018002,1
26202018003,1
26202018004,1
26202018005,1
26202018006,1
26202018007,1
26202018008,1
26202018009,1
26202019001,1
26202019002,1
26202019003,1
26202019004,1
26202019005,1
26202020001,1
26202020002,1
26202020003,1
26202020004,1
26202020005,1
26202020006,1
26202020007,1
26202020008,1
26202020009,1
26202020010,1
26202020011,1
26202020012,1
26202021001,1
26202021002,1
26202021003,1
26202021004,1
26202021005,1
262020220,1
26203001001,1
26203001002,1
26203001003,1
26203001004,1
26203001005,1
26203001006,1
26203001007,1
26203001008,1
26203001009,1
26203001010,1
26203001011,1
26203001012,1
26203001013,1
26203001014,1
26203001015,1
26203002001,1
26203002002,1
26203002003,1
26203002004,1
26203002005,1
26203002006,1
26203002007,1
26203002008,1
26203002009,1
26203002010,1
26203002011,1
26203002012,1
26203002013,1
26203002014,1
26203002015,1
26203002016,1
26203002017,1
26203002018,1
26203002019,1
26203002020,1
26203002021,1
26203002022,1
26203002023,1
26203002024,1
26203002025,1
26203002026,1
26203003001,1
26203003002,1
26203003003,1
26203003004,1
26203003005,1
26203003006,1
26203003007,1
26203003008,1
26203003009,1
26203003010,1
26203004001,1
26203004002,1
26203004003,1
26203004004,1
26203004005,1
26203004006,1
26203004007,1
26203004008,1
26203004009,1
26203004010,1
26203004011,1
26203004012,1
26203005001,1
26203005002,1
26203005003,1
26203005004,1
26203005005,1
26203005006,1
26203005007,1
26203005008,1
26203005009,1
26203005010,1
26203005011,1
26203005012,1
26203005013,1
26203005014,1
26203005015,1
26203005016,1
26203005017,1
26203005018,1
26203005019,1
26203005020,1
26203005021,1
26203005022,1
26203005023,1
26203005024,1
26203006001,1
26203006002,1
26203006003,1
26203006004,1
26203006005,1
26203006006,1
26203006009,1
26203007101,1
26203007102,1
26203007201,1
26203007202,1
26203007203,1
26203007204,1
26203007205,1
26203007206,1
26203007207,1
26203008001,1
26203008002,1
26203008003,1
26203008004,1
26203008005,1
26203008006,1
26203008007,1
26203008008,1
26203008009,1
26203008010,1
26203008011,1
26203008012,1
26203008013,1
26203008014,1
26203008015,1
26203008016,1
26203008017,1
26203008018,1
26203008019,1
26203008020,1
26203008021,1
26203008022,1
26203008023,1
26203008024,1
26203008025,1
26203008026,1
26203008027,1
26203008028,1
26203008029,1
26203008030,1
26203008031,1
26203008032,1
26203008033,1
26203008034,1
26203008035,1
26203008037,1
26203008038,1
26203008039,1
26203008041,1
26203008042,1
26203008043,1
26203008059,1
26203008060,1
26203008061,1
26203008062,1
26203008063,1
26203008064,1
26203008065,1
26203008066,1
26203009001,1
26203009002,1
26203009003,1
26203009005,1
26203009006,1
26203009007,1
26203009008,1
26203009009,1
26203009010,1
26203009011,1
26203009012,1
26203009013,1
26203010001,1
26203010002,1
26203010003,1
26203010004,1
26203010005,1
26203010006,1
26203010007,1
26203010008,1
26203010009,1
26203010010,1
26203010011,1
26203010012,1
26203010013,1
26203010014,1
26203010015,1
26203010016,1
26203010017,1
26203010018,1
26203010019,1
26203010020,1
26203010021,1
26203010022,1
26203010023,1
26203010024,1
26203010025,1
26203010026,1
26203011001,1
26203011002,1
26203011003,1
26203011004,1
26203011005,1
26203011006,1
26203011007,1
26203012001,1
26203012002,1
26203012003,1
26203012004,1
26203012005,1
26203012006,1
26203012007,1
26203012008,1
26203012009,1
26203012010,1
26204001001,2
26204001002,2
26204001003,2
26204001004,2
26204001005,2
26204001006,2
26204001007,2
26204003001,2
26204003002,2
26204003003,2
26204003004,2
26204003005,2
26204003006,2
26204003007,2
26204003008,2
26204003009,2
26204003010,2
26204003011,2
26204003012,2
26204003013,2
26204003014,2
26204003015,2
26204003016,2
26204003017,2
26204003018,2
26204003019,2
26204003020,2
26204003021,2
26204003022,2
26204003024,2
26204003025,2
26204003026,2
26204003027,2
26204003028,2
26204003029,2
26204004001,2
26204004002,2
26204004003,2
26204004004,2
26204005002,2
26204005003,2
26204005004,2
26204005005,2
26204005006,2
26204005007,2
26204005008,2
26204005009,2
26204005010,2
26204005011,2
26204005013,2
26204005015,2
26204005016,2
26204005017,2
26204005019,2
26204005020,2
26204005021,2
26204005024,2
26204005025,2
26204005026,2
26204005028,2
26204005029,2
26204005031,2
26204005032,2
26204005033,2
26204005034,2
26204005035,2
26204005036,2
26204005037,2
26204005038,2
26204005039,2
26204005040,2
26204005041,2
26204005042,2
26204007001,2
26204007002,2
26204007003,2
26204007004,2
26204007005,2
26204007006,2
26204007007,2
26204007008,2
26204007009,2
26204007010,2
26204007011,2
26204007012,2
26204007013,2
26204007014,2
26204007015,2
26204007016,2
26204007017,2
26204007018,2
26204007019,2
26204007020,2
26204007021,2
26204007022,2
26204007023,2
26204007024,2
26204007025,2
26204007026,2
26204007027,2
26204007028,2
26204007030,2
26204007031,2
26204007032,2
26204007033,2
26204007034,2
26204007035,2
26204007036,2
26204008001,2
26204008002,2
26204008003,2
26204008004,2
26204010001,2
26204010002,2
26204010003,2
26204010004,2
26204010005,2
26204010006,2
26204010007,2
26204010008,2
26204010009,2
26204010010,2
26204010011,2
26204010012,2
26204010013,2
26204010014,2
26204010015,2
26204010016,2
26204010017,2
26204010018,2
26204012001,2
26204012002,2
26204012003,2
26204012004,2
26204012005,2
26204012006,2
26204012007,2
26204012008,2
26204012009,2
26204012010,2
26204012011,2
26204012012,2
26204012013,2
26204012014,2
26204014001,2
26204014002,2
26204014003,2
26204014004,2
26204014005,2
26204014006,2
26204014007,2
26204014008,2
26204014009,2
26204014010,2
26204014011,2
26204014012,2
26204014013,2
26204014014,2
26204014015,2
26204014016,2
26204014017,2
26204016001,2
26204016002,2
26204016003,2
26204016004,2
26204016005,2
26204016006,2
26204016007,2
26204016008,2
26204018001,2
26204018002,2
26204018003,2
26204018004,2
26204018005,2
26204018006,2
26204018007,2
26204018008,2
26204018009,2
26204018010,2
26204018011,2
26204018013,2
26204018014,2
26204018015,2
26204020001,2
26204020002,2
26204020003,2
26204020004,2
26204020005,2
26204020006,2
26204020007,2
26204020008,2
26204020009,2
26204020010,2
26204020011,2
26204020012,2
26204020013,2
26204020014,2
26204020015,2
26204020016,2
26204020017,2
26204020018,2
26204022001,2
26204022002,2
26204022003,2
26204022004,2
26204024001,2
26204024002,2
26204024003,2
26204024004,2
26204024005,2
26204024006,2
26204024007,2
26204024008,2
26204024010,2
26204024011,2
26204024012,2
26204024013,2
26204024014,2
26204024015,2
26204024016,2
26204024017,2
26204024018,2
26204024019,2
26204024020,2
26204024021,2
26204024022,2
26204024023,2
26204024024,2
26204024025,2
26204024026,2
26204024027,2
26204024028,2
26204024029,2
26204024030,2
26204024031,2
26204024032,2
26204024033,2
26204024034,2
26204024035,2
26204026001,2
26204026002,2
26204026003,2
26204028001,2
26204028002,2
26204028003,2
26204028004,2
26204029001,2
26204029002,2
26204029003,2
26204030002,2
26204030003,2
26204030004,2
26204030005,2
26204030006,2
26204030007,2
26204030008,2
26204030009,2
26204030010,2
26204030011,2
26204030012,2
26204030013,2
26204030014,2
26204030015,2
26204030016,2
26204030017,2
26204030018,2
26204030019,2
26204030020,2
26204030021,2
26204030022,2
26204030023,2
26204032001,2
26204032002,2
26204032003,2
26204032004,2
262040340,2
26204036001,2
26204036002,2
26204036003,2
26204036004,2
26204036005,2
26204038001,2
26204038002,2
26204038003,2
26204038004,2
26204038005,2
26204038006,2
26204038007,2
26204038008,2
26204038009,2
26204038010,2
26204038011,2
26204038012,2
26204038013,2
26204038014,2
26204038015,2
26204038016,2
26204038017,2
26204038018,2
26204038019,2
26204038020,2
26204038021,2
26204038022,2
26204038023,2
26204038024,2
26204038025,2
26204038026,2
26204038027,2
26204038028,2
26204038029,2
26204038030,2
26204038031,2
26204038032,2
26204038033,2
26204038034,2
26204038035,2
26204038036,2
26204040001,2
26204040002,2
26204040003,2
26204040004,2
26204040005,2
26204040006,2
26204040007,2
26204040008,2
26204040009,2
26204040010,2
26204040011,2
26204040012,2
26204040013,2
26204040014,2
26204040015,2
26204040016,2
26204040017,2
26204040018,2
26204040019,2
26204040020,2
26204042001,2
26204042002,2
26204042003,2
26204042004,2
26204042005,2
26204042006,2
26204042007,2
26204042008,2
26204042009,2
26204042010,2
26204042011,2
26204042012,2
26204042013,2
26204042014,2
26204042015,2
26204042016,2
26204042017,2
26204042018,2
26204042019,2
26204042020,2
26204042021,2
26204042022,2
26204042023,2
26204044001,2
26204044002,2
26204044003,2
262040460,2
26204048001,2
26204048003,2
26204048004,2
26204048005,2
26204048006,2
26204048007,2
26204048008,2
26204048009,2
26204048010,2
26204048011,2
26204048012,2
26204048013,2
26204048014,2
26204048015,2
26204048016,2
26204048017,2
26204049001,2
26204049002,2
26204049003,2
26204051001,2
26204051002,2
26204051003,2
26204051004,2
26204051005,2
26204051006,2
26204051007,2
26204051008,2
26204051009,2
26204051010,2
26204051011,2
26204051012,2
26205001001,1
26205001002,1
26205001003,1
26205001004,1
26205001005,1
26205002001,1
26205002002,1
26205002003,1
26205002004,1
26205002005,1
26205002006,1
26205002007,1
26205002008,1
26205002009,1
26205003001,1
26205003002,1
26205003003,1
26205003004,1
26205003005,1
26205004001,1
26205004002,1
26205005001,1
26205005002,1
26205005003,1
26205005004,1
26205005005,1
26205005006,1
26205005007,1
26205005008,1
26205005009,1
26205006001,1
26205006002,1
26205006003,1
26205006004,1
26205006005,1
26205007001,1
26205007002,1
26205007003,1
26205007004,1
26205007005,1
26205007006,1
26205007007,1
26205007008,1
26205007009,1
26205007010,1
26205007011,1
26205007012,1
26205007013,1
26205007014,1
26205007015,1
26205007016,1
26205007017,1
26205007018,1
26205007019,1
26205007020,1
26205007021,1
26205007022,1
26205007023,1
26205007024,1
26205007025,1
26205007026,1
26205007027,1
26205007028,1
26205007029,1
26205007030,1
26205007031,1
26205007032,1
26205007033,1
26205007034,1
26205007035,1
26205007036,1
26205007037,1
26205007038,1
26205007039,1
26205007040,1
26205007042,1
26205007043,1
26205007044,1
26205008001,1
26205008002,1
26205008003,1
26205008004,1
26205008005,1
26205008006,1
26205009001,1
26205009002,1
26205009003,1
26205009004,1
26205009005,1
26205009006,1
26205009007,1
26205009008,1
26205009009,1
26205009010,1
26205009011,1
26205009012,1
26205009013,1
26205010001,1
26205010002,1
26205010003,1
26205010004,1
26205010005,1
26205010006,1
26206001001,5
26206001037,5
26206001039,5
26206001042,5
262060020,5
262060030,5
262060040,5
262060050,5
26206006006,5
26206006007,5
26206006028,5
26206006038,5
26206006039,5
26206007007,5
26206007044,5
262060080,5
262060090,5
262060100,5
262060110,5
262060120,5
26206013013,5
26206013043,5
26206014006,5
26206014035,5
26206014036,5
26206014043,5
26206015014,5
26206015015,5
26206015016,5
26206015017,5
26206015018,5
26206015019,5
26206015020,5
26206015048,5
262060160,5
262060170,5
262060180,5
262060190,5
26206020024,5
26206020026,5
26206020029,5
262060210,5
26206022026,5
26206022029,5
262060230,5
262060240,5
262060250,5
262060260,5
262060270,5
26206028030,5
26206028032,5
26206028046,5
262060290,5
262060300,5
26206031040,5
26206031041,5
26206031045,5
26206031047,5
26206032001,5
26206032002,5
26206032003,5
26206032004,5
26206032005,5
26206032006,5
26206032007,5
26206032008,5
26206032009,5
26206032010,5
26206032011,5
26206032012,5
26206032013,5
26206033001,5
26206033002,5
26206033003,5
26206033004,5
26206033005,5
26206033006,5
26206033007,5
26206033008,5
26206033009,5
26206033010,5
26206034001,5
26206034002,5
26206034003,5
26206034004,5
26206034005,5
26206034006,5
26206034007,5
26206034008,5
26206034009,5
26206034010,5
26206034011,5
26206034012,5
26206034013,5
26206035001,5
26206035002,5
26206035003,5
26206035004,5
26206035005,5
26206035006,5
26206035007,5
26206035008,5
26206036001,5
26206036002,5
26206036003,5
26206036004,5
26206036005,5
26206036006,5
26206036007,5
26206036008,5
26206036009,5
26206036010,5
26206036011,5
26206037001,5
26206037002,5
26206037003,5
26206037004,5
26206037005,5
26206037006,5
26206037007,5
26206038001,5
26206038002,5
26206038003,5
26206038004,5
26206038005,5
26206038006,5
26206038007,5
26206038008,5
26206039001,5
26206039002,5
26206039003,5
26206039004,5
26206040001,5
26206040002,5
26206040003,5
26206040004,5
26206040005,5
26206040006,5
26206040007,5
26206040008,5
26206040009,5
26206040010,5
26206040011,5
26206040012,5
26206041001,5
26206041002,5
26206041003,5
26206041004,5
26206041005,5
26206041006,5
26206041007,5
26206041008,5
26206041009,5
26206041010,5
26206041011,5
26206041012,5
26206041013,5
26206041014,5
26206041015,5
26206041016,5
26206042001,5
26206042002,5
26206042003,5
26206042004,5
26206042005,5
26206042006,5
26206043001,5
26206043002,5
26206043003,5
26206043004,5
26206044001,5
26206044002,5
26206044003,5
26206044004,5
26206044005,5
26206044006,5
26206044007,5
26206044008,5
26206045001,5
26206045002,5
26206045003,5
26206045004,5
26206045005,5
26206045006,5
26206045007,5
26206046001,5
26206046002,5
26206046003,5
26206046004,5
26206046005,5
26206046006,5
26206046007,5
26206046008,5
26206047001,5
26206047002,5
26206047003,5
26206047004,5
26206047005,5
26206047006,5
26206047007,5
26206048001,5
26206048002,5
26206048003,5
26206048004,5
26206048005,5
26206048006,5
26206048007,5
26206048008,5
26206048009,5
26206048010,5
26206048011,5
26206048012,5
26206048013,5
26206048014,5
26206048015,5
26206048016,5
26206048017,5
26206048018,5
26206048019,5
26206048020,5
26206048021,5
26206048022,5
26206048023,5
26206048024,5
26206048025,5
26206048026,5
26206048027,5
26206048028,5
26206048029,5
26206048030,5
26206048031,5
26206048032,5
26206048033,5
26206048034,5
26206048035,5
26206048036,5
26206048037,5
26206048038,5
26206049001,5
26206049002,5
26206049003,5
26206049004,5
26206049005,5
26206049006,5
26206049007,5
26206050001,5
26206050002,5
26206050003,5
26206050004,5
26206050005,5
26206050006,5
26206050007,5
26206050008,5
26206050009,5
26206050010,5
26206051001,5
26206051002,5
26206051003,5
26206051004,5
26206051005,5
26206051006,5
26206051007,5
26207001001,2
26207001002,2
26207001003,2
26207002001,2
26207002002,2
26207003001,2
26207003002,2
26207003004,2
26207004001,2
26207004004,2
26207005001,2
26207005004,2
26207006001,2
26207006004,2
26207007001,2
26207007004,2
26207008004,2
26207008005,2
26207008006,2
26207008009,2
26207009006,2
26207009007,2
26207009008,2
26207010010,2
26207010011,2
26207010012,2
26208101001,5
26208101002,5
26208101003,5
26208101004,5
26208101005,5
26208101006,5
26208101007,5
26208101008,5
26208101009,5
26208101010,5
26208101011,5
26208101012,5
26208101013,5
26208101014,5
26208101015,5
26208101016,5
26208101017,5
26208101018,5
26208101019,5
26208101020,5
26208101021,5
26208202001,5
26208202002,5
26208202003,5
26208202004,5
26208202005,5
26208202006,5
26208202007,5
26208202008,5
26208202009,5
26208202010,5
26208202011,5
26208202012,5
26208202013,5
26208202014,5
26208202015,5
26208202016,5
26208202017,5
26208202018,5
26208202019,5
26208202020,5
26208202021,5
26208202022,5
26208202023,5
26208202024,5
26208202025,5
26208202026,5
26208202028,5
26208202029,5
26208202030,5
26208202031,5
26208202032,5
26208202033,5
26208202034,5
26208202035,5
26208202036,5
26208202037,5
26208202038,5
26208202039,5
26208202040,5
26208202041,5
26208202042,5
26208202043,5
26208202044,5
26208202045,5
26208202046,5
26208202047,5
26208202048,5
26208202049,5
26208202050,5
26208202051,5
26208202052,5
262082030,5
26208303001,5
26208303002,5
26208303003,5
26208303004,5
26208303005,5
26208303006,5
26208303007,5
26208303008,5
26208303009,5
26208303010,5
26208303011,5
26208303012,5
26208303013,5
26208303014,5
26208303015,5
26208303016,5
26208303017,5
26208303018,5
262084020,5
26208404001,5
26208404002,5
26208404003,5
26208404004,5
26208404005,5
26208404006,5
26208404008,5
26208404009,5
26208404010,5
26208404011,5
26208404012,5
26208404013,5
26208404014,5
26208404015,5
26208404016,5
26208404017,5
26208404018,5
26208404019,5
26208404020,5
26208404021,5
26208404022,5
26208404023,5
26208404024,5
26208404025,5
26208404026,5
26208404027,5
26208404028,5
26208404029,5
26208404030,5
262084050,5
26208505001,5
26208505002,5
26208505003,5
26208505004,5
26208505005,5
26208505006,5
26208505007,5
26208505008,5
26208505009,5
26208505011,5
26208505012,5
26208505013,5
26208505014,5
26208505015,5
26208505016,5
26208505017,5
26208505018,5
26208505019,5
26208505020,5
26208505021,5
26208505022,5
26208505023,5
26208505024,5
26208505025,5
26208505026,5
26208505027,5
26208505028,5
26208505029,5
26208505030,5
26208505031,5
26208505032,5
26208505033,5
26208505034,5
26208505035,5
26208505036,5
26208505037,5
26208505038,5
26208505039,5
26208505040,5
26208505041,5
26208505042,5
26208505043,5
26208505044,5
26208505045,5
26208505046,5
26208505047,5
26208505048,5
26208505049,5
26208505050,5
26208505051,5
26208505052,5
26208505053,5
26208505054,5
26208505055,5
26208505056,5
26208505057,5
26208505058,5
26208505059,5
26208505060,5
26208505061,5
262086020,5
26208604001,5
26208604007,5
26208604018,5
26208604029,5
26208606001,5
26208606002,5
262087040,5
26208705004,5
26208705031,5
26208705046,5
26208705052,5
26208705053,5
262088020,5
262088060,5
26209001001,5
26209001002,5
26209001003,5
26209002001,5
26209002002,5
26209002003,5
26209002004,5
26209002005,5
26209003001,5
26209003002,5
26209004001,5
26209004002,5
26209004003,5
26209004004,5
26209004005,5
26209005001,5
26209005002,5
26209005003,5
26209006001,5
26209006002,5
26209006003,5
26209006004,5
26209006005,5
262090070,5
26209008001,5
26209008002,5
26209008003,5
262090090,5
262090100,5
26209011001,5
26209011002,5
26209011003,5
26209011004,5
26209011005,5
26209011006,5
26209011007,5
262090120,5
26209013001,5
26209013002,5
26209013003,5
262090140,5
262090150,5
262090170,5
262090190,5
262090200,5
262090210,5
262090220,5
26209023001,5
26209023002,5
262090240,5
262090250,5
262090270,5
26209029001,5
26209029002,5
26209029003,5
26209029004,5
262090330,5
26209034001,5
26209034002,5
26209041001,5
26209041002,5
26209041003,5
26209041004,5
26209045001,5
26209045002,5
26209045003,5
26209045004,5
26209045005,5
26209050001,5
26209050002,5
26209050003,5
26209053001,5
26209053002,5
26209056001,5
26209056002,5
26209056003,5
26209059001,5
26209059002,5
26209059003,5
26209066001,5
26209066002,5
262090680,5
26209069001,5
26209069002,5
26209071001,5
26209071002,5
262090780,5
26210111001,5
26210111002,5
26210111003,5
26210111004,5
26210111005,5
26210111006,5
26210111007,5
26210111008,5
26210111009,5
26210111010,5
26210111011,5
26210111012,5
26210111013,5
26210111014,5
26210111015,5
26210111016,5
26210111018,5
26210111019,5
26210111020,5
26210111021,5
26210111022,5
26210111023,5
26210111024,5
26210111025,5
26210111026,5
26210111027,5
26210111028,5
26210121051,5
26210121052,5
26210121053,5
26210201001,5
26210201002,5
26210201003,5
26210201004,5
26210201005,5
26210201006,5
26210201007,5
26210201008,5
26210201009,5
26210201010,5
26210201011,5
26210201012,5
26210201013,5
26210201014,5
26210201015,5
26210201016,5
26210201017,5
26210201018,5
26210201019,5
26210201020,5
26210201021,5
26210201022,5
26210201023,5
26210201024,5
26210201025,5
26210201026,5
26210201027,5
26210201028,5
26210201029,5
26210201030,5
26210201031,5
26210201051,5
26210201052,5
26210201053,5
26210201054,5
26210201055,5
26210201057,5
26210202001,5
26210202002,5
26210202003,5
26210202004,5
26210202005,5
26210202006,5
26210202007,5
26210202008,5
26210202009,5
26210202010,5
26210202011,5
26210202012,5
26210202013,5
26210202014,5
26210202015,5
26210202016,5
26210202017,5
26210202052,5
26210202055,5
26210202058,5
26210202059,5
26210202060,5
26210202061,5
26210213001,5
26210213002,5
26210213003,5
26210213004,5
26210213005,5
26210213006,5
26210213007,5
26210213008,5
26210213058,5
26210213059,5
26210213060,5
26210213062,5
26210213063,5
26210223020,5
26210223021,5
26210223022,5
26210311001,5
26210311002,5
26210311003,5
26210311004,5
26210311005,5
26210311006,5
26210311007,5
26210311008,5
26210311009,5
26210311010,5
26210311011,5
26210311012,5
26210311013,5
26210311053,5
26210311054,5
26210311056,5
26210311057,5
26210321021,5
26210321022,5
26210321023,5
26210321024,5
26210321025,5
26210321026,5
26210321027,5
26210321028,5
26210321029,5
26210321030,5
26210321031,5
26210321033,5
26210321034,5
26210402008,5
26210402009,5
26210402010,5
26210402011,5
262104110,5
26210421011,5
26210421012,5
26210421013,5
26210421014,5
26210511002,5
26210511063,5
26210511064,5
26210511065,5
26210512064,5
26210512065,5
26210521004,5
26210521005,5
26210521006,5
26210521007,5
26210522001,5
26210522002,5
26210522003,5
26210603001,5
26210603002,5
26210603003,5
26210603004,5
26210603005,5
26210603006,5
26210603007,5
26210603008,5
26210603009,5
26210603010,5
26210603011,5
26210603012,5
26210603013,5
26210603014,5
26210603016,5
26210603017,5
26210603018,5
26210603019,5
26210603020,5
26210603021,5
26210603022,5
26210603023,5
26210603024,5
26210604001,5
26210604002,5
26210604003,5
26210604004,5
26210604005,5
26210604006,5
26210604007,5
26210604008,5
26210604009,5
26210604010,5
26210604011,5
26210604012,5
26210604013,5
26210604014,5
26210604015,5
26210604016,5
26210604017,5
26210604018,5
26210604019,5
26210604020,5
26210604021,5
26210604023,5
26210604025,5
26210604026,5
26210604027,5
26210604028,5
26210604029,5
26210604030,5
26210604031,5
26210604032,5
26210604034,5
26210604035,5
26210604037,5
26210604038,5
26210604039,5
26210604040,5
26210604041,5
26210604042,5
26210604043,5
26210604044,5
26210604045,5
26210604046,5
26210604047,5
26210604048,5
26210604049,5
26210604050,5
26210604051,5
26210604052,5
26210611001,5
26210611002,5
26210611003,5
26210611004,5
26210611005,5
26210611006,5
26210611007,5
26210611008,5
26210611009,5
26210611010,5
26210611011,5
26210611012,5
26210611013,5
26210611014,5
26210611015,5
26210611016,5
26210611017,5
26210612001,5
26210612002,5
26210612003,5
26210612004,5
26210612005,5
26210612006,5
26210612008,5
26210612009,5
262106150,5
26210616001,5
26210616002,5
26210616003,5
26210616004,5
26210616005,5
26210616007,5
26210616008,5
26210616009,5
26210616011,5
26210616013,5
26210616014,5
26210616015,5
26210616016,5
26210616017,5
26210616018,5
26210616019,5
26210616021,5
26210616022,5
26210621051,5
26210621052,5
26210621053,5
26210621054,5
26210621055,5
26210621056,5
26210621057,5
26210621058,5
26210621059,5
26210621060,5
26210621061,5
26210621062,5
26210621063,5
26210621064,5
26210621065,5
26210621066,5
26210621067,5
26210621068,5
26210621069,5
26210621070,5
26210621071,5
26210621072,5
26210621073,5
26210621074,5
26210621075,5
26210621076,5
26210621077,5
26210622021,5
26210622022,5
26210622023,5
26210622024,5
26210622025,5
26210622029,5
26210622030,5
26210622031,5
26210622033,5
26210622034,5
26210625001,5
26210625002,5
26210625003,5
26210625004,5
26210625005,5
26210625006,5
26210625007,5
26210625008,5
26210625009,5
26210625010,5
26210625012,5
26210625013,5
26210625014,5
26210625015,5
26210625016,5
26210625018,5
26210625019,5
26210625020,5
26210625021,5
26210625023,5
262106260,5
26210636056,5
26210636057,5
26210636058,5
26210636059,5
262107110,5
26210712001,7
26210712002,7
262107130,2
262107210,5
262107220,5
262107230,2
262107310,5
262107410,5
262107510,5
262107610,5
262107710,5
262110010,2
26211002001,2
26211002003,2
26211002004,2
26211003001,2
26211003002,2
26211003003,2
26211004001,2
26211004002,2
26211004003,2
26211004004,2
26211004005,2
26211005001,2
26211005002,2
26211005003,2
26211006001,2
26211006002,2
26211006003,2
26211006004,2
26211007001,2
26211007002,2
26211007003,2
26211008001,2
26211008002,2
26211008003,2
26211008004,2
26211008005,2
26211008006,2
262110090,2
26211010001,2
26211010002,2
26211010003,2
262110110,2
26211012001,2
26211012002,2
26211012003,2
26211013001,2
26211013002,2
262110140,2
262110150,2
262110160,2
26211017001,2
26211017002,2
26211017003,2
26211017004,2
26211017005,2
26211017006,2
26211017007,2
26211017008,2
26211018001,2
26211018002,2
262110190,2
262110200,2
262110210,2
262110220,2
262110230,2
262110240,2
26211025001,2
26211025002,2
26211025003,2
26211025004,2
26212001001,1
26212001002,1
26212001003,1
26212002004,1
26212002005,1
26212002006,1
26212002007,1
26212002008,1
26212003009,1
26212003010,1
26212003011,1
26212003012,1
262120040,1
26212005014,1
26212005015,1
26212005016,1
26212006017,1
26212006018,1
26212006019,1
26212006020,1
26212006021,1
26212007001,1
26212007002,1
26212007003,1
26212007004,1
26212007005,1
26212007006,1
26212007007,1
26212007008,1
26212007009,1
26212007010,1
26212008001,1
26212008002,1
26212008003,1
26212008004,1
26212008005,1
26212008006,1
26212008007,1
26212008008,1
26212009001,1
26212009002,1
26212009003,1
26212009004,1
26212009005,1
26212009006,1
26212009007,1
26212009008,1
26212010001,1
26212010002,1
26212010003,1
26212010004,1
26212010005,1
26212010006,1
26212010007,1
26212010008,1
26212010009,1
26212010010,1
26212010011,1
26212011001,1
26212011002,1
26212011003,1
26212011004,1
26212011005,1
26212011006,1
26212011007,1
26212011008,1
26212011009,1
26212012001,1
26212012002,1
26212012003,1
26212012004,1
26212012005,1
26212012006,1
26212012007,1
26212012008,1
26212013001,1
26212013002,1
26212013003,1
26212013004,1
26212013005,1
26212013006,1
26212014001,1
26212014002,1
26212014003,1
26212014004,1
26212014005,1
26212015002,1
26212015003,1
26212015004,1
26212015005,1
26212015006,1
26212015007,1
26212015008,1
26212016001,1
26212016002,1
26212016003,1
26212016004,1
26212016005,1
26212016006,1
26212016007,1
26212016008,1
26212016013,1
26212017004,1
26212017009,1
26212017010,1
26212017011,1
26212017012,1
26212017013,1
26212017014,1
26212018008,1
26212018015,1
26212019008,1
26212019016,1
26212020040,1
26212020041,1
26212020042,1
26212020043,1
26212020044,1
26212020045,1
262120210,1
26212022019,1
26212022020,1
262120230,1
262120240,1
262120250,1
262120260,1
262120270,1
262120280,1
262120290,1
262120300,1
26212031028,1
26212031029,1
26212031031,1
26212031032,1
26212031033,1
26212031034,1
262120320,1
262120330,1
262120340,1
262120350,1
262120360,1
262120370,1
26212038001,1
26212038002,1
26212038003,1
26212038004,1
26212038005,1
26212038006,1
26212038007,1
26212039001,1
26212039002,1
26212039003,1
26212039004,1
26212039005,1
26212039006,1
26212039007,1
26212039008,1
26212039009,1
26212039010,1
26212040001,1
26212040002,1
26212040003,1
26212040004,1
26212040005,1
26212040006,1
26212040007,1
26212040008,1
26212041001,1
26212041002,1
26212041003,1
26212041004,1
26212041005,1
26212041006,1
26212041007,1
26212041008,1
26212041009,1
26212042001,1
26212042002,1
26212042003,1
26212042004,1
26212042005,1
26212042006,1
26212042007,1
26212042008,1
26212042009,1
26212043001,1
26212043002,1
26212043003,1
26212043004,1
26212043005,1
26212043006,1
26212043007,1
26212043008,1
26212043009,1
26212043010,1
26212043011,1
26212043012,1
26212043013,1
26212043014,1
26212044015,1
26212044016,1
262120450,1
262120460,1
26212047001,1
26212047002,1
26212048001,1
26212048002,1
26212048003,1
26212048004,1
26212049001,1
26212049002,1
26212049003,1
26212049004,1
26212049005,1
262120500,1
262120510,1
262120520,1
26213001001,1
26213001002,1
26213001003,1
26213001004,1
26213001005,1
26213001006,1
26213001007,1
26213001008,1
26213001009,1
26213001010,1
26213002001,1
26213002002,1
26213002003,1
26213002004,1
26213002005,1
26213002006,1
26213002007,1
26213002008,1
26213002009,1
26213002010,1
26213003001,1
26213003002,1
26213003003,1
26213003004,1
26213003005,1
26213003006,1
26213003007,1
26213003008,1
26213003009,1
26213004001,1
26213004002,1
26213004003,1
26213004004,1
26213004005,1
26213004006,1
26213004007,1
26213004008,1
26213004009,1
26213004010,1
26213004011,1
26213004012,1
26213004013,1
26213004014,1
26213004015,1
26213004016,1
26213004017,1
26213004018,1
26213005001,1
26213005002,1
26213005003,1
26213005004,1
26213005005,1
26213005006,1
26213005007,1
26213005008,1
26213005009,1
26213006001,1
26213006002,1
26213006003,1
26213006004,1
26213006005,1
26213007001,1
26213007002,1
26213007003,1
26213007004,1
26213007005,1
26213007006,1
26213007007,1
26213007008,1
26213008001,1
26213008002,1
26213008003,1
26213008004,1
26213008005,1
26213008006,1
26213008007,1
26213008008,1
26213008009,1
26213009001,1
26213009002,1
26213009003,1
26213009004,1
26213009005,1
26213009006,1
26213010001,1
26213010002,1
26213010003,1
26213010004,1
26213010005,1
26213010006,1
26213010007,1
26213010008,1
26213011001,1
26213011002,1
26213011003,1
26213011004,1
26213011005,1
26213011006,1
26213011007,1
26213011008,1
26213012001,1
26213012002,1
26213012003,1
26213012004,1
26213012005,1
26213012006,1
26213012007,1
26213012008,1
26213012009,1
26213012010,1
26213012011,1
26213012012,1
26213012013,1
26213012014,1
26213012015,1
26213013001,1
26213013002,1
26213013003,1
26213013004,1
26213013005,1
26213013006,1
26213013007,1
26213013008,1
26213013009,1
26213013010,1
26213013011,1
26213014001,1
26213014002,1
26213014003,1
26213014004,1
26213014005,1
26213014006,1
26213014007,1
26213014008,1
26213014009,1
26213014010,1
26213015001,1
26213015002,1
26213015003,1
26213015004,1
26213015005,1
26213015006,1
26213016001,1
26213016002,1
26213016003,1
26213017001,1
26213017002,1
26213017003,1
26213017004,1
26213017005,1
26213017006,1
26213018001,1
26213018002,1
26213018003,1
26213018004,1
26213018005,1
26213018006,1
26213018007,1
26213018008,1
26213018009,1
26213018010,1
26213018011,1
26213018012,1
26213018013,1
26213018014,1
26213018015,1
26213019001,1
26213019002,1
26213019003,1
26213019004,1
26213019005,1
26213019006,1
26213019007,1
26213019008,1
262140010,2
262140020,2
262140030,2
262140040,2
262140050,2
262140060,2
262140070,2
262140080,2
262140090,2
26214010001,2
26214010002,2
26214010003,2
26214010004,2
26214010005,2
26214010006,2
26214010007,2
26214010008,2
26214010009,2
26214010010,2
26214010011,2
26214010012,2
26214010013,2
26214010014,2
26214010015,2
26214010016,2
26214010017,2
26214010018,2
26214010019,2
26214010020,2
26214010021,2
26214010022,2
26214010023,2
26214010024,2
26214010025,2
26214010026,2
26214010027,2
26214010028,2
26214010030,2
26214010032,2
26214010033,2
26214010034,2
26214010035,2
26214010036,2
26214010037,2
26214010038,2
26214011001,2
26214011002,2
26214011003,2
26214011004,2
26214011005,2
26214011006,2
26214011007,2
26214011008,2
26214011009,2
26214011010,2
26214011011,2
26214011012,2
26214011013,2
26214011014,2
26214011015,2
26214011016,2
26214011017,2
26214011018,2
26214011019,2
26214011020,2
26214011021,2
26214011022,2
26214011023,2
26214011024,2
26214011025,2
26214011026,2
26214011027,2
26214011028,2
26214011029,2
26214011030,2
26214011031,2
26214011032,2
26214011033,2
26214011034,2
26214011035,2
26214011036,2
26214011037,2
26214011038,2
26214011039,2
26214011040,2
26214011041,2
26214011042,2
26214011043,2
26214011044,2
26214011045,2
26214011046,2
26214011047,2
26214011048,2
26214012001,2
26214012002,2
26214012003,2
26214012004,2
26214012005,2
26214012006,2
26214012007,2
26214012008,2
26214012009,2
26214013001,2
26214013002,2
26214013003,2
26214013004,2
26214013005,2
26214013006,2
26214013007,2
26214013008,2
26214013009,2
26214013010,2
26214013011,2
26214013012,2
26214013013,2
26214013014,2
26214013015,2
26214013016,2
26214013020,2
26214013022,2
26214013024,2
26214013025,2
26214013026,2
26214013027,2
26214013028,2
26214013029,2
26214013030,2
26214013031,2
26214013032,2
26214013033,2
26214013034,2
26214013035,2
26214013036,2
26214013037,2
26214013038,2
26214013039,2
26214013040,2
26214013041,2
26214013042,2
26214013043,2
26214013044,2
26214013045,2
26214014001,2
26214014002,2
26214014003,2
26214014004,2
26214014005,2
26214014006,2
26214014007,2
26214014008,2
26214014009,2
26214014010,2
26214014011,2
26214014012,2
26214014013,2
26214014014,2
26214014015,2
26214014016,2
26214014017,2
26214014018,2
26214014019,2
26214014020,2
26214014021,2
26214014022,2
26214014023,2
26214014024,2
26214014025,2
26214014026,2
26214014027,2
26214014028,2
26214014029,2
26214014030,2
26214014031,2
26214014032,2
26214014033,2
26214014034,2
26214014035,2
26214014036,2
26214015002,2
26214015003,2
26214015004,2
26214015005,2
26214015006,2
26214015007,2
26214015008,2
26214015009,2
26214015010,2
26214015011,2
26214015012,2
26214015013,2
26214015014,2
26214015015,2
26214015016,2
26214015018,2
26214015019,2
26214015020,2
26214015021,2
26214016001,2
26214016002,2
26214016003,2
26214016004,2
26214016005,2
26214016006,2
26214016007,2
26214016008,2
26214016009,2
26214016010,2
26214016011,2
26214016012,2
26214016013,2
26214016014,2
26214016015,2
26214016019,2
26214016020,2
26214016021,2
26214016022,2
26214016023,2
26214016024,2
26214016025,2
26214016026,2
26214016027,2
26214016028,2
26214016029,2
26214016030,2
26214016031,2
26214016032,2
26214016033,2
26214016034,2
26214016035,2
26214016036,2
26214016037,2
26214017001,2
26214017002,2
26214017003,2
26214017004,2
26214017005,2
26214017006,2
26214017007,2
26214017008,2
26214017009,2
26214018001,2
26214018002,2
26214018003,2
26214018004,2
26214018005,2
26214018006,2
26214018007,2
26214019001,2
26214019002,2
26214019003,2
26214019004,2
26214019005,2
26214019006,2
26214019007,2
26214019008,2
26214019009,2
26214020001,2
26214020002,2
26214020003,2
26214020004,2
26214020005,2
26214020006,2
26214020007,2
26214020008,2
26214021001,2
26214021002,2
26214021003,2
26214021004,2
26214021005,2
26214021006,2
26214021007,2
26214021008,2
26214022001,2
26214022002,2
26214022003,2
26214022004,2
26214022005,2
26214022006,2
26214022007,2
26214022008,2
26214022009,2
26214022010,2
26214022011,2
26214022012,2
26214022013,2
26214022014,2
26214022015,2
26214022016,2
26214022017,2
26214022018,2
26214022019,2
26214022020,2
26214022021,2
26214022022,2
26214022023,2
26214022024,2
26214022025,2
26214022026,2
26214022027,2
26214023023,2
26214023024,2
26214023025,2
26214023026,2
26214023027,2
26214023028,2
26214023029,2
26214023030,2
26214023031,2
26214024032,2
26214024033,2
26214024034,2
26214024035,2
26214024036,2
26214024037,2
26214024038,2
26214024039,2
26214024040,2
26214024041,2
26214024042,2
26214024043,2
26214025001,2
26214025002,2
26214025003,2
26214025004,2
26214025005,2
26214025006,2
26214025007,2
26214025008,2
26214025009,2
26214025010,2
26214025011,2
26214025012,2
26214025013,2
26214025014,2
26214025015,2
26214026001,2
26214026002,2
26214026003,2
26214026004,2
26214026005,2
26214026006,2
26214026007,2
26214026008,2
26214026009,2
26214026010,2
26214026011,2
26214026012,2
26214026013,2
26303001001,5
26303001002,5
26303001003,5
26303001004,5
26303001005,5
26303001006,5
26303001007,5
26303001008,5
26303001009,5
26303001010,5
26303001011,5
26303001012,5
26303001013,5
26303001014,5
26303001016,5
26303001017,5
26303001018,5
26303001020,5
26303001021,5
26303001022,5
26303001023,5
26303001024,5
26303001025,5
26303001026,5
26303001027,5
26303001028,5
26303001029,5
26303001030,5
26303001032,5
26303001033,5
26303002001,5
26303002002,5
26303002003,5
26303002004,5
26303002005,5
26303002006,5
26303002007,5
26303002008,5
26303002009,5
26303002010,5
26303002011,5
26303002012,5
26303002013,5
26303002014,5
26303002015,5
26303002016,5
26303002017,5
26303002018,5
26303002019,5
26303002020,5
26303002021,5
26303002022,5
26303002023,5
26303002024,5
26303002025,5
26303002026,5
26303002027,5
26303002028,5
26303002029,5
26303002030,5
26303002031,5
26303002032,5
26303002033,5
26303002034,5
26303002035,5
26303002036,5
26303002037,5
26303002038,5
26303003001,5
26303003002,5
26303003004,5
26303003005,5
26303003007,5
26303003008,5
26303003009,5
26303003010,5
26303003011,5
26303003012,5
26303003014,5
26303003015,5
26303003016,5
26303003017,5
26322001001,2
26322001002,2
26322001003,2
26322001004,2
26322001005,2
26322002001,2
26322002002,2
26322002003,2
26322002004,2
26322002005,2
26322002006,2
26322002007,2
26322002008,2
26322003001,2
26322003002,2
26322003003,2
26322003004,2
26322003005,2
26322003006,2
26322004001,2
26322004002,2
26322004003,2
26322004004,2
26322004005,2
26322004006,2
26322004007,2
26322004008,2
26322004009,2
26322004010,2
26322004011,2
26322004012,2
26322004013,2
26322004014,2
26322005001,2
26322005002,2
26322005003,2
26322005004,2
26322005005,2
26322005006,2
26322005007,2
26322005008,2
26322005009,2
26322005010,2
26322005011,2
26322005012,2
26322005013,2
26322005014,2
26322006001,2
26322006002,2
26322006003,2
26322006004,2
26322006005,2
26322006006,2
26322006007,2
26322006008,2
26322006009,2
26322007001,2
26322007002,2
26322007003,2
26322007004,2
26322008001,2
26322008002,2
26322008003,2
26322008004,2
26322008005,2
26322008006,2
26322008007,2
26322008008,2
26322008009,2
26322008010,2
26322009001,2
26322009002,2
26322009003,2
26322009004,2
26322009005,2
26322009006,2
26322009007,2
26322009008,2
26322009009,2
26322009010,2
26322010001,2
26322010002,2
26322010003,2
26322010004,2
26322010005,2
26322010006,2
26322010007,2
26322010008,2
26322010009,2
26322010010,2
26322010011,2
26322010012,2
26322011001,2
26322011002,2
26322011003,2
26322011004,2
26322011005,2
26322011006,2
26322011007,2
26322011008,2
26322011009,2
26322011010,2
26322011011,2
26322012001,2
26322012002,2
26322012003,2
26322012004,2
26322012005,2
26322012006,2
26322012007,2
26322012008,2
26322012009,2
26322012010,2
26322012011,2
26322012012,2
26322012013,2
26322012014,2
26322012015,2
26322012016,2
26322012017,2
26322012018,2
26322012019,2
26322012020,2
26322013001,2
26322013002,2
26322013003,2
26322013004,2
26322013005,2
26322013006,2
26322013007,2
26322013008,2
26322014001,2
26322014002,2
26322014003,2
26322014004,2
26322014005,2
26322014006,2
26322014007,2
26322015001,2
26322015002,2
26322015003,2
26322015004,2
26322015005,2
26322015006,2
26322015007,2
26322015008,2
26322015009,2
26322015010,2
26322015011,2
26322015012,2
26322015013,2
26322015014,2
26322015015,2
26322015016,2
26322015017,2
26322015018,2
26322015019,2
26322016001,2
26322016002,2
26322016003,2
26322016004,2
26322016005,2
26322016006,2
26322016007,2
26322017001,2
26322017002,2
26322017003,2
26322017004,2
26322017005,2
26322017006,2
26322017007,2
26322017008,2
26322018001,2
26322018002,2
26322018003,2
26322018004,2
26343001001,2
26343001002,2
26343001003,2
26343001004,2
26343001005,2
26343001006,2
26343001007,2
26343002001,2
26343002002,2
26343002003,2
26343002004,2
263430030,2
26344001001,2
26344001002,2
26344001003,2
26344001004,2
26344001005,2
26344001006,2
26344001007,2
26344001013,2
26344002008,2
26344002009,2
26344002010,2
26344002011,2
26344002012,2
26344002014,2
26364001001,2
26364001002,2
26364002003,2
26364002004,2
263640030,2
263640040,2
263650010,2
26365002001,2
26365002002,2
26365002003,2
26365002004,2
26365003001,2
26365003002,2
26365003003,2
26365003004,2
26365003005,2
26365003006,2
26365004001,2
26365004002,2
26365004003,2
26365004004,2
26366001000,2
26366001001,2
26366001002,2
26366001003,2
26366001004,2
26366001005,2
26366001006,2
26366001009,2
26366001010,2
26366001011,2
26366001012,2
26366001013,2
26366001014,2
26366001015,2
26366001016,2
26366001017,2
26366001018,2
26366001019,2
26366001020,2
26366001021,2
26366001022,2
26366001023,2
26366001024,2
26366001025,2
26366001026,2
26366001027,2
26366001028,2
26366001029,2
26366001030,2
26366001033,2
26366001034,2
26366001035,2
26366001036,2
26366001037,2
26366001038,2
26366001039,2
26366001040,2
26366001041,2
26366001042,2
26366001043,2
26366001044,2
26366001046,2
26366001048,2
26366001049,2
26366001050,2
26366001052,2
26366001053,2
26366001054,2
26366001055,2
26366002000,2
26366002001,2
26366002002,2
26366002003,2
26366002004,2
26366002006,2
26366002009,2
26366002010,2
26366002012,2
26366002014,2
26366002016,2
26366002020,2
26366002021,2
26366002023,2
26366002025,2
26366002026,2
26366002028,2
26366002029,2
26366002030,2
26366002031,2
26366002036,2
26366002037,2
26366002038,2
26366003002,2
26366003003,2
26366003005,2
26366003008,2
26366003009,2
26366003010,2
26366003012,2
26366003013,2
26366003014,2
26366003016,2
26366003019,2
26366003021,2
26366004000,2
26366004006,2
26366004008,2
26366004015,2
26366004016,2
26366004017,2
26366004018,2
26366004019,2
26366004021,2
26366004023,2
26366004024,2
26366004025,2
26366004027,2
26366004030,2
26366004031,2
26366004032,2
26366004033,2
26366004034,2
26366005000,2
26366005002,2
26366005003,2
26366005004,2
26366005006,2
26366005008,2
26366005009,2
26366005011,2
26366006000,2
26366006001,2
26366006005,2
26366006006,2
26366006007,2
26366006009,2
26366006010,2
26366006012,2
26366006015,2
26366006017,2
26366006018,2
26366006019,2
26366006020,2
26366006021,2
26366006024,2
26366006027,2
26366006028,2
26366006029,2
26366006030,2
26366006031,2
26366006033,2
26366006034,2
26366006037,2
26366006039,2
26366006040,2
26366006041,2
26366006043,2
26366006044,2
26366006047,2
26366006048,2
26366006049,2
26366006050,2
26366006051,2
26366006052,2
26366006053,2
26366006054,2
26366006057,2
26366006058,2
26366006059,2
26366006063,2
26366007000,2
26366007001,2
26366007002,2
26366007003,2
26366007005,2
26366007006,2
26366007007,2
26366007008,2
26366007009,2
26366007010,2
26366007011,2
26366007012,2
26366007014,2
26366007017,2
26366007018,2
26366007019,2
26366007020,2
26366007024,2
26366007026,2
26366007028,2
26366007029,2
26366007031,2
26366007033,2
26366007034,2
26366007035,2
26366008000,2
26366008001,2
26366008003,2
26366008005,2
26366008009,2
26366008010,2
26366008011,2
26366008013,2
26366008014,2
26366008016,2
26366008017,2
26366008021,2
26366008022,2
26366008025,2
26366008027,2
26366008028,2
26366008029,2
26366008031,2
26366008035,2
26366008038,2
26366009001,2
26366009002,2
26366009003,2
26366009005,2
26366009006,2
26366009007,2
26366009009,2
26366009010,2
26366009013,2
26366009014,2
26366009015,2
26366009016,2
26366009017,2
26366009018,2
26366009019,2
26366009021,2
26366009022,2
26366009023,2
26366009024,2
26366010001,2
26366010003,2
26366010004,2
26366010005,2
26366010007,2
26366010008,2
26366010009,2
26366010010,2
26366010011,2
26366010012,2
26366010013,2
26366010014,2
26366010015,2
26366010016,2
26366010017,2
26366010019,2
26366010020,2
26366010021,2
26366010022,2
26366010023,2
26366010024,2
26366010025,2
26366010027,2
26366011001,2
26366011002,2
26366011003,2
26366011004,2
26366012000,2
26366012001,2
26366012004,2
26366012005,2
26366012009,2
26366012010,2
26366012012,2
26366012013,2
26366012014,2
26366012015,2
26366012016,2
26366012021,2
26366012022,2
26366012023,2
26366012024,2
26366012025,2
26366012026,2
26366012027,2
26366012028,2
26366012029,2
26366012032,2
26366012033,2
26366012034,2
26366012036,2
26366012037,2
26366012038,2
26366012040,2
26366012041,2
26366012042,2
26366012044,2
26366012045,2
26366013001,2
26366013002,2
26366013003,2
26366013004,2
26366013005,2
26366013006,2
26366013007,2
26366013008,2
26366013009,2
263660140,2
26366015001,2
26366015002,2
26366015003,2
26366015004,2
26366015005,2
26366015006,2
26366015007,2
26366015008,2
26366015009,2
26366016000,2
26366016001,2
263670010,2
263670020,2
26367003001,2
26367003002,2
26367003003,2
26367003004,2
26367003005,2
263670040,2
263670050,2
263670060,2
264070010,1
264070020,1
264070030,1
264070040,1
264070050,1
264070060,1
264070070,1
264070080,1
264070090,1
264070100,1
264070110,1
264070120,1
264070130,1
264070140,1
264070150,1
264070160,1
264070170,1
264070180,1
264070190,1
264070200,1
264070210,1
264070220,1
264070230,1
264070240,1
26407025001,1
26407025002,1
26407025003,1
26407025004,1
26407025005,1
26407025006,1
26407025007,1
26407025008,1
264070260,1
264070270,1
264070280,1
264070290,1
264070300,1
264070310,1
264070320,1
264070330,1
264070340,1
264070350,1
264070360,1
264070370,1
264070380,1
264070390,1
264070400,1
264070410,1
264070420,1
264070430,1
264070440,1
264070450,1
264070460,1
264070470,1
264070480,1
264070490,1
264070500,1
264070510,1
264070520,1
264070530,1
264070540,1
264070550,1
26407056001,1
26407056002,1
26407056003,1
26407056004,1
264070570,1
264070580,1
264070590,1
264070600,1
264070610,1
264070620,1
264070630,1
264070640,1
264070650,1
264070660,1
264070670,1
264070680,1
264070690,1
264070700,1
264070710,1
264070720,1
264070730,1
264070740,1
264070750,1
264070760,1
264070770,1
264070780,1
264070790,1
264070800,1
264070810,1
264070820,1
264070830,1
264070840,1
264070850,1
26463001001,1
26463001002,1
26463001003,1
26463001004,1
26463001005,1
26463001006,1
26463001007,1
26463001008,1
26463002001,1
26463002002,1
26463002003,1
26463002004,1
26463002005,1
26463002006,1
26463002007,1
26463002008,1
26463003001,1
26463003002,1
26463003003,1
26463003004,1
26463003005,1
26463003006,1
26463004001,1
26463004002,1
26463004003,1
26463004004,1
26463004005,1
26463004006,1
26463004007,1
26463004008,1
26463004009,1
26463004010,1
26463004011,1
26463004012,1
26463004013,1
26465001001,1
26465001002,1
26465001004,1
26465002002,1
26465002003,1
26465002004,1
26465002005,1
26465002006,1
26465002007,1
264650030,1
264650040,1
264650050,1
264650060,1
264650070,1
264650080,1
264650090,1
264650100,1
264650110,1
26465012001,1
26465012002,1
26465012003,1
26465012004,1
26465013001,1
26465013002,1
26465013003,1
26465014001,1
26465014002,1
26465014003,1
26465014004,1
